[0.271s] DEBUG:colcon:Command line arguments: ['/usr/bin/colcon', 'build']
[0.272s] DEBUG:colcon:Parsed command line arguments: Namespace(log_base=None, log_level=None, verb_name='build', build_base='build', install_base='install', merge_install=False, symlink_install=False, test_result_base=None, continue_on_error=False, executor='parallel', parallel_workers=6, event_handlers=None, ignore_user_meta=False, metas=['./colcon.meta'], base_paths=['.'], packages_ignore=None, packages_ignore_regex=None, paths=None, packages_up_to=None, packages_up_to_regex=None, packages_above=None, packages_above_and_dependencies=None, packages_above_depth=None, packages_select_by_dep=None, packages_skip_by_dep=None, packages_skip_up_to=None, packages_select_build_failed=False, packages_skip_build_finished=False, packages_select_test_failures=False, packages_skip_test_passed=False, packages_select=None, packages_skip=None, packages_select_regex=None, packages_skip_regex=None, packages_start=None, packages_end=None, allow_overriding=[], cmake_args=None, cmake_target=None, cmake_target_skip_unavailable=False, cmake_clean_cache=False, cmake_clean_first=False, cmake_force_configure=False, ament_cmake_args=None, catkin_cmake_args=None, catkin_skip_building_tests=False, mixin_files=None, mixin=None, verb_parser=<colcon_mixin.mixin.mixin_argument.MixinArgumentDecorator object at 0xffffa21067d0>, verb_extension=<colcon_core.verb.build.BuildVerb object at 0xffffa2106110>, main=<bound method BuildVerb.main of <colcon_core.verb.build.BuildVerb object at 0xffffa2106110>>, mixin_verb=('build',))
[0.698s] Level 1:colcon.colcon_core.package_discovery:discover_packages(colcon_meta) check parameters
[0.699s] Level 1:colcon.colcon_core.package_discovery:discover_packages(recursive) check parameters
[0.699s] Level 1:colcon.colcon_core.package_discovery:discover_packages(ignore) check parameters
[0.699s] Level 1:colcon.colcon_core.package_discovery:discover_packages(path) check parameters
[0.699s] Level 1:colcon.colcon_core.package_discovery:discover_packages(colcon_meta) discover
[0.700s] Level 1:colcon.colcon_core.package_discovery:discover_packages(recursive) discover
[0.700s] INFO:colcon.colcon_core.package_discovery:Crawling recursively for packages in '/home/ugv-c7/CodeWorkspace/UGV-Robot/ros2_humble_colcon_ws'
[0.700s] Level 1:colcon.colcon_core.package_identification:_identify(.) by extensions ['ignore', 'ignore_ament_install']
[0.700s] Level 1:colcon.colcon_core.package_identification:_identify(.) by extension 'ignore'
[0.700s] Level 1:colcon.colcon_core.package_identification:_identify(.) by extension 'ignore_ament_install'
[0.701s] Level 1:colcon.colcon_core.package_identification:_identify(.) by extensions ['colcon_pkg']
[0.701s] Level 1:colcon.colcon_core.package_identification:_identify(.) by extension 'colcon_pkg'
[0.701s] Level 1:colcon.colcon_core.package_identification:_identify(.) by extensions ['colcon_meta']
[0.701s] Level 1:colcon.colcon_core.package_identification:_identify(.) by extension 'colcon_meta'
[0.701s] Level 1:colcon.colcon_core.package_identification:_identify(.) by extensions ['ros']
[0.701s] Level 1:colcon.colcon_core.package_identification:_identify(.) by extension 'ros'
[0.727s] Level 1:colcon.colcon_core.package_identification:_identify(.) by extensions ['cmake', 'python']
[0.728s] Level 1:colcon.colcon_core.package_identification:_identify(.) by extension 'cmake'
[0.728s] Level 1:colcon.colcon_core.package_identification:_identify(.) by extension 'python'
[0.728s] Level 1:colcon.colcon_core.package_identification:_identify(.) by extensions ['python_setup_py']
[0.728s] Level 1:colcon.colcon_core.package_identification:_identify(.) by extension 'python_setup_py'
[0.728s] Level 1:colcon.colcon_core.package_identification:_identify(build) by extensions ['ignore', 'ignore_ament_install']
[0.729s] Level 1:colcon.colcon_core.package_identification:_identify(build) by extension 'ignore'
[0.729s] Level 1:colcon.colcon_core.package_identification:_identify(build) ignored
[0.729s] Level 1:colcon.colcon_core.package_identification:_identify(install) by extensions ['ignore', 'ignore_ament_install']
[0.729s] Level 1:colcon.colcon_core.package_identification:_identify(install) by extension 'ignore'
[0.729s] Level 1:colcon.colcon_core.package_identification:_identify(install) ignored
[0.730s] Level 1:colcon.colcon_core.package_identification:_identify(log) by extensions ['ignore', 'ignore_ament_install']
[0.730s] Level 1:colcon.colcon_core.package_identification:_identify(log) by extension 'ignore'
[0.730s] Level 1:colcon.colcon_core.package_identification:_identify(log) ignored
[0.730s] Level 1:colcon.colcon_core.package_identification:_identify(src) by extensions ['ignore', 'ignore_ament_install']
[0.730s] Level 1:colcon.colcon_core.package_identification:_identify(src) by extension 'ignore'
[0.731s] Level 1:colcon.colcon_core.package_identification:_identify(src) by extension 'ignore_ament_install'
[0.731s] Level 1:colcon.colcon_core.package_identification:_identify(src) by extensions ['colcon_pkg']
[0.731s] Level 1:colcon.colcon_core.package_identification:_identify(src) by extension 'colcon_pkg'
[0.731s] Level 1:colcon.colcon_core.package_identification:_identify(src) by extensions ['colcon_meta']
[0.731s] Level 1:colcon.colcon_core.package_identification:_identify(src) by extension 'colcon_meta'
[0.731s] Level 1:colcon.colcon_core.package_identification:_identify(src) by extensions ['ros']
[0.731s] Level 1:colcon.colcon_core.package_identification:_identify(src) by extension 'ros'
[0.731s] Level 1:colcon.colcon_core.package_identification:_identify(src) by extensions ['cmake', 'python']
[0.731s] Level 1:colcon.colcon_core.package_identification:_identify(src) by extension 'cmake'
[0.732s] Level 1:colcon.colcon_core.package_identification:_identify(src) by extension 'python'
[0.732s] Level 1:colcon.colcon_core.package_identification:_identify(src) by extensions ['python_setup_py']
[0.732s] Level 1:colcon.colcon_core.package_identification:_identify(src) by extension 'python_setup_py'
[0.732s] Level 1:colcon.colcon_core.package_identification:_identify(src/app_bringup) by extensions ['ignore', 'ignore_ament_install']
[0.732s] Level 1:colcon.colcon_core.package_identification:_identify(src/app_bringup) by extension 'ignore'
[0.732s] Level 1:colcon.colcon_core.package_identification:_identify(src/app_bringup) by extension 'ignore_ament_install'
[0.732s] Level 1:colcon.colcon_core.package_identification:_identify(src/app_bringup) by extensions ['colcon_pkg']
[0.732s] Level 1:colcon.colcon_core.package_identification:_identify(src/app_bringup) by extension 'colcon_pkg'
[0.733s] Level 1:colcon.colcon_core.package_identification:_identify(src/app_bringup) by extensions ['colcon_meta']
[0.733s] Level 1:colcon.colcon_core.package_identification:_identify(src/app_bringup) by extension 'colcon_meta'
[0.733s] Level 1:colcon.colcon_core.package_identification:_identify(src/app_bringup) by extensions ['ros']
[0.733s] Level 1:colcon.colcon_core.package_identification:_identify(src/app_bringup) by extension 'ros'
[0.742s] DEBUG:colcon.colcon_core.package_identification:Package 'src/app_bringup' with type 'ros.ament_cmake' and name 'app_bringup'
[0.743s] Level 1:colcon.colcon_core.package_identification:_identify(src/launch_param_builder) by extensions ['ignore', 'ignore_ament_install']
[0.743s] Level 1:colcon.colcon_core.package_identification:_identify(src/launch_param_builder) by extension 'ignore'
[0.743s] Level 1:colcon.colcon_core.package_identification:_identify(src/launch_param_builder) by extension 'ignore_ament_install'
[0.743s] Level 1:colcon.colcon_core.package_identification:_identify(src/launch_param_builder) by extensions ['colcon_pkg']
[0.743s] Level 1:colcon.colcon_core.package_identification:_identify(src/launch_param_builder) by extension 'colcon_pkg'
[0.743s] Level 1:colcon.colcon_core.package_identification:_identify(src/launch_param_builder) by extensions ['colcon_meta']
[0.744s] Level 1:colcon.colcon_core.package_identification:_identify(src/launch_param_builder) by extension 'colcon_meta'
[0.744s] Level 1:colcon.colcon_core.package_identification:_identify(src/launch_param_builder) by extensions ['ros']
[0.744s] Level 1:colcon.colcon_core.package_identification:_identify(src/launch_param_builder) by extension 'ros'
[0.745s] DEBUG:colcon.colcon_core.package_identification:Package 'src/launch_param_builder' with type 'ros.ament_python' and name 'launch_param_builder'
[0.745s] Level 1:colcon.colcon_core.package_identification:_identify(src/moveit2) by extensions ['ignore', 'ignore_ament_install']
[0.746s] Level 1:colcon.colcon_core.package_identification:_identify(src/moveit2) by extension 'ignore'
[0.746s] Level 1:colcon.colcon_core.package_identification:_identify(src/moveit2) by extension 'ignore_ament_install'
[0.746s] Level 1:colcon.colcon_core.package_identification:_identify(src/moveit2) by extensions ['colcon_pkg']
[0.746s] Level 1:colcon.colcon_core.package_identification:_identify(src/moveit2) by extension 'colcon_pkg'
[0.746s] Level 1:colcon.colcon_core.package_identification:_identify(src/moveit2) by extensions ['colcon_meta']
[0.746s] Level 1:colcon.colcon_core.package_identification:_identify(src/moveit2) by extension 'colcon_meta'
[0.746s] Level 1:colcon.colcon_core.package_identification:_identify(src/moveit2) by extensions ['ros']
[0.746s] Level 1:colcon.colcon_core.package_identification:_identify(src/moveit2) by extension 'ros'
[0.747s] Level 1:colcon.colcon_core.package_identification:_identify(src/moveit2) by extensions ['cmake', 'python']
[0.747s] Level 1:colcon.colcon_core.package_identification:_identify(src/moveit2) by extension 'cmake'
[0.747s] Level 1:colcon.colcon_core.package_identification:_identify(src/moveit2) by extension 'python'
[0.747s] Level 1:colcon.colcon_core.package_identification:_identify(src/moveit2) by extensions ['python_setup_py']
[0.747s] Level 1:colcon.colcon_core.package_identification:_identify(src/moveit2) by extension 'python_setup_py'
[0.747s] Level 1:colcon.colcon_core.package_identification:_identify(src/moveit2/doc) by extensions ['ignore', 'ignore_ament_install']
[0.748s] Level 1:colcon.colcon_core.package_identification:_identify(src/moveit2/doc) by extension 'ignore'
[0.748s] Level 1:colcon.colcon_core.package_identification:_identify(src/moveit2/doc) by extension 'ignore_ament_install'
[0.748s] Level 1:colcon.colcon_core.package_identification:_identify(src/moveit2/doc) by extensions ['colcon_pkg']
[0.748s] Level 1:colcon.colcon_core.package_identification:_identify(src/moveit2/doc) by extension 'colcon_pkg'
[0.748s] Level 1:colcon.colcon_core.package_identification:_identify(src/moveit2/doc) by extensions ['colcon_meta']
[0.748s] Level 1:colcon.colcon_core.package_identification:_identify(src/moveit2/doc) by extension 'colcon_meta'
[0.748s] Level 1:colcon.colcon_core.package_identification:_identify(src/moveit2/doc) by extensions ['ros']
[0.748s] Level 1:colcon.colcon_core.package_identification:_identify(src/moveit2/doc) by extension 'ros'
[0.749s] Level 1:colcon.colcon_core.package_identification:_identify(src/moveit2/doc) by extensions ['cmake', 'python']
[0.749s] Level 1:colcon.colcon_core.package_identification:_identify(src/moveit2/doc) by extension 'cmake'
[0.749s] Level 1:colcon.colcon_core.package_identification:_identify(src/moveit2/doc) by extension 'python'
[0.749s] Level 1:colcon.colcon_core.package_identification:_identify(src/moveit2/doc) by extensions ['python_setup_py']
[0.749s] Level 1:colcon.colcon_core.package_identification:_identify(src/moveit2/doc) by extension 'python_setup_py'
[0.749s] Level 1:colcon.colcon_core.package_identification:_identify(src/moveit2/moveit) by extensions ['ignore', 'ignore_ament_install']
[0.749s] Level 1:colcon.colcon_core.package_identification:_identify(src/moveit2/moveit) by extension 'ignore'
[0.749s] Level 1:colcon.colcon_core.package_identification:_identify(src/moveit2/moveit) by extension 'ignore_ament_install'
[0.750s] Level 1:colcon.colcon_core.package_identification:_identify(src/moveit2/moveit) by extensions ['colcon_pkg']
[0.750s] Level 1:colcon.colcon_core.package_identification:_identify(src/moveit2/moveit) by extension 'colcon_pkg'
[0.750s] Level 1:colcon.colcon_core.package_identification:_identify(src/moveit2/moveit) by extensions ['colcon_meta']
[0.750s] Level 1:colcon.colcon_core.package_identification:_identify(src/moveit2/moveit) by extension 'colcon_meta'
[0.750s] Level 1:colcon.colcon_core.package_identification:_identify(src/moveit2/moveit) by extensions ['ros']
[0.750s] Level 1:colcon.colcon_core.package_identification:_identify(src/moveit2/moveit) by extension 'ros'
[0.752s] DEBUG:colcon.colcon_core.package_identification:Package 'src/moveit2/moveit' with type 'ros.ament_cmake' and name 'moveit'
[0.752s] Level 1:colcon.colcon_core.package_identification:_identify(src/moveit2/moveit_commander) by extensions ['ignore', 'ignore_ament_install']
[0.752s] Level 1:colcon.colcon_core.package_identification:_identify(src/moveit2/moveit_commander) by extension 'ignore'
[0.752s] Level 1:colcon.colcon_core.package_identification:_identify(src/moveit2/moveit_commander) ignored
[0.752s] Level 1:colcon.colcon_core.package_identification:_identify(src/moveit2/moveit_common) by extensions ['ignore', 'ignore_ament_install']
[0.753s] Level 1:colcon.colcon_core.package_identification:_identify(src/moveit2/moveit_common) by extension 'ignore'
[0.753s] Level 1:colcon.colcon_core.package_identification:_identify(src/moveit2/moveit_common) by extension 'ignore_ament_install'
[0.753s] Level 1:colcon.colcon_core.package_identification:_identify(src/moveit2/moveit_common) by extensions ['colcon_pkg']
[0.753s] Level 1:colcon.colcon_core.package_identification:_identify(src/moveit2/moveit_common) by extension 'colcon_pkg'
[0.753s] Level 1:colcon.colcon_core.package_identification:_identify(src/moveit2/moveit_common) by extensions ['colcon_meta']
[0.753s] Level 1:colcon.colcon_core.package_identification:_identify(src/moveit2/moveit_common) by extension 'colcon_meta'
[0.753s] Level 1:colcon.colcon_core.package_identification:_identify(src/moveit2/moveit_common) by extensions ['ros']
[0.753s] Level 1:colcon.colcon_core.package_identification:_identify(src/moveit2/moveit_common) by extension 'ros'
[0.755s] DEBUG:colcon.colcon_core.package_identification:Package 'src/moveit2/moveit_common' with type 'ros.ament_cmake' and name 'moveit_common'
[0.755s] Level 1:colcon.colcon_core.package_identification:_identify(src/moveit2/moveit_configs_utils) by extensions ['ignore', 'ignore_ament_install']
[0.755s] Level 1:colcon.colcon_core.package_identification:_identify(src/moveit2/moveit_configs_utils) by extension 'ignore'
[0.756s] Level 1:colcon.colcon_core.package_identification:_identify(src/moveit2/moveit_configs_utils) by extension 'ignore_ament_install'
[0.756s] Level 1:colcon.colcon_core.package_identification:_identify(src/moveit2/moveit_configs_utils) by extensions ['colcon_pkg']
[0.756s] Level 1:colcon.colcon_core.package_identification:_identify(src/moveit2/moveit_configs_utils) by extension 'colcon_pkg'
[0.756s] Level 1:colcon.colcon_core.package_identification:_identify(src/moveit2/moveit_configs_utils) by extensions ['colcon_meta']
[0.756s] Level 1:colcon.colcon_core.package_identification:_identify(src/moveit2/moveit_configs_utils) by extension 'colcon_meta'
[0.756s] Level 1:colcon.colcon_core.package_identification:_identify(src/moveit2/moveit_configs_utils) by extensions ['ros']
[0.756s] Level 1:colcon.colcon_core.package_identification:_identify(src/moveit2/moveit_configs_utils) by extension 'ros'
[0.757s] DEBUG:colcon.colcon_core.package_identification:Package 'src/moveit2/moveit_configs_utils' with type 'ros.ament_python' and name 'moveit_configs_utils'
[0.758s] Level 1:colcon.colcon_core.package_identification:_identify(src/moveit2/moveit_core) by extensions ['ignore', 'ignore_ament_install']
[0.758s] Level 1:colcon.colcon_core.package_identification:_identify(src/moveit2/moveit_core) by extension 'ignore'
[0.758s] Level 1:colcon.colcon_core.package_identification:_identify(src/moveit2/moveit_core) by extension 'ignore_ament_install'
[0.758s] Level 1:colcon.colcon_core.package_identification:_identify(src/moveit2/moveit_core) by extensions ['colcon_pkg']
[0.758s] Level 1:colcon.colcon_core.package_identification:_identify(src/moveit2/moveit_core) by extension 'colcon_pkg'
[0.758s] Level 1:colcon.colcon_core.package_identification:_identify(src/moveit2/moveit_core) by extensions ['colcon_meta']
[0.759s] Level 1:colcon.colcon_core.package_identification:_identify(src/moveit2/moveit_core) by extension 'colcon_meta'
[0.759s] Level 1:colcon.colcon_core.package_identification:_identify(src/moveit2/moveit_core) by extensions ['ros']
[0.759s] Level 1:colcon.colcon_core.package_identification:_identify(src/moveit2/moveit_core) by extension 'ros'
[0.811s] DEBUG:colcon.colcon_core.package_identification:Package 'src/moveit2/moveit_core' with type 'ros.ament_cmake' and name 'moveit_core'
[0.812s] Level 1:colcon.colcon_core.package_identification:_identify(src/moveit2/moveit_experimental) by extensions ['ignore', 'ignore_ament_install']
[0.812s] Level 1:colcon.colcon_core.package_identification:_identify(src/moveit2/moveit_experimental) by extension 'ignore'
[0.812s] Level 1:colcon.colcon_core.package_identification:_identify(src/moveit2/moveit_experimental) ignored
[0.812s] Level 1:colcon.colcon_core.package_identification:_identify(src/moveit2/moveit_kinematics) by extensions ['ignore', 'ignore_ament_install']
[0.813s] Level 1:colcon.colcon_core.package_identification:_identify(src/moveit2/moveit_kinematics) by extension 'ignore'
[0.813s] Level 1:colcon.colcon_core.package_identification:_identify(src/moveit2/moveit_kinematics) by extension 'ignore_ament_install'
[0.813s] Level 1:colcon.colcon_core.package_identification:_identify(src/moveit2/moveit_kinematics) by extensions ['colcon_pkg']
[0.813s] Level 1:colcon.colcon_core.package_identification:_identify(src/moveit2/moveit_kinematics) by extension 'colcon_pkg'
[0.813s] Level 1:colcon.colcon_core.package_identification:_identify(src/moveit2/moveit_kinematics) by extensions ['colcon_meta']
[0.813s] Level 1:colcon.colcon_core.package_identification:_identify(src/moveit2/moveit_kinematics) by extension 'colcon_meta'
[0.813s] Level 1:colcon.colcon_core.package_identification:_identify(src/moveit2/moveit_kinematics) by extensions ['ros']
[0.814s] Level 1:colcon.colcon_core.package_identification:_identify(src/moveit2/moveit_kinematics) by extension 'ros'
[0.817s] DEBUG:colcon.colcon_core.package_identification:Package 'src/moveit2/moveit_kinematics' with type 'ros.ament_cmake' and name 'moveit_kinematics'
[0.817s] Level 1:colcon.colcon_core.package_identification:_identify(src/moveit2/moveit_planners) by extensions ['ignore', 'ignore_ament_install']
[0.818s] Level 1:colcon.colcon_core.package_identification:_identify(src/moveit2/moveit_planners) by extension 'ignore'
[0.818s] Level 1:colcon.colcon_core.package_identification:_identify(src/moveit2/moveit_planners) by extension 'ignore_ament_install'
[0.818s] Level 1:colcon.colcon_core.package_identification:_identify(src/moveit2/moveit_planners) by extensions ['colcon_pkg']
[0.818s] Level 1:colcon.colcon_core.package_identification:_identify(src/moveit2/moveit_planners) by extension 'colcon_pkg'
[0.818s] Level 1:colcon.colcon_core.package_identification:_identify(src/moveit2/moveit_planners) by extensions ['colcon_meta']
[0.818s] Level 1:colcon.colcon_core.package_identification:_identify(src/moveit2/moveit_planners) by extension 'colcon_meta'
[0.818s] Level 1:colcon.colcon_core.package_identification:_identify(src/moveit2/moveit_planners) by extensions ['ros']
[0.818s] Level 1:colcon.colcon_core.package_identification:_identify(src/moveit2/moveit_planners) by extension 'ros'
[0.819s] Level 1:colcon.colcon_core.package_identification:_identify(src/moveit2/moveit_planners) by extensions ['cmake', 'python']
[0.819s] Level 1:colcon.colcon_core.package_identification:_identify(src/moveit2/moveit_planners) by extension 'cmake'
[0.819s] Level 1:colcon.colcon_core.package_identification:_identify(src/moveit2/moveit_planners) by extension 'python'
[0.819s] Level 1:colcon.colcon_core.package_identification:_identify(src/moveit2/moveit_planners) by extensions ['python_setup_py']
[0.819s] Level 1:colcon.colcon_core.package_identification:_identify(src/moveit2/moveit_planners) by extension 'python_setup_py'
[0.819s] Level 1:colcon.colcon_core.package_identification:_identify(src/moveit2/moveit_planners/chomp) by extensions ['ignore', 'ignore_ament_install']
[0.820s] Level 1:colcon.colcon_core.package_identification:_identify(src/moveit2/moveit_planners/chomp) by extension 'ignore'
[0.820s] Level 1:colcon.colcon_core.package_identification:_identify(src/moveit2/moveit_planners/chomp) by extension 'ignore_ament_install'
[0.820s] Level 1:colcon.colcon_core.package_identification:_identify(src/moveit2/moveit_planners/chomp) by extensions ['colcon_pkg']
[0.820s] Level 1:colcon.colcon_core.package_identification:_identify(src/moveit2/moveit_planners/chomp) by extension 'colcon_pkg'
[0.820s] Level 1:colcon.colcon_core.package_identification:_identify(src/moveit2/moveit_planners/chomp) by extensions ['colcon_meta']
[0.820s] Level 1:colcon.colcon_core.package_identification:_identify(src/moveit2/moveit_planners/chomp) by extension 'colcon_meta'
[0.820s] Level 1:colcon.colcon_core.package_identification:_identify(src/moveit2/moveit_planners/chomp) by extensions ['ros']
[0.820s] Level 1:colcon.colcon_core.package_identification:_identify(src/moveit2/moveit_planners/chomp) by extension 'ros'
[0.821s] Level 1:colcon.colcon_core.package_identification:_identify(src/moveit2/moveit_planners/chomp) by extensions ['cmake', 'python']
[0.821s] Level 1:colcon.colcon_core.package_identification:_identify(src/moveit2/moveit_planners/chomp) by extension 'cmake'
[0.821s] Level 1:colcon.colcon_core.package_identification:_identify(src/moveit2/moveit_planners/chomp) by extension 'python'
[0.821s] Level 1:colcon.colcon_core.package_identification:_identify(src/moveit2/moveit_planners/chomp) by extensions ['python_setup_py']
[0.821s] Level 1:colcon.colcon_core.package_identification:_identify(src/moveit2/moveit_planners/chomp) by extension 'python_setup_py'
[0.821s] Level 1:colcon.colcon_core.package_identification:_identify(src/moveit2/moveit_planners/chomp/chomp_interface) by extensions ['ignore', 'ignore_ament_install']
[0.821s] Level 1:colcon.colcon_core.package_identification:_identify(src/moveit2/moveit_planners/chomp/chomp_interface) by extension 'ignore'
[0.822s] Level 1:colcon.colcon_core.package_identification:_identify(src/moveit2/moveit_planners/chomp/chomp_interface) by extension 'ignore_ament_install'
[0.822s] Level 1:colcon.colcon_core.package_identification:_identify(src/moveit2/moveit_planners/chomp/chomp_interface) by extensions ['colcon_pkg']
[0.822s] Level 1:colcon.colcon_core.package_identification:_identify(src/moveit2/moveit_planners/chomp/chomp_interface) by extension 'colcon_pkg'
[0.822s] Level 1:colcon.colcon_core.package_identification:_identify(src/moveit2/moveit_planners/chomp/chomp_interface) by extensions ['colcon_meta']
[0.822s] Level 1:colcon.colcon_core.package_identification:_identify(src/moveit2/moveit_planners/chomp/chomp_interface) by extension 'colcon_meta'
[0.822s] Level 1:colcon.colcon_core.package_identification:_identify(src/moveit2/moveit_planners/chomp/chomp_interface) by extensions ['ros']
[0.822s] Level 1:colcon.colcon_core.package_identification:_identify(src/moveit2/moveit_planners/chomp/chomp_interface) by extension 'ros'
[0.824s] DEBUG:colcon.colcon_core.package_identification:Package 'src/moveit2/moveit_planners/chomp/chomp_interface' with type 'ros.ament_cmake' and name 'moveit_planners_chomp'
[0.824s] Level 1:colcon.colcon_core.package_identification:_identify(src/moveit2/moveit_planners/chomp/chomp_motion_planner) by extensions ['ignore', 'ignore_ament_install']
[0.825s] Level 1:colcon.colcon_core.package_identification:_identify(src/moveit2/moveit_planners/chomp/chomp_motion_planner) by extension 'ignore'
[0.825s] Level 1:colcon.colcon_core.package_identification:_identify(src/moveit2/moveit_planners/chomp/chomp_motion_planner) by extension 'ignore_ament_install'
[0.825s] Level 1:colcon.colcon_core.package_identification:_identify(src/moveit2/moveit_planners/chomp/chomp_motion_planner) by extensions ['colcon_pkg']
[0.825s] Level 1:colcon.colcon_core.package_identification:_identify(src/moveit2/moveit_planners/chomp/chomp_motion_planner) by extension 'colcon_pkg'
[0.825s] Level 1:colcon.colcon_core.package_identification:_identify(src/moveit2/moveit_planners/chomp/chomp_motion_planner) by extensions ['colcon_meta']
[0.825s] Level 1:colcon.colcon_core.package_identification:_identify(src/moveit2/moveit_planners/chomp/chomp_motion_planner) by extension 'colcon_meta'
[0.825s] Level 1:colcon.colcon_core.package_identification:_identify(src/moveit2/moveit_planners/chomp/chomp_motion_planner) by extensions ['ros']
[0.825s] Level 1:colcon.colcon_core.package_identification:_identify(src/moveit2/moveit_planners/chomp/chomp_motion_planner) by extension 'ros'
[0.827s] DEBUG:colcon.colcon_core.package_identification:Package 'src/moveit2/moveit_planners/chomp/chomp_motion_planner' with type 'ros.ament_cmake' and name 'chomp_motion_planner'
[0.828s] Level 1:colcon.colcon_core.package_identification:_identify(src/moveit2/moveit_planners/chomp/chomp_optimizer_adapter) by extensions ['ignore', 'ignore_ament_install']
[0.828s] Level 1:colcon.colcon_core.package_identification:_identify(src/moveit2/moveit_planners/chomp/chomp_optimizer_adapter) by extension 'ignore'
[0.828s] Level 1:colcon.colcon_core.package_identification:_identify(src/moveit2/moveit_planners/chomp/chomp_optimizer_adapter) by extension 'ignore_ament_install'
[0.828s] Level 1:colcon.colcon_core.package_identification:_identify(src/moveit2/moveit_planners/chomp/chomp_optimizer_adapter) by extensions ['colcon_pkg']
[0.828s] Level 1:colcon.colcon_core.package_identification:_identify(src/moveit2/moveit_planners/chomp/chomp_optimizer_adapter) by extension 'colcon_pkg'
[0.828s] Level 1:colcon.colcon_core.package_identification:_identify(src/moveit2/moveit_planners/chomp/chomp_optimizer_adapter) by extensions ['colcon_meta']
[0.828s] Level 1:colcon.colcon_core.package_identification:_identify(src/moveit2/moveit_planners/chomp/chomp_optimizer_adapter) by extension 'colcon_meta'
[0.829s] Level 1:colcon.colcon_core.package_identification:_identify(src/moveit2/moveit_planners/chomp/chomp_optimizer_adapter) by extensions ['ros']
[0.829s] Level 1:colcon.colcon_core.package_identification:_identify(src/moveit2/moveit_planners/chomp/chomp_optimizer_adapter) by extension 'ros'
[0.830s] DEBUG:colcon.colcon_core.package_identification:Package 'src/moveit2/moveit_planners/chomp/chomp_optimizer_adapter' with type 'ros.ament_cmake' and name 'moveit_chomp_optimizer_adapter'
[0.831s] Level 1:colcon.colcon_core.package_identification:_identify(src/moveit2/moveit_planners/moveit_planners) by extensions ['ignore', 'ignore_ament_install']
[0.831s] Level 1:colcon.colcon_core.package_identification:_identify(src/moveit2/moveit_planners/moveit_planners) by extension 'ignore'
[0.831s] Level 1:colcon.colcon_core.package_identification:_identify(src/moveit2/moveit_planners/moveit_planners) by extension 'ignore_ament_install'
[0.831s] Level 1:colcon.colcon_core.package_identification:_identify(src/moveit2/moveit_planners/moveit_planners) by extensions ['colcon_pkg']
[0.831s] Level 1:colcon.colcon_core.package_identification:_identify(src/moveit2/moveit_planners/moveit_planners) by extension 'colcon_pkg'
[0.831s] Level 1:colcon.colcon_core.package_identification:_identify(src/moveit2/moveit_planners/moveit_planners) by extensions ['colcon_meta']
[0.831s] Level 1:colcon.colcon_core.package_identification:_identify(src/moveit2/moveit_planners/moveit_planners) by extension 'colcon_meta'
[0.832s] Level 1:colcon.colcon_core.package_identification:_identify(src/moveit2/moveit_planners/moveit_planners) by extensions ['ros']
[0.832s] Level 1:colcon.colcon_core.package_identification:_identify(src/moveit2/moveit_planners/moveit_planners) by extension 'ros'
[0.833s] DEBUG:colcon.colcon_core.package_identification:Package 'src/moveit2/moveit_planners/moveit_planners' with type 'ros.ament_cmake' and name 'moveit_planners'
[0.833s] Level 1:colcon.colcon_core.package_identification:_identify(src/moveit2/moveit_planners/ompl) by extensions ['ignore', 'ignore_ament_install']
[0.834s] Level 1:colcon.colcon_core.package_identification:_identify(src/moveit2/moveit_planners/ompl) by extension 'ignore'
[0.834s] Level 1:colcon.colcon_core.package_identification:_identify(src/moveit2/moveit_planners/ompl) by extension 'ignore_ament_install'
[0.834s] Level 1:colcon.colcon_core.package_identification:_identify(src/moveit2/moveit_planners/ompl) by extensions ['colcon_pkg']
[0.834s] Level 1:colcon.colcon_core.package_identification:_identify(src/moveit2/moveit_planners/ompl) by extension 'colcon_pkg'
[0.834s] Level 1:colcon.colcon_core.package_identification:_identify(src/moveit2/moveit_planners/ompl) by extensions ['colcon_meta']
[0.834s] Level 1:colcon.colcon_core.package_identification:_identify(src/moveit2/moveit_planners/ompl) by extension 'colcon_meta'
[0.834s] Level 1:colcon.colcon_core.package_identification:_identify(src/moveit2/moveit_planners/ompl) by extensions ['ros']
[0.834s] Level 1:colcon.colcon_core.package_identification:_identify(src/moveit2/moveit_planners/ompl) by extension 'ros'
[0.837s] DEBUG:colcon.colcon_core.package_identification:Package 'src/moveit2/moveit_planners/ompl' with type 'ros.ament_cmake' and name 'moveit_planners_ompl'
[0.838s] Level 1:colcon.colcon_core.package_identification:_identify(src/moveit2/moveit_planners/pilz_industrial_motion_planner) by extensions ['ignore', 'ignore_ament_install']
[0.838s] Level 1:colcon.colcon_core.package_identification:_identify(src/moveit2/moveit_planners/pilz_industrial_motion_planner) by extension 'ignore'
[0.838s] Level 1:colcon.colcon_core.package_identification:_identify(src/moveit2/moveit_planners/pilz_industrial_motion_planner) by extension 'ignore_ament_install'
[0.838s] Level 1:colcon.colcon_core.package_identification:_identify(src/moveit2/moveit_planners/pilz_industrial_motion_planner) by extensions ['colcon_pkg']
[0.838s] Level 1:colcon.colcon_core.package_identification:_identify(src/moveit2/moveit_planners/pilz_industrial_motion_planner) by extension 'colcon_pkg'
[0.838s] Level 1:colcon.colcon_core.package_identification:_identify(src/moveit2/moveit_planners/pilz_industrial_motion_planner) by extensions ['colcon_meta']
[0.838s] Level 1:colcon.colcon_core.package_identification:_identify(src/moveit2/moveit_planners/pilz_industrial_motion_planner) by extension 'colcon_meta'
[0.839s] Level 1:colcon.colcon_core.package_identification:_identify(src/moveit2/moveit_planners/pilz_industrial_motion_planner) by extensions ['ros']
[0.839s] Level 1:colcon.colcon_core.package_identification:_identify(src/moveit2/moveit_planners/pilz_industrial_motion_planner) by extension 'ros'
[0.843s] DEBUG:colcon.colcon_core.package_identification:Package 'src/moveit2/moveit_planners/pilz_industrial_motion_planner' with type 'ros.ament_cmake' and name 'pilz_industrial_motion_planner'
[0.843s] Level 1:colcon.colcon_core.package_identification:_identify(src/moveit2/moveit_planners/pilz_industrial_motion_planner_testutils) by extensions ['ignore', 'ignore_ament_install']
[0.843s] Level 1:colcon.colcon_core.package_identification:_identify(src/moveit2/moveit_planners/pilz_industrial_motion_planner_testutils) by extension 'ignore'
[0.843s] Level 1:colcon.colcon_core.package_identification:_identify(src/moveit2/moveit_planners/pilz_industrial_motion_planner_testutils) by extension 'ignore_ament_install'
[0.843s] Level 1:colcon.colcon_core.package_identification:_identify(src/moveit2/moveit_planners/pilz_industrial_motion_planner_testutils) by extensions ['colcon_pkg']
[0.844s] Level 1:colcon.colcon_core.package_identification:_identify(src/moveit2/moveit_planners/pilz_industrial_motion_planner_testutils) by extension 'colcon_pkg'
[0.844s] Level 1:colcon.colcon_core.package_identification:_identify(src/moveit2/moveit_planners/pilz_industrial_motion_planner_testutils) by extensions ['colcon_meta']
[0.844s] Level 1:colcon.colcon_core.package_identification:_identify(src/moveit2/moveit_planners/pilz_industrial_motion_planner_testutils) by extension 'colcon_meta'
[0.844s] Level 1:colcon.colcon_core.package_identification:_identify(src/moveit2/moveit_planners/pilz_industrial_motion_planner_testutils) by extensions ['ros']
[0.844s] Level 1:colcon.colcon_core.package_identification:_identify(src/moveit2/moveit_planners/pilz_industrial_motion_planner_testutils) by extension 'ros'
[0.846s] DEBUG:colcon.colcon_core.package_identification:Package 'src/moveit2/moveit_planners/pilz_industrial_motion_planner_testutils' with type 'ros.ament_cmake' and name 'pilz_industrial_motion_planner_testutils'
[0.846s] Level 1:colcon.colcon_core.package_identification:_identify(src/moveit2/moveit_planners/test_configs) by extensions ['ignore', 'ignore_ament_install']
[0.846s] Level 1:colcon.colcon_core.package_identification:_identify(src/moveit2/moveit_planners/test_configs) by extension 'ignore'
[0.846s] Level 1:colcon.colcon_core.package_identification:_identify(src/moveit2/moveit_planners/test_configs) by extension 'ignore_ament_install'
[0.847s] Level 1:colcon.colcon_core.package_identification:_identify(src/moveit2/moveit_planners/test_configs) by extensions ['colcon_pkg']
[0.847s] Level 1:colcon.colcon_core.package_identification:_identify(src/moveit2/moveit_planners/test_configs) by extension 'colcon_pkg'
[0.847s] Level 1:colcon.colcon_core.package_identification:_identify(src/moveit2/moveit_planners/test_configs) by extensions ['colcon_meta']
[0.847s] Level 1:colcon.colcon_core.package_identification:_identify(src/moveit2/moveit_planners/test_configs) by extension 'colcon_meta'
[0.847s] Level 1:colcon.colcon_core.package_identification:_identify(src/moveit2/moveit_planners/test_configs) by extensions ['ros']
[0.847s] Level 1:colcon.colcon_core.package_identification:_identify(src/moveit2/moveit_planners/test_configs) by extension 'ros'
[0.847s] Level 1:colcon.colcon_core.package_identification:_identify(src/moveit2/moveit_planners/test_configs) by extensions ['cmake', 'python']
[0.847s] Level 1:colcon.colcon_core.package_identification:_identify(src/moveit2/moveit_planners/test_configs) by extension 'cmake'
[0.848s] Level 1:colcon.colcon_core.package_identification:_identify(src/moveit2/moveit_planners/test_configs) by extension 'python'
[0.848s] Level 1:colcon.colcon_core.package_identification:_identify(src/moveit2/moveit_planners/test_configs) by extensions ['python_setup_py']
[0.848s] Level 1:colcon.colcon_core.package_identification:_identify(src/moveit2/moveit_planners/test_configs) by extension 'python_setup_py'
[0.848s] Level 1:colcon.colcon_core.package_identification:_identify(src/moveit2/moveit_planners/test_configs/prbt_ikfast_manipulator_plugin) by extensions ['ignore', 'ignore_ament_install']
[0.848s] Level 1:colcon.colcon_core.package_identification:_identify(src/moveit2/moveit_planners/test_configs/prbt_ikfast_manipulator_plugin) by extension 'ignore'
[0.848s] Level 1:colcon.colcon_core.package_identification:_identify(src/moveit2/moveit_planners/test_configs/prbt_ikfast_manipulator_plugin) by extension 'ignore_ament_install'
[0.849s] Level 1:colcon.colcon_core.package_identification:_identify(src/moveit2/moveit_planners/test_configs/prbt_ikfast_manipulator_plugin) by extensions ['colcon_pkg']
[0.849s] Level 1:colcon.colcon_core.package_identification:_identify(src/moveit2/moveit_planners/test_configs/prbt_ikfast_manipulator_plugin) by extension 'colcon_pkg'
[0.849s] Level 1:colcon.colcon_core.package_identification:_identify(src/moveit2/moveit_planners/test_configs/prbt_ikfast_manipulator_plugin) by extensions ['colcon_meta']
[0.849s] Level 1:colcon.colcon_core.package_identification:_identify(src/moveit2/moveit_planners/test_configs/prbt_ikfast_manipulator_plugin) by extension 'colcon_meta'
[0.849s] Level 1:colcon.colcon_core.package_identification:_identify(src/moveit2/moveit_planners/test_configs/prbt_ikfast_manipulator_plugin) by extensions ['ros']
[0.849s] Level 1:colcon.colcon_core.package_identification:_identify(src/moveit2/moveit_planners/test_configs/prbt_ikfast_manipulator_plugin) by extension 'ros'
[0.851s] DEBUG:colcon.colcon_core.package_identification:Package 'src/moveit2/moveit_planners/test_configs/prbt_ikfast_manipulator_plugin' with type 'ros.ament_cmake' and name 'moveit_resources_prbt_ikfast_manipulator_plugin'
[0.851s] Level 1:colcon.colcon_core.package_identification:_identify(src/moveit2/moveit_planners/test_configs/prbt_moveit_config) by extensions ['ignore', 'ignore_ament_install']
[0.851s] Level 1:colcon.colcon_core.package_identification:_identify(src/moveit2/moveit_planners/test_configs/prbt_moveit_config) by extension 'ignore'
[0.852s] Level 1:colcon.colcon_core.package_identification:_identify(src/moveit2/moveit_planners/test_configs/prbt_moveit_config) by extension 'ignore_ament_install'
[0.852s] Level 1:colcon.colcon_core.package_identification:_identify(src/moveit2/moveit_planners/test_configs/prbt_moveit_config) by extensions ['colcon_pkg']
[0.852s] Level 1:colcon.colcon_core.package_identification:_identify(src/moveit2/moveit_planners/test_configs/prbt_moveit_config) by extension 'colcon_pkg'
[0.852s] Level 1:colcon.colcon_core.package_identification:_identify(src/moveit2/moveit_planners/test_configs/prbt_moveit_config) by extensions ['colcon_meta']
[0.852s] Level 1:colcon.colcon_core.package_identification:_identify(src/moveit2/moveit_planners/test_configs/prbt_moveit_config) by extension 'colcon_meta'
[0.852s] Level 1:colcon.colcon_core.package_identification:_identify(src/moveit2/moveit_planners/test_configs/prbt_moveit_config) by extensions ['ros']
[0.852s] Level 1:colcon.colcon_core.package_identification:_identify(src/moveit2/moveit_planners/test_configs/prbt_moveit_config) by extension 'ros'
[0.854s] DEBUG:colcon.colcon_core.package_identification:Package 'src/moveit2/moveit_planners/test_configs/prbt_moveit_config' with type 'ros.ament_cmake' and name 'moveit_resources_prbt_moveit_config'
[0.854s] Level 1:colcon.colcon_core.package_identification:_identify(src/moveit2/moveit_planners/test_configs/prbt_pg70_support) by extensions ['ignore', 'ignore_ament_install']
[0.854s] Level 1:colcon.colcon_core.package_identification:_identify(src/moveit2/moveit_planners/test_configs/prbt_pg70_support) by extension 'ignore'
[0.854s] Level 1:colcon.colcon_core.package_identification:_identify(src/moveit2/moveit_planners/test_configs/prbt_pg70_support) by extension 'ignore_ament_install'
[0.854s] Level 1:colcon.colcon_core.package_identification:_identify(src/moveit2/moveit_planners/test_configs/prbt_pg70_support) by extensions ['colcon_pkg']
[0.855s] Level 1:colcon.colcon_core.package_identification:_identify(src/moveit2/moveit_planners/test_configs/prbt_pg70_support) by extension 'colcon_pkg'
[0.855s] Level 1:colcon.colcon_core.package_identification:_identify(src/moveit2/moveit_planners/test_configs/prbt_pg70_support) by extensions ['colcon_meta']
[0.855s] Level 1:colcon.colcon_core.package_identification:_identify(src/moveit2/moveit_planners/test_configs/prbt_pg70_support) by extension 'colcon_meta'
[0.855s] Level 1:colcon.colcon_core.package_identification:_identify(src/moveit2/moveit_planners/test_configs/prbt_pg70_support) by extensions ['ros']
[0.855s] Level 1:colcon.colcon_core.package_identification:_identify(src/moveit2/moveit_planners/test_configs/prbt_pg70_support) by extension 'ros'
[0.856s] DEBUG:colcon.colcon_core.package_identification:Package 'src/moveit2/moveit_planners/test_configs/prbt_pg70_support' with type 'ros.ament_cmake' and name 'moveit_resources_prbt_pg70_support'
[0.856s] Level 1:colcon.colcon_core.package_identification:_identify(src/moveit2/moveit_planners/test_configs/prbt_support) by extensions ['ignore', 'ignore_ament_install']
[0.857s] Level 1:colcon.colcon_core.package_identification:_identify(src/moveit2/moveit_planners/test_configs/prbt_support) by extension 'ignore'
[0.857s] Level 1:colcon.colcon_core.package_identification:_identify(src/moveit2/moveit_planners/test_configs/prbt_support) by extension 'ignore_ament_install'
[0.857s] Level 1:colcon.colcon_core.package_identification:_identify(src/moveit2/moveit_planners/test_configs/prbt_support) by extensions ['colcon_pkg']
[0.857s] Level 1:colcon.colcon_core.package_identification:_identify(src/moveit2/moveit_planners/test_configs/prbt_support) by extension 'colcon_pkg'
[0.857s] Level 1:colcon.colcon_core.package_identification:_identify(src/moveit2/moveit_planners/test_configs/prbt_support) by extensions ['colcon_meta']
[0.857s] Level 1:colcon.colcon_core.package_identification:_identify(src/moveit2/moveit_planners/test_configs/prbt_support) by extension 'colcon_meta'
[0.857s] Level 1:colcon.colcon_core.package_identification:_identify(src/moveit2/moveit_planners/test_configs/prbt_support) by extensions ['ros']
[0.857s] Level 1:colcon.colcon_core.package_identification:_identify(src/moveit2/moveit_planners/test_configs/prbt_support) by extension 'ros'
[0.859s] DEBUG:colcon.colcon_core.package_identification:Package 'src/moveit2/moveit_planners/test_configs/prbt_support' with type 'ros.ament_cmake' and name 'moveit_resources_prbt_support'
[0.859s] Level 1:colcon.colcon_core.package_identification:_identify(src/moveit2/moveit_planners/trajopt) by extensions ['ignore', 'ignore_ament_install']
[0.859s] Level 1:colcon.colcon_core.package_identification:_identify(src/moveit2/moveit_planners/trajopt) by extension 'ignore'
[0.859s] Level 1:colcon.colcon_core.package_identification:_identify(src/moveit2/moveit_planners/trajopt) ignored
[0.859s] Level 1:colcon.colcon_core.package_identification:_identify(src/moveit2/moveit_plugins) by extensions ['ignore', 'ignore_ament_install']
[0.860s] Level 1:colcon.colcon_core.package_identification:_identify(src/moveit2/moveit_plugins) by extension 'ignore'
[0.860s] Level 1:colcon.colcon_core.package_identification:_identify(src/moveit2/moveit_plugins) by extension 'ignore_ament_install'
[0.860s] Level 1:colcon.colcon_core.package_identification:_identify(src/moveit2/moveit_plugins) by extensions ['colcon_pkg']
[0.860s] Level 1:colcon.colcon_core.package_identification:_identify(src/moveit2/moveit_plugins) by extension 'colcon_pkg'
[0.860s] Level 1:colcon.colcon_core.package_identification:_identify(src/moveit2/moveit_plugins) by extensions ['colcon_meta']
[0.860s] Level 1:colcon.colcon_core.package_identification:_identify(src/moveit2/moveit_plugins) by extension 'colcon_meta'
[0.860s] Level 1:colcon.colcon_core.package_identification:_identify(src/moveit2/moveit_plugins) by extensions ['ros']
[0.861s] Level 1:colcon.colcon_core.package_identification:_identify(src/moveit2/moveit_plugins) by extension 'ros'
[0.861s] Level 1:colcon.colcon_core.package_identification:_identify(src/moveit2/moveit_plugins) by extensions ['cmake', 'python']
[0.861s] Level 1:colcon.colcon_core.package_identification:_identify(src/moveit2/moveit_plugins) by extension 'cmake'
[0.861s] Level 1:colcon.colcon_core.package_identification:_identify(src/moveit2/moveit_plugins) by extension 'python'
[0.861s] Level 1:colcon.colcon_core.package_identification:_identify(src/moveit2/moveit_plugins) by extensions ['python_setup_py']
[0.861s] Level 1:colcon.colcon_core.package_identification:_identify(src/moveit2/moveit_plugins) by extension 'python_setup_py'
[0.861s] Level 1:colcon.colcon_core.package_identification:_identify(src/moveit2/moveit_plugins/moveit_plugins) by extensions ['ignore', 'ignore_ament_install']
[0.862s] Level 1:colcon.colcon_core.package_identification:_identify(src/moveit2/moveit_plugins/moveit_plugins) by extension 'ignore'
[0.862s] Level 1:colcon.colcon_core.package_identification:_identify(src/moveit2/moveit_plugins/moveit_plugins) by extension 'ignore_ament_install'
[0.862s] Level 1:colcon.colcon_core.package_identification:_identify(src/moveit2/moveit_plugins/moveit_plugins) by extensions ['colcon_pkg']
[0.862s] Level 1:colcon.colcon_core.package_identification:_identify(src/moveit2/moveit_plugins/moveit_plugins) by extension 'colcon_pkg'
[0.862s] Level 1:colcon.colcon_core.package_identification:_identify(src/moveit2/moveit_plugins/moveit_plugins) by extensions ['colcon_meta']
[0.862s] Level 1:colcon.colcon_core.package_identification:_identify(src/moveit2/moveit_plugins/moveit_plugins) by extension 'colcon_meta'
[0.862s] Level 1:colcon.colcon_core.package_identification:_identify(src/moveit2/moveit_plugins/moveit_plugins) by extensions ['ros']
[0.862s] Level 1:colcon.colcon_core.package_identification:_identify(src/moveit2/moveit_plugins/moveit_plugins) by extension 'ros'
[0.864s] DEBUG:colcon.colcon_core.package_identification:Package 'src/moveit2/moveit_plugins/moveit_plugins' with type 'ros.ament_cmake' and name 'moveit_plugins'
[0.864s] Level 1:colcon.colcon_core.package_identification:_identify(src/moveit2/moveit_plugins/moveit_ros_control_interface) by extensions ['ignore', 'ignore_ament_install']
[0.864s] Level 1:colcon.colcon_core.package_identification:_identify(src/moveit2/moveit_plugins/moveit_ros_control_interface) by extension 'ignore'
[0.864s] Level 1:colcon.colcon_core.package_identification:_identify(src/moveit2/moveit_plugins/moveit_ros_control_interface) by extension 'ignore_ament_install'
[0.864s] Level 1:colcon.colcon_core.package_identification:_identify(src/moveit2/moveit_plugins/moveit_ros_control_interface) by extensions ['colcon_pkg']
[0.864s] Level 1:colcon.colcon_core.package_identification:_identify(src/moveit2/moveit_plugins/moveit_ros_control_interface) by extension 'colcon_pkg'
[0.865s] Level 1:colcon.colcon_core.package_identification:_identify(src/moveit2/moveit_plugins/moveit_ros_control_interface) by extensions ['colcon_meta']
[0.865s] Level 1:colcon.colcon_core.package_identification:_identify(src/moveit2/moveit_plugins/moveit_ros_control_interface) by extension 'colcon_meta'
[0.865s] Level 1:colcon.colcon_core.package_identification:_identify(src/moveit2/moveit_plugins/moveit_ros_control_interface) by extensions ['ros']
[0.865s] Level 1:colcon.colcon_core.package_identification:_identify(src/moveit2/moveit_plugins/moveit_ros_control_interface) by extension 'ros'
[0.867s] DEBUG:colcon.colcon_core.package_identification:Package 'src/moveit2/moveit_plugins/moveit_ros_control_interface' with type 'ros.ament_cmake' and name 'moveit_ros_control_interface'
[0.867s] Level 1:colcon.colcon_core.package_identification:_identify(src/moveit2/moveit_plugins/moveit_simple_controller_manager) by extensions ['ignore', 'ignore_ament_install']
[0.868s] Level 1:colcon.colcon_core.package_identification:_identify(src/moveit2/moveit_plugins/moveit_simple_controller_manager) by extension 'ignore'
[0.868s] Level 1:colcon.colcon_core.package_identification:_identify(src/moveit2/moveit_plugins/moveit_simple_controller_manager) by extension 'ignore_ament_install'
[0.868s] Level 1:colcon.colcon_core.package_identification:_identify(src/moveit2/moveit_plugins/moveit_simple_controller_manager) by extensions ['colcon_pkg']
[0.868s] Level 1:colcon.colcon_core.package_identification:_identify(src/moveit2/moveit_plugins/moveit_simple_controller_manager) by extension 'colcon_pkg'
[0.868s] Level 1:colcon.colcon_core.package_identification:_identify(src/moveit2/moveit_plugins/moveit_simple_controller_manager) by extensions ['colcon_meta']
[0.868s] Level 1:colcon.colcon_core.package_identification:_identify(src/moveit2/moveit_plugins/moveit_simple_controller_manager) by extension 'colcon_meta'
[0.868s] Level 1:colcon.colcon_core.package_identification:_identify(src/moveit2/moveit_plugins/moveit_simple_controller_manager) by extensions ['ros']
[0.868s] Level 1:colcon.colcon_core.package_identification:_identify(src/moveit2/moveit_plugins/moveit_simple_controller_manager) by extension 'ros'
[0.870s] DEBUG:colcon.colcon_core.package_identification:Package 'src/moveit2/moveit_plugins/moveit_simple_controller_manager' with type 'ros.ament_cmake' and name 'moveit_simple_controller_manager'
[0.871s] Level 1:colcon.colcon_core.package_identification:_identify(src/moveit2/moveit_ros) by extensions ['ignore', 'ignore_ament_install']
[0.871s] Level 1:colcon.colcon_core.package_identification:_identify(src/moveit2/moveit_ros) by extension 'ignore'
[0.871s] Level 1:colcon.colcon_core.package_identification:_identify(src/moveit2/moveit_ros) by extension 'ignore_ament_install'
[0.871s] Level 1:colcon.colcon_core.package_identification:_identify(src/moveit2/moveit_ros) by extensions ['colcon_pkg']
[0.871s] Level 1:colcon.colcon_core.package_identification:_identify(src/moveit2/moveit_ros) by extension 'colcon_pkg'
[0.871s] Level 1:colcon.colcon_core.package_identification:_identify(src/moveit2/moveit_ros) by extensions ['colcon_meta']
[0.872s] Level 1:colcon.colcon_core.package_identification:_identify(src/moveit2/moveit_ros) by extension 'colcon_meta'
[0.872s] Level 1:colcon.colcon_core.package_identification:_identify(src/moveit2/moveit_ros) by extensions ['ros']
[0.872s] Level 1:colcon.colcon_core.package_identification:_identify(src/moveit2/moveit_ros) by extension 'ros'
[0.872s] Level 1:colcon.colcon_core.package_identification:_identify(src/moveit2/moveit_ros) by extensions ['cmake', 'python']
[0.872s] Level 1:colcon.colcon_core.package_identification:_identify(src/moveit2/moveit_ros) by extension 'cmake'
[0.872s] Level 1:colcon.colcon_core.package_identification:_identify(src/moveit2/moveit_ros) by extension 'python'
[0.872s] Level 1:colcon.colcon_core.package_identification:_identify(src/moveit2/moveit_ros) by extensions ['python_setup_py']
[0.872s] Level 1:colcon.colcon_core.package_identification:_identify(src/moveit2/moveit_ros) by extension 'python_setup_py'
[0.873s] Level 1:colcon.colcon_core.package_identification:_identify(src/moveit2/moveit_ros/benchmarks) by extensions ['ignore', 'ignore_ament_install']
[0.873s] Level 1:colcon.colcon_core.package_identification:_identify(src/moveit2/moveit_ros/benchmarks) by extension 'ignore'
[0.873s] Level 1:colcon.colcon_core.package_identification:_identify(src/moveit2/moveit_ros/benchmarks) by extension 'ignore_ament_install'
[0.873s] Level 1:colcon.colcon_core.package_identification:_identify(src/moveit2/moveit_ros/benchmarks) by extensions ['colcon_pkg']
[0.873s] Level 1:colcon.colcon_core.package_identification:_identify(src/moveit2/moveit_ros/benchmarks) by extension 'colcon_pkg'
[0.873s] Level 1:colcon.colcon_core.package_identification:_identify(src/moveit2/moveit_ros/benchmarks) by extensions ['colcon_meta']
[0.873s] Level 1:colcon.colcon_core.package_identification:_identify(src/moveit2/moveit_ros/benchmarks) by extension 'colcon_meta'
[0.874s] Level 1:colcon.colcon_core.package_identification:_identify(src/moveit2/moveit_ros/benchmarks) by extensions ['ros']
[0.874s] Level 1:colcon.colcon_core.package_identification:_identify(src/moveit2/moveit_ros/benchmarks) by extension 'ros'
[0.876s] DEBUG:colcon.colcon_core.package_identification:Package 'src/moveit2/moveit_ros/benchmarks' with type 'ros.ament_cmake' and name 'moveit_ros_benchmarks'
[0.876s] Level 1:colcon.colcon_core.package_identification:_identify(src/moveit2/moveit_ros/hybrid_planning) by extensions ['ignore', 'ignore_ament_install']
[0.876s] Level 1:colcon.colcon_core.package_identification:_identify(src/moveit2/moveit_ros/hybrid_planning) by extension 'ignore'
[0.877s] Level 1:colcon.colcon_core.package_identification:_identify(src/moveit2/moveit_ros/hybrid_planning) by extension 'ignore_ament_install'
[0.877s] Level 1:colcon.colcon_core.package_identification:_identify(src/moveit2/moveit_ros/hybrid_planning) by extensions ['colcon_pkg']
[0.877s] Level 1:colcon.colcon_core.package_identification:_identify(src/moveit2/moveit_ros/hybrid_planning) by extension 'colcon_pkg'
[0.877s] Level 1:colcon.colcon_core.package_identification:_identify(src/moveit2/moveit_ros/hybrid_planning) by extensions ['colcon_meta']
[0.877s] Level 1:colcon.colcon_core.package_identification:_identify(src/moveit2/moveit_ros/hybrid_planning) by extension 'colcon_meta'
[0.877s] Level 1:colcon.colcon_core.package_identification:_identify(src/moveit2/moveit_ros/hybrid_planning) by extensions ['ros']
[0.877s] Level 1:colcon.colcon_core.package_identification:_identify(src/moveit2/moveit_ros/hybrid_planning) by extension 'ros'
[0.881s] DEBUG:colcon.colcon_core.package_identification:Package 'src/moveit2/moveit_ros/hybrid_planning' with type 'ros.ament_cmake' and name 'moveit_hybrid_planning'
[0.881s] Level 1:colcon.colcon_core.package_identification:_identify(src/moveit2/moveit_ros/move_group) by extensions ['ignore', 'ignore_ament_install']
[0.881s] Level 1:colcon.colcon_core.package_identification:_identify(src/moveit2/moveit_ros/move_group) by extension 'ignore'
[0.882s] Level 1:colcon.colcon_core.package_identification:_identify(src/moveit2/moveit_ros/move_group) by extension 'ignore_ament_install'
[0.882s] Level 1:colcon.colcon_core.package_identification:_identify(src/moveit2/moveit_ros/move_group) by extensions ['colcon_pkg']
[0.882s] Level 1:colcon.colcon_core.package_identification:_identify(src/moveit2/moveit_ros/move_group) by extension 'colcon_pkg'
[0.882s] Level 1:colcon.colcon_core.package_identification:_identify(src/moveit2/moveit_ros/move_group) by extensions ['colcon_meta']
[0.882s] Level 1:colcon.colcon_core.package_identification:_identify(src/moveit2/moveit_ros/move_group) by extension 'colcon_meta'
[0.882s] Level 1:colcon.colcon_core.package_identification:_identify(src/moveit2/moveit_ros/move_group) by extensions ['ros']
[0.882s] Level 1:colcon.colcon_core.package_identification:_identify(src/moveit2/moveit_ros/move_group) by extension 'ros'
[0.885s] DEBUG:colcon.colcon_core.package_identification:Package 'src/moveit2/moveit_ros/move_group' with type 'ros.ament_cmake' and name 'moveit_ros_move_group'
[0.885s] Level 1:colcon.colcon_core.package_identification:_identify(src/moveit2/moveit_ros/moveit_ros) by extensions ['ignore', 'ignore_ament_install']
[0.886s] Level 1:colcon.colcon_core.package_identification:_identify(src/moveit2/moveit_ros/moveit_ros) by extension 'ignore'
[0.886s] Level 1:colcon.colcon_core.package_identification:_identify(src/moveit2/moveit_ros/moveit_ros) by extension 'ignore_ament_install'
[0.886s] Level 1:colcon.colcon_core.package_identification:_identify(src/moveit2/moveit_ros/moveit_ros) by extensions ['colcon_pkg']
[0.886s] Level 1:colcon.colcon_core.package_identification:_identify(src/moveit2/moveit_ros/moveit_ros) by extension 'colcon_pkg'
[0.886s] Level 1:colcon.colcon_core.package_identification:_identify(src/moveit2/moveit_ros/moveit_ros) by extensions ['colcon_meta']
[0.886s] Level 1:colcon.colcon_core.package_identification:_identify(src/moveit2/moveit_ros/moveit_ros) by extension 'colcon_meta'
[0.886s] Level 1:colcon.colcon_core.package_identification:_identify(src/moveit2/moveit_ros/moveit_ros) by extensions ['ros']
[0.887s] Level 1:colcon.colcon_core.package_identification:_identify(src/moveit2/moveit_ros/moveit_ros) by extension 'ros'
[0.888s] DEBUG:colcon.colcon_core.package_identification:Package 'src/moveit2/moveit_ros/moveit_ros' with type 'ros.ament_cmake' and name 'moveit_ros'
[0.889s] Level 1:colcon.colcon_core.package_identification:_identify(src/moveit2/moveit_ros/moveit_servo) by extensions ['ignore', 'ignore_ament_install']
[0.889s] Level 1:colcon.colcon_core.package_identification:_identify(src/moveit2/moveit_ros/moveit_servo) by extension 'ignore'
[0.889s] Level 1:colcon.colcon_core.package_identification:_identify(src/moveit2/moveit_ros/moveit_servo) by extension 'ignore_ament_install'
[0.889s] Level 1:colcon.colcon_core.package_identification:_identify(src/moveit2/moveit_ros/moveit_servo) by extensions ['colcon_pkg']
[0.889s] Level 1:colcon.colcon_core.package_identification:_identify(src/moveit2/moveit_ros/moveit_servo) by extension 'colcon_pkg'
[0.889s] Level 1:colcon.colcon_core.package_identification:_identify(src/moveit2/moveit_ros/moveit_servo) by extensions ['colcon_meta']
[0.889s] Level 1:colcon.colcon_core.package_identification:_identify(src/moveit2/moveit_ros/moveit_servo) by extension 'colcon_meta'
[0.889s] Level 1:colcon.colcon_core.package_identification:_identify(src/moveit2/moveit_ros/moveit_servo) by extensions ['ros']
[0.890s] Level 1:colcon.colcon_core.package_identification:_identify(src/moveit2/moveit_ros/moveit_servo) by extension 'ros'
[0.893s] DEBUG:colcon.colcon_core.package_identification:Package 'src/moveit2/moveit_ros/moveit_servo' with type 'ros.ament_cmake' and name 'moveit_servo'
[0.893s] Level 1:colcon.colcon_core.package_identification:_identify(src/moveit2/moveit_ros/occupancy_map_monitor) by extensions ['ignore', 'ignore_ament_install']
[0.894s] Level 1:colcon.colcon_core.package_identification:_identify(src/moveit2/moveit_ros/occupancy_map_monitor) by extension 'ignore'
[0.894s] Level 1:colcon.colcon_core.package_identification:_identify(src/moveit2/moveit_ros/occupancy_map_monitor) by extension 'ignore_ament_install'
[0.894s] Level 1:colcon.colcon_core.package_identification:_identify(src/moveit2/moveit_ros/occupancy_map_monitor) by extensions ['colcon_pkg']
[0.894s] Level 1:colcon.colcon_core.package_identification:_identify(src/moveit2/moveit_ros/occupancy_map_monitor) by extension 'colcon_pkg'
[0.894s] Level 1:colcon.colcon_core.package_identification:_identify(src/moveit2/moveit_ros/occupancy_map_monitor) by extensions ['colcon_meta']
[0.894s] Level 1:colcon.colcon_core.package_identification:_identify(src/moveit2/moveit_ros/occupancy_map_monitor) by extension 'colcon_meta'
[0.894s] Level 1:colcon.colcon_core.package_identification:_identify(src/moveit2/moveit_ros/occupancy_map_monitor) by extensions ['ros']
[0.894s] Level 1:colcon.colcon_core.package_identification:_identify(src/moveit2/moveit_ros/occupancy_map_monitor) by extension 'ros'
[0.897s] DEBUG:colcon.colcon_core.package_identification:Package 'src/moveit2/moveit_ros/occupancy_map_monitor' with type 'ros.ament_cmake' and name 'moveit_ros_occupancy_map_monitor'
[0.897s] Level 1:colcon.colcon_core.package_identification:_identify(src/moveit2/moveit_ros/perception) by extensions ['ignore', 'ignore_ament_install']
[0.897s] Level 1:colcon.colcon_core.package_identification:_identify(src/moveit2/moveit_ros/perception) by extension 'ignore'
[0.898s] Level 1:colcon.colcon_core.package_identification:_identify(src/moveit2/moveit_ros/perception) by extension 'ignore_ament_install'
[0.898s] Level 1:colcon.colcon_core.package_identification:_identify(src/moveit2/moveit_ros/perception) by extensions ['colcon_pkg']
[0.898s] Level 1:colcon.colcon_core.package_identification:_identify(src/moveit2/moveit_ros/perception) by extension 'colcon_pkg'
[0.898s] Level 1:colcon.colcon_core.package_identification:_identify(src/moveit2/moveit_ros/perception) by extensions ['colcon_meta']
[0.898s] Level 1:colcon.colcon_core.package_identification:_identify(src/moveit2/moveit_ros/perception) by extension 'colcon_meta'
[0.898s] Level 1:colcon.colcon_core.package_identification:_identify(src/moveit2/moveit_ros/perception) by extensions ['ros']
[0.898s] Level 1:colcon.colcon_core.package_identification:_identify(src/moveit2/moveit_ros/perception) by extension 'ros'
[0.903s] DEBUG:colcon.colcon_core.package_identification:Package 'src/moveit2/moveit_ros/perception' with type 'ros.ament_cmake' and name 'moveit_ros_perception'
[0.903s] Level 1:colcon.colcon_core.package_identification:_identify(src/moveit2/moveit_ros/planning) by extensions ['ignore', 'ignore_ament_install']
[0.903s] Level 1:colcon.colcon_core.package_identification:_identify(src/moveit2/moveit_ros/planning) by extension 'ignore'
[0.904s] Level 1:colcon.colcon_core.package_identification:_identify(src/moveit2/moveit_ros/planning) by extension 'ignore_ament_install'
[0.904s] Level 1:colcon.colcon_core.package_identification:_identify(src/moveit2/moveit_ros/planning) by extensions ['colcon_pkg']
[0.904s] Level 1:colcon.colcon_core.package_identification:_identify(src/moveit2/moveit_ros/planning) by extension 'colcon_pkg'
[0.904s] Level 1:colcon.colcon_core.package_identification:_identify(src/moveit2/moveit_ros/planning) by extensions ['colcon_meta']
[0.904s] Level 1:colcon.colcon_core.package_identification:_identify(src/moveit2/moveit_ros/planning) by extension 'colcon_meta'
[0.904s] Level 1:colcon.colcon_core.package_identification:_identify(src/moveit2/moveit_ros/planning) by extensions ['ros']
[0.904s] Level 1:colcon.colcon_core.package_identification:_identify(src/moveit2/moveit_ros/planning) by extension 'ros'
[0.909s] DEBUG:colcon.colcon_core.package_identification:Package 'src/moveit2/moveit_ros/planning' with type 'ros.ament_cmake' and name 'moveit_ros_planning'
[0.909s] Level 1:colcon.colcon_core.package_identification:_identify(src/moveit2/moveit_ros/planning_interface) by extensions ['ignore', 'ignore_ament_install']
[0.909s] Level 1:colcon.colcon_core.package_identification:_identify(src/moveit2/moveit_ros/planning_interface) by extension 'ignore'
[0.909s] Level 1:colcon.colcon_core.package_identification:_identify(src/moveit2/moveit_ros/planning_interface) by extension 'ignore_ament_install'
[0.909s] Level 1:colcon.colcon_core.package_identification:_identify(src/moveit2/moveit_ros/planning_interface) by extensions ['colcon_pkg']
[0.909s] Level 1:colcon.colcon_core.package_identification:_identify(src/moveit2/moveit_ros/planning_interface) by extension 'colcon_pkg'
[0.910s] Level 1:colcon.colcon_core.package_identification:_identify(src/moveit2/moveit_ros/planning_interface) by extensions ['colcon_meta']
[0.910s] Level 1:colcon.colcon_core.package_identification:_identify(src/moveit2/moveit_ros/planning_interface) by extension 'colcon_meta'
[0.910s] Level 1:colcon.colcon_core.package_identification:_identify(src/moveit2/moveit_ros/planning_interface) by extensions ['ros']
[0.910s] Level 1:colcon.colcon_core.package_identification:_identify(src/moveit2/moveit_ros/planning_interface) by extension 'ros'
[0.914s] DEBUG:colcon.colcon_core.package_identification:Package 'src/moveit2/moveit_ros/planning_interface' with type 'ros.ament_cmake' and name 'moveit_ros_planning_interface'
[0.914s] Level 1:colcon.colcon_core.package_identification:_identify(src/moveit2/moveit_ros/robot_interaction) by extensions ['ignore', 'ignore_ament_install']
[0.914s] Level 1:colcon.colcon_core.package_identification:_identify(src/moveit2/moveit_ros/robot_interaction) by extension 'ignore'
[0.914s] Level 1:colcon.colcon_core.package_identification:_identify(src/moveit2/moveit_ros/robot_interaction) by extension 'ignore_ament_install'
[0.914s] Level 1:colcon.colcon_core.package_identification:_identify(src/moveit2/moveit_ros/robot_interaction) by extensions ['colcon_pkg']
[0.914s] Level 1:colcon.colcon_core.package_identification:_identify(src/moveit2/moveit_ros/robot_interaction) by extension 'colcon_pkg'
[0.915s] Level 1:colcon.colcon_core.package_identification:_identify(src/moveit2/moveit_ros/robot_interaction) by extensions ['colcon_meta']
[0.915s] Level 1:colcon.colcon_core.package_identification:_identify(src/moveit2/moveit_ros/robot_interaction) by extension 'colcon_meta'
[0.915s] Level 1:colcon.colcon_core.package_identification:_identify(src/moveit2/moveit_ros/robot_interaction) by extensions ['ros']
[0.915s] Level 1:colcon.colcon_core.package_identification:_identify(src/moveit2/moveit_ros/robot_interaction) by extension 'ros'
[0.917s] DEBUG:colcon.colcon_core.package_identification:Package 'src/moveit2/moveit_ros/robot_interaction' with type 'ros.ament_cmake' and name 'moveit_ros_robot_interaction'
[0.918s] Level 1:colcon.colcon_core.package_identification:_identify(src/moveit2/moveit_ros/visualization) by extensions ['ignore', 'ignore_ament_install']
[0.918s] Level 1:colcon.colcon_core.package_identification:_identify(src/moveit2/moveit_ros/visualization) by extension 'ignore'
[0.918s] Level 1:colcon.colcon_core.package_identification:_identify(src/moveit2/moveit_ros/visualization) by extension 'ignore_ament_install'
[0.918s] Level 1:colcon.colcon_core.package_identification:_identify(src/moveit2/moveit_ros/visualization) by extensions ['colcon_pkg']
[0.918s] Level 1:colcon.colcon_core.package_identification:_identify(src/moveit2/moveit_ros/visualization) by extension 'colcon_pkg'
[0.918s] Level 1:colcon.colcon_core.package_identification:_identify(src/moveit2/moveit_ros/visualization) by extensions ['colcon_meta']
[0.918s] Level 1:colcon.colcon_core.package_identification:_identify(src/moveit2/moveit_ros/visualization) by extension 'colcon_meta'
[0.919s] Level 1:colcon.colcon_core.package_identification:_identify(src/moveit2/moveit_ros/visualization) by extensions ['ros']
[0.919s] Level 1:colcon.colcon_core.package_identification:_identify(src/moveit2/moveit_ros/visualization) by extension 'ros'
[0.922s] DEBUG:colcon.colcon_core.package_identification:Package 'src/moveit2/moveit_ros/visualization' with type 'ros.ament_cmake' and name 'moveit_ros_visualization'
[0.922s] Level 1:colcon.colcon_core.package_identification:_identify(src/moveit2/moveit_ros/warehouse) by extensions ['ignore', 'ignore_ament_install']
[0.922s] Level 1:colcon.colcon_core.package_identification:_identify(src/moveit2/moveit_ros/warehouse) by extension 'ignore'
[0.923s] Level 1:colcon.colcon_core.package_identification:_identify(src/moveit2/moveit_ros/warehouse) by extension 'ignore_ament_install'
[0.923s] Level 1:colcon.colcon_core.package_identification:_identify(src/moveit2/moveit_ros/warehouse) by extensions ['colcon_pkg']
[0.923s] Level 1:colcon.colcon_core.package_identification:_identify(src/moveit2/moveit_ros/warehouse) by extension 'colcon_pkg'
[0.923s] Level 1:colcon.colcon_core.package_identification:_identify(src/moveit2/moveit_ros/warehouse) by extensions ['colcon_meta']
[0.923s] Level 1:colcon.colcon_core.package_identification:_identify(src/moveit2/moveit_ros/warehouse) by extension 'colcon_meta'
[0.923s] Level 1:colcon.colcon_core.package_identification:_identify(src/moveit2/moveit_ros/warehouse) by extensions ['ros']
[0.923s] Level 1:colcon.colcon_core.package_identification:_identify(src/moveit2/moveit_ros/warehouse) by extension 'ros'
[0.925s] DEBUG:colcon.colcon_core.package_identification:Package 'src/moveit2/moveit_ros/warehouse' with type 'ros.ament_cmake' and name 'moveit_ros_warehouse'
[0.926s] Level 1:colcon.colcon_core.package_identification:_identify(src/moveit2/moveit_runtime) by extensions ['ignore', 'ignore_ament_install']
[0.926s] Level 1:colcon.colcon_core.package_identification:_identify(src/moveit2/moveit_runtime) by extension 'ignore'
[0.926s] Level 1:colcon.colcon_core.package_identification:_identify(src/moveit2/moveit_runtime) by extension 'ignore_ament_install'
[0.926s] Level 1:colcon.colcon_core.package_identification:_identify(src/moveit2/moveit_runtime) by extensions ['colcon_pkg']
[0.926s] Level 1:colcon.colcon_core.package_identification:_identify(src/moveit2/moveit_runtime) by extension 'colcon_pkg'
[0.926s] Level 1:colcon.colcon_core.package_identification:_identify(src/moveit2/moveit_runtime) by extensions ['colcon_meta']
[0.926s] Level 1:colcon.colcon_core.package_identification:_identify(src/moveit2/moveit_runtime) by extension 'colcon_meta'
[0.927s] Level 1:colcon.colcon_core.package_identification:_identify(src/moveit2/moveit_runtime) by extensions ['ros']
[0.927s] Level 1:colcon.colcon_core.package_identification:_identify(src/moveit2/moveit_runtime) by extension 'ros'
[0.928s] DEBUG:colcon.colcon_core.package_identification:Package 'src/moveit2/moveit_runtime' with type 'ros.ament_cmake' and name 'moveit_runtime'
[0.928s] Level 1:colcon.colcon_core.package_identification:_identify(src/moveit2/moveit_setup_assistant) by extensions ['ignore', 'ignore_ament_install']
[0.929s] Level 1:colcon.colcon_core.package_identification:_identify(src/moveit2/moveit_setup_assistant) by extension 'ignore'
[0.929s] Level 1:colcon.colcon_core.package_identification:_identify(src/moveit2/moveit_setup_assistant) by extension 'ignore_ament_install'
[0.929s] Level 1:colcon.colcon_core.package_identification:_identify(src/moveit2/moveit_setup_assistant) by extensions ['colcon_pkg']
[0.929s] Level 1:colcon.colcon_core.package_identification:_identify(src/moveit2/moveit_setup_assistant) by extension 'colcon_pkg'
[0.929s] Level 1:colcon.colcon_core.package_identification:_identify(src/moveit2/moveit_setup_assistant) by extensions ['colcon_meta']
[0.929s] Level 1:colcon.colcon_core.package_identification:_identify(src/moveit2/moveit_setup_assistant) by extension 'colcon_meta'
[0.929s] Level 1:colcon.colcon_core.package_identification:_identify(src/moveit2/moveit_setup_assistant) by extensions ['ros']
[0.929s] Level 1:colcon.colcon_core.package_identification:_identify(src/moveit2/moveit_setup_assistant) by extension 'ros'
[0.930s] Level 1:colcon.colcon_core.package_identification:_identify(src/moveit2/moveit_setup_assistant) by extensions ['cmake', 'python']
[0.930s] Level 1:colcon.colcon_core.package_identification:_identify(src/moveit2/moveit_setup_assistant) by extension 'cmake'
[0.930s] Level 1:colcon.colcon_core.package_identification:_identify(src/moveit2/moveit_setup_assistant) by extension 'python'
[0.930s] Level 1:colcon.colcon_core.package_identification:_identify(src/moveit2/moveit_setup_assistant) by extensions ['python_setup_py']
[0.930s] Level 1:colcon.colcon_core.package_identification:_identify(src/moveit2/moveit_setup_assistant) by extension 'python_setup_py'
[0.930s] Level 1:colcon.colcon_core.package_identification:_identify(src/moveit2/moveit_setup_assistant/graphics) by extensions ['ignore', 'ignore_ament_install']
[0.930s] Level 1:colcon.colcon_core.package_identification:_identify(src/moveit2/moveit_setup_assistant/graphics) by extension 'ignore'
[0.931s] Level 1:colcon.colcon_core.package_identification:_identify(src/moveit2/moveit_setup_assistant/graphics) by extension 'ignore_ament_install'
[0.931s] Level 1:colcon.colcon_core.package_identification:_identify(src/moveit2/moveit_setup_assistant/graphics) by extensions ['colcon_pkg']
[0.931s] Level 1:colcon.colcon_core.package_identification:_identify(src/moveit2/moveit_setup_assistant/graphics) by extension 'colcon_pkg'
[0.931s] Level 1:colcon.colcon_core.package_identification:_identify(src/moveit2/moveit_setup_assistant/graphics) by extensions ['colcon_meta']
[0.931s] Level 1:colcon.colcon_core.package_identification:_identify(src/moveit2/moveit_setup_assistant/graphics) by extension 'colcon_meta'
[0.931s] Level 1:colcon.colcon_core.package_identification:_identify(src/moveit2/moveit_setup_assistant/graphics) by extensions ['ros']
[0.931s] Level 1:colcon.colcon_core.package_identification:_identify(src/moveit2/moveit_setup_assistant/graphics) by extension 'ros'
[0.931s] Level 1:colcon.colcon_core.package_identification:_identify(src/moveit2/moveit_setup_assistant/graphics) by extensions ['cmake', 'python']
[0.931s] Level 1:colcon.colcon_core.package_identification:_identify(src/moveit2/moveit_setup_assistant/graphics) by extension 'cmake'
[0.932s] Level 1:colcon.colcon_core.package_identification:_identify(src/moveit2/moveit_setup_assistant/graphics) by extension 'python'
[0.932s] Level 1:colcon.colcon_core.package_identification:_identify(src/moveit2/moveit_setup_assistant/graphics) by extensions ['python_setup_py']
[0.932s] Level 1:colcon.colcon_core.package_identification:_identify(src/moveit2/moveit_setup_assistant/graphics) by extension 'python_setup_py'
[0.932s] Level 1:colcon.colcon_core.package_identification:_identify(src/moveit2/moveit_setup_assistant/graphics/source) by extensions ['ignore', 'ignore_ament_install']
[0.932s] Level 1:colcon.colcon_core.package_identification:_identify(src/moveit2/moveit_setup_assistant/graphics/source) by extension 'ignore'
[0.932s] Level 1:colcon.colcon_core.package_identification:_identify(src/moveit2/moveit_setup_assistant/graphics/source) by extension 'ignore_ament_install'
[0.933s] Level 1:colcon.colcon_core.package_identification:_identify(src/moveit2/moveit_setup_assistant/graphics/source) by extensions ['colcon_pkg']
[0.933s] Level 1:colcon.colcon_core.package_identification:_identify(src/moveit2/moveit_setup_assistant/graphics/source) by extension 'colcon_pkg'
[0.933s] Level 1:colcon.colcon_core.package_identification:_identify(src/moveit2/moveit_setup_assistant/graphics/source) by extensions ['colcon_meta']
[0.933s] Level 1:colcon.colcon_core.package_identification:_identify(src/moveit2/moveit_setup_assistant/graphics/source) by extension 'colcon_meta'
[0.933s] Level 1:colcon.colcon_core.package_identification:_identify(src/moveit2/moveit_setup_assistant/graphics/source) by extensions ['ros']
[0.933s] Level 1:colcon.colcon_core.package_identification:_identify(src/moveit2/moveit_setup_assistant/graphics/source) by extension 'ros'
[0.933s] Level 1:colcon.colcon_core.package_identification:_identify(src/moveit2/moveit_setup_assistant/graphics/source) by extensions ['cmake', 'python']
[0.933s] Level 1:colcon.colcon_core.package_identification:_identify(src/moveit2/moveit_setup_assistant/graphics/source) by extension 'cmake'
[0.933s] Level 1:colcon.colcon_core.package_identification:_identify(src/moveit2/moveit_setup_assistant/graphics/source) by extension 'python'
[0.933s] Level 1:colcon.colcon_core.package_identification:_identify(src/moveit2/moveit_setup_assistant/graphics/source) by extensions ['python_setup_py']
[0.934s] Level 1:colcon.colcon_core.package_identification:_identify(src/moveit2/moveit_setup_assistant/graphics/source) by extension 'python_setup_py'
[0.934s] Level 1:colcon.colcon_core.package_identification:_identify(src/moveit2/moveit_setup_assistant/moveit_setup_app_plugins) by extensions ['ignore', 'ignore_ament_install']
[0.934s] Level 1:colcon.colcon_core.package_identification:_identify(src/moveit2/moveit_setup_assistant/moveit_setup_app_plugins) by extension 'ignore'
[0.934s] Level 1:colcon.colcon_core.package_identification:_identify(src/moveit2/moveit_setup_assistant/moveit_setup_app_plugins) by extension 'ignore_ament_install'
[0.934s] Level 1:colcon.colcon_core.package_identification:_identify(src/moveit2/moveit_setup_assistant/moveit_setup_app_plugins) by extensions ['colcon_pkg']
[0.934s] Level 1:colcon.colcon_core.package_identification:_identify(src/moveit2/moveit_setup_assistant/moveit_setup_app_plugins) by extension 'colcon_pkg'
[0.934s] Level 1:colcon.colcon_core.package_identification:_identify(src/moveit2/moveit_setup_assistant/moveit_setup_app_plugins) by extensions ['colcon_meta']
[0.934s] Level 1:colcon.colcon_core.package_identification:_identify(src/moveit2/moveit_setup_assistant/moveit_setup_app_plugins) by extension 'colcon_meta'
[0.935s] Level 1:colcon.colcon_core.package_identification:_identify(src/moveit2/moveit_setup_assistant/moveit_setup_app_plugins) by extensions ['ros']
[0.935s] Level 1:colcon.colcon_core.package_identification:_identify(src/moveit2/moveit_setup_assistant/moveit_setup_app_plugins) by extension 'ros'
[0.937s] DEBUG:colcon.colcon_core.package_identification:Package 'src/moveit2/moveit_setup_assistant/moveit_setup_app_plugins' with type 'ros.ament_cmake' and name 'moveit_setup_app_plugins'
[0.937s] Level 1:colcon.colcon_core.package_identification:_identify(src/moveit2/moveit_setup_assistant/moveit_setup_assistant) by extensions ['ignore', 'ignore_ament_install']
[0.937s] Level 1:colcon.colcon_core.package_identification:_identify(src/moveit2/moveit_setup_assistant/moveit_setup_assistant) by extension 'ignore'
[0.937s] Level 1:colcon.colcon_core.package_identification:_identify(src/moveit2/moveit_setup_assistant/moveit_setup_assistant) by extension 'ignore_ament_install'
[0.937s] Level 1:colcon.colcon_core.package_identification:_identify(src/moveit2/moveit_setup_assistant/moveit_setup_assistant) by extensions ['colcon_pkg']
[0.937s] Level 1:colcon.colcon_core.package_identification:_identify(src/moveit2/moveit_setup_assistant/moveit_setup_assistant) by extension 'colcon_pkg'
[0.938s] Level 1:colcon.colcon_core.package_identification:_identify(src/moveit2/moveit_setup_assistant/moveit_setup_assistant) by extensions ['colcon_meta']
[0.938s] Level 1:colcon.colcon_core.package_identification:_identify(src/moveit2/moveit_setup_assistant/moveit_setup_assistant) by extension 'colcon_meta'
[0.938s] Level 1:colcon.colcon_core.package_identification:_identify(src/moveit2/moveit_setup_assistant/moveit_setup_assistant) by extensions ['ros']
[0.938s] Level 1:colcon.colcon_core.package_identification:_identify(src/moveit2/moveit_setup_assistant/moveit_setup_assistant) by extension 'ros'
[0.940s] DEBUG:colcon.colcon_core.package_identification:Package 'src/moveit2/moveit_setup_assistant/moveit_setup_assistant' with type 'ros.ament_cmake' and name 'moveit_setup_assistant'
[0.940s] Level 1:colcon.colcon_core.package_identification:_identify(src/moveit2/moveit_setup_assistant/moveit_setup_controllers) by extensions ['ignore', 'ignore_ament_install']
[0.941s] Level 1:colcon.colcon_core.package_identification:_identify(src/moveit2/moveit_setup_assistant/moveit_setup_controllers) by extension 'ignore'
[0.941s] Level 1:colcon.colcon_core.package_identification:_identify(src/moveit2/moveit_setup_assistant/moveit_setup_controllers) by extension 'ignore_ament_install'
[0.941s] Level 1:colcon.colcon_core.package_identification:_identify(src/moveit2/moveit_setup_assistant/moveit_setup_controllers) by extensions ['colcon_pkg']
[0.941s] Level 1:colcon.colcon_core.package_identification:_identify(src/moveit2/moveit_setup_assistant/moveit_setup_controllers) by extension 'colcon_pkg'
[0.941s] Level 1:colcon.colcon_core.package_identification:_identify(src/moveit2/moveit_setup_assistant/moveit_setup_controllers) by extensions ['colcon_meta']
[0.941s] Level 1:colcon.colcon_core.package_identification:_identify(src/moveit2/moveit_setup_assistant/moveit_setup_controllers) by extension 'colcon_meta'
[0.941s] Level 1:colcon.colcon_core.package_identification:_identify(src/moveit2/moveit_setup_assistant/moveit_setup_controllers) by extensions ['ros']
[0.942s] Level 1:colcon.colcon_core.package_identification:_identify(src/moveit2/moveit_setup_assistant/moveit_setup_controllers) by extension 'ros'
[0.943s] DEBUG:colcon.colcon_core.package_identification:Package 'src/moveit2/moveit_setup_assistant/moveit_setup_controllers' with type 'ros.ament_cmake' and name 'moveit_setup_controllers'
[0.944s] Level 1:colcon.colcon_core.package_identification:_identify(src/moveit2/moveit_setup_assistant/moveit_setup_core_plugins) by extensions ['ignore', 'ignore_ament_install']
[0.946s] Level 1:colcon.colcon_core.package_identification:_identify(src/moveit2/moveit_setup_assistant/moveit_setup_core_plugins) by extension 'ignore'
[0.946s] Level 1:colcon.colcon_core.package_identification:_identify(src/moveit2/moveit_setup_assistant/moveit_setup_core_plugins) by extension 'ignore_ament_install'
[0.946s] Level 1:colcon.colcon_core.package_identification:_identify(src/moveit2/moveit_setup_assistant/moveit_setup_core_plugins) by extensions ['colcon_pkg']
[0.946s] Level 1:colcon.colcon_core.package_identification:_identify(src/moveit2/moveit_setup_assistant/moveit_setup_core_plugins) by extension 'colcon_pkg'
[0.946s] Level 1:colcon.colcon_core.package_identification:_identify(src/moveit2/moveit_setup_assistant/moveit_setup_core_plugins) by extensions ['colcon_meta']
[0.946s] Level 1:colcon.colcon_core.package_identification:_identify(src/moveit2/moveit_setup_assistant/moveit_setup_core_plugins) by extension 'colcon_meta'
[0.946s] Level 1:colcon.colcon_core.package_identification:_identify(src/moveit2/moveit_setup_assistant/moveit_setup_core_plugins) by extensions ['ros']
[0.946s] Level 1:colcon.colcon_core.package_identification:_identify(src/moveit2/moveit_setup_assistant/moveit_setup_core_plugins) by extension 'ros'
[0.949s] DEBUG:colcon.colcon_core.package_identification:Package 'src/moveit2/moveit_setup_assistant/moveit_setup_core_plugins' with type 'ros.ament_cmake' and name 'moveit_setup_core_plugins'
[0.949s] Level 1:colcon.colcon_core.package_identification:_identify(src/moveit2/moveit_setup_assistant/moveit_setup_framework) by extensions ['ignore', 'ignore_ament_install']
[0.949s] Level 1:colcon.colcon_core.package_identification:_identify(src/moveit2/moveit_setup_assistant/moveit_setup_framework) by extension 'ignore'
[0.949s] Level 1:colcon.colcon_core.package_identification:_identify(src/moveit2/moveit_setup_assistant/moveit_setup_framework) by extension 'ignore_ament_install'
[0.949s] Level 1:colcon.colcon_core.package_identification:_identify(src/moveit2/moveit_setup_assistant/moveit_setup_framework) by extensions ['colcon_pkg']
[0.949s] Level 1:colcon.colcon_core.package_identification:_identify(src/moveit2/moveit_setup_assistant/moveit_setup_framework) by extension 'colcon_pkg'
[0.950s] Level 1:colcon.colcon_core.package_identification:_identify(src/moveit2/moveit_setup_assistant/moveit_setup_framework) by extensions ['colcon_meta']
[0.950s] Level 1:colcon.colcon_core.package_identification:_identify(src/moveit2/moveit_setup_assistant/moveit_setup_framework) by extension 'colcon_meta'
[0.950s] Level 1:colcon.colcon_core.package_identification:_identify(src/moveit2/moveit_setup_assistant/moveit_setup_framework) by extensions ['ros']
[0.950s] Level 1:colcon.colcon_core.package_identification:_identify(src/moveit2/moveit_setup_assistant/moveit_setup_framework) by extension 'ros'
[0.952s] DEBUG:colcon.colcon_core.package_identification:Package 'src/moveit2/moveit_setup_assistant/moveit_setup_framework' with type 'ros.ament_cmake' and name 'moveit_setup_framework'
[0.953s] Level 1:colcon.colcon_core.package_identification:_identify(src/moveit2/moveit_setup_assistant/moveit_setup_simulation) by extensions ['ignore', 'ignore_ament_install']
[0.953s] Level 1:colcon.colcon_core.package_identification:_identify(src/moveit2/moveit_setup_assistant/moveit_setup_simulation) by extension 'ignore'
[0.953s] Level 1:colcon.colcon_core.package_identification:_identify(src/moveit2/moveit_setup_assistant/moveit_setup_simulation) ignored
[0.953s] Level 1:colcon.colcon_core.package_identification:_identify(src/moveit2/moveit_setup_assistant/moveit_setup_srdf_plugins) by extensions ['ignore', 'ignore_ament_install']
[0.953s] Level 1:colcon.colcon_core.package_identification:_identify(src/moveit2/moveit_setup_assistant/moveit_setup_srdf_plugins) by extension 'ignore'
[0.954s] Level 1:colcon.colcon_core.package_identification:_identify(src/moveit2/moveit_setup_assistant/moveit_setup_srdf_plugins) by extension 'ignore_ament_install'
[0.954s] Level 1:colcon.colcon_core.package_identification:_identify(src/moveit2/moveit_setup_assistant/moveit_setup_srdf_plugins) by extensions ['colcon_pkg']
[0.954s] Level 1:colcon.colcon_core.package_identification:_identify(src/moveit2/moveit_setup_assistant/moveit_setup_srdf_plugins) by extension 'colcon_pkg'
[0.954s] Level 1:colcon.colcon_core.package_identification:_identify(src/moveit2/moveit_setup_assistant/moveit_setup_srdf_plugins) by extensions ['colcon_meta']
[0.954s] Level 1:colcon.colcon_core.package_identification:_identify(src/moveit2/moveit_setup_assistant/moveit_setup_srdf_plugins) by extension 'colcon_meta'
[0.954s] Level 1:colcon.colcon_core.package_identification:_identify(src/moveit2/moveit_setup_assistant/moveit_setup_srdf_plugins) by extensions ['ros']
[0.954s] Level 1:colcon.colcon_core.package_identification:_identify(src/moveit2/moveit_setup_assistant/moveit_setup_srdf_plugins) by extension 'ros'
[0.956s] DEBUG:colcon.colcon_core.package_identification:Package 'src/moveit2/moveit_setup_assistant/moveit_setup_srdf_plugins' with type 'ros.ament_cmake' and name 'moveit_setup_srdf_plugins'
[0.956s] Level 1:colcon.colcon_core.package_identification:_identify(src/moveit2/moveit_setup_assistant/unported_templates) by extensions ['ignore', 'ignore_ament_install']
[0.956s] Level 1:colcon.colcon_core.package_identification:_identify(src/moveit2/moveit_setup_assistant/unported_templates) by extension 'ignore'
[0.956s] Level 1:colcon.colcon_core.package_identification:_identify(src/moveit2/moveit_setup_assistant/unported_templates) by extension 'ignore_ament_install'
[0.956s] Level 1:colcon.colcon_core.package_identification:_identify(src/moveit2/moveit_setup_assistant/unported_templates) by extensions ['colcon_pkg']
[0.957s] Level 1:colcon.colcon_core.package_identification:_identify(src/moveit2/moveit_setup_assistant/unported_templates) by extension 'colcon_pkg'
[0.957s] Level 1:colcon.colcon_core.package_identification:_identify(src/moveit2/moveit_setup_assistant/unported_templates) by extensions ['colcon_meta']
[0.957s] Level 1:colcon.colcon_core.package_identification:_identify(src/moveit2/moveit_setup_assistant/unported_templates) by extension 'colcon_meta'
[0.957s] Level 1:colcon.colcon_core.package_identification:_identify(src/moveit2/moveit_setup_assistant/unported_templates) by extensions ['ros']
[0.957s] Level 1:colcon.colcon_core.package_identification:_identify(src/moveit2/moveit_setup_assistant/unported_templates) by extension 'ros'
[0.957s] Level 1:colcon.colcon_core.package_identification:_identify(src/moveit2/moveit_setup_assistant/unported_templates) by extensions ['cmake', 'python']
[0.957s] Level 1:colcon.colcon_core.package_identification:_identify(src/moveit2/moveit_setup_assistant/unported_templates) by extension 'cmake'
[0.957s] Level 1:colcon.colcon_core.package_identification:_identify(src/moveit2/moveit_setup_assistant/unported_templates) by extension 'python'
[0.958s] Level 1:colcon.colcon_core.package_identification:_identify(src/moveit2/moveit_setup_assistant/unported_templates) by extensions ['python_setup_py']
[0.958s] Level 1:colcon.colcon_core.package_identification:_identify(src/moveit2/moveit_setup_assistant/unported_templates) by extension 'python_setup_py'
[0.958s] Level 1:colcon.colcon_core.package_identification:_identify(src/moveit2_tutorials) by extensions ['ignore', 'ignore_ament_install']
[0.958s] Level 1:colcon.colcon_core.package_identification:_identify(src/moveit2_tutorials) by extension 'ignore'
[0.958s] Level 1:colcon.colcon_core.package_identification:_identify(src/moveit2_tutorials) by extension 'ignore_ament_install'
[0.958s] Level 1:colcon.colcon_core.package_identification:_identify(src/moveit2_tutorials) by extensions ['colcon_pkg']
[0.958s] Level 1:colcon.colcon_core.package_identification:_identify(src/moveit2_tutorials) by extension 'colcon_pkg'
[0.959s] Level 1:colcon.colcon_core.package_identification:_identify(src/moveit2_tutorials) by extensions ['colcon_meta']
[0.959s] Level 1:colcon.colcon_core.package_identification:_identify(src/moveit2_tutorials) by extension 'colcon_meta'
[0.959s] Level 1:colcon.colcon_core.package_identification:_identify(src/moveit2_tutorials) by extensions ['ros']
[0.959s] Level 1:colcon.colcon_core.package_identification:_identify(src/moveit2_tutorials) by extension 'ros'
[0.963s] DEBUG:colcon.colcon_core.package_identification:Package 'src/moveit2_tutorials' with type 'ros.ament_cmake' and name 'moveit2_tutorials'
[0.963s] Level 1:colcon.colcon_core.package_identification:_identify(src/moveit_resources) by extensions ['ignore', 'ignore_ament_install']
[0.964s] Level 1:colcon.colcon_core.package_identification:_identify(src/moveit_resources) by extension 'ignore'
[0.964s] Level 1:colcon.colcon_core.package_identification:_identify(src/moveit_resources) by extension 'ignore_ament_install'
[0.964s] Level 1:colcon.colcon_core.package_identification:_identify(src/moveit_resources) by extensions ['colcon_pkg']
[0.964s] Level 1:colcon.colcon_core.package_identification:_identify(src/moveit_resources) by extension 'colcon_pkg'
[0.964s] Level 1:colcon.colcon_core.package_identification:_identify(src/moveit_resources) by extensions ['colcon_meta']
[0.964s] Level 1:colcon.colcon_core.package_identification:_identify(src/moveit_resources) by extension 'colcon_meta'
[0.964s] Level 1:colcon.colcon_core.package_identification:_identify(src/moveit_resources) by extensions ['ros']
[0.965s] Level 1:colcon.colcon_core.package_identification:_identify(src/moveit_resources) by extension 'ros'
[0.965s] Level 1:colcon.colcon_core.package_identification:_identify(src/moveit_resources) by extensions ['cmake', 'python']
[0.965s] Level 1:colcon.colcon_core.package_identification:_identify(src/moveit_resources) by extension 'cmake'
[0.965s] Level 1:colcon.colcon_core.package_identification:_identify(src/moveit_resources) by extension 'python'
[0.965s] Level 1:colcon.colcon_core.package_identification:_identify(src/moveit_resources) by extensions ['python_setup_py']
[0.965s] Level 1:colcon.colcon_core.package_identification:_identify(src/moveit_resources) by extension 'python_setup_py'
[0.965s] Level 1:colcon.colcon_core.package_identification:_identify(src/moveit_resources/fanuc_description) by extensions ['ignore', 'ignore_ament_install']
[0.966s] Level 1:colcon.colcon_core.package_identification:_identify(src/moveit_resources/fanuc_description) by extension 'ignore'
[0.966s] Level 1:colcon.colcon_core.package_identification:_identify(src/moveit_resources/fanuc_description) by extension 'ignore_ament_install'
[0.966s] Level 1:colcon.colcon_core.package_identification:_identify(src/moveit_resources/fanuc_description) by extensions ['colcon_pkg']
[0.966s] Level 1:colcon.colcon_core.package_identification:_identify(src/moveit_resources/fanuc_description) by extension 'colcon_pkg'
[0.966s] Level 1:colcon.colcon_core.package_identification:_identify(src/moveit_resources/fanuc_description) by extensions ['colcon_meta']
[0.966s] Level 1:colcon.colcon_core.package_identification:_identify(src/moveit_resources/fanuc_description) by extension 'colcon_meta'
[0.966s] Level 1:colcon.colcon_core.package_identification:_identify(src/moveit_resources/fanuc_description) by extensions ['ros']
[0.966s] Level 1:colcon.colcon_core.package_identification:_identify(src/moveit_resources/fanuc_description) by extension 'ros'
[0.967s] DEBUG:colcon.colcon_core.package_identification:Package 'src/moveit_resources/fanuc_description' with type 'ros.ament_cmake' and name 'moveit_resources_fanuc_description'
[0.968s] Level 1:colcon.colcon_core.package_identification:_identify(src/moveit_resources/fanuc_moveit_config) by extensions ['ignore', 'ignore_ament_install']
[0.968s] Level 1:colcon.colcon_core.package_identification:_identify(src/moveit_resources/fanuc_moveit_config) by extension 'ignore'
[0.968s] Level 1:colcon.colcon_core.package_identification:_identify(src/moveit_resources/fanuc_moveit_config) by extension 'ignore_ament_install'
[0.968s] Level 1:colcon.colcon_core.package_identification:_identify(src/moveit_resources/fanuc_moveit_config) by extensions ['colcon_pkg']
[0.968s] Level 1:colcon.colcon_core.package_identification:_identify(src/moveit_resources/fanuc_moveit_config) by extension 'colcon_pkg'
[0.968s] Level 1:colcon.colcon_core.package_identification:_identify(src/moveit_resources/fanuc_moveit_config) by extensions ['colcon_meta']
[0.968s] Level 1:colcon.colcon_core.package_identification:_identify(src/moveit_resources/fanuc_moveit_config) by extension 'colcon_meta'
[0.969s] Level 1:colcon.colcon_core.package_identification:_identify(src/moveit_resources/fanuc_moveit_config) by extensions ['ros']
[0.969s] Level 1:colcon.colcon_core.package_identification:_identify(src/moveit_resources/fanuc_moveit_config) by extension 'ros'
[0.970s] DEBUG:colcon.colcon_core.package_identification:Package 'src/moveit_resources/fanuc_moveit_config' with type 'ros.ament_cmake' and name 'moveit_resources_fanuc_moveit_config'
[0.970s] Level 1:colcon.colcon_core.package_identification:_identify(src/moveit_resources/moveit_resources) by extensions ['ignore', 'ignore_ament_install']
[0.970s] Level 1:colcon.colcon_core.package_identification:_identify(src/moveit_resources/moveit_resources) by extension 'ignore'
[0.971s] Level 1:colcon.colcon_core.package_identification:_identify(src/moveit_resources/moveit_resources) by extension 'ignore_ament_install'
[0.971s] Level 1:colcon.colcon_core.package_identification:_identify(src/moveit_resources/moveit_resources) by extensions ['colcon_pkg']
[0.971s] Level 1:colcon.colcon_core.package_identification:_identify(src/moveit_resources/moveit_resources) by extension 'colcon_pkg'
[0.971s] Level 1:colcon.colcon_core.package_identification:_identify(src/moveit_resources/moveit_resources) by extensions ['colcon_meta']
[0.971s] Level 1:colcon.colcon_core.package_identification:_identify(src/moveit_resources/moveit_resources) by extension 'colcon_meta'
[0.971s] Level 1:colcon.colcon_core.package_identification:_identify(src/moveit_resources/moveit_resources) by extensions ['ros']
[0.971s] Level 1:colcon.colcon_core.package_identification:_identify(src/moveit_resources/moveit_resources) by extension 'ros'
[0.972s] DEBUG:colcon.colcon_core.package_identification:Package 'src/moveit_resources/moveit_resources' with type 'ros.ament_cmake' and name 'moveit_resources'
[0.973s] Level 1:colcon.colcon_core.package_identification:_identify(src/moveit_resources/panda_description) by extensions ['ignore', 'ignore_ament_install']
[0.973s] Level 1:colcon.colcon_core.package_identification:_identify(src/moveit_resources/panda_description) by extension 'ignore'
[0.973s] Level 1:colcon.colcon_core.package_identification:_identify(src/moveit_resources/panda_description) by extension 'ignore_ament_install'
[0.973s] Level 1:colcon.colcon_core.package_identification:_identify(src/moveit_resources/panda_description) by extensions ['colcon_pkg']
[0.973s] Level 1:colcon.colcon_core.package_identification:_identify(src/moveit_resources/panda_description) by extension 'colcon_pkg'
[0.973s] Level 1:colcon.colcon_core.package_identification:_identify(src/moveit_resources/panda_description) by extensions ['colcon_meta']
[0.973s] Level 1:colcon.colcon_core.package_identification:_identify(src/moveit_resources/panda_description) by extension 'colcon_meta'
[0.974s] Level 1:colcon.colcon_core.package_identification:_identify(src/moveit_resources/panda_description) by extensions ['ros']
[0.974s] Level 1:colcon.colcon_core.package_identification:_identify(src/moveit_resources/panda_description) by extension 'ros'
[0.975s] DEBUG:colcon.colcon_core.package_identification:Package 'src/moveit_resources/panda_description' with type 'ros.ament_cmake' and name 'moveit_resources_panda_description'
[0.975s] Level 1:colcon.colcon_core.package_identification:_identify(src/moveit_resources/panda_moveit_config) by extensions ['ignore', 'ignore_ament_install']
[0.975s] Level 1:colcon.colcon_core.package_identification:_identify(src/moveit_resources/panda_moveit_config) by extension 'ignore'
[0.976s] Level 1:colcon.colcon_core.package_identification:_identify(src/moveit_resources/panda_moveit_config) by extension 'ignore_ament_install'
[0.976s] Level 1:colcon.colcon_core.package_identification:_identify(src/moveit_resources/panda_moveit_config) by extensions ['colcon_pkg']
[0.976s] Level 1:colcon.colcon_core.package_identification:_identify(src/moveit_resources/panda_moveit_config) by extension 'colcon_pkg'
[0.976s] Level 1:colcon.colcon_core.package_identification:_identify(src/moveit_resources/panda_moveit_config) by extensions ['colcon_meta']
[0.976s] Level 1:colcon.colcon_core.package_identification:_identify(src/moveit_resources/panda_moveit_config) by extension 'colcon_meta'
[0.976s] Level 1:colcon.colcon_core.package_identification:_identify(src/moveit_resources/panda_moveit_config) by extensions ['ros']
[0.976s] Level 1:colcon.colcon_core.package_identification:_identify(src/moveit_resources/panda_moveit_config) by extension 'ros'
[0.978s] DEBUG:colcon.colcon_core.package_identification:Package 'src/moveit_resources/panda_moveit_config' with type 'ros.ament_cmake' and name 'moveit_resources_panda_moveit_config'
[0.978s] Level 1:colcon.colcon_core.package_identification:_identify(src/moveit_resources/pr2_description) by extensions ['ignore', 'ignore_ament_install']
[0.978s] Level 1:colcon.colcon_core.package_identification:_identify(src/moveit_resources/pr2_description) by extension 'ignore'
[0.978s] Level 1:colcon.colcon_core.package_identification:_identify(src/moveit_resources/pr2_description) by extension 'ignore_ament_install'
[0.978s] Level 1:colcon.colcon_core.package_identification:_identify(src/moveit_resources/pr2_description) by extensions ['colcon_pkg']
[0.978s] Level 1:colcon.colcon_core.package_identification:_identify(src/moveit_resources/pr2_description) by extension 'colcon_pkg'
[0.979s] Level 1:colcon.colcon_core.package_identification:_identify(src/moveit_resources/pr2_description) by extensions ['colcon_meta']
[0.979s] Level 1:colcon.colcon_core.package_identification:_identify(src/moveit_resources/pr2_description) by extension 'colcon_meta'
[0.979s] Level 1:colcon.colcon_core.package_identification:_identify(src/moveit_resources/pr2_description) by extensions ['ros']
[0.979s] Level 1:colcon.colcon_core.package_identification:_identify(src/moveit_resources/pr2_description) by extension 'ros'
[0.980s] DEBUG:colcon.colcon_core.package_identification:Package 'src/moveit_resources/pr2_description' with type 'ros.ament_cmake' and name 'moveit_resources_pr2_description'
[0.980s] Level 1:colcon.colcon_core.package_identification:_identify(src/moveit_task_constructor) by extensions ['ignore', 'ignore_ament_install']
[0.980s] Level 1:colcon.colcon_core.package_identification:_identify(src/moveit_task_constructor) by extension 'ignore'
[0.980s] Level 1:colcon.colcon_core.package_identification:_identify(src/moveit_task_constructor) by extension 'ignore_ament_install'
[0.981s] Level 1:colcon.colcon_core.package_identification:_identify(src/moveit_task_constructor) by extensions ['colcon_pkg']
[0.981s] Level 1:colcon.colcon_core.package_identification:_identify(src/moveit_task_constructor) by extension 'colcon_pkg'
[0.981s] Level 1:colcon.colcon_core.package_identification:_identify(src/moveit_task_constructor) by extensions ['colcon_meta']
[0.981s] Level 1:colcon.colcon_core.package_identification:_identify(src/moveit_task_constructor) by extension 'colcon_meta'
[0.981s] Level 1:colcon.colcon_core.package_identification:_identify(src/moveit_task_constructor) by extensions ['ros']
[0.981s] Level 1:colcon.colcon_core.package_identification:_identify(src/moveit_task_constructor) by extension 'ros'
[0.981s] Level 1:colcon.colcon_core.package_identification:_identify(src/moveit_task_constructor) by extensions ['cmake', 'python']
[0.981s] Level 1:colcon.colcon_core.package_identification:_identify(src/moveit_task_constructor) by extension 'cmake'
[0.982s] Level 1:colcon.colcon_core.package_identification:_identify(src/moveit_task_constructor) by extension 'python'
[0.982s] Level 1:colcon.colcon_core.package_identification:_identify(src/moveit_task_constructor) by extensions ['python_setup_py']
[0.982s] Level 1:colcon.colcon_core.package_identification:_identify(src/moveit_task_constructor) by extension 'python_setup_py'
[0.982s] Level 1:colcon.colcon_core.package_identification:_identify(src/moveit_task_constructor/capabilities) by extensions ['ignore', 'ignore_ament_install']
[0.982s] Level 1:colcon.colcon_core.package_identification:_identify(src/moveit_task_constructor/capabilities) by extension 'ignore'
[0.982s] Level 1:colcon.colcon_core.package_identification:_identify(src/moveit_task_constructor/capabilities) by extension 'ignore_ament_install'
[0.982s] Level 1:colcon.colcon_core.package_identification:_identify(src/moveit_task_constructor/capabilities) by extensions ['colcon_pkg']
[0.982s] Level 1:colcon.colcon_core.package_identification:_identify(src/moveit_task_constructor/capabilities) by extension 'colcon_pkg'
[0.983s] Level 1:colcon.colcon_core.package_identification:_identify(src/moveit_task_constructor/capabilities) by extensions ['colcon_meta']
[0.983s] Level 1:colcon.colcon_core.package_identification:_identify(src/moveit_task_constructor/capabilities) by extension 'colcon_meta'
[0.983s] Level 1:colcon.colcon_core.package_identification:_identify(src/moveit_task_constructor/capabilities) by extensions ['ros']
[0.983s] Level 1:colcon.colcon_core.package_identification:_identify(src/moveit_task_constructor/capabilities) by extension 'ros'
[0.985s] DEBUG:colcon.colcon_core.package_identification:Package 'src/moveit_task_constructor/capabilities' with type 'ros.ament_cmake' and name 'moveit_task_constructor_capabilities'
[0.985s] Level 1:colcon.colcon_core.package_identification:_identify(src/moveit_task_constructor/core) by extensions ['ignore', 'ignore_ament_install']
[0.985s] Level 1:colcon.colcon_core.package_identification:_identify(src/moveit_task_constructor/core) by extension 'ignore'
[0.986s] Level 1:colcon.colcon_core.package_identification:_identify(src/moveit_task_constructor/core) by extension 'ignore_ament_install'
[0.986s] Level 1:colcon.colcon_core.package_identification:_identify(src/moveit_task_constructor/core) by extensions ['colcon_pkg']
[0.986s] Level 1:colcon.colcon_core.package_identification:_identify(src/moveit_task_constructor/core) by extension 'colcon_pkg'
[0.986s] Level 1:colcon.colcon_core.package_identification:_identify(src/moveit_task_constructor/core) by extensions ['colcon_meta']
[0.986s] Level 1:colcon.colcon_core.package_identification:_identify(src/moveit_task_constructor/core) by extension 'colcon_meta'
[0.986s] Level 1:colcon.colcon_core.package_identification:_identify(src/moveit_task_constructor/core) by extensions ['ros']
[0.986s] Level 1:colcon.colcon_core.package_identification:_identify(src/moveit_task_constructor/core) by extension 'ros'
[0.989s] DEBUG:colcon.colcon_core.package_identification:Package 'src/moveit_task_constructor/core' with type 'ros.ament_cmake' and name 'moveit_task_constructor_core'
[0.990s] Level 1:colcon.colcon_core.package_identification:_identify(src/moveit_task_constructor/demo) by extensions ['ignore', 'ignore_ament_install']
[0.990s] Level 1:colcon.colcon_core.package_identification:_identify(src/moveit_task_constructor/demo) by extension 'ignore'
[0.990s] Level 1:colcon.colcon_core.package_identification:_identify(src/moveit_task_constructor/demo) by extension 'ignore_ament_install'
[0.990s] Level 1:colcon.colcon_core.package_identification:_identify(src/moveit_task_constructor/demo) by extensions ['colcon_pkg']
[0.990s] Level 1:colcon.colcon_core.package_identification:_identify(src/moveit_task_constructor/demo) by extension 'colcon_pkg'
[0.990s] Level 1:colcon.colcon_core.package_identification:_identify(src/moveit_task_constructor/demo) by extensions ['colcon_meta']
[0.990s] Level 1:colcon.colcon_core.package_identification:_identify(src/moveit_task_constructor/demo) by extension 'colcon_meta'
[0.990s] Level 1:colcon.colcon_core.package_identification:_identify(src/moveit_task_constructor/demo) by extensions ['ros']
[0.991s] Level 1:colcon.colcon_core.package_identification:_identify(src/moveit_task_constructor/demo) by extension 'ros'
[0.992s] DEBUG:colcon.colcon_core.package_identification:Package 'src/moveit_task_constructor/demo' with type 'ros.ament_cmake' and name 'moveit_task_constructor_demo'
[0.993s] Level 1:colcon.colcon_core.package_identification:_identify(src/moveit_task_constructor/msgs) by extensions ['ignore', 'ignore_ament_install']
[0.993s] Level 1:colcon.colcon_core.package_identification:_identify(src/moveit_task_constructor/msgs) by extension 'ignore'
[0.993s] Level 1:colcon.colcon_core.package_identification:_identify(src/moveit_task_constructor/msgs) by extension 'ignore_ament_install'
[0.993s] Level 1:colcon.colcon_core.package_identification:_identify(src/moveit_task_constructor/msgs) by extensions ['colcon_pkg']
[0.993s] Level 1:colcon.colcon_core.package_identification:_identify(src/moveit_task_constructor/msgs) by extension 'colcon_pkg'
[0.993s] Level 1:colcon.colcon_core.package_identification:_identify(src/moveit_task_constructor/msgs) by extensions ['colcon_meta']
[0.993s] Level 1:colcon.colcon_core.package_identification:_identify(src/moveit_task_constructor/msgs) by extension 'colcon_meta'
[0.993s] Level 1:colcon.colcon_core.package_identification:_identify(src/moveit_task_constructor/msgs) by extensions ['ros']
[0.994s] Level 1:colcon.colcon_core.package_identification:_identify(src/moveit_task_constructor/msgs) by extension 'ros'
[0.995s] DEBUG:colcon.colcon_core.package_identification:Package 'src/moveit_task_constructor/msgs' with type 'ros.ament_cmake' and name 'moveit_task_constructor_msgs'
[0.995s] Level 1:colcon.colcon_core.package_identification:_identify(src/moveit_task_constructor/rviz_marker_tools) by extensions ['ignore', 'ignore_ament_install']
[0.995s] Level 1:colcon.colcon_core.package_identification:_identify(src/moveit_task_constructor/rviz_marker_tools) by extension 'ignore'
[0.995s] Level 1:colcon.colcon_core.package_identification:_identify(src/moveit_task_constructor/rviz_marker_tools) by extension 'ignore_ament_install'
[0.996s] Level 1:colcon.colcon_core.package_identification:_identify(src/moveit_task_constructor/rviz_marker_tools) by extensions ['colcon_pkg']
[0.996s] Level 1:colcon.colcon_core.package_identification:_identify(src/moveit_task_constructor/rviz_marker_tools) by extension 'colcon_pkg'
[0.996s] Level 1:colcon.colcon_core.package_identification:_identify(src/moveit_task_constructor/rviz_marker_tools) by extensions ['colcon_meta']
[0.996s] Level 1:colcon.colcon_core.package_identification:_identify(src/moveit_task_constructor/rviz_marker_tools) by extension 'colcon_meta'
[0.996s] Level 1:colcon.colcon_core.package_identification:_identify(src/moveit_task_constructor/rviz_marker_tools) by extensions ['ros']
[0.996s] Level 1:colcon.colcon_core.package_identification:_identify(src/moveit_task_constructor/rviz_marker_tools) by extension 'ros'
[0.998s] DEBUG:colcon.colcon_core.package_identification:Package 'src/moveit_task_constructor/rviz_marker_tools' with type 'ros.ament_cmake' and name 'rviz_marker_tools'
[0.998s] Level 1:colcon.colcon_core.package_identification:_identify(src/moveit_task_constructor/visualization) by extensions ['ignore', 'ignore_ament_install']
[0.998s] Level 1:colcon.colcon_core.package_identification:_identify(src/moveit_task_constructor/visualization) by extension 'ignore'
[0.999s] Level 1:colcon.colcon_core.package_identification:_identify(src/moveit_task_constructor/visualization) by extension 'ignore_ament_install'
[0.999s] Level 1:colcon.colcon_core.package_identification:_identify(src/moveit_task_constructor/visualization) by extensions ['colcon_pkg']
[0.999s] Level 1:colcon.colcon_core.package_identification:_identify(src/moveit_task_constructor/visualization) by extension 'colcon_pkg'
[0.999s] Level 1:colcon.colcon_core.package_identification:_identify(src/moveit_task_constructor/visualization) by extensions ['colcon_meta']
[0.999s] Level 1:colcon.colcon_core.package_identification:_identify(src/moveit_task_constructor/visualization) by extension 'colcon_meta'
[0.999s] Level 1:colcon.colcon_core.package_identification:_identify(src/moveit_task_constructor/visualization) by extensions ['ros']
[0.999s] Level 1:colcon.colcon_core.package_identification:_identify(src/moveit_task_constructor/visualization) by extension 'ros'
[1.001s] DEBUG:colcon.colcon_core.package_identification:Package 'src/moveit_task_constructor/visualization' with type 'ros.ament_cmake' and name 'moveit_task_constructor_visualization'
[1.002s] Level 1:colcon.colcon_core.package_identification:_identify(src/moveit_visual_tools) by extensions ['ignore', 'ignore_ament_install']
[1.002s] Level 1:colcon.colcon_core.package_identification:_identify(src/moveit_visual_tools) by extension 'ignore'
[1.002s] Level 1:colcon.colcon_core.package_identification:_identify(src/moveit_visual_tools) by extension 'ignore_ament_install'
[1.002s] Level 1:colcon.colcon_core.package_identification:_identify(src/moveit_visual_tools) by extensions ['colcon_pkg']
[1.002s] Level 1:colcon.colcon_core.package_identification:_identify(src/moveit_visual_tools) by extension 'colcon_pkg'
[1.002s] Level 1:colcon.colcon_core.package_identification:_identify(src/moveit_visual_tools) by extensions ['colcon_meta']
[1.003s] Level 1:colcon.colcon_core.package_identification:_identify(src/moveit_visual_tools) by extension 'colcon_meta'
[1.003s] Level 1:colcon.colcon_core.package_identification:_identify(src/moveit_visual_tools) by extensions ['ros']
[1.003s] Level 1:colcon.colcon_core.package_identification:_identify(src/moveit_visual_tools) by extension 'ros'
[1.005s] DEBUG:colcon.colcon_core.package_identification:Package 'src/moveit_visual_tools' with type 'ros.ament_cmake' and name 'moveit_visual_tools'
[1.006s] Level 1:colcon.colcon_core.package_identification:_identify(src/py_pub_sub) by extensions ['ignore', 'ignore_ament_install']
[1.006s] Level 1:colcon.colcon_core.package_identification:_identify(src/py_pub_sub) by extension 'ignore'
[1.006s] Level 1:colcon.colcon_core.package_identification:_identify(src/py_pub_sub) by extension 'ignore_ament_install'
[1.006s] Level 1:colcon.colcon_core.package_identification:_identify(src/py_pub_sub) by extensions ['colcon_pkg']
[1.006s] Level 1:colcon.colcon_core.package_identification:_identify(src/py_pub_sub) by extension 'colcon_pkg'
[1.006s] Level 1:colcon.colcon_core.package_identification:_identify(src/py_pub_sub) by extensions ['colcon_meta']
[1.006s] Level 1:colcon.colcon_core.package_identification:_identify(src/py_pub_sub) by extension 'colcon_meta'
[1.007s] Level 1:colcon.colcon_core.package_identification:_identify(src/py_pub_sub) by extensions ['ros']
[1.007s] Level 1:colcon.colcon_core.package_identification:_identify(src/py_pub_sub) by extension 'ros'
[1.008s] DEBUG:colcon.colcon_core.package_identification:Package 'src/py_pub_sub' with type 'ros.ament_python' and name 'py_pub_sub'
[1.008s] Level 1:colcon.colcon_core.package_identification:_identify(src/rosparam_shortcuts) by extensions ['ignore', 'ignore_ament_install']
[1.008s] Level 1:colcon.colcon_core.package_identification:_identify(src/rosparam_shortcuts) by extension 'ignore'
[1.009s] Level 1:colcon.colcon_core.package_identification:_identify(src/rosparam_shortcuts) by extension 'ignore_ament_install'
[1.009s] Level 1:colcon.colcon_core.package_identification:_identify(src/rosparam_shortcuts) by extensions ['colcon_pkg']
[1.009s] Level 1:colcon.colcon_core.package_identification:_identify(src/rosparam_shortcuts) by extension 'colcon_pkg'
[1.009s] Level 1:colcon.colcon_core.package_identification:_identify(src/rosparam_shortcuts) by extensions ['colcon_meta']
[1.009s] Level 1:colcon.colcon_core.package_identification:_identify(src/rosparam_shortcuts) by extension 'colcon_meta'
[1.009s] Level 1:colcon.colcon_core.package_identification:_identify(src/rosparam_shortcuts) by extensions ['ros']
[1.009s] Level 1:colcon.colcon_core.package_identification:_identify(src/rosparam_shortcuts) by extension 'ros'
[1.011s] DEBUG:colcon.colcon_core.package_identification:Package 'src/rosparam_shortcuts' with type 'ros.ament_cmake' and name 'rosparam_shortcuts'
[1.011s] Level 1:colcon.colcon_core.package_identification:_identify(src/srdfdom) by extensions ['ignore', 'ignore_ament_install']
[1.011s] Level 1:colcon.colcon_core.package_identification:_identify(src/srdfdom) by extension 'ignore'
[1.011s] Level 1:colcon.colcon_core.package_identification:_identify(src/srdfdom) by extension 'ignore_ament_install'
[1.012s] Level 1:colcon.colcon_core.package_identification:_identify(src/srdfdom) by extensions ['colcon_pkg']
[1.012s] Level 1:colcon.colcon_core.package_identification:_identify(src/srdfdom) by extension 'colcon_pkg'
[1.012s] Level 1:colcon.colcon_core.package_identification:_identify(src/srdfdom) by extensions ['colcon_meta']
[1.012s] Level 1:colcon.colcon_core.package_identification:_identify(src/srdfdom) by extension 'colcon_meta'
[1.012s] Level 1:colcon.colcon_core.package_identification:_identify(src/srdfdom) by extensions ['ros']
[1.012s] Level 1:colcon.colcon_core.package_identification:_identify(src/srdfdom) by extension 'ros'
[1.014s] DEBUG:colcon.colcon_core.package_identification:Package 'src/srdfdom' with type 'ros.ament_cmake' and name 'srdfdom'
[1.014s] Level 1:colcon.colcon_core.package_discovery:discover_packages(recursive) using defaults
[1.014s] Level 1:colcon.colcon_core.package_discovery:discover_packages(ignore) discover
[1.014s] Level 1:colcon.colcon_core.package_discovery:discover_packages(ignore) using defaults
[1.014s] Level 1:colcon.colcon_core.package_discovery:discover_packages(path) discover
[1.014s] Level 1:colcon.colcon_core.package_discovery:discover_packages(path) using defaults
[1.177s] Level 1:colcon.colcon_core.package_discovery:discover_packages(prefix_path) check parameters
[1.177s] Level 1:colcon.colcon_core.package_discovery:discover_packages(prefix_path) discover
[1.182s] DEBUG:colcon.colcon_installed_package_information.package_discovery:Found 2 installed packages in /home/ugv-c7/CodeWorkspace/UGV-Robot/ros2_humble_colcon_ws/install
[1.185s] DEBUG:colcon.colcon_installed_package_information.package_discovery:Found 356 installed packages in /opt/ros/humble
[1.189s] Level 1:colcon.colcon_core.package_discovery:discover_packages(prefix_path) using defaults
[1.293s] Level 5:colcon.colcon_core.verb:set package 'launch_param_builder' build argument 'cmake_args' from command line to 'None'
[1.293s] Level 5:colcon.colcon_core.verb:set package 'launch_param_builder' build argument 'cmake_target' from command line to 'None'
[1.294s] Level 5:colcon.colcon_core.verb:set package 'launch_param_builder' build argument 'cmake_target_skip_unavailable' from command line to 'False'
[1.294s] Level 5:colcon.colcon_core.verb:set package 'launch_param_builder' build argument 'cmake_clean_cache' from command line to 'False'
[1.294s] Level 5:colcon.colcon_core.verb:set package 'launch_param_builder' build argument 'cmake_clean_first' from command line to 'False'
[1.294s] Level 5:colcon.colcon_core.verb:set package 'launch_param_builder' build argument 'cmake_force_configure' from command line to 'False'
[1.294s] Level 5:colcon.colcon_core.verb:set package 'launch_param_builder' build argument 'ament_cmake_args' from command line to 'None'
[1.294s] Level 5:colcon.colcon_core.verb:set package 'launch_param_builder' build argument 'catkin_cmake_args' from command line to 'None'
[1.294s] Level 5:colcon.colcon_core.verb:set package 'launch_param_builder' build argument 'catkin_skip_building_tests' from command line to 'False'
[1.294s] DEBUG:colcon.colcon_core.verb:Building package 'launch_param_builder' with the following arguments: {'ament_cmake_args': None, 'build_base': '/home/ugv-c7/CodeWorkspace/UGV-Robot/ros2_humble_colcon_ws/build/launch_param_builder', 'catkin_cmake_args': None, 'catkin_skip_building_tests': False, 'cmake_args': None, 'cmake_clean_cache': False, 'cmake_clean_first': False, 'cmake_force_configure': False, 'cmake_target': None, 'cmake_target_skip_unavailable': False, 'install_base': '/home/ugv-c7/CodeWorkspace/UGV-Robot/ros2_humble_colcon_ws/install/launch_param_builder', 'merge_install': False, 'path': '/home/ugv-c7/CodeWorkspace/UGV-Robot/ros2_humble_colcon_ws/src/launch_param_builder', 'symlink_install': False, 'test_result_base': None}
[1.295s] Level 5:colcon.colcon_core.verb:set package 'moveit_common' build argument 'cmake_args' from command line to 'None'
[1.295s] Level 5:colcon.colcon_core.verb:set package 'moveit_common' build argument 'cmake_target' from command line to 'None'
[1.295s] Level 5:colcon.colcon_core.verb:set package 'moveit_common' build argument 'cmake_target_skip_unavailable' from command line to 'False'
[1.295s] Level 5:colcon.colcon_core.verb:set package 'moveit_common' build argument 'cmake_clean_cache' from command line to 'False'
[1.295s] Level 5:colcon.colcon_core.verb:set package 'moveit_common' build argument 'cmake_clean_first' from command line to 'False'
[1.295s] Level 5:colcon.colcon_core.verb:set package 'moveit_common' build argument 'cmake_force_configure' from command line to 'False'
[1.295s] Level 5:colcon.colcon_core.verb:set package 'moveit_common' build argument 'ament_cmake_args' from command line to 'None'
[1.295s] Level 5:colcon.colcon_core.verb:set package 'moveit_common' build argument 'catkin_cmake_args' from command line to 'None'
[1.295s] Level 5:colcon.colcon_core.verb:set package 'moveit_common' build argument 'catkin_skip_building_tests' from command line to 'False'
[1.295s] DEBUG:colcon.colcon_core.verb:Building package 'moveit_common' with the following arguments: {'ament_cmake_args': None, 'build_base': '/home/ugv-c7/CodeWorkspace/UGV-Robot/ros2_humble_colcon_ws/build/moveit_common', 'catkin_cmake_args': None, 'catkin_skip_building_tests': False, 'cmake_args': None, 'cmake_clean_cache': False, 'cmake_clean_first': False, 'cmake_force_configure': False, 'cmake_target': None, 'cmake_target_skip_unavailable': False, 'install_base': '/home/ugv-c7/CodeWorkspace/UGV-Robot/ros2_humble_colcon_ws/install/moveit_common', 'merge_install': False, 'path': '/home/ugv-c7/CodeWorkspace/UGV-Robot/ros2_humble_colcon_ws/src/moveit2/moveit_common', 'symlink_install': False, 'test_result_base': None}
[1.296s] Level 5:colcon.colcon_core.verb:set package 'moveit_resources_fanuc_description' build argument 'cmake_args' from command line to 'None'
[1.296s] Level 5:colcon.colcon_core.verb:set package 'moveit_resources_fanuc_description' build argument 'cmake_target' from command line to 'None'
[1.296s] Level 5:colcon.colcon_core.verb:set package 'moveit_resources_fanuc_description' build argument 'cmake_target_skip_unavailable' from command line to 'False'
[1.296s] Level 5:colcon.colcon_core.verb:set package 'moveit_resources_fanuc_description' build argument 'cmake_clean_cache' from command line to 'False'
[1.296s] Level 5:colcon.colcon_core.verb:set package 'moveit_resources_fanuc_description' build argument 'cmake_clean_first' from command line to 'False'
[1.297s] Level 5:colcon.colcon_core.verb:set package 'moveit_resources_fanuc_description' build argument 'cmake_force_configure' from command line to 'False'
[1.297s] Level 5:colcon.colcon_core.verb:set package 'moveit_resources_fanuc_description' build argument 'ament_cmake_args' from command line to 'None'
[1.297s] Level 5:colcon.colcon_core.verb:set package 'moveit_resources_fanuc_description' build argument 'catkin_cmake_args' from command line to 'None'
[1.297s] Level 5:colcon.colcon_core.verb:set package 'moveit_resources_fanuc_description' build argument 'catkin_skip_building_tests' from command line to 'False'
[1.297s] DEBUG:colcon.colcon_core.verb:Building package 'moveit_resources_fanuc_description' with the following arguments: {'ament_cmake_args': None, 'build_base': '/home/ugv-c7/CodeWorkspace/UGV-Robot/ros2_humble_colcon_ws/build/moveit_resources_fanuc_description', 'catkin_cmake_args': None, 'catkin_skip_building_tests': False, 'cmake_args': None, 'cmake_clean_cache': False, 'cmake_clean_first': False, 'cmake_force_configure': False, 'cmake_target': None, 'cmake_target_skip_unavailable': False, 'install_base': '/home/ugv-c7/CodeWorkspace/UGV-Robot/ros2_humble_colcon_ws/install/moveit_resources_fanuc_description', 'merge_install': False, 'path': '/home/ugv-c7/CodeWorkspace/UGV-Robot/ros2_humble_colcon_ws/src/moveit_resources/fanuc_description', 'symlink_install': False, 'test_result_base': None}
[1.297s] Level 5:colcon.colcon_core.verb:set package 'moveit_resources_panda_description' build argument 'cmake_args' from command line to 'None'
[1.298s] Level 5:colcon.colcon_core.verb:set package 'moveit_resources_panda_description' build argument 'cmake_target' from command line to 'None'
[1.298s] Level 5:colcon.colcon_core.verb:set package 'moveit_resources_panda_description' build argument 'cmake_target_skip_unavailable' from command line to 'False'
[1.298s] Level 5:colcon.colcon_core.verb:set package 'moveit_resources_panda_description' build argument 'cmake_clean_cache' from command line to 'False'
[1.298s] Level 5:colcon.colcon_core.verb:set package 'moveit_resources_panda_description' build argument 'cmake_clean_first' from command line to 'False'
[1.298s] Level 5:colcon.colcon_core.verb:set package 'moveit_resources_panda_description' build argument 'cmake_force_configure' from command line to 'False'
[1.298s] Level 5:colcon.colcon_core.verb:set package 'moveit_resources_panda_description' build argument 'ament_cmake_args' from command line to 'None'
[1.298s] Level 5:colcon.colcon_core.verb:set package 'moveit_resources_panda_description' build argument 'catkin_cmake_args' from command line to 'None'
[1.298s] Level 5:colcon.colcon_core.verb:set package 'moveit_resources_panda_description' build argument 'catkin_skip_building_tests' from command line to 'False'
[1.298s] DEBUG:colcon.colcon_core.verb:Building package 'moveit_resources_panda_description' with the following arguments: {'ament_cmake_args': None, 'build_base': '/home/ugv-c7/CodeWorkspace/UGV-Robot/ros2_humble_colcon_ws/build/moveit_resources_panda_description', 'catkin_cmake_args': None, 'catkin_skip_building_tests': False, 'cmake_args': None, 'cmake_clean_cache': False, 'cmake_clean_first': False, 'cmake_force_configure': False, 'cmake_target': None, 'cmake_target_skip_unavailable': False, 'install_base': '/home/ugv-c7/CodeWorkspace/UGV-Robot/ros2_humble_colcon_ws/install/moveit_resources_panda_description', 'merge_install': False, 'path': '/home/ugv-c7/CodeWorkspace/UGV-Robot/ros2_humble_colcon_ws/src/moveit_resources/panda_description', 'symlink_install': False, 'test_result_base': None}
[1.299s] Level 5:colcon.colcon_core.verb:set package 'moveit_resources_pr2_description' build argument 'cmake_args' from command line to 'None'
[1.299s] Level 5:colcon.colcon_core.verb:set package 'moveit_resources_pr2_description' build argument 'cmake_target' from command line to 'None'
[1.299s] Level 5:colcon.colcon_core.verb:set package 'moveit_resources_pr2_description' build argument 'cmake_target_skip_unavailable' from command line to 'False'
[1.299s] Level 5:colcon.colcon_core.verb:set package 'moveit_resources_pr2_description' build argument 'cmake_clean_cache' from command line to 'False'
[1.299s] Level 5:colcon.colcon_core.verb:set package 'moveit_resources_pr2_description' build argument 'cmake_clean_first' from command line to 'False'
[1.299s] Level 5:colcon.colcon_core.verb:set package 'moveit_resources_pr2_description' build argument 'cmake_force_configure' from command line to 'False'
[1.299s] Level 5:colcon.colcon_core.verb:set package 'moveit_resources_pr2_description' build argument 'ament_cmake_args' from command line to 'None'
[1.299s] Level 5:colcon.colcon_core.verb:set package 'moveit_resources_pr2_description' build argument 'catkin_cmake_args' from command line to 'None'
[1.299s] Level 5:colcon.colcon_core.verb:set package 'moveit_resources_pr2_description' build argument 'catkin_skip_building_tests' from command line to 'False'
[1.299s] DEBUG:colcon.colcon_core.verb:Building package 'moveit_resources_pr2_description' with the following arguments: {'ament_cmake_args': None, 'build_base': '/home/ugv-c7/CodeWorkspace/UGV-Robot/ros2_humble_colcon_ws/build/moveit_resources_pr2_description', 'catkin_cmake_args': None, 'catkin_skip_building_tests': False, 'cmake_args': None, 'cmake_clean_cache': False, 'cmake_clean_first': False, 'cmake_force_configure': False, 'cmake_target': None, 'cmake_target_skip_unavailable': False, 'install_base': '/home/ugv-c7/CodeWorkspace/UGV-Robot/ros2_humble_colcon_ws/install/moveit_resources_pr2_description', 'merge_install': False, 'path': '/home/ugv-c7/CodeWorkspace/UGV-Robot/ros2_humble_colcon_ws/src/moveit_resources/pr2_description', 'symlink_install': False, 'test_result_base': None}
[1.300s] Level 5:colcon.colcon_core.verb:set package 'moveit_resources_prbt_support' build argument 'cmake_args' from command line to 'None'
[1.300s] Level 5:colcon.colcon_core.verb:set package 'moveit_resources_prbt_support' build argument 'cmake_target' from command line to 'None'
[1.300s] Level 5:colcon.colcon_core.verb:set package 'moveit_resources_prbt_support' build argument 'cmake_target_skip_unavailable' from command line to 'False'
[1.300s] Level 5:colcon.colcon_core.verb:set package 'moveit_resources_prbt_support' build argument 'cmake_clean_cache' from command line to 'False'
[1.300s] Level 5:colcon.colcon_core.verb:set package 'moveit_resources_prbt_support' build argument 'cmake_clean_first' from command line to 'False'
[1.300s] Level 5:colcon.colcon_core.verb:set package 'moveit_resources_prbt_support' build argument 'cmake_force_configure' from command line to 'False'
[1.300s] Level 5:colcon.colcon_core.verb:set package 'moveit_resources_prbt_support' build argument 'ament_cmake_args' from command line to 'None'
[1.300s] Level 5:colcon.colcon_core.verb:set package 'moveit_resources_prbt_support' build argument 'catkin_cmake_args' from command line to 'None'
[1.300s] Level 5:colcon.colcon_core.verb:set package 'moveit_resources_prbt_support' build argument 'catkin_skip_building_tests' from command line to 'False'
[1.301s] DEBUG:colcon.colcon_core.verb:Building package 'moveit_resources_prbt_support' with the following arguments: {'ament_cmake_args': None, 'build_base': '/home/ugv-c7/CodeWorkspace/UGV-Robot/ros2_humble_colcon_ws/build/moveit_resources_prbt_support', 'catkin_cmake_args': None, 'catkin_skip_building_tests': False, 'cmake_args': None, 'cmake_clean_cache': False, 'cmake_clean_first': False, 'cmake_force_configure': False, 'cmake_target': None, 'cmake_target_skip_unavailable': False, 'install_base': '/home/ugv-c7/CodeWorkspace/UGV-Robot/ros2_humble_colcon_ws/install/moveit_resources_prbt_support', 'merge_install': False, 'path': '/home/ugv-c7/CodeWorkspace/UGV-Robot/ros2_humble_colcon_ws/src/moveit2/moveit_planners/test_configs/prbt_support', 'symlink_install': False, 'test_result_base': None}
[1.301s] Level 5:colcon.colcon_core.verb:set package 'moveit_task_constructor_msgs' build argument 'cmake_args' from command line to 'None'
[1.301s] Level 5:colcon.colcon_core.verb:set package 'moveit_task_constructor_msgs' build argument 'cmake_target' from command line to 'None'
[1.301s] Level 5:colcon.colcon_core.verb:set package 'moveit_task_constructor_msgs' build argument 'cmake_target_skip_unavailable' from command line to 'False'
[1.301s] Level 5:colcon.colcon_core.verb:set package 'moveit_task_constructor_msgs' build argument 'cmake_clean_cache' from command line to 'False'
[1.302s] Level 5:colcon.colcon_core.verb:set package 'moveit_task_constructor_msgs' build argument 'cmake_clean_first' from command line to 'False'
[1.302s] Level 5:colcon.colcon_core.verb:set package 'moveit_task_constructor_msgs' build argument 'cmake_force_configure' from command line to 'False'
[1.302s] Level 5:colcon.colcon_core.verb:set package 'moveit_task_constructor_msgs' build argument 'ament_cmake_args' from command line to 'None'
[1.302s] Level 5:colcon.colcon_core.verb:set package 'moveit_task_constructor_msgs' build argument 'catkin_cmake_args' from command line to 'None'
[1.302s] Level 5:colcon.colcon_core.verb:set package 'moveit_task_constructor_msgs' build argument 'catkin_skip_building_tests' from command line to 'False'
[1.302s] DEBUG:colcon.colcon_core.verb:Building package 'moveit_task_constructor_msgs' with the following arguments: {'ament_cmake_args': None, 'build_base': '/home/ugv-c7/CodeWorkspace/UGV-Robot/ros2_humble_colcon_ws/build/moveit_task_constructor_msgs', 'catkin_cmake_args': None, 'catkin_skip_building_tests': False, 'cmake_args': None, 'cmake_clean_cache': False, 'cmake_clean_first': False, 'cmake_force_configure': False, 'cmake_target': None, 'cmake_target_skip_unavailable': False, 'install_base': '/home/ugv-c7/CodeWorkspace/UGV-Robot/ros2_humble_colcon_ws/install/moveit_task_constructor_msgs', 'merge_install': False, 'path': '/home/ugv-c7/CodeWorkspace/UGV-Robot/ros2_humble_colcon_ws/src/moveit_task_constructor/msgs', 'symlink_install': False, 'test_result_base': None}
[1.302s] Level 5:colcon.colcon_core.verb:set package 'py_pub_sub' build argument 'cmake_args' from command line to 'None'
[1.303s] Level 5:colcon.colcon_core.verb:set package 'py_pub_sub' build argument 'cmake_target' from command line to 'None'
[1.303s] Level 5:colcon.colcon_core.verb:set package 'py_pub_sub' build argument 'cmake_target_skip_unavailable' from command line to 'False'
[1.303s] Level 5:colcon.colcon_core.verb:set package 'py_pub_sub' build argument 'cmake_clean_cache' from command line to 'False'
[1.303s] Level 5:colcon.colcon_core.verb:set package 'py_pub_sub' build argument 'cmake_clean_first' from command line to 'False'
[1.303s] Level 5:colcon.colcon_core.verb:set package 'py_pub_sub' build argument 'cmake_force_configure' from command line to 'False'
[1.303s] Level 5:colcon.colcon_core.verb:set package 'py_pub_sub' build argument 'ament_cmake_args' from command line to 'None'
[1.303s] Level 5:colcon.colcon_core.verb:set package 'py_pub_sub' build argument 'catkin_cmake_args' from command line to 'None'
[1.303s] Level 5:colcon.colcon_core.verb:set package 'py_pub_sub' build argument 'catkin_skip_building_tests' from command line to 'False'
[1.303s] DEBUG:colcon.colcon_core.verb:Building package 'py_pub_sub' with the following arguments: {'ament_cmake_args': None, 'build_base': '/home/ugv-c7/CodeWorkspace/UGV-Robot/ros2_humble_colcon_ws/build/py_pub_sub', 'catkin_cmake_args': None, 'catkin_skip_building_tests': False, 'cmake_args': None, 'cmake_clean_cache': False, 'cmake_clean_first': False, 'cmake_force_configure': False, 'cmake_target': None, 'cmake_target_skip_unavailable': False, 'install_base': '/home/ugv-c7/CodeWorkspace/UGV-Robot/ros2_humble_colcon_ws/install/py_pub_sub', 'merge_install': False, 'path': '/home/ugv-c7/CodeWorkspace/UGV-Robot/ros2_humble_colcon_ws/src/py_pub_sub', 'symlink_install': False, 'test_result_base': None}
[1.304s] Level 5:colcon.colcon_core.verb:set package 'rosparam_shortcuts' build argument 'cmake_args' from command line to 'None'
[1.304s] Level 5:colcon.colcon_core.verb:set package 'rosparam_shortcuts' build argument 'cmake_target' from command line to 'None'
[1.304s] Level 5:colcon.colcon_core.verb:set package 'rosparam_shortcuts' build argument 'cmake_target_skip_unavailable' from command line to 'False'
[1.304s] Level 5:colcon.colcon_core.verb:set package 'rosparam_shortcuts' build argument 'cmake_clean_cache' from command line to 'False'
[1.304s] Level 5:colcon.colcon_core.verb:set package 'rosparam_shortcuts' build argument 'cmake_clean_first' from command line to 'False'
[1.304s] Level 5:colcon.colcon_core.verb:set package 'rosparam_shortcuts' build argument 'cmake_force_configure' from command line to 'False'
[1.304s] Level 5:colcon.colcon_core.verb:set package 'rosparam_shortcuts' build argument 'ament_cmake_args' from command line to 'None'
[1.304s] Level 5:colcon.colcon_core.verb:set package 'rosparam_shortcuts' build argument 'catkin_cmake_args' from command line to 'None'
[1.304s] Level 5:colcon.colcon_core.verb:set package 'rosparam_shortcuts' build argument 'catkin_skip_building_tests' from command line to 'False'
[1.304s] DEBUG:colcon.colcon_core.verb:Building package 'rosparam_shortcuts' with the following arguments: {'ament_cmake_args': None, 'build_base': '/home/ugv-c7/CodeWorkspace/UGV-Robot/ros2_humble_colcon_ws/build/rosparam_shortcuts', 'catkin_cmake_args': None, 'catkin_skip_building_tests': False, 'cmake_args': None, 'cmake_clean_cache': False, 'cmake_clean_first': False, 'cmake_force_configure': False, 'cmake_target': None, 'cmake_target_skip_unavailable': False, 'install_base': '/home/ugv-c7/CodeWorkspace/UGV-Robot/ros2_humble_colcon_ws/install/rosparam_shortcuts', 'merge_install': False, 'path': '/home/ugv-c7/CodeWorkspace/UGV-Robot/ros2_humble_colcon_ws/src/rosparam_shortcuts', 'symlink_install': False, 'test_result_base': None}
[1.305s] Level 5:colcon.colcon_core.verb:set package 'srdfdom' build argument 'cmake_args' from command line to 'None'
[1.305s] Level 5:colcon.colcon_core.verb:set package 'srdfdom' build argument 'cmake_target' from command line to 'None'
[1.305s] Level 5:colcon.colcon_core.verb:set package 'srdfdom' build argument 'cmake_target_skip_unavailable' from command line to 'False'
[1.305s] Level 5:colcon.colcon_core.verb:set package 'srdfdom' build argument 'cmake_clean_cache' from command line to 'False'
[1.305s] Level 5:colcon.colcon_core.verb:set package 'srdfdom' build argument 'cmake_clean_first' from command line to 'False'
[1.305s] Level 5:colcon.colcon_core.verb:set package 'srdfdom' build argument 'cmake_force_configure' from command line to 'False'
[1.305s] Level 5:colcon.colcon_core.verb:set package 'srdfdom' build argument 'ament_cmake_args' from command line to 'None'
[1.305s] Level 5:colcon.colcon_core.verb:set package 'srdfdom' build argument 'catkin_cmake_args' from command line to 'None'
[1.305s] Level 5:colcon.colcon_core.verb:set package 'srdfdom' build argument 'catkin_skip_building_tests' from command line to 'False'
[1.305s] DEBUG:colcon.colcon_core.verb:Building package 'srdfdom' with the following arguments: {'ament_cmake_args': None, 'build_base': '/home/ugv-c7/CodeWorkspace/UGV-Robot/ros2_humble_colcon_ws/build/srdfdom', 'catkin_cmake_args': None, 'catkin_skip_building_tests': False, 'cmake_args': None, 'cmake_clean_cache': False, 'cmake_clean_first': False, 'cmake_force_configure': False, 'cmake_target': None, 'cmake_target_skip_unavailable': False, 'install_base': '/home/ugv-c7/CodeWorkspace/UGV-Robot/ros2_humble_colcon_ws/install/srdfdom', 'merge_install': False, 'path': '/home/ugv-c7/CodeWorkspace/UGV-Robot/ros2_humble_colcon_ws/src/srdfdom', 'symlink_install': False, 'test_result_base': None}
[1.306s] Level 5:colcon.colcon_core.verb:set package 'app_bringup' build argument 'cmake_args' from command line to 'None'
[1.306s] Level 5:colcon.colcon_core.verb:set package 'app_bringup' build argument 'cmake_target' from command line to 'None'
[1.306s] Level 5:colcon.colcon_core.verb:set package 'app_bringup' build argument 'cmake_target_skip_unavailable' from command line to 'False'
[1.306s] Level 5:colcon.colcon_core.verb:set package 'app_bringup' build argument 'cmake_clean_cache' from command line to 'False'
[1.306s] Level 5:colcon.colcon_core.verb:set package 'app_bringup' build argument 'cmake_clean_first' from command line to 'False'
[1.307s] Level 5:colcon.colcon_core.verb:set package 'app_bringup' build argument 'cmake_force_configure' from command line to 'False'
[1.307s] Level 5:colcon.colcon_core.verb:set package 'app_bringup' build argument 'ament_cmake_args' from command line to 'None'
[1.307s] Level 5:colcon.colcon_core.verb:set package 'app_bringup' build argument 'catkin_cmake_args' from command line to 'None'
[1.307s] Level 5:colcon.colcon_core.verb:set package 'app_bringup' build argument 'catkin_skip_building_tests' from command line to 'False'
[1.307s] DEBUG:colcon.colcon_core.verb:Building package 'app_bringup' with the following arguments: {'ament_cmake_args': None, 'build_base': '/home/ugv-c7/CodeWorkspace/UGV-Robot/ros2_humble_colcon_ws/build/app_bringup', 'catkin_cmake_args': None, 'catkin_skip_building_tests': False, 'cmake_args': None, 'cmake_clean_cache': False, 'cmake_clean_first': False, 'cmake_force_configure': False, 'cmake_target': None, 'cmake_target_skip_unavailable': False, 'install_base': '/home/ugv-c7/CodeWorkspace/UGV-Robot/ros2_humble_colcon_ws/install/app_bringup', 'merge_install': False, 'path': '/home/ugv-c7/CodeWorkspace/UGV-Robot/ros2_humble_colcon_ws/src/app_bringup', 'symlink_install': False, 'test_result_base': None}
[1.307s] Level 5:colcon.colcon_core.verb:set package 'moveit_configs_utils' build argument 'cmake_args' from command line to 'None'
[1.308s] Level 5:colcon.colcon_core.verb:set package 'moveit_configs_utils' build argument 'cmake_target' from command line to 'None'
[1.308s] Level 5:colcon.colcon_core.verb:set package 'moveit_configs_utils' build argument 'cmake_target_skip_unavailable' from command line to 'False'
[1.308s] Level 5:colcon.colcon_core.verb:set package 'moveit_configs_utils' build argument 'cmake_clean_cache' from command line to 'False'
[1.308s] Level 5:colcon.colcon_core.verb:set package 'moveit_configs_utils' build argument 'cmake_clean_first' from command line to 'False'
[1.308s] Level 5:colcon.colcon_core.verb:set package 'moveit_configs_utils' build argument 'cmake_force_configure' from command line to 'False'
[1.308s] Level 5:colcon.colcon_core.verb:set package 'moveit_configs_utils' build argument 'ament_cmake_args' from command line to 'None'
[1.308s] Level 5:colcon.colcon_core.verb:set package 'moveit_configs_utils' build argument 'catkin_cmake_args' from command line to 'None'
[1.308s] Level 5:colcon.colcon_core.verb:set package 'moveit_configs_utils' build argument 'catkin_skip_building_tests' from command line to 'False'
[1.308s] DEBUG:colcon.colcon_core.verb:Building package 'moveit_configs_utils' with the following arguments: {'ament_cmake_args': None, 'build_base': '/home/ugv-c7/CodeWorkspace/UGV-Robot/ros2_humble_colcon_ws/build/moveit_configs_utils', 'catkin_cmake_args': None, 'catkin_skip_building_tests': False, 'cmake_args': None, 'cmake_clean_cache': False, 'cmake_clean_first': False, 'cmake_force_configure': False, 'cmake_target': None, 'cmake_target_skip_unavailable': False, 'install_base': '/home/ugv-c7/CodeWorkspace/UGV-Robot/ros2_humble_colcon_ws/install/moveit_configs_utils', 'merge_install': False, 'path': '/home/ugv-c7/CodeWorkspace/UGV-Robot/ros2_humble_colcon_ws/src/moveit2/moveit_configs_utils', 'symlink_install': False, 'test_result_base': None}
[1.309s] Level 5:colcon.colcon_core.verb:set package 'moveit_resources_fanuc_moveit_config' build argument 'cmake_args' from command line to 'None'
[1.309s] Level 5:colcon.colcon_core.verb:set package 'moveit_resources_fanuc_moveit_config' build argument 'cmake_target' from command line to 'None'
[1.309s] Level 5:colcon.colcon_core.verb:set package 'moveit_resources_fanuc_moveit_config' build argument 'cmake_target_skip_unavailable' from command line to 'False'
[1.309s] Level 5:colcon.colcon_core.verb:set package 'moveit_resources_fanuc_moveit_config' build argument 'cmake_clean_cache' from command line to 'False'
[1.309s] Level 5:colcon.colcon_core.verb:set package 'moveit_resources_fanuc_moveit_config' build argument 'cmake_clean_first' from command line to 'False'
[1.309s] Level 5:colcon.colcon_core.verb:set package 'moveit_resources_fanuc_moveit_config' build argument 'cmake_force_configure' from command line to 'False'
[1.309s] Level 5:colcon.colcon_core.verb:set package 'moveit_resources_fanuc_moveit_config' build argument 'ament_cmake_args' from command line to 'None'
[1.309s] Level 5:colcon.colcon_core.verb:set package 'moveit_resources_fanuc_moveit_config' build argument 'catkin_cmake_args' from command line to 'None'
[1.309s] Level 5:colcon.colcon_core.verb:set package 'moveit_resources_fanuc_moveit_config' build argument 'catkin_skip_building_tests' from command line to 'False'
[1.309s] DEBUG:colcon.colcon_core.verb:Building package 'moveit_resources_fanuc_moveit_config' with the following arguments: {'ament_cmake_args': None, 'build_base': '/home/ugv-c7/CodeWorkspace/UGV-Robot/ros2_humble_colcon_ws/build/moveit_resources_fanuc_moveit_config', 'catkin_cmake_args': None, 'catkin_skip_building_tests': False, 'cmake_args': None, 'cmake_clean_cache': False, 'cmake_clean_first': False, 'cmake_force_configure': False, 'cmake_target': None, 'cmake_target_skip_unavailable': False, 'install_base': '/home/ugv-c7/CodeWorkspace/UGV-Robot/ros2_humble_colcon_ws/install/moveit_resources_fanuc_moveit_config', 'merge_install': False, 'path': '/home/ugv-c7/CodeWorkspace/UGV-Robot/ros2_humble_colcon_ws/src/moveit_resources/fanuc_moveit_config', 'symlink_install': False, 'test_result_base': None}
[1.310s] Level 5:colcon.colcon_core.verb:set package 'moveit_resources_panda_moveit_config' build argument 'cmake_args' from command line to 'None'
[1.310s] Level 5:colcon.colcon_core.verb:set package 'moveit_resources_panda_moveit_config' build argument 'cmake_target' from command line to 'None'
[1.310s] Level 5:colcon.colcon_core.verb:set package 'moveit_resources_panda_moveit_config' build argument 'cmake_target_skip_unavailable' from command line to 'False'
[1.310s] Level 5:colcon.colcon_core.verb:set package 'moveit_resources_panda_moveit_config' build argument 'cmake_clean_cache' from command line to 'False'
[1.310s] Level 5:colcon.colcon_core.verb:set package 'moveit_resources_panda_moveit_config' build argument 'cmake_clean_first' from command line to 'False'
[1.310s] Level 5:colcon.colcon_core.verb:set package 'moveit_resources_panda_moveit_config' build argument 'cmake_force_configure' from command line to 'False'
[1.310s] Level 5:colcon.colcon_core.verb:set package 'moveit_resources_panda_moveit_config' build argument 'ament_cmake_args' from command line to 'None'
[1.310s] Level 5:colcon.colcon_core.verb:set package 'moveit_resources_panda_moveit_config' build argument 'catkin_cmake_args' from command line to 'None'
[1.310s] Level 5:colcon.colcon_core.verb:set package 'moveit_resources_panda_moveit_config' build argument 'catkin_skip_building_tests' from command line to 'False'
[1.310s] DEBUG:colcon.colcon_core.verb:Building package 'moveit_resources_panda_moveit_config' with the following arguments: {'ament_cmake_args': None, 'build_base': '/home/ugv-c7/CodeWorkspace/UGV-Robot/ros2_humble_colcon_ws/build/moveit_resources_panda_moveit_config', 'catkin_cmake_args': None, 'catkin_skip_building_tests': False, 'cmake_args': None, 'cmake_clean_cache': False, 'cmake_clean_first': False, 'cmake_force_configure': False, 'cmake_target': None, 'cmake_target_skip_unavailable': False, 'install_base': '/home/ugv-c7/CodeWorkspace/UGV-Robot/ros2_humble_colcon_ws/install/moveit_resources_panda_moveit_config', 'merge_install': False, 'path': '/home/ugv-c7/CodeWorkspace/UGV-Robot/ros2_humble_colcon_ws/src/moveit_resources/panda_moveit_config', 'symlink_install': False, 'test_result_base': None}
[1.311s] Level 5:colcon.colcon_core.verb:set package 'rviz_marker_tools' build argument 'cmake_args' from command line to 'None'
[1.311s] Level 5:colcon.colcon_core.verb:set package 'rviz_marker_tools' build argument 'cmake_target' from command line to 'None'
[1.311s] Level 5:colcon.colcon_core.verb:set package 'rviz_marker_tools' build argument 'cmake_target_skip_unavailable' from command line to 'False'
[1.311s] Level 5:colcon.colcon_core.verb:set package 'rviz_marker_tools' build argument 'cmake_clean_cache' from command line to 'False'
[1.311s] Level 5:colcon.colcon_core.verb:set package 'rviz_marker_tools' build argument 'cmake_clean_first' from command line to 'False'
[1.311s] Level 5:colcon.colcon_core.verb:set package 'rviz_marker_tools' build argument 'cmake_force_configure' from command line to 'False'
[1.311s] Level 5:colcon.colcon_core.verb:set package 'rviz_marker_tools' build argument 'ament_cmake_args' from command line to 'None'
[1.312s] Level 5:colcon.colcon_core.verb:set package 'rviz_marker_tools' build argument 'catkin_cmake_args' from command line to 'None'
[1.312s] Level 5:colcon.colcon_core.verb:set package 'rviz_marker_tools' build argument 'catkin_skip_building_tests' from command line to 'False'
[1.312s] DEBUG:colcon.colcon_core.verb:Building package 'rviz_marker_tools' with the following arguments: {'ament_cmake_args': None, 'build_base': '/home/ugv-c7/CodeWorkspace/UGV-Robot/ros2_humble_colcon_ws/build/rviz_marker_tools', 'catkin_cmake_args': None, 'catkin_skip_building_tests': False, 'cmake_args': None, 'cmake_clean_cache': False, 'cmake_clean_first': False, 'cmake_force_configure': False, 'cmake_target': None, 'cmake_target_skip_unavailable': False, 'install_base': '/home/ugv-c7/CodeWorkspace/UGV-Robot/ros2_humble_colcon_ws/install/rviz_marker_tools', 'merge_install': False, 'path': '/home/ugv-c7/CodeWorkspace/UGV-Robot/ros2_humble_colcon_ws/src/moveit_task_constructor/rviz_marker_tools', 'symlink_install': False, 'test_result_base': None}
[1.312s] Level 5:colcon.colcon_core.verb:set package 'moveit_core' build argument 'cmake_args' from command line to 'None'
[1.313s] Level 5:colcon.colcon_core.verb:set package 'moveit_core' build argument 'cmake_target' from command line to 'None'
[1.313s] Level 5:colcon.colcon_core.verb:set package 'moveit_core' build argument 'cmake_target_skip_unavailable' from command line to 'False'
[1.313s] Level 5:colcon.colcon_core.verb:set package 'moveit_core' build argument 'cmake_clean_cache' from command line to 'False'
[1.313s] Level 5:colcon.colcon_core.verb:set package 'moveit_core' build argument 'cmake_clean_first' from command line to 'False'
[1.313s] Level 5:colcon.colcon_core.verb:set package 'moveit_core' build argument 'cmake_force_configure' from command line to 'False'
[1.313s] Level 5:colcon.colcon_core.verb:set package 'moveit_core' build argument 'ament_cmake_args' from command line to 'None'
[1.313s] Level 5:colcon.colcon_core.verb:set package 'moveit_core' build argument 'catkin_cmake_args' from command line to 'None'
[1.313s] Level 5:colcon.colcon_core.verb:set package 'moveit_core' build argument 'catkin_skip_building_tests' from command line to 'False'
[1.313s] DEBUG:colcon.colcon_core.verb:Building package 'moveit_core' with the following arguments: {'ament_cmake_args': None, 'build_base': '/home/ugv-c7/CodeWorkspace/UGV-Robot/ros2_humble_colcon_ws/build/moveit_core', 'catkin_cmake_args': None, 'catkin_skip_building_tests': False, 'cmake_args': None, 'cmake_clean_cache': False, 'cmake_clean_first': False, 'cmake_force_configure': False, 'cmake_target': None, 'cmake_target_skip_unavailable': False, 'install_base': '/home/ugv-c7/CodeWorkspace/UGV-Robot/ros2_humble_colcon_ws/install/moveit_core', 'merge_install': False, 'path': '/home/ugv-c7/CodeWorkspace/UGV-Robot/ros2_humble_colcon_ws/src/moveit2/moveit_core', 'symlink_install': False, 'test_result_base': None}
[1.314s] Level 5:colcon.colcon_core.verb:set package 'moveit_resources' build argument 'cmake_args' from command line to 'None'
[1.314s] Level 5:colcon.colcon_core.verb:set package 'moveit_resources' build argument 'cmake_target' from command line to 'None'
[1.314s] Level 5:colcon.colcon_core.verb:set package 'moveit_resources' build argument 'cmake_target_skip_unavailable' from command line to 'False'
[1.314s] Level 5:colcon.colcon_core.verb:set package 'moveit_resources' build argument 'cmake_clean_cache' from command line to 'False'
[1.314s] Level 5:colcon.colcon_core.verb:set package 'moveit_resources' build argument 'cmake_clean_first' from command line to 'False'
[1.314s] Level 5:colcon.colcon_core.verb:set package 'moveit_resources' build argument 'cmake_force_configure' from command line to 'False'
[1.314s] Level 5:colcon.colcon_core.verb:set package 'moveit_resources' build argument 'ament_cmake_args' from command line to 'None'
[1.314s] Level 5:colcon.colcon_core.verb:set package 'moveit_resources' build argument 'catkin_cmake_args' from command line to 'None'
[1.314s] Level 5:colcon.colcon_core.verb:set package 'moveit_resources' build argument 'catkin_skip_building_tests' from command line to 'False'
[1.314s] DEBUG:colcon.colcon_core.verb:Building package 'moveit_resources' with the following arguments: {'ament_cmake_args': None, 'build_base': '/home/ugv-c7/CodeWorkspace/UGV-Robot/ros2_humble_colcon_ws/build/moveit_resources', 'catkin_cmake_args': None, 'catkin_skip_building_tests': False, 'cmake_args': None, 'cmake_clean_cache': False, 'cmake_clean_first': False, 'cmake_force_configure': False, 'cmake_target': None, 'cmake_target_skip_unavailable': False, 'install_base': '/home/ugv-c7/CodeWorkspace/UGV-Robot/ros2_humble_colcon_ws/install/moveit_resources', 'merge_install': False, 'path': '/home/ugv-c7/CodeWorkspace/UGV-Robot/ros2_humble_colcon_ws/src/moveit_resources/moveit_resources', 'symlink_install': False, 'test_result_base': None}
[1.315s] Level 5:colcon.colcon_core.verb:set package 'chomp_motion_planner' build argument 'cmake_args' from command line to 'None'
[1.315s] Level 5:colcon.colcon_core.verb:set package 'chomp_motion_planner' build argument 'cmake_target' from command line to 'None'
[1.315s] Level 5:colcon.colcon_core.verb:set package 'chomp_motion_planner' build argument 'cmake_target_skip_unavailable' from command line to 'False'
[1.315s] Level 5:colcon.colcon_core.verb:set package 'chomp_motion_planner' build argument 'cmake_clean_cache' from command line to 'False'
[1.315s] Level 5:colcon.colcon_core.verb:set package 'chomp_motion_planner' build argument 'cmake_clean_first' from command line to 'False'
[1.315s] Level 5:colcon.colcon_core.verb:set package 'chomp_motion_planner' build argument 'cmake_force_configure' from command line to 'False'
[1.315s] Level 5:colcon.colcon_core.verb:set package 'chomp_motion_planner' build argument 'ament_cmake_args' from command line to 'None'
[1.315s] Level 5:colcon.colcon_core.verb:set package 'chomp_motion_planner' build argument 'catkin_cmake_args' from command line to 'None'
[1.315s] Level 5:colcon.colcon_core.verb:set package 'chomp_motion_planner' build argument 'catkin_skip_building_tests' from command line to 'False'
[1.315s] DEBUG:colcon.colcon_core.verb:Building package 'chomp_motion_planner' with the following arguments: {'ament_cmake_args': None, 'build_base': '/home/ugv-c7/CodeWorkspace/UGV-Robot/ros2_humble_colcon_ws/build/chomp_motion_planner', 'catkin_cmake_args': None, 'catkin_skip_building_tests': False, 'cmake_args': None, 'cmake_clean_cache': False, 'cmake_clean_first': False, 'cmake_force_configure': False, 'cmake_target': None, 'cmake_target_skip_unavailable': False, 'install_base': '/home/ugv-c7/CodeWorkspace/UGV-Robot/ros2_humble_colcon_ws/install/chomp_motion_planner', 'merge_install': False, 'path': '/home/ugv-c7/CodeWorkspace/UGV-Robot/ros2_humble_colcon_ws/src/moveit2/moveit_planners/chomp/chomp_motion_planner', 'symlink_install': False, 'test_result_base': None}
[1.316s] Level 5:colcon.colcon_core.verb:set package 'moveit_resources_prbt_ikfast_manipulator_plugin' build argument 'cmake_args' from command line to 'None'
[1.316s] Level 5:colcon.colcon_core.verb:set package 'moveit_resources_prbt_ikfast_manipulator_plugin' build argument 'cmake_target' from command line to 'None'
[1.316s] Level 5:colcon.colcon_core.verb:set package 'moveit_resources_prbt_ikfast_manipulator_plugin' build argument 'cmake_target_skip_unavailable' from command line to 'False'
[1.316s] Level 5:colcon.colcon_core.verb:set package 'moveit_resources_prbt_ikfast_manipulator_plugin' build argument 'cmake_clean_cache' from command line to 'False'
[1.316s] Level 5:colcon.colcon_core.verb:set package 'moveit_resources_prbt_ikfast_manipulator_plugin' build argument 'cmake_clean_first' from command line to 'False'
[1.316s] Level 5:colcon.colcon_core.verb:set package 'moveit_resources_prbt_ikfast_manipulator_plugin' build argument 'cmake_force_configure' from command line to 'False'
[1.317s] Level 5:colcon.colcon_core.verb:set package 'moveit_resources_prbt_ikfast_manipulator_plugin' build argument 'ament_cmake_args' from command line to 'None'
[1.317s] Level 5:colcon.colcon_core.verb:set package 'moveit_resources_prbt_ikfast_manipulator_plugin' build argument 'catkin_cmake_args' from command line to 'None'
[1.317s] Level 5:colcon.colcon_core.verb:set package 'moveit_resources_prbt_ikfast_manipulator_plugin' build argument 'catkin_skip_building_tests' from command line to 'False'
[1.317s] DEBUG:colcon.colcon_core.verb:Building package 'moveit_resources_prbt_ikfast_manipulator_plugin' with the following arguments: {'ament_cmake_args': None, 'build_base': '/home/ugv-c7/CodeWorkspace/UGV-Robot/ros2_humble_colcon_ws/build/moveit_resources_prbt_ikfast_manipulator_plugin', 'catkin_cmake_args': None, 'catkin_skip_building_tests': False, 'cmake_args': None, 'cmake_clean_cache': False, 'cmake_clean_first': False, 'cmake_force_configure': False, 'cmake_target': None, 'cmake_target_skip_unavailable': False, 'install_base': '/home/ugv-c7/CodeWorkspace/UGV-Robot/ros2_humble_colcon_ws/install/moveit_resources_prbt_ikfast_manipulator_plugin', 'merge_install': False, 'path': '/home/ugv-c7/CodeWorkspace/UGV-Robot/ros2_humble_colcon_ws/src/moveit2/moveit_planners/test_configs/prbt_ikfast_manipulator_plugin', 'symlink_install': False, 'test_result_base': None}
[1.317s] Level 5:colcon.colcon_core.verb:set package 'moveit_ros_occupancy_map_monitor' build argument 'cmake_args' from command line to 'None'
[1.318s] Level 5:colcon.colcon_core.verb:set package 'moveit_ros_occupancy_map_monitor' build argument 'cmake_target' from command line to 'None'
[1.318s] Level 5:colcon.colcon_core.verb:set package 'moveit_ros_occupancy_map_monitor' build argument 'cmake_target_skip_unavailable' from command line to 'False'
[1.318s] Level 5:colcon.colcon_core.verb:set package 'moveit_ros_occupancy_map_monitor' build argument 'cmake_clean_cache' from command line to 'False'
[1.318s] Level 5:colcon.colcon_core.verb:set package 'moveit_ros_occupancy_map_monitor' build argument 'cmake_clean_first' from command line to 'False'
[1.318s] Level 5:colcon.colcon_core.verb:set package 'moveit_ros_occupancy_map_monitor' build argument 'cmake_force_configure' from command line to 'False'
[1.318s] Level 5:colcon.colcon_core.verb:set package 'moveit_ros_occupancy_map_monitor' build argument 'ament_cmake_args' from command line to 'None'
[1.318s] Level 5:colcon.colcon_core.verb:set package 'moveit_ros_occupancy_map_monitor' build argument 'catkin_cmake_args' from command line to 'None'
[1.318s] Level 5:colcon.colcon_core.verb:set package 'moveit_ros_occupancy_map_monitor' build argument 'catkin_skip_building_tests' from command line to 'False'
[1.318s] DEBUG:colcon.colcon_core.verb:Building package 'moveit_ros_occupancy_map_monitor' with the following arguments: {'ament_cmake_args': None, 'build_base': '/home/ugv-c7/CodeWorkspace/UGV-Robot/ros2_humble_colcon_ws/build/moveit_ros_occupancy_map_monitor', 'catkin_cmake_args': None, 'catkin_skip_building_tests': False, 'cmake_args': None, 'cmake_clean_cache': False, 'cmake_clean_first': False, 'cmake_force_configure': False, 'cmake_target': None, 'cmake_target_skip_unavailable': False, 'install_base': '/home/ugv-c7/CodeWorkspace/UGV-Robot/ros2_humble_colcon_ws/install/moveit_ros_occupancy_map_monitor', 'merge_install': False, 'path': '/home/ugv-c7/CodeWorkspace/UGV-Robot/ros2_humble_colcon_ws/src/moveit2/moveit_ros/occupancy_map_monitor', 'symlink_install': False, 'test_result_base': None}
[1.319s] Level 5:colcon.colcon_core.verb:set package 'moveit_simple_controller_manager' build argument 'cmake_args' from command line to 'None'
[1.319s] Level 5:colcon.colcon_core.verb:set package 'moveit_simple_controller_manager' build argument 'cmake_target' from command line to 'None'
[1.319s] Level 5:colcon.colcon_core.verb:set package 'moveit_simple_controller_manager' build argument 'cmake_target_skip_unavailable' from command line to 'False'
[1.319s] Level 5:colcon.colcon_core.verb:set package 'moveit_simple_controller_manager' build argument 'cmake_clean_cache' from command line to 'False'
[1.319s] Level 5:colcon.colcon_core.verb:set package 'moveit_simple_controller_manager' build argument 'cmake_clean_first' from command line to 'False'
[1.319s] Level 5:colcon.colcon_core.verb:set package 'moveit_simple_controller_manager' build argument 'cmake_force_configure' from command line to 'False'
[1.319s] Level 5:colcon.colcon_core.verb:set package 'moveit_simple_controller_manager' build argument 'ament_cmake_args' from command line to 'None'
[1.319s] Level 5:colcon.colcon_core.verb:set package 'moveit_simple_controller_manager' build argument 'catkin_cmake_args' from command line to 'None'
[1.319s] Level 5:colcon.colcon_core.verb:set package 'moveit_simple_controller_manager' build argument 'catkin_skip_building_tests' from command line to 'False'
[1.319s] DEBUG:colcon.colcon_core.verb:Building package 'moveit_simple_controller_manager' with the following arguments: {'ament_cmake_args': None, 'build_base': '/home/ugv-c7/CodeWorkspace/UGV-Robot/ros2_humble_colcon_ws/build/moveit_simple_controller_manager', 'catkin_cmake_args': None, 'catkin_skip_building_tests': False, 'cmake_args': None, 'cmake_clean_cache': False, 'cmake_clean_first': False, 'cmake_force_configure': False, 'cmake_target': None, 'cmake_target_skip_unavailable': False, 'install_base': '/home/ugv-c7/CodeWorkspace/UGV-Robot/ros2_humble_colcon_ws/install/moveit_simple_controller_manager', 'merge_install': False, 'path': '/home/ugv-c7/CodeWorkspace/UGV-Robot/ros2_humble_colcon_ws/src/moveit2/moveit_plugins/moveit_simple_controller_manager', 'symlink_install': False, 'test_result_base': None}
[1.320s] Level 5:colcon.colcon_core.verb:set package 'pilz_industrial_motion_planner_testutils' build argument 'cmake_args' from command line to 'None'
[1.320s] Level 5:colcon.colcon_core.verb:set package 'pilz_industrial_motion_planner_testutils' build argument 'cmake_target' from command line to 'None'
[1.320s] Level 5:colcon.colcon_core.verb:set package 'pilz_industrial_motion_planner_testutils' build argument 'cmake_target_skip_unavailable' from command line to 'False'
[1.320s] Level 5:colcon.colcon_core.verb:set package 'pilz_industrial_motion_planner_testutils' build argument 'cmake_clean_cache' from command line to 'False'
[1.320s] Level 5:colcon.colcon_core.verb:set package 'pilz_industrial_motion_planner_testutils' build argument 'cmake_clean_first' from command line to 'False'
[1.320s] Level 5:colcon.colcon_core.verb:set package 'pilz_industrial_motion_planner_testutils' build argument 'cmake_force_configure' from command line to 'False'
[1.320s] Level 5:colcon.colcon_core.verb:set package 'pilz_industrial_motion_planner_testutils' build argument 'ament_cmake_args' from command line to 'None'
[1.320s] Level 5:colcon.colcon_core.verb:set package 'pilz_industrial_motion_planner_testutils' build argument 'catkin_cmake_args' from command line to 'None'
[1.320s] Level 5:colcon.colcon_core.verb:set package 'pilz_industrial_motion_planner_testutils' build argument 'catkin_skip_building_tests' from command line to 'False'
[1.321s] DEBUG:colcon.colcon_core.verb:Building package 'pilz_industrial_motion_planner_testutils' with the following arguments: {'ament_cmake_args': None, 'build_base': '/home/ugv-c7/CodeWorkspace/UGV-Robot/ros2_humble_colcon_ws/build/pilz_industrial_motion_planner_testutils', 'catkin_cmake_args': None, 'catkin_skip_building_tests': False, 'cmake_args': None, 'cmake_clean_cache': False, 'cmake_clean_first': False, 'cmake_force_configure': False, 'cmake_target': None, 'cmake_target_skip_unavailable': False, 'install_base': '/home/ugv-c7/CodeWorkspace/UGV-Robot/ros2_humble_colcon_ws/install/pilz_industrial_motion_planner_testutils', 'merge_install': False, 'path': '/home/ugv-c7/CodeWorkspace/UGV-Robot/ros2_humble_colcon_ws/src/moveit2/moveit_planners/pilz_industrial_motion_planner_testutils', 'symlink_install': False, 'test_result_base': None}
[1.321s] Level 5:colcon.colcon_core.verb:set package 'moveit_chomp_optimizer_adapter' build argument 'cmake_args' from command line to 'None'
[1.321s] Level 5:colcon.colcon_core.verb:set package 'moveit_chomp_optimizer_adapter' build argument 'cmake_target' from command line to 'None'
[1.321s] Level 5:colcon.colcon_core.verb:set package 'moveit_chomp_optimizer_adapter' build argument 'cmake_target_skip_unavailable' from command line to 'False'
[1.321s] Level 5:colcon.colcon_core.verb:set package 'moveit_chomp_optimizer_adapter' build argument 'cmake_clean_cache' from command line to 'False'
[1.322s] Level 5:colcon.colcon_core.verb:set package 'moveit_chomp_optimizer_adapter' build argument 'cmake_clean_first' from command line to 'False'
[1.322s] Level 5:colcon.colcon_core.verb:set package 'moveit_chomp_optimizer_adapter' build argument 'cmake_force_configure' from command line to 'False'
[1.322s] Level 5:colcon.colcon_core.verb:set package 'moveit_chomp_optimizer_adapter' build argument 'ament_cmake_args' from command line to 'None'
[1.322s] Level 5:colcon.colcon_core.verb:set package 'moveit_chomp_optimizer_adapter' build argument 'catkin_cmake_args' from command line to 'None'
[1.322s] Level 5:colcon.colcon_core.verb:set package 'moveit_chomp_optimizer_adapter' build argument 'catkin_skip_building_tests' from command line to 'False'
[1.322s] DEBUG:colcon.colcon_core.verb:Building package 'moveit_chomp_optimizer_adapter' with the following arguments: {'ament_cmake_args': None, 'build_base': '/home/ugv-c7/CodeWorkspace/UGV-Robot/ros2_humble_colcon_ws/build/moveit_chomp_optimizer_adapter', 'catkin_cmake_args': None, 'catkin_skip_building_tests': False, 'cmake_args': None, 'cmake_clean_cache': False, 'cmake_clean_first': False, 'cmake_force_configure': False, 'cmake_target': None, 'cmake_target_skip_unavailable': False, 'install_base': '/home/ugv-c7/CodeWorkspace/UGV-Robot/ros2_humble_colcon_ws/install/moveit_chomp_optimizer_adapter', 'merge_install': False, 'path': '/home/ugv-c7/CodeWorkspace/UGV-Robot/ros2_humble_colcon_ws/src/moveit2/moveit_planners/chomp/chomp_optimizer_adapter', 'symlink_install': False, 'test_result_base': None}
[1.323s] Level 5:colcon.colcon_core.verb:set package 'moveit_planners_chomp' build argument 'cmake_args' from command line to 'None'
[1.323s] Level 5:colcon.colcon_core.verb:set package 'moveit_planners_chomp' build argument 'cmake_target' from command line to 'None'
[1.323s] Level 5:colcon.colcon_core.verb:set package 'moveit_planners_chomp' build argument 'cmake_target_skip_unavailable' from command line to 'False'
[1.323s] Level 5:colcon.colcon_core.verb:set package 'moveit_planners_chomp' build argument 'cmake_clean_cache' from command line to 'False'
[1.323s] Level 5:colcon.colcon_core.verb:set package 'moveit_planners_chomp' build argument 'cmake_clean_first' from command line to 'False'
[1.323s] Level 5:colcon.colcon_core.verb:set package 'moveit_planners_chomp' build argument 'cmake_force_configure' from command line to 'False'
[1.323s] Level 5:colcon.colcon_core.verb:set package 'moveit_planners_chomp' build argument 'ament_cmake_args' from command line to 'None'
[1.323s] Level 5:colcon.colcon_core.verb:set package 'moveit_planners_chomp' build argument 'catkin_cmake_args' from command line to 'None'
[1.323s] Level 5:colcon.colcon_core.verb:set package 'moveit_planners_chomp' build argument 'catkin_skip_building_tests' from command line to 'False'
[1.323s] DEBUG:colcon.colcon_core.verb:Building package 'moveit_planners_chomp' with the following arguments: {'ament_cmake_args': None, 'build_base': '/home/ugv-c7/CodeWorkspace/UGV-Robot/ros2_humble_colcon_ws/build/moveit_planners_chomp', 'catkin_cmake_args': None, 'catkin_skip_building_tests': False, 'cmake_args': None, 'cmake_clean_cache': False, 'cmake_clean_first': False, 'cmake_force_configure': False, 'cmake_target': None, 'cmake_target_skip_unavailable': False, 'install_base': '/home/ugv-c7/CodeWorkspace/UGV-Robot/ros2_humble_colcon_ws/install/moveit_planners_chomp', 'merge_install': False, 'path': '/home/ugv-c7/CodeWorkspace/UGV-Robot/ros2_humble_colcon_ws/src/moveit2/moveit_planners/chomp/chomp_interface', 'symlink_install': False, 'test_result_base': None}
[1.324s] Level 5:colcon.colcon_core.verb:set package 'moveit_plugins' build argument 'cmake_args' from command line to 'None'
[1.324s] Level 5:colcon.colcon_core.verb:set package 'moveit_plugins' build argument 'cmake_target' from command line to 'None'
[1.324s] Level 5:colcon.colcon_core.verb:set package 'moveit_plugins' build argument 'cmake_target_skip_unavailable' from command line to 'False'
[1.324s] Level 5:colcon.colcon_core.verb:set package 'moveit_plugins' build argument 'cmake_clean_cache' from command line to 'False'
[1.324s] Level 5:colcon.colcon_core.verb:set package 'moveit_plugins' build argument 'cmake_clean_first' from command line to 'False'
[1.324s] Level 5:colcon.colcon_core.verb:set package 'moveit_plugins' build argument 'cmake_force_configure' from command line to 'False'
[1.324s] Level 5:colcon.colcon_core.verb:set package 'moveit_plugins' build argument 'ament_cmake_args' from command line to 'None'
[1.324s] Level 5:colcon.colcon_core.verb:set package 'moveit_plugins' build argument 'catkin_cmake_args' from command line to 'None'
[1.324s] Level 5:colcon.colcon_core.verb:set package 'moveit_plugins' build argument 'catkin_skip_building_tests' from command line to 'False'
[1.324s] DEBUG:colcon.colcon_core.verb:Building package 'moveit_plugins' with the following arguments: {'ament_cmake_args': None, 'build_base': '/home/ugv-c7/CodeWorkspace/UGV-Robot/ros2_humble_colcon_ws/build/moveit_plugins', 'catkin_cmake_args': None, 'catkin_skip_building_tests': False, 'cmake_args': None, 'cmake_clean_cache': False, 'cmake_clean_first': False, 'cmake_force_configure': False, 'cmake_target': None, 'cmake_target_skip_unavailable': False, 'install_base': '/home/ugv-c7/CodeWorkspace/UGV-Robot/ros2_humble_colcon_ws/install/moveit_plugins', 'merge_install': False, 'path': '/home/ugv-c7/CodeWorkspace/UGV-Robot/ros2_humble_colcon_ws/src/moveit2/moveit_plugins/moveit_plugins', 'symlink_install': False, 'test_result_base': None}
[1.325s] Level 5:colcon.colcon_core.verb:set package 'moveit_ros_control_interface' build argument 'cmake_args' from command line to 'None'
[1.325s] Level 5:colcon.colcon_core.verb:set package 'moveit_ros_control_interface' build argument 'cmake_target' from command line to 'None'
[1.325s] Level 5:colcon.colcon_core.verb:set package 'moveit_ros_control_interface' build argument 'cmake_target_skip_unavailable' from command line to 'False'
[1.325s] Level 5:colcon.colcon_core.verb:set package 'moveit_ros_control_interface' build argument 'cmake_clean_cache' from command line to 'False'
[1.325s] Level 5:colcon.colcon_core.verb:set package 'moveit_ros_control_interface' build argument 'cmake_clean_first' from command line to 'False'
[1.325s] Level 5:colcon.colcon_core.verb:set package 'moveit_ros_control_interface' build argument 'cmake_force_configure' from command line to 'False'
[1.325s] Level 5:colcon.colcon_core.verb:set package 'moveit_ros_control_interface' build argument 'ament_cmake_args' from command line to 'None'
[1.325s] Level 5:colcon.colcon_core.verb:set package 'moveit_ros_control_interface' build argument 'catkin_cmake_args' from command line to 'None'
[1.325s] Level 5:colcon.colcon_core.verb:set package 'moveit_ros_control_interface' build argument 'catkin_skip_building_tests' from command line to 'False'
[1.325s] DEBUG:colcon.colcon_core.verb:Building package 'moveit_ros_control_interface' with the following arguments: {'ament_cmake_args': None, 'build_base': '/home/ugv-c7/CodeWorkspace/UGV-Robot/ros2_humble_colcon_ws/build/moveit_ros_control_interface', 'catkin_cmake_args': None, 'catkin_skip_building_tests': False, 'cmake_args': None, 'cmake_clean_cache': False, 'cmake_clean_first': False, 'cmake_force_configure': False, 'cmake_target': None, 'cmake_target_skip_unavailable': False, 'install_base': '/home/ugv-c7/CodeWorkspace/UGV-Robot/ros2_humble_colcon_ws/install/moveit_ros_control_interface', 'merge_install': False, 'path': '/home/ugv-c7/CodeWorkspace/UGV-Robot/ros2_humble_colcon_ws/src/moveit2/moveit_plugins/moveit_ros_control_interface', 'symlink_install': False, 'test_result_base': None}
[1.326s] Level 5:colcon.colcon_core.verb:set package 'moveit_ros_planning' build argument 'cmake_args' from command line to 'None'
[1.326s] Level 5:colcon.colcon_core.verb:set package 'moveit_ros_planning' build argument 'cmake_target' from command line to 'None'
[1.326s] Level 5:colcon.colcon_core.verb:set package 'moveit_ros_planning' build argument 'cmake_target_skip_unavailable' from command line to 'False'
[1.326s] Level 5:colcon.colcon_core.verb:set package 'moveit_ros_planning' build argument 'cmake_clean_cache' from command line to 'False'
[1.326s] Level 5:colcon.colcon_core.verb:set package 'moveit_ros_planning' build argument 'cmake_clean_first' from command line to 'False'
[1.327s] Level 5:colcon.colcon_core.verb:set package 'moveit_ros_planning' build argument 'cmake_force_configure' from command line to 'False'
[1.327s] Level 5:colcon.colcon_core.verb:set package 'moveit_ros_planning' build argument 'ament_cmake_args' from command line to 'None'
[1.327s] Level 5:colcon.colcon_core.verb:set package 'moveit_ros_planning' build argument 'catkin_cmake_args' from command line to 'None'
[1.327s] Level 5:colcon.colcon_core.verb:set package 'moveit_ros_planning' build argument 'catkin_skip_building_tests' from command line to 'False'
[1.327s] DEBUG:colcon.colcon_core.verb:Building package 'moveit_ros_planning' with the following arguments: {'ament_cmake_args': None, 'build_base': '/home/ugv-c7/CodeWorkspace/UGV-Robot/ros2_humble_colcon_ws/build/moveit_ros_planning', 'catkin_cmake_args': None, 'catkin_skip_building_tests': False, 'cmake_args': None, 'cmake_clean_cache': False, 'cmake_clean_first': False, 'cmake_force_configure': False, 'cmake_target': None, 'cmake_target_skip_unavailable': False, 'install_base': '/home/ugv-c7/CodeWorkspace/UGV-Robot/ros2_humble_colcon_ws/install/moveit_ros_planning', 'merge_install': False, 'path': '/home/ugv-c7/CodeWorkspace/UGV-Robot/ros2_humble_colcon_ws/src/moveit2/moveit_ros/planning', 'symlink_install': False, 'test_result_base': None}
[1.328s] Level 5:colcon.colcon_core.verb:set package 'moveit_kinematics' build argument 'cmake_args' from command line to 'None'
[1.328s] Level 5:colcon.colcon_core.verb:set package 'moveit_kinematics' build argument 'cmake_target' from command line to 'None'
[1.328s] Level 5:colcon.colcon_core.verb:set package 'moveit_kinematics' build argument 'cmake_target_skip_unavailable' from command line to 'False'
[1.328s] Level 5:colcon.colcon_core.verb:set package 'moveit_kinematics' build argument 'cmake_clean_cache' from command line to 'False'
[1.328s] Level 5:colcon.colcon_core.verb:set package 'moveit_kinematics' build argument 'cmake_clean_first' from command line to 'False'
[1.328s] Level 5:colcon.colcon_core.verb:set package 'moveit_kinematics' build argument 'cmake_force_configure' from command line to 'False'
[1.328s] Level 5:colcon.colcon_core.verb:set package 'moveit_kinematics' build argument 'ament_cmake_args' from command line to 'None'
[1.328s] Level 5:colcon.colcon_core.verb:set package 'moveit_kinematics' build argument 'catkin_cmake_args' from command line to 'None'
[1.328s] Level 5:colcon.colcon_core.verb:set package 'moveit_kinematics' build argument 'catkin_skip_building_tests' from command line to 'False'
[1.328s] DEBUG:colcon.colcon_core.verb:Building package 'moveit_kinematics' with the following arguments: {'ament_cmake_args': None, 'build_base': '/home/ugv-c7/CodeWorkspace/UGV-Robot/ros2_humble_colcon_ws/build/moveit_kinematics', 'catkin_cmake_args': None, 'catkin_skip_building_tests': False, 'cmake_args': None, 'cmake_clean_cache': False, 'cmake_clean_first': False, 'cmake_force_configure': False, 'cmake_target': None, 'cmake_target_skip_unavailable': False, 'install_base': '/home/ugv-c7/CodeWorkspace/UGV-Robot/ros2_humble_colcon_ws/install/moveit_kinematics', 'merge_install': False, 'path': '/home/ugv-c7/CodeWorkspace/UGV-Robot/ros2_humble_colcon_ws/src/moveit2/moveit_kinematics', 'symlink_install': False, 'test_result_base': None}
[1.329s] Level 5:colcon.colcon_core.verb:set package 'moveit_planners_ompl' build argument 'cmake_args' from command line to 'None'
[1.329s] Level 5:colcon.colcon_core.verb:set package 'moveit_planners_ompl' build argument 'cmake_target' from command line to 'None'
[1.329s] Level 5:colcon.colcon_core.verb:set package 'moveit_planners_ompl' build argument 'cmake_target_skip_unavailable' from command line to 'False'
[1.329s] Level 5:colcon.colcon_core.verb:set package 'moveit_planners_ompl' build argument 'cmake_clean_cache' from command line to 'False'
[1.329s] Level 5:colcon.colcon_core.verb:set package 'moveit_planners_ompl' build argument 'cmake_clean_first' from command line to 'False'
[1.329s] Level 5:colcon.colcon_core.verb:set package 'moveit_planners_ompl' build argument 'cmake_force_configure' from command line to 'False'
[1.329s] Level 5:colcon.colcon_core.verb:set package 'moveit_planners_ompl' build argument 'ament_cmake_args' from command line to 'None'
[1.329s] Level 5:colcon.colcon_core.verb:set package 'moveit_planners_ompl' build argument 'catkin_cmake_args' from command line to 'None'
[1.329s] Level 5:colcon.colcon_core.verb:set package 'moveit_planners_ompl' build argument 'catkin_skip_building_tests' from command line to 'False'
[1.329s] DEBUG:colcon.colcon_core.verb:Building package 'moveit_planners_ompl' with the following arguments: {'ament_cmake_args': None, 'build_base': '/home/ugv-c7/CodeWorkspace/UGV-Robot/ros2_humble_colcon_ws/build/moveit_planners_ompl', 'catkin_cmake_args': None, 'catkin_skip_building_tests': False, 'cmake_args': None, 'cmake_clean_cache': False, 'cmake_clean_first': False, 'cmake_force_configure': False, 'cmake_target': None, 'cmake_target_skip_unavailable': False, 'install_base': '/home/ugv-c7/CodeWorkspace/UGV-Robot/ros2_humble_colcon_ws/install/moveit_planners_ompl', 'merge_install': False, 'path': '/home/ugv-c7/CodeWorkspace/UGV-Robot/ros2_humble_colcon_ws/src/moveit2/moveit_planners/ompl', 'symlink_install': False, 'test_result_base': None}
[1.330s] Level 5:colcon.colcon_core.verb:set package 'moveit_ros_perception' build argument 'cmake_args' from command line to 'None'
[1.330s] Level 5:colcon.colcon_core.verb:set package 'moveit_ros_perception' build argument 'cmake_target' from command line to 'None'
[1.330s] Level 5:colcon.colcon_core.verb:set package 'moveit_ros_perception' build argument 'cmake_target_skip_unavailable' from command line to 'False'
[1.330s] Level 5:colcon.colcon_core.verb:set package 'moveit_ros_perception' build argument 'cmake_clean_cache' from command line to 'False'
[1.330s] Level 5:colcon.colcon_core.verb:set package 'moveit_ros_perception' build argument 'cmake_clean_first' from command line to 'False'
[1.330s] Level 5:colcon.colcon_core.verb:set package 'moveit_ros_perception' build argument 'cmake_force_configure' from command line to 'False'
[1.330s] Level 5:colcon.colcon_core.verb:set package 'moveit_ros_perception' build argument 'ament_cmake_args' from command line to 'None'
[1.330s] Level 5:colcon.colcon_core.verb:set package 'moveit_ros_perception' build argument 'catkin_cmake_args' from command line to 'None'
[1.330s] Level 5:colcon.colcon_core.verb:set package 'moveit_ros_perception' build argument 'catkin_skip_building_tests' from command line to 'False'
[1.331s] DEBUG:colcon.colcon_core.verb:Building package 'moveit_ros_perception' with the following arguments: {'ament_cmake_args': None, 'build_base': '/home/ugv-c7/CodeWorkspace/UGV-Robot/ros2_humble_colcon_ws/build/moveit_ros_perception', 'catkin_cmake_args': None, 'catkin_skip_building_tests': False, 'cmake_args': None, 'cmake_clean_cache': False, 'cmake_clean_first': False, 'cmake_force_configure': False, 'cmake_target': None, 'cmake_target_skip_unavailable': False, 'install_base': '/home/ugv-c7/CodeWorkspace/UGV-Robot/ros2_humble_colcon_ws/install/moveit_ros_perception', 'merge_install': False, 'path': '/home/ugv-c7/CodeWorkspace/UGV-Robot/ros2_humble_colcon_ws/src/moveit2/moveit_ros/perception', 'symlink_install': False, 'test_result_base': None}
[1.331s] Level 5:colcon.colcon_core.verb:set package 'moveit_ros_robot_interaction' build argument 'cmake_args' from command line to 'None'
[1.331s] Level 5:colcon.colcon_core.verb:set package 'moveit_ros_robot_interaction' build argument 'cmake_target' from command line to 'None'
[1.331s] Level 5:colcon.colcon_core.verb:set package 'moveit_ros_robot_interaction' build argument 'cmake_target_skip_unavailable' from command line to 'False'
[1.331s] Level 5:colcon.colcon_core.verb:set package 'moveit_ros_robot_interaction' build argument 'cmake_clean_cache' from command line to 'False'
[1.331s] Level 5:colcon.colcon_core.verb:set package 'moveit_ros_robot_interaction' build argument 'cmake_clean_first' from command line to 'False'
[1.332s] Level 5:colcon.colcon_core.verb:set package 'moveit_ros_robot_interaction' build argument 'cmake_force_configure' from command line to 'False'
[1.332s] Level 5:colcon.colcon_core.verb:set package 'moveit_ros_robot_interaction' build argument 'ament_cmake_args' from command line to 'None'
[1.332s] Level 5:colcon.colcon_core.verb:set package 'moveit_ros_robot_interaction' build argument 'catkin_cmake_args' from command line to 'None'
[1.332s] Level 5:colcon.colcon_core.verb:set package 'moveit_ros_robot_interaction' build argument 'catkin_skip_building_tests' from command line to 'False'
[1.332s] DEBUG:colcon.colcon_core.verb:Building package 'moveit_ros_robot_interaction' with the following arguments: {'ament_cmake_args': None, 'build_base': '/home/ugv-c7/CodeWorkspace/UGV-Robot/ros2_humble_colcon_ws/build/moveit_ros_robot_interaction', 'catkin_cmake_args': None, 'catkin_skip_building_tests': False, 'cmake_args': None, 'cmake_clean_cache': False, 'cmake_clean_first': False, 'cmake_force_configure': False, 'cmake_target': None, 'cmake_target_skip_unavailable': False, 'install_base': '/home/ugv-c7/CodeWorkspace/UGV-Robot/ros2_humble_colcon_ws/install/moveit_ros_robot_interaction', 'merge_install': False, 'path': '/home/ugv-c7/CodeWorkspace/UGV-Robot/ros2_humble_colcon_ws/src/moveit2/moveit_ros/robot_interaction', 'symlink_install': False, 'test_result_base': None}
[1.332s] Level 5:colcon.colcon_core.verb:set package 'moveit_ros_warehouse' build argument 'cmake_args' from command line to 'None'
[1.333s] Level 5:colcon.colcon_core.verb:set package 'moveit_ros_warehouse' build argument 'cmake_target' from command line to 'None'
[1.333s] Level 5:colcon.colcon_core.verb:set package 'moveit_ros_warehouse' build argument 'cmake_target_skip_unavailable' from command line to 'False'
[1.333s] Level 5:colcon.colcon_core.verb:set package 'moveit_ros_warehouse' build argument 'cmake_clean_cache' from command line to 'False'
[1.333s] Level 5:colcon.colcon_core.verb:set package 'moveit_ros_warehouse' build argument 'cmake_clean_first' from command line to 'False'
[1.333s] Level 5:colcon.colcon_core.verb:set package 'moveit_ros_warehouse' build argument 'cmake_force_configure' from command line to 'False'
[1.333s] Level 5:colcon.colcon_core.verb:set package 'moveit_ros_warehouse' build argument 'ament_cmake_args' from command line to 'None'
[1.333s] Level 5:colcon.colcon_core.verb:set package 'moveit_ros_warehouse' build argument 'catkin_cmake_args' from command line to 'None'
[1.333s] Level 5:colcon.colcon_core.verb:set package 'moveit_ros_warehouse' build argument 'catkin_skip_building_tests' from command line to 'False'
[1.333s] DEBUG:colcon.colcon_core.verb:Building package 'moveit_ros_warehouse' with the following arguments: {'ament_cmake_args': None, 'build_base': '/home/ugv-c7/CodeWorkspace/UGV-Robot/ros2_humble_colcon_ws/build/moveit_ros_warehouse', 'catkin_cmake_args': None, 'catkin_skip_building_tests': False, 'cmake_args': None, 'cmake_clean_cache': False, 'cmake_clean_first': False, 'cmake_force_configure': False, 'cmake_target': None, 'cmake_target_skip_unavailable': False, 'install_base': '/home/ugv-c7/CodeWorkspace/UGV-Robot/ros2_humble_colcon_ws/install/moveit_ros_warehouse', 'merge_install': False, 'path': '/home/ugv-c7/CodeWorkspace/UGV-Robot/ros2_humble_colcon_ws/src/moveit2/moveit_ros/warehouse', 'symlink_install': False, 'test_result_base': None}
[1.334s] Level 5:colcon.colcon_core.verb:set package 'moveit_visual_tools' build argument 'cmake_args' from command line to 'None'
[1.334s] Level 5:colcon.colcon_core.verb:set package 'moveit_visual_tools' build argument 'cmake_target' from command line to 'None'
[1.334s] Level 5:colcon.colcon_core.verb:set package 'moveit_visual_tools' build argument 'cmake_target_skip_unavailable' from command line to 'False'
[1.334s] Level 5:colcon.colcon_core.verb:set package 'moveit_visual_tools' build argument 'cmake_clean_cache' from command line to 'False'
[1.334s] Level 5:colcon.colcon_core.verb:set package 'moveit_visual_tools' build argument 'cmake_clean_first' from command line to 'False'
[1.334s] Level 5:colcon.colcon_core.verb:set package 'moveit_visual_tools' build argument 'cmake_force_configure' from command line to 'False'
[1.334s] Level 5:colcon.colcon_core.verb:set package 'moveit_visual_tools' build argument 'ament_cmake_args' from command line to 'None'
[1.334s] Level 5:colcon.colcon_core.verb:set package 'moveit_visual_tools' build argument 'catkin_cmake_args' from command line to 'None'
[1.334s] Level 5:colcon.colcon_core.verb:set package 'moveit_visual_tools' build argument 'catkin_skip_building_tests' from command line to 'False'
[1.334s] DEBUG:colcon.colcon_core.verb:Building package 'moveit_visual_tools' with the following arguments: {'ament_cmake_args': None, 'build_base': '/home/ugv-c7/CodeWorkspace/UGV-Robot/ros2_humble_colcon_ws/build/moveit_visual_tools', 'catkin_cmake_args': None, 'catkin_skip_building_tests': False, 'cmake_args': None, 'cmake_clean_cache': False, 'cmake_clean_first': False, 'cmake_force_configure': False, 'cmake_target': None, 'cmake_target_skip_unavailable': False, 'install_base': '/home/ugv-c7/CodeWorkspace/UGV-Robot/ros2_humble_colcon_ws/install/moveit_visual_tools', 'merge_install': False, 'path': '/home/ugv-c7/CodeWorkspace/UGV-Robot/ros2_humble_colcon_ws/src/moveit_visual_tools', 'symlink_install': False, 'test_result_base': None}
[1.335s] Level 5:colcon.colcon_core.verb:set package 'moveit_ros_benchmarks' build argument 'cmake_args' from command line to 'None'
[1.335s] Level 5:colcon.colcon_core.verb:set package 'moveit_ros_benchmarks' build argument 'cmake_target' from command line to 'None'
[1.335s] Level 5:colcon.colcon_core.verb:set package 'moveit_ros_benchmarks' build argument 'cmake_target_skip_unavailable' from command line to 'False'
[1.335s] Level 5:colcon.colcon_core.verb:set package 'moveit_ros_benchmarks' build argument 'cmake_clean_cache' from command line to 'False'
[1.335s] Level 5:colcon.colcon_core.verb:set package 'moveit_ros_benchmarks' build argument 'cmake_clean_first' from command line to 'False'
[1.335s] Level 5:colcon.colcon_core.verb:set package 'moveit_ros_benchmarks' build argument 'cmake_force_configure' from command line to 'False'
[1.335s] Level 5:colcon.colcon_core.verb:set package 'moveit_ros_benchmarks' build argument 'ament_cmake_args' from command line to 'None'
[1.335s] Level 5:colcon.colcon_core.verb:set package 'moveit_ros_benchmarks' build argument 'catkin_cmake_args' from command line to 'None'
[1.335s] Level 5:colcon.colcon_core.verb:set package 'moveit_ros_benchmarks' build argument 'catkin_skip_building_tests' from command line to 'False'
[1.335s] DEBUG:colcon.colcon_core.verb:Building package 'moveit_ros_benchmarks' with the following arguments: {'ament_cmake_args': None, 'build_base': '/home/ugv-c7/CodeWorkspace/UGV-Robot/ros2_humble_colcon_ws/build/moveit_ros_benchmarks', 'catkin_cmake_args': None, 'catkin_skip_building_tests': False, 'cmake_args': None, 'cmake_clean_cache': False, 'cmake_clean_first': False, 'cmake_force_configure': False, 'cmake_target': None, 'cmake_target_skip_unavailable': False, 'install_base': '/home/ugv-c7/CodeWorkspace/UGV-Robot/ros2_humble_colcon_ws/install/moveit_ros_benchmarks', 'merge_install': False, 'path': '/home/ugv-c7/CodeWorkspace/UGV-Robot/ros2_humble_colcon_ws/src/moveit2/moveit_ros/benchmarks', 'symlink_install': False, 'test_result_base': None}
[1.336s] Level 5:colcon.colcon_core.verb:set package 'moveit_ros_move_group' build argument 'cmake_args' from command line to 'None'
[1.336s] Level 5:colcon.colcon_core.verb:set package 'moveit_ros_move_group' build argument 'cmake_target' from command line to 'None'
[1.336s] Level 5:colcon.colcon_core.verb:set package 'moveit_ros_move_group' build argument 'cmake_target_skip_unavailable' from command line to 'False'
[1.336s] Level 5:colcon.colcon_core.verb:set package 'moveit_ros_move_group' build argument 'cmake_clean_cache' from command line to 'False'
[1.336s] Level 5:colcon.colcon_core.verb:set package 'moveit_ros_move_group' build argument 'cmake_clean_first' from command line to 'False'
[1.337s] Level 5:colcon.colcon_core.verb:set package 'moveit_ros_move_group' build argument 'cmake_force_configure' from command line to 'False'
[1.337s] Level 5:colcon.colcon_core.verb:set package 'moveit_ros_move_group' build argument 'ament_cmake_args' from command line to 'None'
[1.337s] Level 5:colcon.colcon_core.verb:set package 'moveit_ros_move_group' build argument 'catkin_cmake_args' from command line to 'None'
[1.337s] Level 5:colcon.colcon_core.verb:set package 'moveit_ros_move_group' build argument 'catkin_skip_building_tests' from command line to 'False'
[1.337s] DEBUG:colcon.colcon_core.verb:Building package 'moveit_ros_move_group' with the following arguments: {'ament_cmake_args': None, 'build_base': '/home/ugv-c7/CodeWorkspace/UGV-Robot/ros2_humble_colcon_ws/build/moveit_ros_move_group', 'catkin_cmake_args': None, 'catkin_skip_building_tests': False, 'cmake_args': None, 'cmake_clean_cache': False, 'cmake_clean_first': False, 'cmake_force_configure': False, 'cmake_target': None, 'cmake_target_skip_unavailable': False, 'install_base': '/home/ugv-c7/CodeWorkspace/UGV-Robot/ros2_humble_colcon_ws/install/moveit_ros_move_group', 'merge_install': False, 'path': '/home/ugv-c7/CodeWorkspace/UGV-Robot/ros2_humble_colcon_ws/src/moveit2/moveit_ros/move_group', 'symlink_install': False, 'test_result_base': None}
[1.337s] Level 5:colcon.colcon_core.verb:set package 'moveit_resources_prbt_moveit_config' build argument 'cmake_args' from command line to 'None'
[1.338s] Level 5:colcon.colcon_core.verb:set package 'moveit_resources_prbt_moveit_config' build argument 'cmake_target' from command line to 'None'
[1.338s] Level 5:colcon.colcon_core.verb:set package 'moveit_resources_prbt_moveit_config' build argument 'cmake_target_skip_unavailable' from command line to 'False'
[1.338s] Level 5:colcon.colcon_core.verb:set package 'moveit_resources_prbt_moveit_config' build argument 'cmake_clean_cache' from command line to 'False'
[1.338s] Level 5:colcon.colcon_core.verb:set package 'moveit_resources_prbt_moveit_config' build argument 'cmake_clean_first' from command line to 'False'
[1.338s] Level 5:colcon.colcon_core.verb:set package 'moveit_resources_prbt_moveit_config' build argument 'cmake_force_configure' from command line to 'False'
[1.338s] Level 5:colcon.colcon_core.verb:set package 'moveit_resources_prbt_moveit_config' build argument 'ament_cmake_args' from command line to 'None'
[1.338s] Level 5:colcon.colcon_core.verb:set package 'moveit_resources_prbt_moveit_config' build argument 'catkin_cmake_args' from command line to 'None'
[1.338s] Level 5:colcon.colcon_core.verb:set package 'moveit_resources_prbt_moveit_config' build argument 'catkin_skip_building_tests' from command line to 'False'
[1.338s] DEBUG:colcon.colcon_core.verb:Building package 'moveit_resources_prbt_moveit_config' with the following arguments: {'ament_cmake_args': None, 'build_base': '/home/ugv-c7/CodeWorkspace/UGV-Robot/ros2_humble_colcon_ws/build/moveit_resources_prbt_moveit_config', 'catkin_cmake_args': None, 'catkin_skip_building_tests': False, 'cmake_args': None, 'cmake_clean_cache': False, 'cmake_clean_first': False, 'cmake_force_configure': False, 'cmake_target': None, 'cmake_target_skip_unavailable': False, 'install_base': '/home/ugv-c7/CodeWorkspace/UGV-Robot/ros2_humble_colcon_ws/install/moveit_resources_prbt_moveit_config', 'merge_install': False, 'path': '/home/ugv-c7/CodeWorkspace/UGV-Robot/ros2_humble_colcon_ws/src/moveit2/moveit_planners/test_configs/prbt_moveit_config', 'symlink_install': False, 'test_result_base': None}
[1.339s] Level 5:colcon.colcon_core.verb:set package 'moveit_ros_planning_interface' build argument 'cmake_args' from command line to 'None'
[1.339s] Level 5:colcon.colcon_core.verb:set package 'moveit_ros_planning_interface' build argument 'cmake_target' from command line to 'None'
[1.339s] Level 5:colcon.colcon_core.verb:set package 'moveit_ros_planning_interface' build argument 'cmake_target_skip_unavailable' from command line to 'False'
[1.339s] Level 5:colcon.colcon_core.verb:set package 'moveit_ros_planning_interface' build argument 'cmake_clean_cache' from command line to 'False'
[1.339s] Level 5:colcon.colcon_core.verb:set package 'moveit_ros_planning_interface' build argument 'cmake_clean_first' from command line to 'False'
[1.339s] Level 5:colcon.colcon_core.verb:set package 'moveit_ros_planning_interface' build argument 'cmake_force_configure' from command line to 'False'
[1.339s] Level 5:colcon.colcon_core.verb:set package 'moveit_ros_planning_interface' build argument 'ament_cmake_args' from command line to 'None'
[1.339s] Level 5:colcon.colcon_core.verb:set package 'moveit_ros_planning_interface' build argument 'catkin_cmake_args' from command line to 'None'
[1.339s] Level 5:colcon.colcon_core.verb:set package 'moveit_ros_planning_interface' build argument 'catkin_skip_building_tests' from command line to 'False'
[1.339s] DEBUG:colcon.colcon_core.verb:Building package 'moveit_ros_planning_interface' with the following arguments: {'ament_cmake_args': None, 'build_base': '/home/ugv-c7/CodeWorkspace/UGV-Robot/ros2_humble_colcon_ws/build/moveit_ros_planning_interface', 'catkin_cmake_args': None, 'catkin_skip_building_tests': False, 'cmake_args': None, 'cmake_clean_cache': False, 'cmake_clean_first': False, 'cmake_force_configure': False, 'cmake_target': None, 'cmake_target_skip_unavailable': False, 'install_base': '/home/ugv-c7/CodeWorkspace/UGV-Robot/ros2_humble_colcon_ws/install/moveit_ros_planning_interface', 'merge_install': False, 'path': '/home/ugv-c7/CodeWorkspace/UGV-Robot/ros2_humble_colcon_ws/src/moveit2/moveit_ros/planning_interface', 'symlink_install': False, 'test_result_base': None}
[1.340s] Level 5:colcon.colcon_core.verb:set package 'moveit_hybrid_planning' build argument 'cmake_args' from command line to 'None'
[1.340s] Level 5:colcon.colcon_core.verb:set package 'moveit_hybrid_planning' build argument 'cmake_target' from command line to 'None'
[1.340s] Level 5:colcon.colcon_core.verb:set package 'moveit_hybrid_planning' build argument 'cmake_target_skip_unavailable' from command line to 'False'
[1.340s] Level 5:colcon.colcon_core.verb:set package 'moveit_hybrid_planning' build argument 'cmake_clean_cache' from command line to 'False'
[1.340s] Level 5:colcon.colcon_core.verb:set package 'moveit_hybrid_planning' build argument 'cmake_clean_first' from command line to 'False'
[1.340s] Level 5:colcon.colcon_core.verb:set package 'moveit_hybrid_planning' build argument 'cmake_force_configure' from command line to 'False'
[1.340s] Level 5:colcon.colcon_core.verb:set package 'moveit_hybrid_planning' build argument 'ament_cmake_args' from command line to 'None'
[1.340s] Level 5:colcon.colcon_core.verb:set package 'moveit_hybrid_planning' build argument 'catkin_cmake_args' from command line to 'None'
[1.340s] Level 5:colcon.colcon_core.verb:set package 'moveit_hybrid_planning' build argument 'catkin_skip_building_tests' from command line to 'False'
[1.341s] DEBUG:colcon.colcon_core.verb:Building package 'moveit_hybrid_planning' with the following arguments: {'ament_cmake_args': None, 'build_base': '/home/ugv-c7/CodeWorkspace/UGV-Robot/ros2_humble_colcon_ws/build/moveit_hybrid_planning', 'catkin_cmake_args': None, 'catkin_skip_building_tests': False, 'cmake_args': None, 'cmake_clean_cache': False, 'cmake_clean_first': False, 'cmake_force_configure': False, 'cmake_target': None, 'cmake_target_skip_unavailable': False, 'install_base': '/home/ugv-c7/CodeWorkspace/UGV-Robot/ros2_humble_colcon_ws/install/moveit_hybrid_planning', 'merge_install': False, 'path': '/home/ugv-c7/CodeWorkspace/UGV-Robot/ros2_humble_colcon_ws/src/moveit2/moveit_ros/hybrid_planning', 'symlink_install': False, 'test_result_base': None}
[1.341s] Level 5:colcon.colcon_core.verb:set package 'moveit_resources_prbt_pg70_support' build argument 'cmake_args' from command line to 'None'
[1.341s] Level 5:colcon.colcon_core.verb:set package 'moveit_resources_prbt_pg70_support' build argument 'cmake_target' from command line to 'None'
[1.341s] Level 5:colcon.colcon_core.verb:set package 'moveit_resources_prbt_pg70_support' build argument 'cmake_target_skip_unavailable' from command line to 'False'
[1.341s] Level 5:colcon.colcon_core.verb:set package 'moveit_resources_prbt_pg70_support' build argument 'cmake_clean_cache' from command line to 'False'
[1.342s] Level 5:colcon.colcon_core.verb:set package 'moveit_resources_prbt_pg70_support' build argument 'cmake_clean_first' from command line to 'False'
[1.342s] Level 5:colcon.colcon_core.verb:set package 'moveit_resources_prbt_pg70_support' build argument 'cmake_force_configure' from command line to 'False'
[1.342s] Level 5:colcon.colcon_core.verb:set package 'moveit_resources_prbt_pg70_support' build argument 'ament_cmake_args' from command line to 'None'
[1.342s] Level 5:colcon.colcon_core.verb:set package 'moveit_resources_prbt_pg70_support' build argument 'catkin_cmake_args' from command line to 'None'
[1.342s] Level 5:colcon.colcon_core.verb:set package 'moveit_resources_prbt_pg70_support' build argument 'catkin_skip_building_tests' from command line to 'False'
[1.342s] DEBUG:colcon.colcon_core.verb:Building package 'moveit_resources_prbt_pg70_support' with the following arguments: {'ament_cmake_args': None, 'build_base': '/home/ugv-c7/CodeWorkspace/UGV-Robot/ros2_humble_colcon_ws/build/moveit_resources_prbt_pg70_support', 'catkin_cmake_args': None, 'catkin_skip_building_tests': False, 'cmake_args': None, 'cmake_clean_cache': False, 'cmake_clean_first': False, 'cmake_force_configure': False, 'cmake_target': None, 'cmake_target_skip_unavailable': False, 'install_base': '/home/ugv-c7/CodeWorkspace/UGV-Robot/ros2_humble_colcon_ws/install/moveit_resources_prbt_pg70_support', 'merge_install': False, 'path': '/home/ugv-c7/CodeWorkspace/UGV-Robot/ros2_humble_colcon_ws/src/moveit2/moveit_planners/test_configs/prbt_pg70_support', 'symlink_install': False, 'test_result_base': None}
[1.343s] Level 5:colcon.colcon_core.verb:set package 'moveit_ros_visualization' build argument 'cmake_args' from command line to 'None'
[1.343s] Level 5:colcon.colcon_core.verb:set package 'moveit_ros_visualization' build argument 'cmake_target' from command line to 'None'
[1.343s] Level 5:colcon.colcon_core.verb:set package 'moveit_ros_visualization' build argument 'cmake_target_skip_unavailable' from command line to 'False'
[1.343s] Level 5:colcon.colcon_core.verb:set package 'moveit_ros_visualization' build argument 'cmake_clean_cache' from command line to 'False'
[1.343s] Level 5:colcon.colcon_core.verb:set package 'moveit_ros_visualization' build argument 'cmake_clean_first' from command line to 'False'
[1.343s] Level 5:colcon.colcon_core.verb:set package 'moveit_ros_visualization' build argument 'cmake_force_configure' from command line to 'False'
[1.343s] Level 5:colcon.colcon_core.verb:set package 'moveit_ros_visualization' build argument 'ament_cmake_args' from command line to 'None'
[1.343s] Level 5:colcon.colcon_core.verb:set package 'moveit_ros_visualization' build argument 'catkin_cmake_args' from command line to 'None'
[1.343s] Level 5:colcon.colcon_core.verb:set package 'moveit_ros_visualization' build argument 'catkin_skip_building_tests' from command line to 'False'
[1.343s] DEBUG:colcon.colcon_core.verb:Building package 'moveit_ros_visualization' with the following arguments: {'ament_cmake_args': None, 'build_base': '/home/ugv-c7/CodeWorkspace/UGV-Robot/ros2_humble_colcon_ws/build/moveit_ros_visualization', 'catkin_cmake_args': None, 'catkin_skip_building_tests': False, 'cmake_args': None, 'cmake_clean_cache': False, 'cmake_clean_first': False, 'cmake_force_configure': False, 'cmake_target': None, 'cmake_target_skip_unavailable': False, 'install_base': '/home/ugv-c7/CodeWorkspace/UGV-Robot/ros2_humble_colcon_ws/install/moveit_ros_visualization', 'merge_install': False, 'path': '/home/ugv-c7/CodeWorkspace/UGV-Robot/ros2_humble_colcon_ws/src/moveit2/moveit_ros/visualization', 'symlink_install': False, 'test_result_base': None}
[1.344s] Level 5:colcon.colcon_core.verb:set package 'moveit_servo' build argument 'cmake_args' from command line to 'None'
[1.344s] Level 5:colcon.colcon_core.verb:set package 'moveit_servo' build argument 'cmake_target' from command line to 'None'
[1.344s] Level 5:colcon.colcon_core.verb:set package 'moveit_servo' build argument 'cmake_target_skip_unavailable' from command line to 'False'
[1.344s] Level 5:colcon.colcon_core.verb:set package 'moveit_servo' build argument 'cmake_clean_cache' from command line to 'False'
[1.344s] Level 5:colcon.colcon_core.verb:set package 'moveit_servo' build argument 'cmake_clean_first' from command line to 'False'
[1.344s] Level 5:colcon.colcon_core.verb:set package 'moveit_servo' build argument 'cmake_force_configure' from command line to 'False'
[1.344s] Level 5:colcon.colcon_core.verb:set package 'moveit_servo' build argument 'ament_cmake_args' from command line to 'None'
[1.344s] Level 5:colcon.colcon_core.verb:set package 'moveit_servo' build argument 'catkin_cmake_args' from command line to 'None'
[1.344s] Level 5:colcon.colcon_core.verb:set package 'moveit_servo' build argument 'catkin_skip_building_tests' from command line to 'False'
[1.344s] DEBUG:colcon.colcon_core.verb:Building package 'moveit_servo' with the following arguments: {'ament_cmake_args': None, 'build_base': '/home/ugv-c7/CodeWorkspace/UGV-Robot/ros2_humble_colcon_ws/build/moveit_servo', 'catkin_cmake_args': None, 'catkin_skip_building_tests': False, 'cmake_args': None, 'cmake_clean_cache': False, 'cmake_clean_first': False, 'cmake_force_configure': False, 'cmake_target': None, 'cmake_target_skip_unavailable': False, 'install_base': '/home/ugv-c7/CodeWorkspace/UGV-Robot/ros2_humble_colcon_ws/install/moveit_servo', 'merge_install': False, 'path': '/home/ugv-c7/CodeWorkspace/UGV-Robot/ros2_humble_colcon_ws/src/moveit2/moveit_ros/moveit_servo', 'symlink_install': False, 'test_result_base': None}
[1.345s] Level 5:colcon.colcon_core.verb:set package 'moveit_ros' build argument 'cmake_args' from command line to 'None'
[1.345s] Level 5:colcon.colcon_core.verb:set package 'moveit_ros' build argument 'cmake_target' from command line to 'None'
[1.345s] Level 5:colcon.colcon_core.verb:set package 'moveit_ros' build argument 'cmake_target_skip_unavailable' from command line to 'False'
[1.345s] Level 5:colcon.colcon_core.verb:set package 'moveit_ros' build argument 'cmake_clean_cache' from command line to 'False'
[1.345s] Level 5:colcon.colcon_core.verb:set package 'moveit_ros' build argument 'cmake_clean_first' from command line to 'False'
[1.345s] Level 5:colcon.colcon_core.verb:set package 'moveit_ros' build argument 'cmake_force_configure' from command line to 'False'
[1.345s] Level 5:colcon.colcon_core.verb:set package 'moveit_ros' build argument 'ament_cmake_args' from command line to 'None'
[1.345s] Level 5:colcon.colcon_core.verb:set package 'moveit_ros' build argument 'catkin_cmake_args' from command line to 'None'
[1.345s] Level 5:colcon.colcon_core.verb:set package 'moveit_ros' build argument 'catkin_skip_building_tests' from command line to 'False'
[1.346s] DEBUG:colcon.colcon_core.verb:Building package 'moveit_ros' with the following arguments: {'ament_cmake_args': None, 'build_base': '/home/ugv-c7/CodeWorkspace/UGV-Robot/ros2_humble_colcon_ws/build/moveit_ros', 'catkin_cmake_args': None, 'catkin_skip_building_tests': False, 'cmake_args': None, 'cmake_clean_cache': False, 'cmake_clean_first': False, 'cmake_force_configure': False, 'cmake_target': None, 'cmake_target_skip_unavailable': False, 'install_base': '/home/ugv-c7/CodeWorkspace/UGV-Robot/ros2_humble_colcon_ws/install/moveit_ros', 'merge_install': False, 'path': '/home/ugv-c7/CodeWorkspace/UGV-Robot/ros2_humble_colcon_ws/src/moveit2/moveit_ros/moveit_ros', 'symlink_install': False, 'test_result_base': None}
[1.346s] Level 5:colcon.colcon_core.verb:set package 'moveit_setup_framework' build argument 'cmake_args' from command line to 'None'
[1.346s] Level 5:colcon.colcon_core.verb:set package 'moveit_setup_framework' build argument 'cmake_target' from command line to 'None'
[1.346s] Level 5:colcon.colcon_core.verb:set package 'moveit_setup_framework' build argument 'cmake_target_skip_unavailable' from command line to 'False'
[1.346s] Level 5:colcon.colcon_core.verb:set package 'moveit_setup_framework' build argument 'cmake_clean_cache' from command line to 'False'
[1.347s] Level 5:colcon.colcon_core.verb:set package 'moveit_setup_framework' build argument 'cmake_clean_first' from command line to 'False'
[1.347s] Level 5:colcon.colcon_core.verb:set package 'moveit_setup_framework' build argument 'cmake_force_configure' from command line to 'False'
[1.347s] Level 5:colcon.colcon_core.verb:set package 'moveit_setup_framework' build argument 'ament_cmake_args' from command line to 'None'
[1.347s] Level 5:colcon.colcon_core.verb:set package 'moveit_setup_framework' build argument 'catkin_cmake_args' from command line to 'None'
[1.347s] Level 5:colcon.colcon_core.verb:set package 'moveit_setup_framework' build argument 'catkin_skip_building_tests' from command line to 'False'
[1.347s] DEBUG:colcon.colcon_core.verb:Building package 'moveit_setup_framework' with the following arguments: {'ament_cmake_args': None, 'build_base': '/home/ugv-c7/CodeWorkspace/UGV-Robot/ros2_humble_colcon_ws/build/moveit_setup_framework', 'catkin_cmake_args': None, 'catkin_skip_building_tests': False, 'cmake_args': None, 'cmake_clean_cache': False, 'cmake_clean_first': False, 'cmake_force_configure': False, 'cmake_target': None, 'cmake_target_skip_unavailable': False, 'install_base': '/home/ugv-c7/CodeWorkspace/UGV-Robot/ros2_humble_colcon_ws/install/moveit_setup_framework', 'merge_install': False, 'path': '/home/ugv-c7/CodeWorkspace/UGV-Robot/ros2_humble_colcon_ws/src/moveit2/moveit_setup_assistant/moveit_setup_framework', 'symlink_install': False, 'test_result_base': None}
[1.348s] Level 5:colcon.colcon_core.verb:set package 'pilz_industrial_motion_planner' build argument 'cmake_args' from command line to 'None'
[1.348s] Level 5:colcon.colcon_core.verb:set package 'pilz_industrial_motion_planner' build argument 'cmake_target' from command line to 'None'
[1.348s] Level 5:colcon.colcon_core.verb:set package 'pilz_industrial_motion_planner' build argument 'cmake_target_skip_unavailable' from command line to 'False'
[1.348s] Level 5:colcon.colcon_core.verb:set package 'pilz_industrial_motion_planner' build argument 'cmake_clean_cache' from command line to 'False'
[1.348s] Level 5:colcon.colcon_core.verb:set package 'pilz_industrial_motion_planner' build argument 'cmake_clean_first' from command line to 'False'
[1.348s] Level 5:colcon.colcon_core.verb:set package 'pilz_industrial_motion_planner' build argument 'cmake_force_configure' from command line to 'False'
[1.348s] Level 5:colcon.colcon_core.verb:set package 'pilz_industrial_motion_planner' build argument 'ament_cmake_args' from command line to 'None'
[1.348s] Level 5:colcon.colcon_core.verb:set package 'pilz_industrial_motion_planner' build argument 'catkin_cmake_args' from command line to 'None'
[1.348s] Level 5:colcon.colcon_core.verb:set package 'pilz_industrial_motion_planner' build argument 'catkin_skip_building_tests' from command line to 'False'
[1.348s] DEBUG:colcon.colcon_core.verb:Building package 'pilz_industrial_motion_planner' with the following arguments: {'ament_cmake_args': None, 'build_base': '/home/ugv-c7/CodeWorkspace/UGV-Robot/ros2_humble_colcon_ws/build/pilz_industrial_motion_planner', 'catkin_cmake_args': None, 'catkin_skip_building_tests': False, 'cmake_args': None, 'cmake_clean_cache': False, 'cmake_clean_first': False, 'cmake_force_configure': False, 'cmake_target': None, 'cmake_target_skip_unavailable': False, 'install_base': '/home/ugv-c7/CodeWorkspace/UGV-Robot/ros2_humble_colcon_ws/install/pilz_industrial_motion_planner', 'merge_install': False, 'path': '/home/ugv-c7/CodeWorkspace/UGV-Robot/ros2_humble_colcon_ws/src/moveit2/moveit_planners/pilz_industrial_motion_planner', 'symlink_install': False, 'test_result_base': None}
[1.349s] Level 5:colcon.colcon_core.verb:set package 'moveit_planners' build argument 'cmake_args' from command line to 'None'
[1.349s] Level 5:colcon.colcon_core.verb:set package 'moveit_planners' build argument 'cmake_target' from command line to 'None'
[1.349s] Level 5:colcon.colcon_core.verb:set package 'moveit_planners' build argument 'cmake_target_skip_unavailable' from command line to 'False'
[1.349s] Level 5:colcon.colcon_core.verb:set package 'moveit_planners' build argument 'cmake_clean_cache' from command line to 'False'
[1.349s] Level 5:colcon.colcon_core.verb:set package 'moveit_planners' build argument 'cmake_clean_first' from command line to 'False'
[1.349s] Level 5:colcon.colcon_core.verb:set package 'moveit_planners' build argument 'cmake_force_configure' from command line to 'False'
[1.349s] Level 5:colcon.colcon_core.verb:set package 'moveit_planners' build argument 'ament_cmake_args' from command line to 'None'
[1.349s] Level 5:colcon.colcon_core.verb:set package 'moveit_planners' build argument 'catkin_cmake_args' from command line to 'None'
[1.349s] Level 5:colcon.colcon_core.verb:set package 'moveit_planners' build argument 'catkin_skip_building_tests' from command line to 'False'
[1.349s] DEBUG:colcon.colcon_core.verb:Building package 'moveit_planners' with the following arguments: {'ament_cmake_args': None, 'build_base': '/home/ugv-c7/CodeWorkspace/UGV-Robot/ros2_humble_colcon_ws/build/moveit_planners', 'catkin_cmake_args': None, 'catkin_skip_building_tests': False, 'cmake_args': None, 'cmake_clean_cache': False, 'cmake_clean_first': False, 'cmake_force_configure': False, 'cmake_target': None, 'cmake_target_skip_unavailable': False, 'install_base': '/home/ugv-c7/CodeWorkspace/UGV-Robot/ros2_humble_colcon_ws/install/moveit_planners', 'merge_install': False, 'path': '/home/ugv-c7/CodeWorkspace/UGV-Robot/ros2_humble_colcon_ws/src/moveit2/moveit_planners/moveit_planners', 'symlink_install': False, 'test_result_base': None}
[1.350s] Level 5:colcon.colcon_core.verb:set package 'moveit_setup_app_plugins' build argument 'cmake_args' from command line to 'None'
[1.350s] Level 5:colcon.colcon_core.verb:set package 'moveit_setup_app_plugins' build argument 'cmake_target' from command line to 'None'
[1.350s] Level 5:colcon.colcon_core.verb:set package 'moveit_setup_app_plugins' build argument 'cmake_target_skip_unavailable' from command line to 'False'
[1.350s] Level 5:colcon.colcon_core.verb:set package 'moveit_setup_app_plugins' build argument 'cmake_clean_cache' from command line to 'False'
[1.350s] Level 5:colcon.colcon_core.verb:set package 'moveit_setup_app_plugins' build argument 'cmake_clean_first' from command line to 'False'
[1.350s] Level 5:colcon.colcon_core.verb:set package 'moveit_setup_app_plugins' build argument 'cmake_force_configure' from command line to 'False'
[1.350s] Level 5:colcon.colcon_core.verb:set package 'moveit_setup_app_plugins' build argument 'ament_cmake_args' from command line to 'None'
[1.350s] Level 5:colcon.colcon_core.verb:set package 'moveit_setup_app_plugins' build argument 'catkin_cmake_args' from command line to 'None'
[1.351s] Level 5:colcon.colcon_core.verb:set package 'moveit_setup_app_plugins' build argument 'catkin_skip_building_tests' from command line to 'False'
[1.351s] DEBUG:colcon.colcon_core.verb:Building package 'moveit_setup_app_plugins' with the following arguments: {'ament_cmake_args': None, 'build_base': '/home/ugv-c7/CodeWorkspace/UGV-Robot/ros2_humble_colcon_ws/build/moveit_setup_app_plugins', 'catkin_cmake_args': None, 'catkin_skip_building_tests': False, 'cmake_args': None, 'cmake_clean_cache': False, 'cmake_clean_first': False, 'cmake_force_configure': False, 'cmake_target': None, 'cmake_target_skip_unavailable': False, 'install_base': '/home/ugv-c7/CodeWorkspace/UGV-Robot/ros2_humble_colcon_ws/install/moveit_setup_app_plugins', 'merge_install': False, 'path': '/home/ugv-c7/CodeWorkspace/UGV-Robot/ros2_humble_colcon_ws/src/moveit2/moveit_setup_assistant/moveit_setup_app_plugins', 'symlink_install': False, 'test_result_base': None}
[1.351s] Level 5:colcon.colcon_core.verb:set package 'moveit_setup_controllers' build argument 'cmake_args' from command line to 'None'
[1.351s] Level 5:colcon.colcon_core.verb:set package 'moveit_setup_controllers' build argument 'cmake_target' from command line to 'None'
[1.351s] Level 5:colcon.colcon_core.verb:set package 'moveit_setup_controllers' build argument 'cmake_target_skip_unavailable' from command line to 'False'
[1.352s] Level 5:colcon.colcon_core.verb:set package 'moveit_setup_controllers' build argument 'cmake_clean_cache' from command line to 'False'
[1.352s] Level 5:colcon.colcon_core.verb:set package 'moveit_setup_controllers' build argument 'cmake_clean_first' from command line to 'False'
[1.352s] Level 5:colcon.colcon_core.verb:set package 'moveit_setup_controllers' build argument 'cmake_force_configure' from command line to 'False'
[1.352s] Level 5:colcon.colcon_core.verb:set package 'moveit_setup_controllers' build argument 'ament_cmake_args' from command line to 'None'
[1.352s] Level 5:colcon.colcon_core.verb:set package 'moveit_setup_controllers' build argument 'catkin_cmake_args' from command line to 'None'
[1.352s] Level 5:colcon.colcon_core.verb:set package 'moveit_setup_controllers' build argument 'catkin_skip_building_tests' from command line to 'False'
[1.352s] DEBUG:colcon.colcon_core.verb:Building package 'moveit_setup_controllers' with the following arguments: {'ament_cmake_args': None, 'build_base': '/home/ugv-c7/CodeWorkspace/UGV-Robot/ros2_humble_colcon_ws/build/moveit_setup_controllers', 'catkin_cmake_args': None, 'catkin_skip_building_tests': False, 'cmake_args': None, 'cmake_clean_cache': False, 'cmake_clean_first': False, 'cmake_force_configure': False, 'cmake_target': None, 'cmake_target_skip_unavailable': False, 'install_base': '/home/ugv-c7/CodeWorkspace/UGV-Robot/ros2_humble_colcon_ws/install/moveit_setup_controllers', 'merge_install': False, 'path': '/home/ugv-c7/CodeWorkspace/UGV-Robot/ros2_humble_colcon_ws/src/moveit2/moveit_setup_assistant/moveit_setup_controllers', 'symlink_install': False, 'test_result_base': None}
[1.353s] Level 5:colcon.colcon_core.verb:set package 'moveit_setup_core_plugins' build argument 'cmake_args' from command line to 'None'
[1.353s] Level 5:colcon.colcon_core.verb:set package 'moveit_setup_core_plugins' build argument 'cmake_target' from command line to 'None'
[1.353s] Level 5:colcon.colcon_core.verb:set package 'moveit_setup_core_plugins' build argument 'cmake_target_skip_unavailable' from command line to 'False'
[1.353s] Level 5:colcon.colcon_core.verb:set package 'moveit_setup_core_plugins' build argument 'cmake_clean_cache' from command line to 'False'
[1.353s] Level 5:colcon.colcon_core.verb:set package 'moveit_setup_core_plugins' build argument 'cmake_clean_first' from command line to 'False'
[1.353s] Level 5:colcon.colcon_core.verb:set package 'moveit_setup_core_plugins' build argument 'cmake_force_configure' from command line to 'False'
[1.353s] Level 5:colcon.colcon_core.verb:set package 'moveit_setup_core_plugins' build argument 'ament_cmake_args' from command line to 'None'
[1.353s] Level 5:colcon.colcon_core.verb:set package 'moveit_setup_core_plugins' build argument 'catkin_cmake_args' from command line to 'None'
[1.353s] Level 5:colcon.colcon_core.verb:set package 'moveit_setup_core_plugins' build argument 'catkin_skip_building_tests' from command line to 'False'
[1.353s] DEBUG:colcon.colcon_core.verb:Building package 'moveit_setup_core_plugins' with the following arguments: {'ament_cmake_args': None, 'build_base': '/home/ugv-c7/CodeWorkspace/UGV-Robot/ros2_humble_colcon_ws/build/moveit_setup_core_plugins', 'catkin_cmake_args': None, 'catkin_skip_building_tests': False, 'cmake_args': None, 'cmake_clean_cache': False, 'cmake_clean_first': False, 'cmake_force_configure': False, 'cmake_target': None, 'cmake_target_skip_unavailable': False, 'install_base': '/home/ugv-c7/CodeWorkspace/UGV-Robot/ros2_humble_colcon_ws/install/moveit_setup_core_plugins', 'merge_install': False, 'path': '/home/ugv-c7/CodeWorkspace/UGV-Robot/ros2_humble_colcon_ws/src/moveit2/moveit_setup_assistant/moveit_setup_core_plugins', 'symlink_install': False, 'test_result_base': None}
[1.354s] Level 5:colcon.colcon_core.verb:set package 'moveit_setup_srdf_plugins' build argument 'cmake_args' from command line to 'None'
[1.354s] Level 5:colcon.colcon_core.verb:set package 'moveit_setup_srdf_plugins' build argument 'cmake_target' from command line to 'None'
[1.354s] Level 5:colcon.colcon_core.verb:set package 'moveit_setup_srdf_plugins' build argument 'cmake_target_skip_unavailable' from command line to 'False'
[1.354s] Level 5:colcon.colcon_core.verb:set package 'moveit_setup_srdf_plugins' build argument 'cmake_clean_cache' from command line to 'False'
[1.354s] Level 5:colcon.colcon_core.verb:set package 'moveit_setup_srdf_plugins' build argument 'cmake_clean_first' from command line to 'False'
[1.354s] Level 5:colcon.colcon_core.verb:set package 'moveit_setup_srdf_plugins' build argument 'cmake_force_configure' from command line to 'False'
[1.354s] Level 5:colcon.colcon_core.verb:set package 'moveit_setup_srdf_plugins' build argument 'ament_cmake_args' from command line to 'None'
[1.354s] Level 5:colcon.colcon_core.verb:set package 'moveit_setup_srdf_plugins' build argument 'catkin_cmake_args' from command line to 'None'
[1.354s] Level 5:colcon.colcon_core.verb:set package 'moveit_setup_srdf_plugins' build argument 'catkin_skip_building_tests' from command line to 'False'
[1.354s] DEBUG:colcon.colcon_core.verb:Building package 'moveit_setup_srdf_plugins' with the following arguments: {'ament_cmake_args': None, 'build_base': '/home/ugv-c7/CodeWorkspace/UGV-Robot/ros2_humble_colcon_ws/build/moveit_setup_srdf_plugins', 'catkin_cmake_args': None, 'catkin_skip_building_tests': False, 'cmake_args': None, 'cmake_clean_cache': False, 'cmake_clean_first': False, 'cmake_force_configure': False, 'cmake_target': None, 'cmake_target_skip_unavailable': False, 'install_base': '/home/ugv-c7/CodeWorkspace/UGV-Robot/ros2_humble_colcon_ws/install/moveit_setup_srdf_plugins', 'merge_install': False, 'path': '/home/ugv-c7/CodeWorkspace/UGV-Robot/ros2_humble_colcon_ws/src/moveit2/moveit_setup_assistant/moveit_setup_srdf_plugins', 'symlink_install': False, 'test_result_base': None}
[1.355s] Level 5:colcon.colcon_core.verb:set package 'moveit_runtime' build argument 'cmake_args' from command line to 'None'
[1.355s] Level 5:colcon.colcon_core.verb:set package 'moveit_runtime' build argument 'cmake_target' from command line to 'None'
[1.355s] Level 5:colcon.colcon_core.verb:set package 'moveit_runtime' build argument 'cmake_target_skip_unavailable' from command line to 'False'
[1.355s] Level 5:colcon.colcon_core.verb:set package 'moveit_runtime' build argument 'cmake_clean_cache' from command line to 'False'
[1.355s] Level 5:colcon.colcon_core.verb:set package 'moveit_runtime' build argument 'cmake_clean_first' from command line to 'False'
[1.355s] Level 5:colcon.colcon_core.verb:set package 'moveit_runtime' build argument 'cmake_force_configure' from command line to 'False'
[1.356s] Level 5:colcon.colcon_core.verb:set package 'moveit_runtime' build argument 'ament_cmake_args' from command line to 'None'
[1.356s] Level 5:colcon.colcon_core.verb:set package 'moveit_runtime' build argument 'catkin_cmake_args' from command line to 'None'
[1.356s] Level 5:colcon.colcon_core.verb:set package 'moveit_runtime' build argument 'catkin_skip_building_tests' from command line to 'False'
[1.356s] DEBUG:colcon.colcon_core.verb:Building package 'moveit_runtime' with the following arguments: {'ament_cmake_args': None, 'build_base': '/home/ugv-c7/CodeWorkspace/UGV-Robot/ros2_humble_colcon_ws/build/moveit_runtime', 'catkin_cmake_args': None, 'catkin_skip_building_tests': False, 'cmake_args': None, 'cmake_clean_cache': False, 'cmake_clean_first': False, 'cmake_force_configure': False, 'cmake_target': None, 'cmake_target_skip_unavailable': False, 'install_base': '/home/ugv-c7/CodeWorkspace/UGV-Robot/ros2_humble_colcon_ws/install/moveit_runtime', 'merge_install': False, 'path': '/home/ugv-c7/CodeWorkspace/UGV-Robot/ros2_humble_colcon_ws/src/moveit2/moveit_runtime', 'symlink_install': False, 'test_result_base': None}
[1.356s] Level 5:colcon.colcon_core.verb:set package 'moveit_setup_assistant' build argument 'cmake_args' from command line to 'None'
[1.357s] Level 5:colcon.colcon_core.verb:set package 'moveit_setup_assistant' build argument 'cmake_target' from command line to 'None'
[1.357s] Level 5:colcon.colcon_core.verb:set package 'moveit_setup_assistant' build argument 'cmake_target_skip_unavailable' from command line to 'False'
[1.357s] Level 5:colcon.colcon_core.verb:set package 'moveit_setup_assistant' build argument 'cmake_clean_cache' from command line to 'False'
[1.357s] Level 5:colcon.colcon_core.verb:set package 'moveit_setup_assistant' build argument 'cmake_clean_first' from command line to 'False'
[1.357s] Level 5:colcon.colcon_core.verb:set package 'moveit_setup_assistant' build argument 'cmake_force_configure' from command line to 'False'
[1.357s] Level 5:colcon.colcon_core.verb:set package 'moveit_setup_assistant' build argument 'ament_cmake_args' from command line to 'None'
[1.357s] Level 5:colcon.colcon_core.verb:set package 'moveit_setup_assistant' build argument 'catkin_cmake_args' from command line to 'None'
[1.357s] Level 5:colcon.colcon_core.verb:set package 'moveit_setup_assistant' build argument 'catkin_skip_building_tests' from command line to 'False'
[1.357s] DEBUG:colcon.colcon_core.verb:Building package 'moveit_setup_assistant' with the following arguments: {'ament_cmake_args': None, 'build_base': '/home/ugv-c7/CodeWorkspace/UGV-Robot/ros2_humble_colcon_ws/build/moveit_setup_assistant', 'catkin_cmake_args': None, 'catkin_skip_building_tests': False, 'cmake_args': None, 'cmake_clean_cache': False, 'cmake_clean_first': False, 'cmake_force_configure': False, 'cmake_target': None, 'cmake_target_skip_unavailable': False, 'install_base': '/home/ugv-c7/CodeWorkspace/UGV-Robot/ros2_humble_colcon_ws/install/moveit_setup_assistant', 'merge_install': False, 'path': '/home/ugv-c7/CodeWorkspace/UGV-Robot/ros2_humble_colcon_ws/src/moveit2/moveit_setup_assistant/moveit_setup_assistant', 'symlink_install': False, 'test_result_base': None}
[1.358s] Level 5:colcon.colcon_core.verb:set package 'moveit_task_constructor_core' build argument 'cmake_args' from command line to 'None'
[1.358s] Level 5:colcon.colcon_core.verb:set package 'moveit_task_constructor_core' build argument 'cmake_target' from command line to 'None'
[1.358s] Level 5:colcon.colcon_core.verb:set package 'moveit_task_constructor_core' build argument 'cmake_target_skip_unavailable' from command line to 'False'
[1.358s] Level 5:colcon.colcon_core.verb:set package 'moveit_task_constructor_core' build argument 'cmake_clean_cache' from command line to 'False'
[1.358s] Level 5:colcon.colcon_core.verb:set package 'moveit_task_constructor_core' build argument 'cmake_clean_first' from command line to 'False'
[1.358s] Level 5:colcon.colcon_core.verb:set package 'moveit_task_constructor_core' build argument 'cmake_force_configure' from command line to 'False'
[1.358s] Level 5:colcon.colcon_core.verb:set package 'moveit_task_constructor_core' build argument 'ament_cmake_args' from command line to 'None'
[1.358s] Level 5:colcon.colcon_core.verb:set package 'moveit_task_constructor_core' build argument 'catkin_cmake_args' from command line to 'None'
[1.358s] Level 5:colcon.colcon_core.verb:set package 'moveit_task_constructor_core' build argument 'catkin_skip_building_tests' from command line to 'False'
[1.358s] DEBUG:colcon.colcon_core.verb:Building package 'moveit_task_constructor_core' with the following arguments: {'ament_cmake_args': None, 'build_base': '/home/ugv-c7/CodeWorkspace/UGV-Robot/ros2_humble_colcon_ws/build/moveit_task_constructor_core', 'catkin_cmake_args': None, 'catkin_skip_building_tests': False, 'cmake_args': None, 'cmake_clean_cache': False, 'cmake_clean_first': False, 'cmake_force_configure': False, 'cmake_target': None, 'cmake_target_skip_unavailable': False, 'install_base': '/home/ugv-c7/CodeWorkspace/UGV-Robot/ros2_humble_colcon_ws/install/moveit_task_constructor_core', 'merge_install': False, 'path': '/home/ugv-c7/CodeWorkspace/UGV-Robot/ros2_humble_colcon_ws/src/moveit_task_constructor/core', 'symlink_install': False, 'test_result_base': None}
[1.359s] Level 5:colcon.colcon_core.verb:set package 'moveit' build argument 'cmake_args' from command line to 'None'
[1.359s] Level 5:colcon.colcon_core.verb:set package 'moveit' build argument 'cmake_target' from command line to 'None'
[1.359s] Level 5:colcon.colcon_core.verb:set package 'moveit' build argument 'cmake_target_skip_unavailable' from command line to 'False'
[1.359s] Level 5:colcon.colcon_core.verb:set package 'moveit' build argument 'cmake_clean_cache' from command line to 'False'
[1.359s] Level 5:colcon.colcon_core.verb:set package 'moveit' build argument 'cmake_clean_first' from command line to 'False'
[1.359s] Level 5:colcon.colcon_core.verb:set package 'moveit' build argument 'cmake_force_configure' from command line to 'False'
[1.360s] Level 5:colcon.colcon_core.verb:set package 'moveit' build argument 'ament_cmake_args' from command line to 'None'
[1.360s] Level 5:colcon.colcon_core.verb:set package 'moveit' build argument 'catkin_cmake_args' from command line to 'None'
[1.360s] Level 5:colcon.colcon_core.verb:set package 'moveit' build argument 'catkin_skip_building_tests' from command line to 'False'
[1.360s] DEBUG:colcon.colcon_core.verb:Building package 'moveit' with the following arguments: {'ament_cmake_args': None, 'build_base': '/home/ugv-c7/CodeWorkspace/UGV-Robot/ros2_humble_colcon_ws/build/moveit', 'catkin_cmake_args': None, 'catkin_skip_building_tests': False, 'cmake_args': None, 'cmake_clean_cache': False, 'cmake_clean_first': False, 'cmake_force_configure': False, 'cmake_target': None, 'cmake_target_skip_unavailable': False, 'install_base': '/home/ugv-c7/CodeWorkspace/UGV-Robot/ros2_humble_colcon_ws/install/moveit', 'merge_install': False, 'path': '/home/ugv-c7/CodeWorkspace/UGV-Robot/ros2_humble_colcon_ws/src/moveit2/moveit', 'symlink_install': False, 'test_result_base': None}
[1.360s] Level 5:colcon.colcon_core.verb:set package 'moveit_task_constructor_capabilities' build argument 'cmake_args' from command line to 'None'
[1.361s] Level 5:colcon.colcon_core.verb:set package 'moveit_task_constructor_capabilities' build argument 'cmake_target' from command line to 'None'
[1.361s] Level 5:colcon.colcon_core.verb:set package 'moveit_task_constructor_capabilities' build argument 'cmake_target_skip_unavailable' from command line to 'False'
[1.361s] Level 5:colcon.colcon_core.verb:set package 'moveit_task_constructor_capabilities' build argument 'cmake_clean_cache' from command line to 'False'
[1.361s] Level 5:colcon.colcon_core.verb:set package 'moveit_task_constructor_capabilities' build argument 'cmake_clean_first' from command line to 'False'
[1.361s] Level 5:colcon.colcon_core.verb:set package 'moveit_task_constructor_capabilities' build argument 'cmake_force_configure' from command line to 'False'
[1.361s] Level 5:colcon.colcon_core.verb:set package 'moveit_task_constructor_capabilities' build argument 'ament_cmake_args' from command line to 'None'
[1.361s] Level 5:colcon.colcon_core.verb:set package 'moveit_task_constructor_capabilities' build argument 'catkin_cmake_args' from command line to 'None'
[1.361s] Level 5:colcon.colcon_core.verb:set package 'moveit_task_constructor_capabilities' build argument 'catkin_skip_building_tests' from command line to 'False'
[1.361s] DEBUG:colcon.colcon_core.verb:Building package 'moveit_task_constructor_capabilities' with the following arguments: {'ament_cmake_args': None, 'build_base': '/home/ugv-c7/CodeWorkspace/UGV-Robot/ros2_humble_colcon_ws/build/moveit_task_constructor_capabilities', 'catkin_cmake_args': None, 'catkin_skip_building_tests': False, 'cmake_args': None, 'cmake_clean_cache': False, 'cmake_clean_first': False, 'cmake_force_configure': False, 'cmake_target': None, 'cmake_target_skip_unavailable': False, 'install_base': '/home/ugv-c7/CodeWorkspace/UGV-Robot/ros2_humble_colcon_ws/install/moveit_task_constructor_capabilities', 'merge_install': False, 'path': '/home/ugv-c7/CodeWorkspace/UGV-Robot/ros2_humble_colcon_ws/src/moveit_task_constructor/capabilities', 'symlink_install': False, 'test_result_base': None}
[1.362s] Level 5:colcon.colcon_core.verb:set package 'moveit_task_constructor_visualization' build argument 'cmake_args' from command line to 'None'
[1.362s] Level 5:colcon.colcon_core.verb:set package 'moveit_task_constructor_visualization' build argument 'cmake_target' from command line to 'None'
[1.362s] Level 5:colcon.colcon_core.verb:set package 'moveit_task_constructor_visualization' build argument 'cmake_target_skip_unavailable' from command line to 'False'
[1.362s] Level 5:colcon.colcon_core.verb:set package 'moveit_task_constructor_visualization' build argument 'cmake_clean_cache' from command line to 'False'
[1.362s] Level 5:colcon.colcon_core.verb:set package 'moveit_task_constructor_visualization' build argument 'cmake_clean_first' from command line to 'False'
[1.362s] Level 5:colcon.colcon_core.verb:set package 'moveit_task_constructor_visualization' build argument 'cmake_force_configure' from command line to 'False'
[1.362s] Level 5:colcon.colcon_core.verb:set package 'moveit_task_constructor_visualization' build argument 'ament_cmake_args' from command line to 'None'
[1.362s] Level 5:colcon.colcon_core.verb:set package 'moveit_task_constructor_visualization' build argument 'catkin_cmake_args' from command line to 'None'
[1.362s] Level 5:colcon.colcon_core.verb:set package 'moveit_task_constructor_visualization' build argument 'catkin_skip_building_tests' from command line to 'False'
[1.362s] DEBUG:colcon.colcon_core.verb:Building package 'moveit_task_constructor_visualization' with the following arguments: {'ament_cmake_args': None, 'build_base': '/home/ugv-c7/CodeWorkspace/UGV-Robot/ros2_humble_colcon_ws/build/moveit_task_constructor_visualization', 'catkin_cmake_args': None, 'catkin_skip_building_tests': False, 'cmake_args': None, 'cmake_clean_cache': False, 'cmake_clean_first': False, 'cmake_force_configure': False, 'cmake_target': None, 'cmake_target_skip_unavailable': False, 'install_base': '/home/ugv-c7/CodeWorkspace/UGV-Robot/ros2_humble_colcon_ws/install/moveit_task_constructor_visualization', 'merge_install': False, 'path': '/home/ugv-c7/CodeWorkspace/UGV-Robot/ros2_humble_colcon_ws/src/moveit_task_constructor/visualization', 'symlink_install': False, 'test_result_base': None}
[1.363s] Level 5:colcon.colcon_core.verb:set package 'moveit2_tutorials' build argument 'cmake_args' from command line to 'None'
[1.363s] Level 5:colcon.colcon_core.verb:set package 'moveit2_tutorials' build argument 'cmake_target' from command line to 'None'
[1.363s] Level 5:colcon.colcon_core.verb:set package 'moveit2_tutorials' build argument 'cmake_target_skip_unavailable' from command line to 'False'
[1.363s] Level 5:colcon.colcon_core.verb:set package 'moveit2_tutorials' build argument 'cmake_clean_cache' from command line to 'False'
[1.363s] Level 5:colcon.colcon_core.verb:set package 'moveit2_tutorials' build argument 'cmake_clean_first' from command line to 'False'
[1.363s] Level 5:colcon.colcon_core.verb:set package 'moveit2_tutorials' build argument 'cmake_force_configure' from command line to 'False'
[1.363s] Level 5:colcon.colcon_core.verb:set package 'moveit2_tutorials' build argument 'ament_cmake_args' from command line to 'None'
[1.364s] Level 5:colcon.colcon_core.verb:set package 'moveit2_tutorials' build argument 'catkin_cmake_args' from command line to 'None'
[1.364s] Level 5:colcon.colcon_core.verb:set package 'moveit2_tutorials' build argument 'catkin_skip_building_tests' from command line to 'False'
[1.364s] DEBUG:colcon.colcon_core.verb:Building package 'moveit2_tutorials' with the following arguments: {'ament_cmake_args': None, 'build_base': '/home/ugv-c7/CodeWorkspace/UGV-Robot/ros2_humble_colcon_ws/build/moveit2_tutorials', 'catkin_cmake_args': None, 'catkin_skip_building_tests': False, 'cmake_args': None, 'cmake_clean_cache': False, 'cmake_clean_first': False, 'cmake_force_configure': False, 'cmake_target': None, 'cmake_target_skip_unavailable': False, 'install_base': '/home/ugv-c7/CodeWorkspace/UGV-Robot/ros2_humble_colcon_ws/install/moveit2_tutorials', 'merge_install': False, 'path': '/home/ugv-c7/CodeWorkspace/UGV-Robot/ros2_humble_colcon_ws/src/moveit2_tutorials', 'symlink_install': False, 'test_result_base': None}
[1.364s] Level 5:colcon.colcon_core.verb:set package 'moveit_task_constructor_demo' build argument 'cmake_args' from command line to 'None'
[1.365s] Level 5:colcon.colcon_core.verb:set package 'moveit_task_constructor_demo' build argument 'cmake_target' from command line to 'None'
[1.365s] Level 5:colcon.colcon_core.verb:set package 'moveit_task_constructor_demo' build argument 'cmake_target_skip_unavailable' from command line to 'False'
[1.365s] Level 5:colcon.colcon_core.verb:set package 'moveit_task_constructor_demo' build argument 'cmake_clean_cache' from command line to 'False'
[1.365s] Level 5:colcon.colcon_core.verb:set package 'moveit_task_constructor_demo' build argument 'cmake_clean_first' from command line to 'False'
[1.365s] Level 5:colcon.colcon_core.verb:set package 'moveit_task_constructor_demo' build argument 'cmake_force_configure' from command line to 'False'
[1.365s] Level 5:colcon.colcon_core.verb:set package 'moveit_task_constructor_demo' build argument 'ament_cmake_args' from command line to 'None'
[1.365s] Level 5:colcon.colcon_core.verb:set package 'moveit_task_constructor_demo' build argument 'catkin_cmake_args' from command line to 'None'
[1.365s] Level 5:colcon.colcon_core.verb:set package 'moveit_task_constructor_demo' build argument 'catkin_skip_building_tests' from command line to 'False'
[1.365s] DEBUG:colcon.colcon_core.verb:Building package 'moveit_task_constructor_demo' with the following arguments: {'ament_cmake_args': None, 'build_base': '/home/ugv-c7/CodeWorkspace/UGV-Robot/ros2_humble_colcon_ws/build/moveit_task_constructor_demo', 'catkin_cmake_args': None, 'catkin_skip_building_tests': False, 'cmake_args': None, 'cmake_clean_cache': False, 'cmake_clean_first': False, 'cmake_force_configure': False, 'cmake_target': None, 'cmake_target_skip_unavailable': False, 'install_base': '/home/ugv-c7/CodeWorkspace/UGV-Robot/ros2_humble_colcon_ws/install/moveit_task_constructor_demo', 'merge_install': False, 'path': '/home/ugv-c7/CodeWorkspace/UGV-Robot/ros2_humble_colcon_ws/src/moveit_task_constructor/demo', 'symlink_install': False, 'test_result_base': None}
[1.365s] INFO:colcon.colcon_core.executor:Executing jobs using 'parallel' executor
[1.368s] DEBUG:colcon.colcon_parallel_executor.executor.parallel:run_until_complete
[1.371s] INFO:colcon.colcon_ros.task.ament_cmake.build:Building ROS package in '/home/ugv-c7/CodeWorkspace/UGV-Robot/ros2_humble_colcon_ws/src/moveit_resources/panda_description' with build type 'ament_cmake'
[1.372s] INFO:colcon.colcon_cmake.task.cmake.build:Building CMake package in '/home/ugv-c7/CodeWorkspace/UGV-Robot/ros2_humble_colcon_ws/src/moveit_resources/panda_description'
[1.382s] INFO:colcon.colcon_core.plugin_system:Skipping extension 'colcon_core.shell.bat': Not used on non-Windows systems
[1.382s] INFO:colcon.colcon_core.shell:Skip shell extension 'powershell' for command environment: Not usable outside of PowerShell
[1.382s] DEBUG:colcon.colcon_core.shell:Skip shell extension 'dsv' for command environment
[1.391s] INFO:colcon.colcon_ros.task.ament_cmake.build:Building ROS package in '/home/ugv-c7/CodeWorkspace/UGV-Robot/ros2_humble_colcon_ws/src/moveit2/moveit_common' with build type 'ament_cmake'
[1.392s] INFO:colcon.colcon_cmake.task.cmake.build:Building CMake package in '/home/ugv-c7/CodeWorkspace/UGV-Robot/ros2_humble_colcon_ws/src/moveit2/moveit_common'
[1.392s] INFO:colcon.colcon_core.shell:Skip shell extension 'powershell' for command environment: Not usable outside of PowerShell
[1.392s] DEBUG:colcon.colcon_core.shell:Skip shell extension 'dsv' for command environment
[1.400s] INFO:colcon.colcon_ros.task.ament_cmake.build:Building ROS package in '/home/ugv-c7/CodeWorkspace/UGV-Robot/ros2_humble_colcon_ws/src/moveit_resources/pr2_description' with build type 'ament_cmake'
[1.400s] INFO:colcon.colcon_cmake.task.cmake.build:Building CMake package in '/home/ugv-c7/CodeWorkspace/UGV-Robot/ros2_humble_colcon_ws/src/moveit_resources/pr2_description'
[1.401s] INFO:colcon.colcon_core.shell:Skip shell extension 'powershell' for command environment: Not usable outside of PowerShell
[1.401s] DEBUG:colcon.colcon_core.shell:Skip shell extension 'dsv' for command environment
[1.408s] INFO:colcon.colcon_ros.task.ament_cmake.build:Building ROS package in '/home/ugv-c7/CodeWorkspace/UGV-Robot/ros2_humble_colcon_ws/src/srdfdom' with build type 'ament_cmake'
[1.408s] INFO:colcon.colcon_cmake.task.cmake.build:Building CMake package in '/home/ugv-c7/CodeWorkspace/UGV-Robot/ros2_humble_colcon_ws/src/srdfdom'
[1.409s] INFO:colcon.colcon_core.shell:Skip shell extension 'powershell' for command environment: Not usable outside of PowerShell
[1.409s] DEBUG:colcon.colcon_core.shell:Skip shell extension 'dsv' for command environment
[1.416s] INFO:colcon.colcon_ros.task.ament_python.build:Building ROS package in '/home/ugv-c7/CodeWorkspace/UGV-Robot/ros2_humble_colcon_ws/src/launch_param_builder' with build type 'ament_python'
[1.416s] Level 1:colcon.colcon_core.shell:create_environment_hook('launch_param_builder', 'ament_prefix_path')
[1.417s] INFO:colcon.colcon_core.shell:Creating environment hook '/home/ugv-c7/CodeWorkspace/UGV-Robot/ros2_humble_colcon_ws/install/launch_param_builder/share/launch_param_builder/hook/ament_prefix_path.ps1'
[1.419s] INFO:colcon.colcon_core.shell:Creating environment descriptor '/home/ugv-c7/CodeWorkspace/UGV-Robot/ros2_humble_colcon_ws/install/launch_param_builder/share/launch_param_builder/hook/ament_prefix_path.dsv'
[1.420s] INFO:colcon.colcon_core.shell:Creating environment hook '/home/ugv-c7/CodeWorkspace/UGV-Robot/ros2_humble_colcon_ws/install/launch_param_builder/share/launch_param_builder/hook/ament_prefix_path.sh'
[1.422s] INFO:colcon.colcon_core.shell:Skip shell extension 'powershell' for command environment: Not usable outside of PowerShell
[1.422s] DEBUG:colcon.colcon_core.shell:Skip shell extension 'dsv' for command environment
[1.429s] INFO:colcon.colcon_ros.task.ament_cmake.build:Building ROS package in '/home/ugv-c7/CodeWorkspace/UGV-Robot/ros2_humble_colcon_ws/src/moveit_resources/fanuc_description' with build type 'ament_cmake'
[1.429s] INFO:colcon.colcon_cmake.task.cmake.build:Building CMake package in '/home/ugv-c7/CodeWorkspace/UGV-Robot/ros2_humble_colcon_ws/src/moveit_resources/fanuc_description'
[1.430s] INFO:colcon.colcon_core.shell:Skip shell extension 'powershell' for command environment: Not usable outside of PowerShell
[1.430s] DEBUG:colcon.colcon_core.shell:Skip shell extension 'dsv' for command environment
[1.445s] DEBUG:colcon.colcon_core.event_handler.log_command:Invoking command in '/home/ugv-c7/CodeWorkspace/UGV-Robot/ros2_humble_colcon_ws/build/moveit_resources_panda_description': CMAKE_PREFIX_PATH=${CMAKE_PREFIX_PATH}:/home/ugv-c7/CodeWorkspace/UGV-Robot/ros2_humble_colcon_ws/install/py_pub_sub:/opt/ros/humble /usr/bin/cmake /home/ugv-c7/CodeWorkspace/UGV-Robot/ros2_humble_colcon_ws/src/moveit_resources/panda_description -DCMAKE_INSTALL_PREFIX=/home/ugv-c7/CodeWorkspace/UGV-Robot/ros2_humble_colcon_ws/install/moveit_resources_panda_description
[1.454s] DEBUG:colcon.colcon_core.event_handler.log_command:Invoking command in '/home/ugv-c7/CodeWorkspace/UGV-Robot/ros2_humble_colcon_ws/build/moveit_common': CMAKE_PREFIX_PATH=${CMAKE_PREFIX_PATH}:/home/ugv-c7/CodeWorkspace/UGV-Robot/ros2_humble_colcon_ws/install/py_pub_sub:/opt/ros/humble /usr/bin/cmake /home/ugv-c7/CodeWorkspace/UGV-Robot/ros2_humble_colcon_ws/src/moveit2/moveit_common -DCMAKE_INSTALL_PREFIX=/home/ugv-c7/CodeWorkspace/UGV-Robot/ros2_humble_colcon_ws/install/moveit_common
[1.458s] DEBUG:colcon.colcon_core.event_handler.log_command:Invoking command in '/home/ugv-c7/CodeWorkspace/UGV-Robot/ros2_humble_colcon_ws/build/moveit_resources_pr2_description': CMAKE_PREFIX_PATH=${CMAKE_PREFIX_PATH}:/home/ugv-c7/CodeWorkspace/UGV-Robot/ros2_humble_colcon_ws/install/py_pub_sub:/opt/ros/humble /usr/bin/cmake /home/ugv-c7/CodeWorkspace/UGV-Robot/ros2_humble_colcon_ws/src/moveit_resources/pr2_description -DCMAKE_INSTALL_PREFIX=/home/ugv-c7/CodeWorkspace/UGV-Robot/ros2_humble_colcon_ws/install/moveit_resources_pr2_description
[1.461s] DEBUG:colcon.colcon_core.event_handler.log_command:Invoking command in '/home/ugv-c7/CodeWorkspace/UGV-Robot/ros2_humble_colcon_ws/build/srdfdom': CMAKE_PREFIX_PATH=${CMAKE_PREFIX_PATH}:/home/ugv-c7/CodeWorkspace/UGV-Robot/ros2_humble_colcon_ws/install/py_pub_sub:/opt/ros/humble /usr/bin/cmake /home/ugv-c7/CodeWorkspace/UGV-Robot/ros2_humble_colcon_ws/src/srdfdom -DCMAKE_INSTALL_PREFIX=/home/ugv-c7/CodeWorkspace/UGV-Robot/ros2_humble_colcon_ws/install/srdfdom
[2.244s] INFO:colcon.colcon_core.task.python.build:Building Python package in '/home/ugv-c7/CodeWorkspace/UGV-Robot/ros2_humble_colcon_ws/src/launch_param_builder'
[2.245s] INFO:colcon.colcon_core.shell:Skip shell extension 'powershell' for command environment: Not usable outside of PowerShell
[2.245s] DEBUG:colcon.colcon_core.shell:Skip shell extension 'dsv' for command environment
[2.261s] DEBUG:colcon.colcon_core.event_handler.log_command:Invoking command in '/home/ugv-c7/CodeWorkspace/UGV-Robot/ros2_humble_colcon_ws/build/moveit_resources_fanuc_description': CMAKE_PREFIX_PATH=${CMAKE_PREFIX_PATH}:/home/ugv-c7/CodeWorkspace/UGV-Robot/ros2_humble_colcon_ws/install/py_pub_sub:/opt/ros/humble /usr/bin/cmake /home/ugv-c7/CodeWorkspace/UGV-Robot/ros2_humble_colcon_ws/src/moveit_resources/fanuc_description -DCMAKE_INSTALL_PREFIX=/home/ugv-c7/CodeWorkspace/UGV-Robot/ros2_humble_colcon_ws/install/moveit_resources_fanuc_description
[2.577s] DEBUG:colcon.colcon_core.event_handler.log_command:Invoked command in '/home/ugv-c7/CodeWorkspace/UGV-Robot/ros2_humble_colcon_ws/build/moveit_common' returned '0': CMAKE_PREFIX_PATH=${CMAKE_PREFIX_PATH}:/home/ugv-c7/CodeWorkspace/UGV-Robot/ros2_humble_colcon_ws/install/py_pub_sub:/opt/ros/humble /usr/bin/cmake /home/ugv-c7/CodeWorkspace/UGV-Robot/ros2_humble_colcon_ws/src/moveit2/moveit_common -DCMAKE_INSTALL_PREFIX=/home/ugv-c7/CodeWorkspace/UGV-Robot/ros2_humble_colcon_ws/install/moveit_common
[2.583s] DEBUG:colcon.colcon_core.event_handler.log_command:Invoking command in '/home/ugv-c7/CodeWorkspace/UGV-Robot/ros2_humble_colcon_ws/build/moveit_common': CMAKE_PREFIX_PATH=${CMAKE_PREFIX_PATH}:/home/ugv-c7/CodeWorkspace/UGV-Robot/ros2_humble_colcon_ws/install/py_pub_sub:/opt/ros/humble /usr/bin/cmake --build /home/ugv-c7/CodeWorkspace/UGV-Robot/ros2_humble_colcon_ws/build/moveit_common -- -j6 -l6
[2.735s] DEBUG:colcon.colcon_core.event_handler.log_command:Invoked command in '/home/ugv-c7/CodeWorkspace/UGV-Robot/ros2_humble_colcon_ws/build/moveit_common' returned '0': CMAKE_PREFIX_PATH=${CMAKE_PREFIX_PATH}:/home/ugv-c7/CodeWorkspace/UGV-Robot/ros2_humble_colcon_ws/install/py_pub_sub:/opt/ros/humble /usr/bin/cmake --build /home/ugv-c7/CodeWorkspace/UGV-Robot/ros2_humble_colcon_ws/build/moveit_common -- -j6 -l6
[2.784s] DEBUG:colcon.colcon_core.event_handler.log_command:Invoking command in '/home/ugv-c7/CodeWorkspace/UGV-Robot/ros2_humble_colcon_ws/build/moveit_common': CMAKE_PREFIX_PATH=${CMAKE_PREFIX_PATH}:/home/ugv-c7/CodeWorkspace/UGV-Robot/ros2_humble_colcon_ws/install/py_pub_sub:/opt/ros/humble /usr/bin/cmake --install /home/ugv-c7/CodeWorkspace/UGV-Robot/ros2_humble_colcon_ws/build/moveit_common
[2.813s] Level 1:colcon.colcon_core.environment:create_environment_scripts_only(moveit_common)
[2.815s] DEBUG:colcon.colcon_core.event_handler.log_command:Invoked command in '/home/ugv-c7/CodeWorkspace/UGV-Robot/ros2_humble_colcon_ws/build/moveit_common' returned '0': CMAKE_PREFIX_PATH=${CMAKE_PREFIX_PATH}:/home/ugv-c7/CodeWorkspace/UGV-Robot/ros2_humble_colcon_ws/install/py_pub_sub:/opt/ros/humble /usr/bin/cmake --install /home/ugv-c7/CodeWorkspace/UGV-Robot/ros2_humble_colcon_ws/build/moveit_common
[2.823s] Level 1:colcon.colcon_core.environment:checking '/home/ugv-c7/CodeWorkspace/UGV-Robot/ros2_humble_colcon_ws/install/moveit_common' for CMake module files
[2.824s] Level 1:colcon.colcon_core.environment:checking '/home/ugv-c7/CodeWorkspace/UGV-Robot/ros2_humble_colcon_ws/install/moveit_common' for CMake config files
[2.825s] Level 1:colcon.colcon_core.shell:create_environment_hook('moveit_common', 'cmake_prefix_path')
[2.826s] INFO:colcon.colcon_core.shell:Creating environment hook '/home/ugv-c7/CodeWorkspace/UGV-Robot/ros2_humble_colcon_ws/install/moveit_common/share/moveit_common/hook/cmake_prefix_path.ps1'
[2.828s] INFO:colcon.colcon_core.shell:Creating environment descriptor '/home/ugv-c7/CodeWorkspace/UGV-Robot/ros2_humble_colcon_ws/install/moveit_common/share/moveit_common/hook/cmake_prefix_path.dsv'
[2.829s] INFO:colcon.colcon_core.shell:Creating environment hook '/home/ugv-c7/CodeWorkspace/UGV-Robot/ros2_humble_colcon_ws/install/moveit_common/share/moveit_common/hook/cmake_prefix_path.sh'
[2.831s] Level 1:colcon.colcon_core.environment:checking '/home/ugv-c7/CodeWorkspace/UGV-Robot/ros2_humble_colcon_ws/install/moveit_common/bin'
[2.831s] Level 1:colcon.colcon_core.environment:checking '/home/ugv-c7/CodeWorkspace/UGV-Robot/ros2_humble_colcon_ws/install/moveit_common/lib/pkgconfig/moveit_common.pc'
[2.832s] Level 1:colcon.colcon_core.environment:checking '/home/ugv-c7/CodeWorkspace/UGV-Robot/ros2_humble_colcon_ws/install/moveit_common/lib/python3.10/site-packages'
[2.833s] Level 1:colcon.colcon_core.environment:checking '/home/ugv-c7/CodeWorkspace/UGV-Robot/ros2_humble_colcon_ws/install/moveit_common/bin'
[2.834s] INFO:colcon.colcon_core.shell:Creating package script '/home/ugv-c7/CodeWorkspace/UGV-Robot/ros2_humble_colcon_ws/install/moveit_common/share/moveit_common/package.ps1'
[2.836s] INFO:colcon.colcon_core.shell:Creating package descriptor '/home/ugv-c7/CodeWorkspace/UGV-Robot/ros2_humble_colcon_ws/install/moveit_common/share/moveit_common/package.dsv'
[2.838s] INFO:colcon.colcon_core.shell:Creating package script '/home/ugv-c7/CodeWorkspace/UGV-Robot/ros2_humble_colcon_ws/install/moveit_common/share/moveit_common/package.sh'
[2.842s] INFO:colcon.colcon_core.shell:Creating package script '/home/ugv-c7/CodeWorkspace/UGV-Robot/ros2_humble_colcon_ws/install/moveit_common/share/moveit_common/package.bash'
[2.844s] INFO:colcon.colcon_core.shell:Creating package script '/home/ugv-c7/CodeWorkspace/UGV-Robot/ros2_humble_colcon_ws/install/moveit_common/share/moveit_common/package.zsh'
[2.846s] Level 1:colcon.colcon_core.environment:create_file_with_runtime_dependencies(/home/ugv-c7/CodeWorkspace/UGV-Robot/ros2_humble_colcon_ws/install/moveit_common/share/colcon-core/packages/moveit_common)
[2.848s] Level 1:colcon.colcon_core.environment:create_environment_scripts_only(moveit_common)
[2.849s] Level 1:colcon.colcon_core.environment:checking '/home/ugv-c7/CodeWorkspace/UGV-Robot/ros2_humble_colcon_ws/install/moveit_common' for CMake module files
[2.850s] Level 1:colcon.colcon_core.environment:checking '/home/ugv-c7/CodeWorkspace/UGV-Robot/ros2_humble_colcon_ws/install/moveit_common' for CMake config files
[2.851s] Level 1:colcon.colcon_core.shell:create_environment_hook('moveit_common', 'cmake_prefix_path')
[2.852s] INFO:colcon.colcon_core.shell:Creating environment hook '/home/ugv-c7/CodeWorkspace/UGV-Robot/ros2_humble_colcon_ws/install/moveit_common/share/moveit_common/hook/cmake_prefix_path.ps1'
[2.854s] INFO:colcon.colcon_core.shell:Creating environment descriptor '/home/ugv-c7/CodeWorkspace/UGV-Robot/ros2_humble_colcon_ws/install/moveit_common/share/moveit_common/hook/cmake_prefix_path.dsv'
[2.856s] INFO:colcon.colcon_core.shell:Creating environment hook '/home/ugv-c7/CodeWorkspace/UGV-Robot/ros2_humble_colcon_ws/install/moveit_common/share/moveit_common/hook/cmake_prefix_path.sh'
[2.858s] Level 1:colcon.colcon_core.environment:checking '/home/ugv-c7/CodeWorkspace/UGV-Robot/ros2_humble_colcon_ws/install/moveit_common/bin'
[2.858s] Level 1:colcon.colcon_core.environment:checking '/home/ugv-c7/CodeWorkspace/UGV-Robot/ros2_humble_colcon_ws/install/moveit_common/lib/pkgconfig/moveit_common.pc'
[2.859s] Level 1:colcon.colcon_core.environment:checking '/home/ugv-c7/CodeWorkspace/UGV-Robot/ros2_humble_colcon_ws/install/moveit_common/lib/python3.10/site-packages'
[2.860s] Level 1:colcon.colcon_core.environment:checking '/home/ugv-c7/CodeWorkspace/UGV-Robot/ros2_humble_colcon_ws/install/moveit_common/bin'
[2.861s] INFO:colcon.colcon_core.shell:Creating package script '/home/ugv-c7/CodeWorkspace/UGV-Robot/ros2_humble_colcon_ws/install/moveit_common/share/moveit_common/package.ps1'
[2.863s] INFO:colcon.colcon_core.shell:Creating package descriptor '/home/ugv-c7/CodeWorkspace/UGV-Robot/ros2_humble_colcon_ws/install/moveit_common/share/moveit_common/package.dsv'
[2.866s] INFO:colcon.colcon_core.shell:Creating package script '/home/ugv-c7/CodeWorkspace/UGV-Robot/ros2_humble_colcon_ws/install/moveit_common/share/moveit_common/package.sh'
[2.868s] INFO:colcon.colcon_core.shell:Creating package script '/home/ugv-c7/CodeWorkspace/UGV-Robot/ros2_humble_colcon_ws/install/moveit_common/share/moveit_common/package.bash'
[2.869s] INFO:colcon.colcon_core.shell:Creating package script '/home/ugv-c7/CodeWorkspace/UGV-Robot/ros2_humble_colcon_ws/install/moveit_common/share/moveit_common/package.zsh'
[2.871s] Level 1:colcon.colcon_core.environment:create_file_with_runtime_dependencies(/home/ugv-c7/CodeWorkspace/UGV-Robot/ros2_humble_colcon_ws/install/moveit_common/share/colcon-core/packages/moveit_common)
[2.876s] INFO:colcon.colcon_ros.task.ament_cmake.build:Building ROS package in '/home/ugv-c7/CodeWorkspace/UGV-Robot/ros2_humble_colcon_ws/src/moveit2/moveit_planners/test_configs/prbt_support' with build type 'ament_cmake'
[2.877s] INFO:colcon.colcon_cmake.task.cmake.build:Building CMake package in '/home/ugv-c7/CodeWorkspace/UGV-Robot/ros2_humble_colcon_ws/src/moveit2/moveit_planners/test_configs/prbt_support'
[2.878s] INFO:colcon.colcon_core.shell:Skip shell extension 'powershell' for command environment: Not usable outside of PowerShell
[2.878s] DEBUG:colcon.colcon_core.shell:Skip shell extension 'dsv' for command environment
[2.910s] DEBUG:colcon.colcon_core.event_handler.log_command:Invoking command in '/home/ugv-c7/CodeWorkspace/UGV-Robot/ros2_humble_colcon_ws/build/moveit_resources_prbt_support': CMAKE_PREFIX_PATH=${CMAKE_PREFIX_PATH}:/home/ugv-c7/CodeWorkspace/UGV-Robot/ros2_humble_colcon_ws/install/py_pub_sub:/opt/ros/humble /usr/bin/cmake /home/ugv-c7/CodeWorkspace/UGV-Robot/ros2_humble_colcon_ws/src/moveit2/moveit_planners/test_configs/prbt_support -DCMAKE_INSTALL_PREFIX=/home/ugv-c7/CodeWorkspace/UGV-Robot/ros2_humble_colcon_ws/install/moveit_resources_prbt_support
[3.201s] DEBUG:colcon.colcon_core.event_handler.log_command:Invoked command in '/home/ugv-c7/CodeWorkspace/UGV-Robot/ros2_humble_colcon_ws/build/moveit_resources_panda_description' returned '0': CMAKE_PREFIX_PATH=${CMAKE_PREFIX_PATH}:/home/ugv-c7/CodeWorkspace/UGV-Robot/ros2_humble_colcon_ws/install/py_pub_sub:/opt/ros/humble /usr/bin/cmake /home/ugv-c7/CodeWorkspace/UGV-Robot/ros2_humble_colcon_ws/src/moveit_resources/panda_description -DCMAKE_INSTALL_PREFIX=/home/ugv-c7/CodeWorkspace/UGV-Robot/ros2_humble_colcon_ws/install/moveit_resources_panda_description
[3.205s] DEBUG:colcon.colcon_core.event_handler.log_command:Invoking command in '/home/ugv-c7/CodeWorkspace/UGV-Robot/ros2_humble_colcon_ws/build/moveit_resources_panda_description': CMAKE_PREFIX_PATH=${CMAKE_PREFIX_PATH}:/home/ugv-c7/CodeWorkspace/UGV-Robot/ros2_humble_colcon_ws/install/py_pub_sub:/opt/ros/humble /usr/bin/cmake --build /home/ugv-c7/CodeWorkspace/UGV-Robot/ros2_humble_colcon_ws/build/moveit_resources_panda_description -- -j6 -l6
[3.208s] DEBUG:colcon.colcon_core.event_handler.log_command:Invoked command in '/home/ugv-c7/CodeWorkspace/UGV-Robot/ros2_humble_colcon_ws/build/moveit_resources_pr2_description' returned '0': CMAKE_PREFIX_PATH=${CMAKE_PREFIX_PATH}:/home/ugv-c7/CodeWorkspace/UGV-Robot/ros2_humble_colcon_ws/install/py_pub_sub:/opt/ros/humble /usr/bin/cmake /home/ugv-c7/CodeWorkspace/UGV-Robot/ros2_humble_colcon_ws/src/moveit_resources/pr2_description -DCMAKE_INSTALL_PREFIX=/home/ugv-c7/CodeWorkspace/UGV-Robot/ros2_humble_colcon_ws/install/moveit_resources_pr2_description
[3.213s] DEBUG:colcon.colcon_core.event_handler.log_command:Invoking command in '/home/ugv-c7/CodeWorkspace/UGV-Robot/ros2_humble_colcon_ws/build/moveit_resources_pr2_description': CMAKE_PREFIX_PATH=${CMAKE_PREFIX_PATH}:/home/ugv-c7/CodeWorkspace/UGV-Robot/ros2_humble_colcon_ws/install/py_pub_sub:/opt/ros/humble /usr/bin/cmake --build /home/ugv-c7/CodeWorkspace/UGV-Robot/ros2_humble_colcon_ws/build/moveit_resources_pr2_description -- -j6 -l6
[3.317s] DEBUG:colcon.colcon_core.event_handler.log_command:Invoked command in '/home/ugv-c7/CodeWorkspace/UGV-Robot/ros2_humble_colcon_ws/build/moveit_resources_pr2_description' returned '0': CMAKE_PREFIX_PATH=${CMAKE_PREFIX_PATH}:/home/ugv-c7/CodeWorkspace/UGV-Robot/ros2_humble_colcon_ws/install/py_pub_sub:/opt/ros/humble /usr/bin/cmake --build /home/ugv-c7/CodeWorkspace/UGV-Robot/ros2_humble_colcon_ws/build/moveit_resources_pr2_description -- -j6 -l6
[3.323s] DEBUG:colcon.colcon_core.event_handler.log_command:Invoking command in '/home/ugv-c7/CodeWorkspace/UGV-Robot/ros2_humble_colcon_ws/build/moveit_resources_pr2_description': CMAKE_PREFIX_PATH=${CMAKE_PREFIX_PATH}:/home/ugv-c7/CodeWorkspace/UGV-Robot/ros2_humble_colcon_ws/install/py_pub_sub:/opt/ros/humble /usr/bin/cmake --install /home/ugv-c7/CodeWorkspace/UGV-Robot/ros2_humble_colcon_ws/build/moveit_resources_pr2_description
[3.325s] DEBUG:colcon.colcon_core.event_handler.log_command:Invoked command in '/home/ugv-c7/CodeWorkspace/UGV-Robot/ros2_humble_colcon_ws/build/moveit_resources_panda_description' returned '0': CMAKE_PREFIX_PATH=${CMAKE_PREFIX_PATH}:/home/ugv-c7/CodeWorkspace/UGV-Robot/ros2_humble_colcon_ws/install/py_pub_sub:/opt/ros/humble /usr/bin/cmake --build /home/ugv-c7/CodeWorkspace/UGV-Robot/ros2_humble_colcon_ws/build/moveit_resources_panda_description -- -j6 -l6
[3.330s] DEBUG:colcon.colcon_core.event_handler.log_command:Invoking command in '/home/ugv-c7/CodeWorkspace/UGV-Robot/ros2_humble_colcon_ws/build/moveit_resources_panda_description': CMAKE_PREFIX_PATH=${CMAKE_PREFIX_PATH}:/home/ugv-c7/CodeWorkspace/UGV-Robot/ros2_humble_colcon_ws/install/py_pub_sub:/opt/ros/humble /usr/bin/cmake --install /home/ugv-c7/CodeWorkspace/UGV-Robot/ros2_humble_colcon_ws/build/moveit_resources_panda_description
[3.401s] Level 1:colcon.colcon_core.environment:create_environment_scripts_only(moveit_resources_panda_description)
[3.403s] Level 1:colcon.colcon_core.environment:checking '/home/ugv-c7/CodeWorkspace/UGV-Robot/ros2_humble_colcon_ws/install/moveit_resources_panda_description' for CMake module files
[3.404s] DEBUG:colcon.colcon_core.event_handler.log_command:Invoked command in '/home/ugv-c7/CodeWorkspace/UGV-Robot/ros2_humble_colcon_ws/build/moveit_resources_panda_description' returned '0': CMAKE_PREFIX_PATH=${CMAKE_PREFIX_PATH}:/home/ugv-c7/CodeWorkspace/UGV-Robot/ros2_humble_colcon_ws/install/py_pub_sub:/opt/ros/humble /usr/bin/cmake --install /home/ugv-c7/CodeWorkspace/UGV-Robot/ros2_humble_colcon_ws/build/moveit_resources_panda_description
[3.407s] Level 1:colcon.colcon_core.environment:checking '/home/ugv-c7/CodeWorkspace/UGV-Robot/ros2_humble_colcon_ws/install/moveit_resources_panda_description' for CMake config files
[3.409s] Level 1:colcon.colcon_core.shell:create_environment_hook('moveit_resources_panda_description', 'cmake_prefix_path')
[3.410s] INFO:colcon.colcon_core.shell:Creating environment hook '/home/ugv-c7/CodeWorkspace/UGV-Robot/ros2_humble_colcon_ws/install/moveit_resources_panda_description/share/moveit_resources_panda_description/hook/cmake_prefix_path.ps1'
[3.413s] INFO:colcon.colcon_core.shell:Creating environment descriptor '/home/ugv-c7/CodeWorkspace/UGV-Robot/ros2_humble_colcon_ws/install/moveit_resources_panda_description/share/moveit_resources_panda_description/hook/cmake_prefix_path.dsv'
[3.416s] INFO:colcon.colcon_core.shell:Creating environment hook '/home/ugv-c7/CodeWorkspace/UGV-Robot/ros2_humble_colcon_ws/install/moveit_resources_panda_description/share/moveit_resources_panda_description/hook/cmake_prefix_path.sh'
[3.421s] Level 1:colcon.colcon_core.environment:checking '/home/ugv-c7/CodeWorkspace/UGV-Robot/ros2_humble_colcon_ws/install/moveit_resources_panda_description/bin'
[3.421s] Level 1:colcon.colcon_core.environment:checking '/home/ugv-c7/CodeWorkspace/UGV-Robot/ros2_humble_colcon_ws/install/moveit_resources_panda_description/lib/pkgconfig/moveit_resources_panda_description.pc'
[3.422s] Level 1:colcon.colcon_core.environment:checking '/home/ugv-c7/CodeWorkspace/UGV-Robot/ros2_humble_colcon_ws/install/moveit_resources_panda_description/lib/python3.10/site-packages'
[3.422s] Level 1:colcon.colcon_core.environment:checking '/home/ugv-c7/CodeWorkspace/UGV-Robot/ros2_humble_colcon_ws/install/moveit_resources_panda_description/bin'
[3.423s] INFO:colcon.colcon_core.shell:Creating package script '/home/ugv-c7/CodeWorkspace/UGV-Robot/ros2_humble_colcon_ws/install/moveit_resources_panda_description/share/moveit_resources_panda_description/package.ps1'
[3.425s] INFO:colcon.colcon_core.shell:Creating package descriptor '/home/ugv-c7/CodeWorkspace/UGV-Robot/ros2_humble_colcon_ws/install/moveit_resources_panda_description/share/moveit_resources_panda_description/package.dsv'
[3.427s] INFO:colcon.colcon_core.shell:Creating package script '/home/ugv-c7/CodeWorkspace/UGV-Robot/ros2_humble_colcon_ws/install/moveit_resources_panda_description/share/moveit_resources_panda_description/package.sh'
[3.428s] INFO:colcon.colcon_core.shell:Creating package script '/home/ugv-c7/CodeWorkspace/UGV-Robot/ros2_humble_colcon_ws/install/moveit_resources_panda_description/share/moveit_resources_panda_description/package.bash'
[3.429s] INFO:colcon.colcon_core.shell:Creating package script '/home/ugv-c7/CodeWorkspace/UGV-Robot/ros2_humble_colcon_ws/install/moveit_resources_panda_description/share/moveit_resources_panda_description/package.zsh'
[3.431s] Level 1:colcon.colcon_core.environment:create_file_with_runtime_dependencies(/home/ugv-c7/CodeWorkspace/UGV-Robot/ros2_humble_colcon_ws/install/moveit_resources_panda_description/share/colcon-core/packages/moveit_resources_panda_description)
[3.433s] Level 1:colcon.colcon_core.environment:create_environment_scripts_only(moveit_resources_panda_description)
[3.434s] Level 1:colcon.colcon_core.environment:checking '/home/ugv-c7/CodeWorkspace/UGV-Robot/ros2_humble_colcon_ws/install/moveit_resources_panda_description' for CMake module files
[3.439s] Level 1:colcon.colcon_core.environment:checking '/home/ugv-c7/CodeWorkspace/UGV-Robot/ros2_humble_colcon_ws/install/moveit_resources_panda_description' for CMake config files
[3.443s] Level 1:colcon.colcon_core.shell:create_environment_hook('moveit_resources_panda_description', 'cmake_prefix_path')
[3.444s] INFO:colcon.colcon_core.shell:Creating environment hook '/home/ugv-c7/CodeWorkspace/UGV-Robot/ros2_humble_colcon_ws/install/moveit_resources_panda_description/share/moveit_resources_panda_description/hook/cmake_prefix_path.ps1'
[3.446s] INFO:colcon.colcon_core.shell:Creating environment descriptor '/home/ugv-c7/CodeWorkspace/UGV-Robot/ros2_humble_colcon_ws/install/moveit_resources_panda_description/share/moveit_resources_panda_description/hook/cmake_prefix_path.dsv'
[3.448s] INFO:colcon.colcon_core.shell:Creating environment hook '/home/ugv-c7/CodeWorkspace/UGV-Robot/ros2_humble_colcon_ws/install/moveit_resources_panda_description/share/moveit_resources_panda_description/hook/cmake_prefix_path.sh'
[3.449s] Level 1:colcon.colcon_core.environment:checking '/home/ugv-c7/CodeWorkspace/UGV-Robot/ros2_humble_colcon_ws/install/moveit_resources_panda_description/bin'
[3.450s] Level 1:colcon.colcon_core.environment:checking '/home/ugv-c7/CodeWorkspace/UGV-Robot/ros2_humble_colcon_ws/install/moveit_resources_panda_description/lib/pkgconfig/moveit_resources_panda_description.pc'
[3.450s] Level 1:colcon.colcon_core.environment:checking '/home/ugv-c7/CodeWorkspace/UGV-Robot/ros2_humble_colcon_ws/install/moveit_resources_panda_description/lib/python3.10/site-packages'
[3.451s] Level 1:colcon.colcon_core.environment:checking '/home/ugv-c7/CodeWorkspace/UGV-Robot/ros2_humble_colcon_ws/install/moveit_resources_panda_description/bin'
[3.452s] INFO:colcon.colcon_core.shell:Creating package script '/home/ugv-c7/CodeWorkspace/UGV-Robot/ros2_humble_colcon_ws/install/moveit_resources_panda_description/share/moveit_resources_panda_description/package.ps1'
[3.454s] INFO:colcon.colcon_core.shell:Creating package descriptor '/home/ugv-c7/CodeWorkspace/UGV-Robot/ros2_humble_colcon_ws/install/moveit_resources_panda_description/share/moveit_resources_panda_description/package.dsv'
[3.456s] INFO:colcon.colcon_core.shell:Creating package script '/home/ugv-c7/CodeWorkspace/UGV-Robot/ros2_humble_colcon_ws/install/moveit_resources_panda_description/share/moveit_resources_panda_description/package.sh'
[3.458s] INFO:colcon.colcon_core.shell:Creating package script '/home/ugv-c7/CodeWorkspace/UGV-Robot/ros2_humble_colcon_ws/install/moveit_resources_panda_description/share/moveit_resources_panda_description/package.bash'
[3.459s] INFO:colcon.colcon_core.shell:Creating package script '/home/ugv-c7/CodeWorkspace/UGV-Robot/ros2_humble_colcon_ws/install/moveit_resources_panda_description/share/moveit_resources_panda_description/package.zsh'
[3.462s] Level 1:colcon.colcon_core.environment:create_file_with_runtime_dependencies(/home/ugv-c7/CodeWorkspace/UGV-Robot/ros2_humble_colcon_ws/install/moveit_resources_panda_description/share/colcon-core/packages/moveit_resources_panda_description)
[3.465s] INFO:colcon.colcon_ros.task.ament_cmake.build:Building ROS package in '/home/ugv-c7/CodeWorkspace/UGV-Robot/ros2_humble_colcon_ws/src/moveit_resources/panda_moveit_config' with build type 'ament_cmake'
[3.465s] INFO:colcon.colcon_cmake.task.cmake.build:Building CMake package in '/home/ugv-c7/CodeWorkspace/UGV-Robot/ros2_humble_colcon_ws/src/moveit_resources/panda_moveit_config'
[3.466s] INFO:colcon.colcon_core.shell:Skip shell extension 'powershell' for command environment: Not usable outside of PowerShell
[3.466s] DEBUG:colcon.colcon_core.shell:Skip shell extension 'dsv' for command environment
[3.535s] DEBUG:colcon.colcon_core.event_handler.log_command:Invoking command in '/home/ugv-c7/CodeWorkspace/UGV-Robot/ros2_humble_colcon_ws/build/moveit_resources_panda_moveit_config': AMENT_PREFIX_PATH=/home/ugv-c7/CodeWorkspace/UGV-Robot/ros2_humble_colcon_ws/install/moveit_resources_panda_description:${AMENT_PREFIX_PATH} CMAKE_PREFIX_PATH=/home/ugv-c7/CodeWorkspace/UGV-Robot/ros2_humble_colcon_ws/install/moveit_resources_panda_description:/home/ugv-c7/CodeWorkspace/UGV-Robot/ros2_humble_colcon_ws/install/app_bringup:/home/ugv-c7/CodeWorkspace/UGV-Robot/ros2_humble_colcon_ws/install/py_pub_sub:/opt/ros/humble /usr/bin/cmake /home/ugv-c7/CodeWorkspace/UGV-Robot/ros2_humble_colcon_ws/src/moveit_resources/panda_moveit_config -DCMAKE_INSTALL_PREFIX=/home/ugv-c7/CodeWorkspace/UGV-Robot/ros2_humble_colcon_ws/install/moveit_resources_panda_moveit_config
[3.636s] Level 1:colcon.colcon_core.environment:create_environment_scripts_only(moveit_resources_pr2_description)
[3.637s] Level 1:colcon.colcon_core.environment:checking '/home/ugv-c7/CodeWorkspace/UGV-Robot/ros2_humble_colcon_ws/install/moveit_resources_pr2_description' for CMake module files
[3.639s] Level 1:colcon.colcon_core.environment:checking '/home/ugv-c7/CodeWorkspace/UGV-Robot/ros2_humble_colcon_ws/install/moveit_resources_pr2_description' for CMake config files
[3.640s] DEBUG:colcon.colcon_core.event_handler.log_command:Invoked command in '/home/ugv-c7/CodeWorkspace/UGV-Robot/ros2_humble_colcon_ws/build/moveit_resources_pr2_description' returned '0': CMAKE_PREFIX_PATH=${CMAKE_PREFIX_PATH}:/home/ugv-c7/CodeWorkspace/UGV-Robot/ros2_humble_colcon_ws/install/py_pub_sub:/opt/ros/humble /usr/bin/cmake --install /home/ugv-c7/CodeWorkspace/UGV-Robot/ros2_humble_colcon_ws/build/moveit_resources_pr2_description
[3.641s] Level 1:colcon.colcon_core.shell:create_environment_hook('moveit_resources_pr2_description', 'cmake_prefix_path')
[3.642s] INFO:colcon.colcon_core.shell:Creating environment hook '/home/ugv-c7/CodeWorkspace/UGV-Robot/ros2_humble_colcon_ws/install/moveit_resources_pr2_description/share/moveit_resources_pr2_description/hook/cmake_prefix_path.ps1'
[3.644s] INFO:colcon.colcon_core.shell:Creating environment descriptor '/home/ugv-c7/CodeWorkspace/UGV-Robot/ros2_humble_colcon_ws/install/moveit_resources_pr2_description/share/moveit_resources_pr2_description/hook/cmake_prefix_path.dsv'
[3.645s] INFO:colcon.colcon_core.shell:Creating environment hook '/home/ugv-c7/CodeWorkspace/UGV-Robot/ros2_humble_colcon_ws/install/moveit_resources_pr2_description/share/moveit_resources_pr2_description/hook/cmake_prefix_path.sh'
[3.647s] Level 1:colcon.colcon_core.environment:checking '/home/ugv-c7/CodeWorkspace/UGV-Robot/ros2_humble_colcon_ws/install/moveit_resources_pr2_description/bin'
[3.647s] Level 1:colcon.colcon_core.environment:checking '/home/ugv-c7/CodeWorkspace/UGV-Robot/ros2_humble_colcon_ws/install/moveit_resources_pr2_description/lib/pkgconfig/moveit_resources_pr2_description.pc'
[3.648s] Level 1:colcon.colcon_core.environment:checking '/home/ugv-c7/CodeWorkspace/UGV-Robot/ros2_humble_colcon_ws/install/moveit_resources_pr2_description/lib/python3.10/site-packages'
[3.649s] Level 1:colcon.colcon_core.environment:checking '/home/ugv-c7/CodeWorkspace/UGV-Robot/ros2_humble_colcon_ws/install/moveit_resources_pr2_description/bin'
[3.650s] INFO:colcon.colcon_core.shell:Creating package script '/home/ugv-c7/CodeWorkspace/UGV-Robot/ros2_humble_colcon_ws/install/moveit_resources_pr2_description/share/moveit_resources_pr2_description/package.ps1'
[3.652s] INFO:colcon.colcon_core.shell:Creating package descriptor '/home/ugv-c7/CodeWorkspace/UGV-Robot/ros2_humble_colcon_ws/install/moveit_resources_pr2_description/share/moveit_resources_pr2_description/package.dsv'
[3.653s] INFO:colcon.colcon_core.shell:Creating package script '/home/ugv-c7/CodeWorkspace/UGV-Robot/ros2_humble_colcon_ws/install/moveit_resources_pr2_description/share/moveit_resources_pr2_description/package.sh'
[3.654s] INFO:colcon.colcon_core.shell:Creating package script '/home/ugv-c7/CodeWorkspace/UGV-Robot/ros2_humble_colcon_ws/install/moveit_resources_pr2_description/share/moveit_resources_pr2_description/package.bash'
[3.655s] INFO:colcon.colcon_core.shell:Creating package script '/home/ugv-c7/CodeWorkspace/UGV-Robot/ros2_humble_colcon_ws/install/moveit_resources_pr2_description/share/moveit_resources_pr2_description/package.zsh'
[3.656s] Level 1:colcon.colcon_core.environment:create_file_with_runtime_dependencies(/home/ugv-c7/CodeWorkspace/UGV-Robot/ros2_humble_colcon_ws/install/moveit_resources_pr2_description/share/colcon-core/packages/moveit_resources_pr2_description)
[3.659s] Level 1:colcon.colcon_core.environment:create_environment_scripts_only(moveit_resources_pr2_description)
[3.659s] Level 1:colcon.colcon_core.environment:checking '/home/ugv-c7/CodeWorkspace/UGV-Robot/ros2_humble_colcon_ws/install/moveit_resources_pr2_description' for CMake module files
[3.661s] Level 1:colcon.colcon_core.environment:checking '/home/ugv-c7/CodeWorkspace/UGV-Robot/ros2_humble_colcon_ws/install/moveit_resources_pr2_description' for CMake config files
[3.661s] Level 1:colcon.colcon_core.shell:create_environment_hook('moveit_resources_pr2_description', 'cmake_prefix_path')
[3.663s] INFO:colcon.colcon_core.shell:Creating environment hook '/home/ugv-c7/CodeWorkspace/UGV-Robot/ros2_humble_colcon_ws/install/moveit_resources_pr2_description/share/moveit_resources_pr2_description/hook/cmake_prefix_path.ps1'
[3.665s] INFO:colcon.colcon_core.shell:Creating environment descriptor '/home/ugv-c7/CodeWorkspace/UGV-Robot/ros2_humble_colcon_ws/install/moveit_resources_pr2_description/share/moveit_resources_pr2_description/hook/cmake_prefix_path.dsv'
[3.666s] INFO:colcon.colcon_core.shell:Creating environment hook '/home/ugv-c7/CodeWorkspace/UGV-Robot/ros2_humble_colcon_ws/install/moveit_resources_pr2_description/share/moveit_resources_pr2_description/hook/cmake_prefix_path.sh'
[3.669s] Level 1:colcon.colcon_core.environment:checking '/home/ugv-c7/CodeWorkspace/UGV-Robot/ros2_humble_colcon_ws/install/moveit_resources_pr2_description/bin'
[3.669s] Level 1:colcon.colcon_core.environment:checking '/home/ugv-c7/CodeWorkspace/UGV-Robot/ros2_humble_colcon_ws/install/moveit_resources_pr2_description/lib/pkgconfig/moveit_resources_pr2_description.pc'
[3.669s] Level 1:colcon.colcon_core.environment:checking '/home/ugv-c7/CodeWorkspace/UGV-Robot/ros2_humble_colcon_ws/install/moveit_resources_pr2_description/lib/python3.10/site-packages'
[3.670s] Level 1:colcon.colcon_core.environment:checking '/home/ugv-c7/CodeWorkspace/UGV-Robot/ros2_humble_colcon_ws/install/moveit_resources_pr2_description/bin'
[3.671s] INFO:colcon.colcon_core.shell:Creating package script '/home/ugv-c7/CodeWorkspace/UGV-Robot/ros2_humble_colcon_ws/install/moveit_resources_pr2_description/share/moveit_resources_pr2_description/package.ps1'
[3.673s] INFO:colcon.colcon_core.shell:Creating package descriptor '/home/ugv-c7/CodeWorkspace/UGV-Robot/ros2_humble_colcon_ws/install/moveit_resources_pr2_description/share/moveit_resources_pr2_description/package.dsv'
[3.674s] INFO:colcon.colcon_core.shell:Creating package script '/home/ugv-c7/CodeWorkspace/UGV-Robot/ros2_humble_colcon_ws/install/moveit_resources_pr2_description/share/moveit_resources_pr2_description/package.sh'
[3.676s] INFO:colcon.colcon_core.shell:Creating package script '/home/ugv-c7/CodeWorkspace/UGV-Robot/ros2_humble_colcon_ws/install/moveit_resources_pr2_description/share/moveit_resources_pr2_description/package.bash'
[3.678s] INFO:colcon.colcon_core.shell:Creating package script '/home/ugv-c7/CodeWorkspace/UGV-Robot/ros2_humble_colcon_ws/install/moveit_resources_pr2_description/share/moveit_resources_pr2_description/package.zsh'
[3.679s] Level 1:colcon.colcon_core.environment:create_file_with_runtime_dependencies(/home/ugv-c7/CodeWorkspace/UGV-Robot/ros2_humble_colcon_ws/install/moveit_resources_pr2_description/share/colcon-core/packages/moveit_resources_pr2_description)
[3.681s] INFO:colcon.colcon_ros.task.ament_cmake.build:Building ROS package in '/home/ugv-c7/CodeWorkspace/UGV-Robot/ros2_humble_colcon_ws/src/moveit_task_constructor/msgs' with build type 'ament_cmake'
[3.682s] INFO:colcon.colcon_cmake.task.cmake.build:Building CMake package in '/home/ugv-c7/CodeWorkspace/UGV-Robot/ros2_humble_colcon_ws/src/moveit_task_constructor/msgs'
[3.683s] INFO:colcon.colcon_core.shell:Skip shell extension 'powershell' for command environment: Not usable outside of PowerShell
[3.683s] DEBUG:colcon.colcon_core.shell:Skip shell extension 'dsv' for command environment
[3.722s] DEBUG:colcon.colcon_core.event_handler.log_command:Invoking command in '/home/ugv-c7/CodeWorkspace/UGV-Robot/ros2_humble_colcon_ws/build/moveit_task_constructor_msgs': CMAKE_PREFIX_PATH=${CMAKE_PREFIX_PATH}:/home/ugv-c7/CodeWorkspace/UGV-Robot/ros2_humble_colcon_ws/install/py_pub_sub:/opt/ros/humble /usr/bin/cmake /home/ugv-c7/CodeWorkspace/UGV-Robot/ros2_humble_colcon_ws/src/moveit_task_constructor/msgs -DCMAKE_INSTALL_PREFIX=/home/ugv-c7/CodeWorkspace/UGV-Robot/ros2_humble_colcon_ws/install/moveit_task_constructor_msgs
[3.814s] DEBUG:colcon.colcon_core.event_handler.log_command:Invoking command in '/home/ugv-c7/CodeWorkspace/UGV-Robot/ros2_humble_colcon_ws/src/launch_param_builder': PYTHONPATH=/home/ugv-c7/CodeWorkspace/UGV-Robot/ros2_humble_colcon_ws/build/launch_param_builder/prefix_override:/usr/lib/python3/dist-packages/colcon_core/task/python/colcon_distutils_commands:/home/ugv-c7/CodeWorkspace/UGV-Robot/ros2_humble_colcon_ws/install/launch_param_builder/lib/python3.10/site-packages:${PYTHONPATH} /usr/bin/python3 -W ignore:setup.py install is deprecated -W ignore:easy_install command is deprecated setup.py egg_info --egg-base ../../build/launch_param_builder build --build-base /home/ugv-c7/CodeWorkspace/UGV-Robot/ros2_humble_colcon_ws/build/launch_param_builder/build install --record /home/ugv-c7/CodeWorkspace/UGV-Robot/ros2_humble_colcon_ws/build/launch_param_builder/install.log --single-version-externally-managed install_data
[4.101s] DEBUG:colcon.colcon_core.event_handler.log_command:Invoked command in '/home/ugv-c7/CodeWorkspace/UGV-Robot/ros2_humble_colcon_ws/build/moveit_resources_fanuc_description' returned '0': CMAKE_PREFIX_PATH=${CMAKE_PREFIX_PATH}:/home/ugv-c7/CodeWorkspace/UGV-Robot/ros2_humble_colcon_ws/install/py_pub_sub:/opt/ros/humble /usr/bin/cmake /home/ugv-c7/CodeWorkspace/UGV-Robot/ros2_humble_colcon_ws/src/moveit_resources/fanuc_description -DCMAKE_INSTALL_PREFIX=/home/ugv-c7/CodeWorkspace/UGV-Robot/ros2_humble_colcon_ws/install/moveit_resources_fanuc_description
[4.107s] DEBUG:colcon.colcon_core.event_handler.log_command:Invoking command in '/home/ugv-c7/CodeWorkspace/UGV-Robot/ros2_humble_colcon_ws/build/moveit_resources_fanuc_description': CMAKE_PREFIX_PATH=${CMAKE_PREFIX_PATH}:/home/ugv-c7/CodeWorkspace/UGV-Robot/ros2_humble_colcon_ws/install/py_pub_sub:/opt/ros/humble /usr/bin/cmake --build /home/ugv-c7/CodeWorkspace/UGV-Robot/ros2_humble_colcon_ws/build/moveit_resources_fanuc_description -- -j6 -l6
[4.682s] DEBUG:colcon.colcon_core.event_handler.log_command:Invoked command in '/home/ugv-c7/CodeWorkspace/UGV-Robot/ros2_humble_colcon_ws/build/moveit_resources_prbt_support' returned '0': CMAKE_PREFIX_PATH=${CMAKE_PREFIX_PATH}:/home/ugv-c7/CodeWorkspace/UGV-Robot/ros2_humble_colcon_ws/install/py_pub_sub:/opt/ros/humble /usr/bin/cmake /home/ugv-c7/CodeWorkspace/UGV-Robot/ros2_humble_colcon_ws/src/moveit2/moveit_planners/test_configs/prbt_support -DCMAKE_INSTALL_PREFIX=/home/ugv-c7/CodeWorkspace/UGV-Robot/ros2_humble_colcon_ws/install/moveit_resources_prbt_support
[4.687s] DEBUG:colcon.colcon_core.event_handler.log_command:Invoking command in '/home/ugv-c7/CodeWorkspace/UGV-Robot/ros2_humble_colcon_ws/build/moveit_resources_prbt_support': CMAKE_PREFIX_PATH=${CMAKE_PREFIX_PATH}:/home/ugv-c7/CodeWorkspace/UGV-Robot/ros2_humble_colcon_ws/install/py_pub_sub:/opt/ros/humble /usr/bin/cmake --build /home/ugv-c7/CodeWorkspace/UGV-Robot/ros2_humble_colcon_ws/build/moveit_resources_prbt_support -- -j6 -l6
[4.690s] DEBUG:colcon.colcon_core.event_handler.log_command:Invoked command in '/home/ugv-c7/CodeWorkspace/UGV-Robot/ros2_humble_colcon_ws/build/moveit_resources_fanuc_description' returned '0': CMAKE_PREFIX_PATH=${CMAKE_PREFIX_PATH}:/home/ugv-c7/CodeWorkspace/UGV-Robot/ros2_humble_colcon_ws/install/py_pub_sub:/opt/ros/humble /usr/bin/cmake --build /home/ugv-c7/CodeWorkspace/UGV-Robot/ros2_humble_colcon_ws/build/moveit_resources_fanuc_description -- -j6 -l6
[4.696s] DEBUG:colcon.colcon_core.event_handler.log_command:Invoking command in '/home/ugv-c7/CodeWorkspace/UGV-Robot/ros2_humble_colcon_ws/build/moveit_resources_fanuc_description': CMAKE_PREFIX_PATH=${CMAKE_PREFIX_PATH}:/home/ugv-c7/CodeWorkspace/UGV-Robot/ros2_humble_colcon_ws/install/py_pub_sub:/opt/ros/humble /usr/bin/cmake --install /home/ugv-c7/CodeWorkspace/UGV-Robot/ros2_humble_colcon_ws/build/moveit_resources_fanuc_description
[4.817s] DEBUG:colcon.colcon_core.event_handler.log_command:Invoked command in '/home/ugv-c7/CodeWorkspace/UGV-Robot/ros2_humble_colcon_ws/build/moveit_resources_prbt_support' returned '0': CMAKE_PREFIX_PATH=${CMAKE_PREFIX_PATH}:/home/ugv-c7/CodeWorkspace/UGV-Robot/ros2_humble_colcon_ws/install/py_pub_sub:/opt/ros/humble /usr/bin/cmake --build /home/ugv-c7/CodeWorkspace/UGV-Robot/ros2_humble_colcon_ws/build/moveit_resources_prbt_support -- -j6 -l6
[4.818s] DEBUG:colcon.colcon_core.event_handler.log_command:Invoking command in '/home/ugv-c7/CodeWorkspace/UGV-Robot/ros2_humble_colcon_ws/build/moveit_resources_prbt_support': CMAKE_PREFIX_PATH=${CMAKE_PREFIX_PATH}:/home/ugv-c7/CodeWorkspace/UGV-Robot/ros2_humble_colcon_ws/install/py_pub_sub:/opt/ros/humble /usr/bin/cmake --install /home/ugv-c7/CodeWorkspace/UGV-Robot/ros2_humble_colcon_ws/build/moveit_resources_prbt_support
[4.819s] Level 1:colcon.colcon_core.environment:create_environment_scripts_only(moveit_resources_fanuc_description)
[4.820s] Level 1:colcon.colcon_core.environment:checking '/home/ugv-c7/CodeWorkspace/UGV-Robot/ros2_humble_colcon_ws/install/moveit_resources_fanuc_description' for CMake module files
[4.822s] DEBUG:colcon.colcon_core.event_handler.log_command:Invoked command in '/home/ugv-c7/CodeWorkspace/UGV-Robot/ros2_humble_colcon_ws/build/moveit_resources_fanuc_description' returned '0': CMAKE_PREFIX_PATH=${CMAKE_PREFIX_PATH}:/home/ugv-c7/CodeWorkspace/UGV-Robot/ros2_humble_colcon_ws/install/py_pub_sub:/opt/ros/humble /usr/bin/cmake --install /home/ugv-c7/CodeWorkspace/UGV-Robot/ros2_humble_colcon_ws/build/moveit_resources_fanuc_description
[4.823s] Level 1:colcon.colcon_core.environment:checking '/home/ugv-c7/CodeWorkspace/UGV-Robot/ros2_humble_colcon_ws/install/moveit_resources_fanuc_description' for CMake config files
[4.825s] Level 1:colcon.colcon_core.shell:create_environment_hook('moveit_resources_fanuc_description', 'cmake_prefix_path')
[4.826s] INFO:colcon.colcon_core.shell:Creating environment hook '/home/ugv-c7/CodeWorkspace/UGV-Robot/ros2_humble_colcon_ws/install/moveit_resources_fanuc_description/share/moveit_resources_fanuc_description/hook/cmake_prefix_path.ps1'
[4.828s] INFO:colcon.colcon_core.shell:Creating environment descriptor '/home/ugv-c7/CodeWorkspace/UGV-Robot/ros2_humble_colcon_ws/install/moveit_resources_fanuc_description/share/moveit_resources_fanuc_description/hook/cmake_prefix_path.dsv'
[4.829s] INFO:colcon.colcon_core.shell:Creating environment hook '/home/ugv-c7/CodeWorkspace/UGV-Robot/ros2_humble_colcon_ws/install/moveit_resources_fanuc_description/share/moveit_resources_fanuc_description/hook/cmake_prefix_path.sh'
[4.831s] Level 1:colcon.colcon_core.environment:checking '/home/ugv-c7/CodeWorkspace/UGV-Robot/ros2_humble_colcon_ws/install/moveit_resources_fanuc_description/bin'
[4.832s] Level 1:colcon.colcon_core.environment:checking '/home/ugv-c7/CodeWorkspace/UGV-Robot/ros2_humble_colcon_ws/install/moveit_resources_fanuc_description/lib/pkgconfig/moveit_resources_fanuc_description.pc'
[4.833s] Level 1:colcon.colcon_core.environment:checking '/home/ugv-c7/CodeWorkspace/UGV-Robot/ros2_humble_colcon_ws/install/moveit_resources_fanuc_description/lib/python3.10/site-packages'
[4.833s] Level 1:colcon.colcon_core.environment:checking '/home/ugv-c7/CodeWorkspace/UGV-Robot/ros2_humble_colcon_ws/install/moveit_resources_fanuc_description/bin'
[4.835s] INFO:colcon.colcon_core.shell:Creating package script '/home/ugv-c7/CodeWorkspace/UGV-Robot/ros2_humble_colcon_ws/install/moveit_resources_fanuc_description/share/moveit_resources_fanuc_description/package.ps1'
[4.837s] INFO:colcon.colcon_core.shell:Creating package descriptor '/home/ugv-c7/CodeWorkspace/UGV-Robot/ros2_humble_colcon_ws/install/moveit_resources_fanuc_description/share/moveit_resources_fanuc_description/package.dsv'
[4.838s] INFO:colcon.colcon_core.shell:Creating package script '/home/ugv-c7/CodeWorkspace/UGV-Robot/ros2_humble_colcon_ws/install/moveit_resources_fanuc_description/share/moveit_resources_fanuc_description/package.sh'
[4.839s] INFO:colcon.colcon_core.shell:Creating package script '/home/ugv-c7/CodeWorkspace/UGV-Robot/ros2_humble_colcon_ws/install/moveit_resources_fanuc_description/share/moveit_resources_fanuc_description/package.bash'
[4.840s] INFO:colcon.colcon_core.shell:Creating package script '/home/ugv-c7/CodeWorkspace/UGV-Robot/ros2_humble_colcon_ws/install/moveit_resources_fanuc_description/share/moveit_resources_fanuc_description/package.zsh'
[4.842s] Level 1:colcon.colcon_core.environment:create_file_with_runtime_dependencies(/home/ugv-c7/CodeWorkspace/UGV-Robot/ros2_humble_colcon_ws/install/moveit_resources_fanuc_description/share/colcon-core/packages/moveit_resources_fanuc_description)
[4.844s] Level 1:colcon.colcon_core.environment:create_environment_scripts_only(moveit_resources_fanuc_description)
[4.845s] Level 1:colcon.colcon_core.environment:checking '/home/ugv-c7/CodeWorkspace/UGV-Robot/ros2_humble_colcon_ws/install/moveit_resources_fanuc_description' for CMake module files
[4.846s] Level 1:colcon.colcon_core.environment:checking '/home/ugv-c7/CodeWorkspace/UGV-Robot/ros2_humble_colcon_ws/install/moveit_resources_fanuc_description' for CMake config files
[4.847s] Level 1:colcon.colcon_core.shell:create_environment_hook('moveit_resources_fanuc_description', 'cmake_prefix_path')
[4.847s] INFO:colcon.colcon_core.shell:Creating environment hook '/home/ugv-c7/CodeWorkspace/UGV-Robot/ros2_humble_colcon_ws/install/moveit_resources_fanuc_description/share/moveit_resources_fanuc_description/hook/cmake_prefix_path.ps1'
[4.849s] INFO:colcon.colcon_core.shell:Creating environment descriptor '/home/ugv-c7/CodeWorkspace/UGV-Robot/ros2_humble_colcon_ws/install/moveit_resources_fanuc_description/share/moveit_resources_fanuc_description/hook/cmake_prefix_path.dsv'
[4.850s] INFO:colcon.colcon_core.shell:Creating environment hook '/home/ugv-c7/CodeWorkspace/UGV-Robot/ros2_humble_colcon_ws/install/moveit_resources_fanuc_description/share/moveit_resources_fanuc_description/hook/cmake_prefix_path.sh'
[4.851s] Level 1:colcon.colcon_core.environment:checking '/home/ugv-c7/CodeWorkspace/UGV-Robot/ros2_humble_colcon_ws/install/moveit_resources_fanuc_description/bin'
[4.851s] Level 1:colcon.colcon_core.environment:checking '/home/ugv-c7/CodeWorkspace/UGV-Robot/ros2_humble_colcon_ws/install/moveit_resources_fanuc_description/lib/pkgconfig/moveit_resources_fanuc_description.pc'
[4.852s] Level 1:colcon.colcon_core.environment:checking '/home/ugv-c7/CodeWorkspace/UGV-Robot/ros2_humble_colcon_ws/install/moveit_resources_fanuc_description/lib/python3.10/site-packages'
[4.853s] Level 1:colcon.colcon_core.environment:checking '/home/ugv-c7/CodeWorkspace/UGV-Robot/ros2_humble_colcon_ws/install/moveit_resources_fanuc_description/bin'
[4.853s] INFO:colcon.colcon_core.shell:Creating package script '/home/ugv-c7/CodeWorkspace/UGV-Robot/ros2_humble_colcon_ws/install/moveit_resources_fanuc_description/share/moveit_resources_fanuc_description/package.ps1'
[4.855s] INFO:colcon.colcon_core.shell:Creating package descriptor '/home/ugv-c7/CodeWorkspace/UGV-Robot/ros2_humble_colcon_ws/install/moveit_resources_fanuc_description/share/moveit_resources_fanuc_description/package.dsv'
[4.856s] INFO:colcon.colcon_core.shell:Creating package script '/home/ugv-c7/CodeWorkspace/UGV-Robot/ros2_humble_colcon_ws/install/moveit_resources_fanuc_description/share/moveit_resources_fanuc_description/package.sh'
[4.857s] INFO:colcon.colcon_core.shell:Creating package script '/home/ugv-c7/CodeWorkspace/UGV-Robot/ros2_humble_colcon_ws/install/moveit_resources_fanuc_description/share/moveit_resources_fanuc_description/package.bash'
[4.859s] INFO:colcon.colcon_core.shell:Creating package script '/home/ugv-c7/CodeWorkspace/UGV-Robot/ros2_humble_colcon_ws/install/moveit_resources_fanuc_description/share/moveit_resources_fanuc_description/package.zsh'
[4.860s] Level 1:colcon.colcon_core.environment:create_file_with_runtime_dependencies(/home/ugv-c7/CodeWorkspace/UGV-Robot/ros2_humble_colcon_ws/install/moveit_resources_fanuc_description/share/colcon-core/packages/moveit_resources_fanuc_description)
[4.864s] INFO:colcon.colcon_ros.task.ament_cmake.build:Building ROS package in '/home/ugv-c7/CodeWorkspace/UGV-Robot/ros2_humble_colcon_ws/src/moveit_resources/fanuc_moveit_config' with build type 'ament_cmake'
[4.865s] INFO:colcon.colcon_cmake.task.cmake.build:Building CMake package in '/home/ugv-c7/CodeWorkspace/UGV-Robot/ros2_humble_colcon_ws/src/moveit_resources/fanuc_moveit_config'
[4.866s] INFO:colcon.colcon_core.shell:Skip shell extension 'powershell' for command environment: Not usable outside of PowerShell
[4.866s] DEBUG:colcon.colcon_core.shell:Skip shell extension 'dsv' for command environment
[4.890s] Level 1:colcon.colcon_core.environment:checking '/home/ugv-c7/CodeWorkspace/UGV-Robot/ros2_humble_colcon_ws/install/launch_param_builder' for CMake module files
[4.892s] DEBUG:colcon.colcon_core.event_handler.log_command:Invoked command in '/home/ugv-c7/CodeWorkspace/UGV-Robot/ros2_humble_colcon_ws/src/launch_param_builder' returned '0': PYTHONPATH=/home/ugv-c7/CodeWorkspace/UGV-Robot/ros2_humble_colcon_ws/build/launch_param_builder/prefix_override:/usr/lib/python3/dist-packages/colcon_core/task/python/colcon_distutils_commands:/home/ugv-c7/CodeWorkspace/UGV-Robot/ros2_humble_colcon_ws/install/launch_param_builder/lib/python3.10/site-packages:${PYTHONPATH} /usr/bin/python3 -W ignore:setup.py install is deprecated -W ignore:easy_install command is deprecated setup.py egg_info --egg-base ../../build/launch_param_builder build --build-base /home/ugv-c7/CodeWorkspace/UGV-Robot/ros2_humble_colcon_ws/build/launch_param_builder/build install --record /home/ugv-c7/CodeWorkspace/UGV-Robot/ros2_humble_colcon_ws/build/launch_param_builder/install.log --single-version-externally-managed install_data
[4.894s] Level 1:colcon.colcon_core.environment:checking '/home/ugv-c7/CodeWorkspace/UGV-Robot/ros2_humble_colcon_ws/install/launch_param_builder' for CMake config files
[4.896s] Level 1:colcon.colcon_core.environment:checking '/home/ugv-c7/CodeWorkspace/UGV-Robot/ros2_humble_colcon_ws/install/launch_param_builder/lib'
[4.897s] Level 1:colcon.colcon_core.environment:checking '/home/ugv-c7/CodeWorkspace/UGV-Robot/ros2_humble_colcon_ws/install/launch_param_builder/bin'
[4.897s] Level 1:colcon.colcon_core.environment:checking '/home/ugv-c7/CodeWorkspace/UGV-Robot/ros2_humble_colcon_ws/install/launch_param_builder/lib/pkgconfig/launch_param_builder.pc'
[4.898s] Level 1:colcon.colcon_core.environment:checking '/home/ugv-c7/CodeWorkspace/UGV-Robot/ros2_humble_colcon_ws/install/launch_param_builder/lib/python3.10/site-packages'
[4.898s] Level 1:colcon.colcon_core.shell:create_environment_hook('launch_param_builder', 'pythonpath')
[4.899s] INFO:colcon.colcon_core.shell:Creating environment hook '/home/ugv-c7/CodeWorkspace/UGV-Robot/ros2_humble_colcon_ws/install/launch_param_builder/share/launch_param_builder/hook/pythonpath.ps1'
[4.901s] INFO:colcon.colcon_core.shell:Creating environment descriptor '/home/ugv-c7/CodeWorkspace/UGV-Robot/ros2_humble_colcon_ws/install/launch_param_builder/share/launch_param_builder/hook/pythonpath.dsv'
[4.902s] INFO:colcon.colcon_core.shell:Creating environment hook '/home/ugv-c7/CodeWorkspace/UGV-Robot/ros2_humble_colcon_ws/install/launch_param_builder/share/launch_param_builder/hook/pythonpath.sh'
[4.904s] Level 1:colcon.colcon_core.environment:checking '/home/ugv-c7/CodeWorkspace/UGV-Robot/ros2_humble_colcon_ws/install/launch_param_builder/bin'
[4.905s] Level 1:colcon.colcon_core.environment:create_environment_scripts_only(launch_param_builder)
[4.906s] INFO:colcon.colcon_core.shell:Creating package script '/home/ugv-c7/CodeWorkspace/UGV-Robot/ros2_humble_colcon_ws/install/launch_param_builder/share/launch_param_builder/package.ps1'
[4.908s] INFO:colcon.colcon_core.shell:Creating package descriptor '/home/ugv-c7/CodeWorkspace/UGV-Robot/ros2_humble_colcon_ws/install/launch_param_builder/share/launch_param_builder/package.dsv'
[4.909s] INFO:colcon.colcon_core.shell:Creating package script '/home/ugv-c7/CodeWorkspace/UGV-Robot/ros2_humble_colcon_ws/install/launch_param_builder/share/launch_param_builder/package.sh'
[4.910s] INFO:colcon.colcon_core.shell:Creating package script '/home/ugv-c7/CodeWorkspace/UGV-Robot/ros2_humble_colcon_ws/install/launch_param_builder/share/launch_param_builder/package.bash'
[4.911s] INFO:colcon.colcon_core.shell:Creating package script '/home/ugv-c7/CodeWorkspace/UGV-Robot/ros2_humble_colcon_ws/install/launch_param_builder/share/launch_param_builder/package.zsh'
[4.911s] Level 1:colcon.colcon_core.environment:create_file_with_runtime_dependencies(/home/ugv-c7/CodeWorkspace/UGV-Robot/ros2_humble_colcon_ws/install/launch_param_builder/share/colcon-core/packages/launch_param_builder)
[4.917s] INFO:colcon.colcon_ros.task.ament_cmake.build:Building ROS package in '/home/ugv-c7/CodeWorkspace/UGV-Robot/ros2_humble_colcon_ws/src/moveit_task_constructor/rviz_marker_tools' with build type 'ament_cmake'
[4.917s] INFO:colcon.colcon_cmake.task.cmake.build:Building CMake package in '/home/ugv-c7/CodeWorkspace/UGV-Robot/ros2_humble_colcon_ws/src/moveit_task_constructor/rviz_marker_tools'
[4.918s] INFO:colcon.colcon_core.shell:Skip shell extension 'powershell' for command environment: Not usable outside of PowerShell
[4.919s] DEBUG:colcon.colcon_core.shell:Skip shell extension 'dsv' for command environment
[4.929s] Level 1:colcon.colcon_core.environment:create_environment_scripts_only(moveit_resources_prbt_support)
[4.931s] Level 1:colcon.colcon_core.environment:checking '/home/ugv-c7/CodeWorkspace/UGV-Robot/ros2_humble_colcon_ws/install/moveit_resources_prbt_support' for CMake module files
[4.932s] DEBUG:colcon.colcon_core.event_handler.log_command:Invoked command in '/home/ugv-c7/CodeWorkspace/UGV-Robot/ros2_humble_colcon_ws/build/moveit_resources_prbt_support' returned '0': CMAKE_PREFIX_PATH=${CMAKE_PREFIX_PATH}:/home/ugv-c7/CodeWorkspace/UGV-Robot/ros2_humble_colcon_ws/install/py_pub_sub:/opt/ros/humble /usr/bin/cmake --install /home/ugv-c7/CodeWorkspace/UGV-Robot/ros2_humble_colcon_ws/build/moveit_resources_prbt_support
[4.933s] Level 1:colcon.colcon_core.environment:checking '/home/ugv-c7/CodeWorkspace/UGV-Robot/ros2_humble_colcon_ws/install/moveit_resources_prbt_support' for CMake config files
[4.934s] Level 1:colcon.colcon_core.shell:create_environment_hook('moveit_resources_prbt_support', 'cmake_prefix_path')
[4.935s] INFO:colcon.colcon_core.shell:Creating environment hook '/home/ugv-c7/CodeWorkspace/UGV-Robot/ros2_humble_colcon_ws/install/moveit_resources_prbt_support/share/moveit_resources_prbt_support/hook/cmake_prefix_path.ps1'
[4.936s] INFO:colcon.colcon_core.shell:Creating environment descriptor '/home/ugv-c7/CodeWorkspace/UGV-Robot/ros2_humble_colcon_ws/install/moveit_resources_prbt_support/share/moveit_resources_prbt_support/hook/cmake_prefix_path.dsv'
[4.937s] INFO:colcon.colcon_core.shell:Creating environment hook '/home/ugv-c7/CodeWorkspace/UGV-Robot/ros2_humble_colcon_ws/install/moveit_resources_prbt_support/share/moveit_resources_prbt_support/hook/cmake_prefix_path.sh'
[4.940s] Level 1:colcon.colcon_core.environment:checking '/home/ugv-c7/CodeWorkspace/UGV-Robot/ros2_humble_colcon_ws/install/moveit_resources_prbt_support/bin'
[4.941s] Level 1:colcon.colcon_core.environment:checking '/home/ugv-c7/CodeWorkspace/UGV-Robot/ros2_humble_colcon_ws/install/moveit_resources_prbt_support/lib/pkgconfig/moveit_resources_prbt_support.pc'
[4.941s] Level 1:colcon.colcon_core.environment:checking '/home/ugv-c7/CodeWorkspace/UGV-Robot/ros2_humble_colcon_ws/install/moveit_resources_prbt_support/lib/python3.10/site-packages'
[4.942s] Level 1:colcon.colcon_core.environment:checking '/home/ugv-c7/CodeWorkspace/UGV-Robot/ros2_humble_colcon_ws/install/moveit_resources_prbt_support/bin'
[4.943s] INFO:colcon.colcon_core.shell:Creating package script '/home/ugv-c7/CodeWorkspace/UGV-Robot/ros2_humble_colcon_ws/install/moveit_resources_prbt_support/share/moveit_resources_prbt_support/package.ps1'
[4.944s] INFO:colcon.colcon_core.shell:Creating package descriptor '/home/ugv-c7/CodeWorkspace/UGV-Robot/ros2_humble_colcon_ws/install/moveit_resources_prbt_support/share/moveit_resources_prbt_support/package.dsv'
[4.945s] INFO:colcon.colcon_core.shell:Creating package script '/home/ugv-c7/CodeWorkspace/UGV-Robot/ros2_humble_colcon_ws/install/moveit_resources_prbt_support/share/moveit_resources_prbt_support/package.sh'
[4.946s] INFO:colcon.colcon_core.shell:Creating package script '/home/ugv-c7/CodeWorkspace/UGV-Robot/ros2_humble_colcon_ws/install/moveit_resources_prbt_support/share/moveit_resources_prbt_support/package.bash'
[4.947s] INFO:colcon.colcon_core.shell:Creating package script '/home/ugv-c7/CodeWorkspace/UGV-Robot/ros2_humble_colcon_ws/install/moveit_resources_prbt_support/share/moveit_resources_prbt_support/package.zsh'
[4.948s] Level 1:colcon.colcon_core.environment:create_file_with_runtime_dependencies(/home/ugv-c7/CodeWorkspace/UGV-Robot/ros2_humble_colcon_ws/install/moveit_resources_prbt_support/share/colcon-core/packages/moveit_resources_prbt_support)
[4.949s] Level 1:colcon.colcon_core.environment:create_environment_scripts_only(moveit_resources_prbt_support)
[4.950s] Level 1:colcon.colcon_core.environment:checking '/home/ugv-c7/CodeWorkspace/UGV-Robot/ros2_humble_colcon_ws/install/moveit_resources_prbt_support' for CMake module files
[4.951s] Level 1:colcon.colcon_core.environment:checking '/home/ugv-c7/CodeWorkspace/UGV-Robot/ros2_humble_colcon_ws/install/moveit_resources_prbt_support' for CMake config files
[4.952s] Level 1:colcon.colcon_core.shell:create_environment_hook('moveit_resources_prbt_support', 'cmake_prefix_path')
[4.952s] INFO:colcon.colcon_core.shell:Creating environment hook '/home/ugv-c7/CodeWorkspace/UGV-Robot/ros2_humble_colcon_ws/install/moveit_resources_prbt_support/share/moveit_resources_prbt_support/hook/cmake_prefix_path.ps1'
[4.954s] INFO:colcon.colcon_core.shell:Creating environment descriptor '/home/ugv-c7/CodeWorkspace/UGV-Robot/ros2_humble_colcon_ws/install/moveit_resources_prbt_support/share/moveit_resources_prbt_support/hook/cmake_prefix_path.dsv'
[4.955s] INFO:colcon.colcon_core.shell:Creating environment hook '/home/ugv-c7/CodeWorkspace/UGV-Robot/ros2_humble_colcon_ws/install/moveit_resources_prbt_support/share/moveit_resources_prbt_support/hook/cmake_prefix_path.sh'
[4.956s] Level 1:colcon.colcon_core.environment:checking '/home/ugv-c7/CodeWorkspace/UGV-Robot/ros2_humble_colcon_ws/install/moveit_resources_prbt_support/bin'
[4.957s] Level 1:colcon.colcon_core.environment:checking '/home/ugv-c7/CodeWorkspace/UGV-Robot/ros2_humble_colcon_ws/install/moveit_resources_prbt_support/lib/pkgconfig/moveit_resources_prbt_support.pc'
[4.957s] Level 1:colcon.colcon_core.environment:checking '/home/ugv-c7/CodeWorkspace/UGV-Robot/ros2_humble_colcon_ws/install/moveit_resources_prbt_support/lib/python3.10/site-packages'
[4.958s] Level 1:colcon.colcon_core.environment:checking '/home/ugv-c7/CodeWorkspace/UGV-Robot/ros2_humble_colcon_ws/install/moveit_resources_prbt_support/bin'
[4.959s] INFO:colcon.colcon_core.shell:Creating package script '/home/ugv-c7/CodeWorkspace/UGV-Robot/ros2_humble_colcon_ws/install/moveit_resources_prbt_support/share/moveit_resources_prbt_support/package.ps1'
[4.960s] INFO:colcon.colcon_core.shell:Creating package descriptor '/home/ugv-c7/CodeWorkspace/UGV-Robot/ros2_humble_colcon_ws/install/moveit_resources_prbt_support/share/moveit_resources_prbt_support/package.dsv'
[4.961s] INFO:colcon.colcon_core.shell:Creating package script '/home/ugv-c7/CodeWorkspace/UGV-Robot/ros2_humble_colcon_ws/install/moveit_resources_prbt_support/share/moveit_resources_prbt_support/package.sh'
[4.962s] INFO:colcon.colcon_core.shell:Creating package script '/home/ugv-c7/CodeWorkspace/UGV-Robot/ros2_humble_colcon_ws/install/moveit_resources_prbt_support/share/moveit_resources_prbt_support/package.bash'
[4.963s] INFO:colcon.colcon_core.shell:Creating package script '/home/ugv-c7/CodeWorkspace/UGV-Robot/ros2_humble_colcon_ws/install/moveit_resources_prbt_support/share/moveit_resources_prbt_support/package.zsh'
[4.964s] Level 1:colcon.colcon_core.environment:create_file_with_runtime_dependencies(/home/ugv-c7/CodeWorkspace/UGV-Robot/ros2_humble_colcon_ws/install/moveit_resources_prbt_support/share/colcon-core/packages/moveit_resources_prbt_support)
[4.968s] INFO:colcon.colcon_ros.task.ament_python.build:Building ROS package in '/home/ugv-c7/CodeWorkspace/UGV-Robot/ros2_humble_colcon_ws/src/py_pub_sub' with build type 'ament_python'
[4.969s] Level 1:colcon.colcon_core.shell:create_environment_hook('py_pub_sub', 'ament_prefix_path')
[4.970s] INFO:colcon.colcon_core.shell:Creating environment hook '/home/ugv-c7/CodeWorkspace/UGV-Robot/ros2_humble_colcon_ws/install/py_pub_sub/share/py_pub_sub/hook/ament_prefix_path.ps1'
[4.972s] INFO:colcon.colcon_core.shell:Creating environment descriptor '/home/ugv-c7/CodeWorkspace/UGV-Robot/ros2_humble_colcon_ws/install/py_pub_sub/share/py_pub_sub/hook/ament_prefix_path.dsv'
[4.973s] INFO:colcon.colcon_core.shell:Creating environment hook '/home/ugv-c7/CodeWorkspace/UGV-Robot/ros2_humble_colcon_ws/install/py_pub_sub/share/py_pub_sub/hook/ament_prefix_path.sh'
[4.975s] INFO:colcon.colcon_core.shell:Skip shell extension 'powershell' for command environment: Not usable outside of PowerShell
[4.975s] DEBUG:colcon.colcon_core.shell:Skip shell extension 'dsv' for command environment
[4.994s] DEBUG:colcon.colcon_core.event_handler.log_command:Invoking command in '/home/ugv-c7/CodeWorkspace/UGV-Robot/ros2_humble_colcon_ws/build/moveit_resources_fanuc_moveit_config': AMENT_PREFIX_PATH=/home/ugv-c7/CodeWorkspace/UGV-Robot/ros2_humble_colcon_ws/install/moveit_resources_fanuc_description:${AMENT_PREFIX_PATH} CMAKE_PREFIX_PATH=/home/ugv-c7/CodeWorkspace/UGV-Robot/ros2_humble_colcon_ws/install/moveit_resources_fanuc_description:/home/ugv-c7/CodeWorkspace/UGV-Robot/ros2_humble_colcon_ws/install/app_bringup:/home/ugv-c7/CodeWorkspace/UGV-Robot/ros2_humble_colcon_ws/install/py_pub_sub:/opt/ros/humble /usr/bin/cmake /home/ugv-c7/CodeWorkspace/UGV-Robot/ros2_humble_colcon_ws/src/moveit_resources/fanuc_moveit_config -DCMAKE_INSTALL_PREFIX=/home/ugv-c7/CodeWorkspace/UGV-Robot/ros2_humble_colcon_ws/install/moveit_resources_fanuc_moveit_config
[5.003s] DEBUG:colcon.colcon_core.event_handler.log_command:Invoking command in '/home/ugv-c7/CodeWorkspace/UGV-Robot/ros2_humble_colcon_ws/build/rviz_marker_tools': AMENT_PREFIX_PATH=/home/ugv-c7/CodeWorkspace/UGV-Robot/ros2_humble_colcon_ws/install/moveit_common:${AMENT_PREFIX_PATH} CMAKE_PREFIX_PATH=/home/ugv-c7/CodeWorkspace/UGV-Robot/ros2_humble_colcon_ws/install/moveit_common:/home/ugv-c7/CodeWorkspace/UGV-Robot/ros2_humble_colcon_ws/install/app_bringup:/home/ugv-c7/CodeWorkspace/UGV-Robot/ros2_humble_colcon_ws/install/py_pub_sub:/opt/ros/humble /usr/bin/cmake /home/ugv-c7/CodeWorkspace/UGV-Robot/ros2_humble_colcon_ws/src/moveit_task_constructor/rviz_marker_tools -DCMAKE_INSTALL_PREFIX=/home/ugv-c7/CodeWorkspace/UGV-Robot/ros2_humble_colcon_ws/install/rviz_marker_tools
[5.770s] INFO:colcon.colcon_core.task.python.build:Building Python package in '/home/ugv-c7/CodeWorkspace/UGV-Robot/ros2_humble_colcon_ws/src/py_pub_sub'
[5.772s] INFO:colcon.colcon_core.shell:Skip shell extension 'powershell' for command environment: Not usable outside of PowerShell
[5.773s] DEBUG:colcon.colcon_core.shell:Skip shell extension 'dsv' for command environment
[5.786s] DEBUG:colcon.colcon_core.event_handler.log_command:Invoked command in '/home/ugv-c7/CodeWorkspace/UGV-Robot/ros2_humble_colcon_ws/build/moveit_resources_panda_moveit_config' returned '0': AMENT_PREFIX_PATH=/home/ugv-c7/CodeWorkspace/UGV-Robot/ros2_humble_colcon_ws/install/moveit_resources_panda_description:${AMENT_PREFIX_PATH} CMAKE_PREFIX_PATH=/home/ugv-c7/CodeWorkspace/UGV-Robot/ros2_humble_colcon_ws/install/moveit_resources_panda_description:/home/ugv-c7/CodeWorkspace/UGV-Robot/ros2_humble_colcon_ws/install/app_bringup:/home/ugv-c7/CodeWorkspace/UGV-Robot/ros2_humble_colcon_ws/install/py_pub_sub:/opt/ros/humble /usr/bin/cmake /home/ugv-c7/CodeWorkspace/UGV-Robot/ros2_humble_colcon_ws/src/moveit_resources/panda_moveit_config -DCMAKE_INSTALL_PREFIX=/home/ugv-c7/CodeWorkspace/UGV-Robot/ros2_humble_colcon_ws/install/moveit_resources_panda_moveit_config
[5.792s] DEBUG:colcon.colcon_core.event_handler.log_command:Invoking command in '/home/ugv-c7/CodeWorkspace/UGV-Robot/ros2_humble_colcon_ws/build/moveit_resources_panda_moveit_config': AMENT_PREFIX_PATH=/home/ugv-c7/CodeWorkspace/UGV-Robot/ros2_humble_colcon_ws/install/moveit_resources_panda_description:${AMENT_PREFIX_PATH} CMAKE_PREFIX_PATH=/home/ugv-c7/CodeWorkspace/UGV-Robot/ros2_humble_colcon_ws/install/moveit_resources_panda_description:/home/ugv-c7/CodeWorkspace/UGV-Robot/ros2_humble_colcon_ws/install/app_bringup:/home/ugv-c7/CodeWorkspace/UGV-Robot/ros2_humble_colcon_ws/install/py_pub_sub:/opt/ros/humble /usr/bin/cmake --build /home/ugv-c7/CodeWorkspace/UGV-Robot/ros2_humble_colcon_ws/build/moveit_resources_panda_moveit_config -- -j6 -l6
[5.905s] DEBUG:colcon.colcon_core.event_handler.log_command:Invoked command in '/home/ugv-c7/CodeWorkspace/UGV-Robot/ros2_humble_colcon_ws/build/moveit_resources_panda_moveit_config' returned '0': AMENT_PREFIX_PATH=/home/ugv-c7/CodeWorkspace/UGV-Robot/ros2_humble_colcon_ws/install/moveit_resources_panda_description:${AMENT_PREFIX_PATH} CMAKE_PREFIX_PATH=/home/ugv-c7/CodeWorkspace/UGV-Robot/ros2_humble_colcon_ws/install/moveit_resources_panda_description:/home/ugv-c7/CodeWorkspace/UGV-Robot/ros2_humble_colcon_ws/install/app_bringup:/home/ugv-c7/CodeWorkspace/UGV-Robot/ros2_humble_colcon_ws/install/py_pub_sub:/opt/ros/humble /usr/bin/cmake --build /home/ugv-c7/CodeWorkspace/UGV-Robot/ros2_humble_colcon_ws/build/moveit_resources_panda_moveit_config -- -j6 -l6
[5.907s] DEBUG:colcon.colcon_core.event_handler.log_command:Invoking command in '/home/ugv-c7/CodeWorkspace/UGV-Robot/ros2_humble_colcon_ws/build/moveit_resources_panda_moveit_config': AMENT_PREFIX_PATH=/home/ugv-c7/CodeWorkspace/UGV-Robot/ros2_humble_colcon_ws/install/moveit_resources_panda_description:${AMENT_PREFIX_PATH} CMAKE_PREFIX_PATH=/home/ugv-c7/CodeWorkspace/UGV-Robot/ros2_humble_colcon_ws/install/moveit_resources_panda_description:/home/ugv-c7/CodeWorkspace/UGV-Robot/ros2_humble_colcon_ws/install/app_bringup:/home/ugv-c7/CodeWorkspace/UGV-Robot/ros2_humble_colcon_ws/install/py_pub_sub:/opt/ros/humble /usr/bin/cmake --install /home/ugv-c7/CodeWorkspace/UGV-Robot/ros2_humble_colcon_ws/build/moveit_resources_panda_moveit_config
[5.953s] Level 1:colcon.colcon_core.environment:create_environment_scripts_only(moveit_resources_panda_moveit_config)
[5.954s] Level 1:colcon.colcon_core.environment:checking '/home/ugv-c7/CodeWorkspace/UGV-Robot/ros2_humble_colcon_ws/install/moveit_resources_panda_moveit_config' for CMake module files
[5.955s] Level 1:colcon.colcon_core.environment:checking '/home/ugv-c7/CodeWorkspace/UGV-Robot/ros2_humble_colcon_ws/install/moveit_resources_panda_moveit_config' for CMake config files
[5.956s] Level 1:colcon.colcon_core.shell:create_environment_hook('moveit_resources_panda_moveit_config', 'cmake_prefix_path')
[5.957s] INFO:colcon.colcon_core.shell:Creating environment hook '/home/ugv-c7/CodeWorkspace/UGV-Robot/ros2_humble_colcon_ws/install/moveit_resources_panda_moveit_config/share/moveit_resources_panda_moveit_config/hook/cmake_prefix_path.ps1'
[5.959s] INFO:colcon.colcon_core.shell:Creating environment descriptor '/home/ugv-c7/CodeWorkspace/UGV-Robot/ros2_humble_colcon_ws/install/moveit_resources_panda_moveit_config/share/moveit_resources_panda_moveit_config/hook/cmake_prefix_path.dsv'
[5.961s] DEBUG:colcon.colcon_core.event_handler.log_command:Invoked command in '/home/ugv-c7/CodeWorkspace/UGV-Robot/ros2_humble_colcon_ws/build/moveit_resources_panda_moveit_config' returned '0': AMENT_PREFIX_PATH=/home/ugv-c7/CodeWorkspace/UGV-Robot/ros2_humble_colcon_ws/install/moveit_resources_panda_description:${AMENT_PREFIX_PATH} CMAKE_PREFIX_PATH=/home/ugv-c7/CodeWorkspace/UGV-Robot/ros2_humble_colcon_ws/install/moveit_resources_panda_description:/home/ugv-c7/CodeWorkspace/UGV-Robot/ros2_humble_colcon_ws/install/app_bringup:/home/ugv-c7/CodeWorkspace/UGV-Robot/ros2_humble_colcon_ws/install/py_pub_sub:/opt/ros/humble /usr/bin/cmake --install /home/ugv-c7/CodeWorkspace/UGV-Robot/ros2_humble_colcon_ws/build/moveit_resources_panda_moveit_config
[5.961s] INFO:colcon.colcon_core.shell:Creating environment hook '/home/ugv-c7/CodeWorkspace/UGV-Robot/ros2_humble_colcon_ws/install/moveit_resources_panda_moveit_config/share/moveit_resources_panda_moveit_config/hook/cmake_prefix_path.sh'
[5.968s] Level 1:colcon.colcon_core.environment:checking '/home/ugv-c7/CodeWorkspace/UGV-Robot/ros2_humble_colcon_ws/install/moveit_resources_panda_moveit_config/bin'
[5.968s] Level 1:colcon.colcon_core.environment:checking '/home/ugv-c7/CodeWorkspace/UGV-Robot/ros2_humble_colcon_ws/install/moveit_resources_panda_moveit_config/lib/pkgconfig/moveit_resources_panda_moveit_config.pc'
[5.969s] Level 1:colcon.colcon_core.environment:checking '/home/ugv-c7/CodeWorkspace/UGV-Robot/ros2_humble_colcon_ws/install/moveit_resources_panda_moveit_config/lib/python3.10/site-packages'
[5.969s] Level 1:colcon.colcon_core.environment:checking '/home/ugv-c7/CodeWorkspace/UGV-Robot/ros2_humble_colcon_ws/install/moveit_resources_panda_moveit_config/bin'
[5.970s] INFO:colcon.colcon_core.shell:Creating package script '/home/ugv-c7/CodeWorkspace/UGV-Robot/ros2_humble_colcon_ws/install/moveit_resources_panda_moveit_config/share/moveit_resources_panda_moveit_config/package.ps1'
[5.972s] INFO:colcon.colcon_core.shell:Creating package descriptor '/home/ugv-c7/CodeWorkspace/UGV-Robot/ros2_humble_colcon_ws/install/moveit_resources_panda_moveit_config/share/moveit_resources_panda_moveit_config/package.dsv'
[5.973s] INFO:colcon.colcon_core.shell:Creating package script '/home/ugv-c7/CodeWorkspace/UGV-Robot/ros2_humble_colcon_ws/install/moveit_resources_panda_moveit_config/share/moveit_resources_panda_moveit_config/package.sh'
[5.975s] INFO:colcon.colcon_core.shell:Creating package script '/home/ugv-c7/CodeWorkspace/UGV-Robot/ros2_humble_colcon_ws/install/moveit_resources_panda_moveit_config/share/moveit_resources_panda_moveit_config/package.bash'
[5.976s] INFO:colcon.colcon_core.shell:Creating package script '/home/ugv-c7/CodeWorkspace/UGV-Robot/ros2_humble_colcon_ws/install/moveit_resources_panda_moveit_config/share/moveit_resources_panda_moveit_config/package.zsh'
[5.977s] Level 1:colcon.colcon_core.environment:create_file_with_runtime_dependencies(/home/ugv-c7/CodeWorkspace/UGV-Robot/ros2_humble_colcon_ws/install/moveit_resources_panda_moveit_config/share/colcon-core/packages/moveit_resources_panda_moveit_config)
[5.979s] Level 1:colcon.colcon_core.environment:create_environment_scripts_only(moveit_resources_panda_moveit_config)
[5.979s] Level 1:colcon.colcon_core.environment:checking '/home/ugv-c7/CodeWorkspace/UGV-Robot/ros2_humble_colcon_ws/install/moveit_resources_panda_moveit_config' for CMake module files
[5.981s] Level 1:colcon.colcon_core.environment:checking '/home/ugv-c7/CodeWorkspace/UGV-Robot/ros2_humble_colcon_ws/install/moveit_resources_panda_moveit_config' for CMake config files
[5.981s] Level 1:colcon.colcon_core.shell:create_environment_hook('moveit_resources_panda_moveit_config', 'cmake_prefix_path')
[5.982s] INFO:colcon.colcon_core.shell:Creating environment hook '/home/ugv-c7/CodeWorkspace/UGV-Robot/ros2_humble_colcon_ws/install/moveit_resources_panda_moveit_config/share/moveit_resources_panda_moveit_config/hook/cmake_prefix_path.ps1'
[5.983s] INFO:colcon.colcon_core.shell:Creating environment descriptor '/home/ugv-c7/CodeWorkspace/UGV-Robot/ros2_humble_colcon_ws/install/moveit_resources_panda_moveit_config/share/moveit_resources_panda_moveit_config/hook/cmake_prefix_path.dsv'
[5.984s] INFO:colcon.colcon_core.shell:Creating environment hook '/home/ugv-c7/CodeWorkspace/UGV-Robot/ros2_humble_colcon_ws/install/moveit_resources_panda_moveit_config/share/moveit_resources_panda_moveit_config/hook/cmake_prefix_path.sh'
[5.986s] Level 1:colcon.colcon_core.environment:checking '/home/ugv-c7/CodeWorkspace/UGV-Robot/ros2_humble_colcon_ws/install/moveit_resources_panda_moveit_config/bin'
[5.986s] Level 1:colcon.colcon_core.environment:checking '/home/ugv-c7/CodeWorkspace/UGV-Robot/ros2_humble_colcon_ws/install/moveit_resources_panda_moveit_config/lib/pkgconfig/moveit_resources_panda_moveit_config.pc'
[5.987s] Level 1:colcon.colcon_core.environment:checking '/home/ugv-c7/CodeWorkspace/UGV-Robot/ros2_humble_colcon_ws/install/moveit_resources_panda_moveit_config/lib/python3.10/site-packages'
[5.987s] Level 1:colcon.colcon_core.environment:checking '/home/ugv-c7/CodeWorkspace/UGV-Robot/ros2_humble_colcon_ws/install/moveit_resources_panda_moveit_config/bin'
[5.989s] INFO:colcon.colcon_core.shell:Creating package script '/home/ugv-c7/CodeWorkspace/UGV-Robot/ros2_humble_colcon_ws/install/moveit_resources_panda_moveit_config/share/moveit_resources_panda_moveit_config/package.ps1'
[5.990s] INFO:colcon.colcon_core.shell:Creating package descriptor '/home/ugv-c7/CodeWorkspace/UGV-Robot/ros2_humble_colcon_ws/install/moveit_resources_panda_moveit_config/share/moveit_resources_panda_moveit_config/package.dsv'
[5.998s] INFO:colcon.colcon_core.shell:Creating package script '/home/ugv-c7/CodeWorkspace/UGV-Robot/ros2_humble_colcon_ws/install/moveit_resources_panda_moveit_config/share/moveit_resources_panda_moveit_config/package.sh'
[6.001s] INFO:colcon.colcon_core.shell:Creating package script '/home/ugv-c7/CodeWorkspace/UGV-Robot/ros2_humble_colcon_ws/install/moveit_resources_panda_moveit_config/share/moveit_resources_panda_moveit_config/package.bash'
[6.002s] INFO:colcon.colcon_core.shell:Creating package script '/home/ugv-c7/CodeWorkspace/UGV-Robot/ros2_humble_colcon_ws/install/moveit_resources_panda_moveit_config/share/moveit_resources_panda_moveit_config/package.zsh'
[6.003s] Level 1:colcon.colcon_core.environment:create_file_with_runtime_dependencies(/home/ugv-c7/CodeWorkspace/UGV-Robot/ros2_humble_colcon_ws/install/moveit_resources_panda_moveit_config/share/colcon-core/packages/moveit_resources_panda_moveit_config)
[6.008s] INFO:colcon.colcon_ros.task.ament_cmake.build:Building ROS package in '/home/ugv-c7/CodeWorkspace/UGV-Robot/ros2_humble_colcon_ws/src/rosparam_shortcuts' with build type 'ament_cmake'
[6.008s] INFO:colcon.colcon_cmake.task.cmake.build:Building CMake package in '/home/ugv-c7/CodeWorkspace/UGV-Robot/ros2_humble_colcon_ws/src/rosparam_shortcuts'
[6.009s] INFO:colcon.colcon_core.shell:Skip shell extension 'powershell' for command environment: Not usable outside of PowerShell
[6.010s] DEBUG:colcon.colcon_core.shell:Skip shell extension 'dsv' for command environment
[6.034s] DEBUG:colcon.colcon_core.event_handler.log_command:Invoking command in '/home/ugv-c7/CodeWorkspace/UGV-Robot/ros2_humble_colcon_ws/build/rosparam_shortcuts': CMAKE_PREFIX_PATH=${CMAKE_PREFIX_PATH}:/home/ugv-c7/CodeWorkspace/UGV-Robot/ros2_humble_colcon_ws/install/py_pub_sub:/opt/ros/humble /usr/bin/cmake /home/ugv-c7/CodeWorkspace/UGV-Robot/ros2_humble_colcon_ws/src/rosparam_shortcuts -DCMAKE_INSTALL_PREFIX=/home/ugv-c7/CodeWorkspace/UGV-Robot/ros2_humble_colcon_ws/install/rosparam_shortcuts
[6.350s] DEBUG:colcon.colcon_core.event_handler.log_command:Invoked command in '/home/ugv-c7/CodeWorkspace/UGV-Robot/ros2_humble_colcon_ws/build/srdfdom' returned '0': CMAKE_PREFIX_PATH=${CMAKE_PREFIX_PATH}:/home/ugv-c7/CodeWorkspace/UGV-Robot/ros2_humble_colcon_ws/install/py_pub_sub:/opt/ros/humble /usr/bin/cmake /home/ugv-c7/CodeWorkspace/UGV-Robot/ros2_humble_colcon_ws/src/srdfdom -DCMAKE_INSTALL_PREFIX=/home/ugv-c7/CodeWorkspace/UGV-Robot/ros2_humble_colcon_ws/install/srdfdom
[6.351s] DEBUG:colcon.colcon_core.event_handler.log_command:Invoking command in '/home/ugv-c7/CodeWorkspace/UGV-Robot/ros2_humble_colcon_ws/build/srdfdom': CMAKE_PREFIX_PATH=${CMAKE_PREFIX_PATH}:/home/ugv-c7/CodeWorkspace/UGV-Robot/ros2_humble_colcon_ws/install/py_pub_sub:/opt/ros/humble /usr/bin/cmake --build /home/ugv-c7/CodeWorkspace/UGV-Robot/ros2_humble_colcon_ws/build/srdfdom -- -j6 -l6
[6.906s] DEBUG:colcon.colcon_core.event_handler.log_command:Invoked command in '/home/ugv-c7/CodeWorkspace/UGV-Robot/ros2_humble_colcon_ws/build/moveit_resources_fanuc_moveit_config' returned '0': AMENT_PREFIX_PATH=/home/ugv-c7/CodeWorkspace/UGV-Robot/ros2_humble_colcon_ws/install/moveit_resources_fanuc_description:${AMENT_PREFIX_PATH} CMAKE_PREFIX_PATH=/home/ugv-c7/CodeWorkspace/UGV-Robot/ros2_humble_colcon_ws/install/moveit_resources_fanuc_description:/home/ugv-c7/CodeWorkspace/UGV-Robot/ros2_humble_colcon_ws/install/app_bringup:/home/ugv-c7/CodeWorkspace/UGV-Robot/ros2_humble_colcon_ws/install/py_pub_sub:/opt/ros/humble /usr/bin/cmake /home/ugv-c7/CodeWorkspace/UGV-Robot/ros2_humble_colcon_ws/src/moveit_resources/fanuc_moveit_config -DCMAKE_INSTALL_PREFIX=/home/ugv-c7/CodeWorkspace/UGV-Robot/ros2_humble_colcon_ws/install/moveit_resources_fanuc_moveit_config
[6.907s] DEBUG:colcon.colcon_core.event_handler.log_command:Invoking command in '/home/ugv-c7/CodeWorkspace/UGV-Robot/ros2_humble_colcon_ws/build/moveit_resources_fanuc_moveit_config': AMENT_PREFIX_PATH=/home/ugv-c7/CodeWorkspace/UGV-Robot/ros2_humble_colcon_ws/install/moveit_resources_fanuc_description:${AMENT_PREFIX_PATH} CMAKE_PREFIX_PATH=/home/ugv-c7/CodeWorkspace/UGV-Robot/ros2_humble_colcon_ws/install/moveit_resources_fanuc_description:/home/ugv-c7/CodeWorkspace/UGV-Robot/ros2_humble_colcon_ws/install/app_bringup:/home/ugv-c7/CodeWorkspace/UGV-Robot/ros2_humble_colcon_ws/install/py_pub_sub:/opt/ros/humble /usr/bin/cmake --build /home/ugv-c7/CodeWorkspace/UGV-Robot/ros2_humble_colcon_ws/build/moveit_resources_fanuc_moveit_config -- -j6 -l6
[7.114s] DEBUG:colcon.colcon_core.event_handler.log_command:Invoked command in '/home/ugv-c7/CodeWorkspace/UGV-Robot/ros2_humble_colcon_ws/build/moveit_resources_fanuc_moveit_config' returned '0': AMENT_PREFIX_PATH=/home/ugv-c7/CodeWorkspace/UGV-Robot/ros2_humble_colcon_ws/install/moveit_resources_fanuc_description:${AMENT_PREFIX_PATH} CMAKE_PREFIX_PATH=/home/ugv-c7/CodeWorkspace/UGV-Robot/ros2_humble_colcon_ws/install/moveit_resources_fanuc_description:/home/ugv-c7/CodeWorkspace/UGV-Robot/ros2_humble_colcon_ws/install/app_bringup:/home/ugv-c7/CodeWorkspace/UGV-Robot/ros2_humble_colcon_ws/install/py_pub_sub:/opt/ros/humble /usr/bin/cmake --build /home/ugv-c7/CodeWorkspace/UGV-Robot/ros2_humble_colcon_ws/build/moveit_resources_fanuc_moveit_config -- -j6 -l6
[7.118s] DEBUG:colcon.colcon_core.event_handler.log_command:Invoking command in '/home/ugv-c7/CodeWorkspace/UGV-Robot/ros2_humble_colcon_ws/build/moveit_resources_fanuc_moveit_config': AMENT_PREFIX_PATH=/home/ugv-c7/CodeWorkspace/UGV-Robot/ros2_humble_colcon_ws/install/moveit_resources_fanuc_description:${AMENT_PREFIX_PATH} CMAKE_PREFIX_PATH=/home/ugv-c7/CodeWorkspace/UGV-Robot/ros2_humble_colcon_ws/install/moveit_resources_fanuc_description:/home/ugv-c7/CodeWorkspace/UGV-Robot/ros2_humble_colcon_ws/install/app_bringup:/home/ugv-c7/CodeWorkspace/UGV-Robot/ros2_humble_colcon_ws/install/py_pub_sub:/opt/ros/humble /usr/bin/cmake --install /home/ugv-c7/CodeWorkspace/UGV-Robot/ros2_humble_colcon_ws/build/moveit_resources_fanuc_moveit_config
[7.147s] DEBUG:colcon.colcon_core.event_handler.log_command:Invoking command in '/home/ugv-c7/CodeWorkspace/UGV-Robot/ros2_humble_colcon_ws/src/py_pub_sub': PYTHONPATH=/home/ugv-c7/CodeWorkspace/UGV-Robot/ros2_humble_colcon_ws/build/py_pub_sub/prefix_override:/usr/lib/python3/dist-packages/colcon_core/task/python/colcon_distutils_commands:/home/ugv-c7/CodeWorkspace/UGV-Robot/ros2_humble_colcon_ws/install/py_pub_sub/lib/python3.10/site-packages:${PYTHONPATH} /usr/bin/python3 -W ignore:setup.py install is deprecated -W ignore:easy_install command is deprecated setup.py egg_info --egg-base ../../build/py_pub_sub build --build-base /home/ugv-c7/CodeWorkspace/UGV-Robot/ros2_humble_colcon_ws/build/py_pub_sub/build install --record /home/ugv-c7/CodeWorkspace/UGV-Robot/ros2_humble_colcon_ws/build/py_pub_sub/install.log --single-version-externally-managed install_data
[7.235s] Level 1:colcon.colcon_core.environment:create_environment_scripts_only(moveit_resources_fanuc_moveit_config)
[7.237s] Level 1:colcon.colcon_core.environment:checking '/home/ugv-c7/CodeWorkspace/UGV-Robot/ros2_humble_colcon_ws/install/moveit_resources_fanuc_moveit_config' for CMake module files
[7.238s] Level 1:colcon.colcon_core.environment:checking '/home/ugv-c7/CodeWorkspace/UGV-Robot/ros2_humble_colcon_ws/install/moveit_resources_fanuc_moveit_config' for CMake config files
[7.239s] DEBUG:colcon.colcon_core.event_handler.log_command:Invoked command in '/home/ugv-c7/CodeWorkspace/UGV-Robot/ros2_humble_colcon_ws/build/moveit_resources_fanuc_moveit_config' returned '0': AMENT_PREFIX_PATH=/home/ugv-c7/CodeWorkspace/UGV-Robot/ros2_humble_colcon_ws/install/moveit_resources_fanuc_description:${AMENT_PREFIX_PATH} CMAKE_PREFIX_PATH=/home/ugv-c7/CodeWorkspace/UGV-Robot/ros2_humble_colcon_ws/install/moveit_resources_fanuc_description:/home/ugv-c7/CodeWorkspace/UGV-Robot/ros2_humble_colcon_ws/install/app_bringup:/home/ugv-c7/CodeWorkspace/UGV-Robot/ros2_humble_colcon_ws/install/py_pub_sub:/opt/ros/humble /usr/bin/cmake --install /home/ugv-c7/CodeWorkspace/UGV-Robot/ros2_humble_colcon_ws/build/moveit_resources_fanuc_moveit_config
[7.240s] Level 1:colcon.colcon_core.shell:create_environment_hook('moveit_resources_fanuc_moveit_config', 'cmake_prefix_path')
[7.241s] INFO:colcon.colcon_core.shell:Creating environment hook '/home/ugv-c7/CodeWorkspace/UGV-Robot/ros2_humble_colcon_ws/install/moveit_resources_fanuc_moveit_config/share/moveit_resources_fanuc_moveit_config/hook/cmake_prefix_path.ps1'
[7.243s] INFO:colcon.colcon_core.shell:Creating environment descriptor '/home/ugv-c7/CodeWorkspace/UGV-Robot/ros2_humble_colcon_ws/install/moveit_resources_fanuc_moveit_config/share/moveit_resources_fanuc_moveit_config/hook/cmake_prefix_path.dsv'
[7.245s] INFO:colcon.colcon_core.shell:Creating environment hook '/home/ugv-c7/CodeWorkspace/UGV-Robot/ros2_humble_colcon_ws/install/moveit_resources_fanuc_moveit_config/share/moveit_resources_fanuc_moveit_config/hook/cmake_prefix_path.sh'
[7.246s] Level 1:colcon.colcon_core.environment:checking '/home/ugv-c7/CodeWorkspace/UGV-Robot/ros2_humble_colcon_ws/install/moveit_resources_fanuc_moveit_config/bin'
[7.246s] Level 1:colcon.colcon_core.environment:checking '/home/ugv-c7/CodeWorkspace/UGV-Robot/ros2_humble_colcon_ws/install/moveit_resources_fanuc_moveit_config/lib/pkgconfig/moveit_resources_fanuc_moveit_config.pc'
[7.247s] Level 1:colcon.colcon_core.environment:checking '/home/ugv-c7/CodeWorkspace/UGV-Robot/ros2_humble_colcon_ws/install/moveit_resources_fanuc_moveit_config/lib/python3.10/site-packages'
[7.248s] Level 1:colcon.colcon_core.environment:checking '/home/ugv-c7/CodeWorkspace/UGV-Robot/ros2_humble_colcon_ws/install/moveit_resources_fanuc_moveit_config/bin'
[7.253s] INFO:colcon.colcon_core.shell:Creating package script '/home/ugv-c7/CodeWorkspace/UGV-Robot/ros2_humble_colcon_ws/install/moveit_resources_fanuc_moveit_config/share/moveit_resources_fanuc_moveit_config/package.ps1'
[7.255s] INFO:colcon.colcon_core.shell:Creating package descriptor '/home/ugv-c7/CodeWorkspace/UGV-Robot/ros2_humble_colcon_ws/install/moveit_resources_fanuc_moveit_config/share/moveit_resources_fanuc_moveit_config/package.dsv'
[7.260s] INFO:colcon.colcon_core.shell:Creating package script '/home/ugv-c7/CodeWorkspace/UGV-Robot/ros2_humble_colcon_ws/install/moveit_resources_fanuc_moveit_config/share/moveit_resources_fanuc_moveit_config/package.sh'
[7.261s] INFO:colcon.colcon_core.shell:Creating package script '/home/ugv-c7/CodeWorkspace/UGV-Robot/ros2_humble_colcon_ws/install/moveit_resources_fanuc_moveit_config/share/moveit_resources_fanuc_moveit_config/package.bash'
[7.262s] INFO:colcon.colcon_core.shell:Creating package script '/home/ugv-c7/CodeWorkspace/UGV-Robot/ros2_humble_colcon_ws/install/moveit_resources_fanuc_moveit_config/share/moveit_resources_fanuc_moveit_config/package.zsh'
[7.263s] Level 1:colcon.colcon_core.environment:create_file_with_runtime_dependencies(/home/ugv-c7/CodeWorkspace/UGV-Robot/ros2_humble_colcon_ws/install/moveit_resources_fanuc_moveit_config/share/colcon-core/packages/moveit_resources_fanuc_moveit_config)
[7.265s] Level 1:colcon.colcon_core.environment:create_environment_scripts_only(moveit_resources_fanuc_moveit_config)
[7.266s] Level 1:colcon.colcon_core.environment:checking '/home/ugv-c7/CodeWorkspace/UGV-Robot/ros2_humble_colcon_ws/install/moveit_resources_fanuc_moveit_config' for CMake module files
[7.267s] Level 1:colcon.colcon_core.environment:checking '/home/ugv-c7/CodeWorkspace/UGV-Robot/ros2_humble_colcon_ws/install/moveit_resources_fanuc_moveit_config' for CMake config files
[7.267s] Level 1:colcon.colcon_core.shell:create_environment_hook('moveit_resources_fanuc_moveit_config', 'cmake_prefix_path')
[7.268s] INFO:colcon.colcon_core.shell:Creating environment hook '/home/ugv-c7/CodeWorkspace/UGV-Robot/ros2_humble_colcon_ws/install/moveit_resources_fanuc_moveit_config/share/moveit_resources_fanuc_moveit_config/hook/cmake_prefix_path.ps1'
[7.269s] INFO:colcon.colcon_core.shell:Creating environment descriptor '/home/ugv-c7/CodeWorkspace/UGV-Robot/ros2_humble_colcon_ws/install/moveit_resources_fanuc_moveit_config/share/moveit_resources_fanuc_moveit_config/hook/cmake_prefix_path.dsv'
[7.272s] INFO:colcon.colcon_core.shell:Creating environment hook '/home/ugv-c7/CodeWorkspace/UGV-Robot/ros2_humble_colcon_ws/install/moveit_resources_fanuc_moveit_config/share/moveit_resources_fanuc_moveit_config/hook/cmake_prefix_path.sh'
[7.282s] Level 1:colcon.colcon_core.environment:checking '/home/ugv-c7/CodeWorkspace/UGV-Robot/ros2_humble_colcon_ws/install/moveit_resources_fanuc_moveit_config/bin'
[7.283s] Level 1:colcon.colcon_core.environment:checking '/home/ugv-c7/CodeWorkspace/UGV-Robot/ros2_humble_colcon_ws/install/moveit_resources_fanuc_moveit_config/lib/pkgconfig/moveit_resources_fanuc_moveit_config.pc'
[7.284s] Level 1:colcon.colcon_core.environment:checking '/home/ugv-c7/CodeWorkspace/UGV-Robot/ros2_humble_colcon_ws/install/moveit_resources_fanuc_moveit_config/lib/python3.10/site-packages'
[7.284s] Level 1:colcon.colcon_core.environment:checking '/home/ugv-c7/CodeWorkspace/UGV-Robot/ros2_humble_colcon_ws/install/moveit_resources_fanuc_moveit_config/bin'
[7.286s] INFO:colcon.colcon_core.shell:Creating package script '/home/ugv-c7/CodeWorkspace/UGV-Robot/ros2_humble_colcon_ws/install/moveit_resources_fanuc_moveit_config/share/moveit_resources_fanuc_moveit_config/package.ps1'
[7.288s] INFO:colcon.colcon_core.shell:Creating package descriptor '/home/ugv-c7/CodeWorkspace/UGV-Robot/ros2_humble_colcon_ws/install/moveit_resources_fanuc_moveit_config/share/moveit_resources_fanuc_moveit_config/package.dsv'
[7.290s] INFO:colcon.colcon_core.shell:Creating package script '/home/ugv-c7/CodeWorkspace/UGV-Robot/ros2_humble_colcon_ws/install/moveit_resources_fanuc_moveit_config/share/moveit_resources_fanuc_moveit_config/package.sh'
[7.293s] INFO:colcon.colcon_core.shell:Creating package script '/home/ugv-c7/CodeWorkspace/UGV-Robot/ros2_humble_colcon_ws/install/moveit_resources_fanuc_moveit_config/share/moveit_resources_fanuc_moveit_config/package.bash'
[7.294s] INFO:colcon.colcon_core.shell:Creating package script '/home/ugv-c7/CodeWorkspace/UGV-Robot/ros2_humble_colcon_ws/install/moveit_resources_fanuc_moveit_config/share/moveit_resources_fanuc_moveit_config/package.zsh'
[7.310s] Level 1:colcon.colcon_core.environment:create_file_with_runtime_dependencies(/home/ugv-c7/CodeWorkspace/UGV-Robot/ros2_humble_colcon_ws/install/moveit_resources_fanuc_moveit_config/share/colcon-core/packages/moveit_resources_fanuc_moveit_config)
[7.316s] INFO:colcon.colcon_ros.task.ament_cmake.build:Building ROS package in '/home/ugv-c7/CodeWorkspace/UGV-Robot/ros2_humble_colcon_ws/src/moveit_resources/moveit_resources' with build type 'ament_cmake'
[7.318s] INFO:colcon.colcon_cmake.task.cmake.build:Building CMake package in '/home/ugv-c7/CodeWorkspace/UGV-Robot/ros2_humble_colcon_ws/src/moveit_resources/moveit_resources'
[7.319s] INFO:colcon.colcon_core.shell:Skip shell extension 'powershell' for command environment: Not usable outside of PowerShell
[7.319s] DEBUG:colcon.colcon_core.shell:Skip shell extension 'dsv' for command environment
[7.427s] DEBUG:colcon.colcon_core.event_handler.log_command:Invoking command in '/home/ugv-c7/CodeWorkspace/UGV-Robot/ros2_humble_colcon_ws/build/moveit_resources': AMENT_PREFIX_PATH=/home/ugv-c7/CodeWorkspace/UGV-Robot/ros2_humble_colcon_ws/install/moveit_resources_panda_moveit_config:/home/ugv-c7/CodeWorkspace/UGV-Robot/ros2_humble_colcon_ws/install/moveit_resources_fanuc_moveit_config:/home/ugv-c7/CodeWorkspace/UGV-Robot/ros2_humble_colcon_ws/install/moveit_resources_pr2_description:/home/ugv-c7/CodeWorkspace/UGV-Robot/ros2_humble_colcon_ws/install/moveit_resources_panda_description:/home/ugv-c7/CodeWorkspace/UGV-Robot/ros2_humble_colcon_ws/install/moveit_resources_fanuc_description:${AMENT_PREFIX_PATH} CMAKE_PREFIX_PATH=/home/ugv-c7/CodeWorkspace/UGV-Robot/ros2_humble_colcon_ws/install/moveit_resources_panda_moveit_config:/home/ugv-c7/CodeWorkspace/UGV-Robot/ros2_humble_colcon_ws/install/moveit_resources_fanuc_moveit_config:/home/ugv-c7/CodeWorkspace/UGV-Robot/ros2_humble_colcon_ws/install/moveit_resources_pr2_description:/home/ugv-c7/CodeWorkspace/UGV-Robot/ros2_humble_colcon_ws/install/moveit_resources_panda_description:/home/ugv-c7/CodeWorkspace/UGV-Robot/ros2_humble_colcon_ws/install/moveit_resources_fanuc_description:/home/ugv-c7/CodeWorkspace/UGV-Robot/ros2_humble_colcon_ws/install/app_bringup:/home/ugv-c7/CodeWorkspace/UGV-Robot/ros2_humble_colcon_ws/install/py_pub_sub:/opt/ros/humble /usr/bin/cmake /home/ugv-c7/CodeWorkspace/UGV-Robot/ros2_humble_colcon_ws/src/moveit_resources/moveit_resources -DCMAKE_INSTALL_PREFIX=/home/ugv-c7/CodeWorkspace/UGV-Robot/ros2_humble_colcon_ws/install/moveit_resources
[8.579s] Level 1:colcon.colcon_core.environment:checking '/home/ugv-c7/CodeWorkspace/UGV-Robot/ros2_humble_colcon_ws/install/py_pub_sub' for CMake module files
[8.581s] DEBUG:colcon.colcon_core.event_handler.log_command:Invoked command in '/home/ugv-c7/CodeWorkspace/UGV-Robot/ros2_humble_colcon_ws/src/py_pub_sub' returned '0': PYTHONPATH=/home/ugv-c7/CodeWorkspace/UGV-Robot/ros2_humble_colcon_ws/build/py_pub_sub/prefix_override:/usr/lib/python3/dist-packages/colcon_core/task/python/colcon_distutils_commands:/home/ugv-c7/CodeWorkspace/UGV-Robot/ros2_humble_colcon_ws/install/py_pub_sub/lib/python3.10/site-packages:${PYTHONPATH} /usr/bin/python3 -W ignore:setup.py install is deprecated -W ignore:easy_install command is deprecated setup.py egg_info --egg-base ../../build/py_pub_sub build --build-base /home/ugv-c7/CodeWorkspace/UGV-Robot/ros2_humble_colcon_ws/build/py_pub_sub/build install --record /home/ugv-c7/CodeWorkspace/UGV-Robot/ros2_humble_colcon_ws/build/py_pub_sub/install.log --single-version-externally-managed install_data
[8.582s] Level 1:colcon.colcon_core.environment:checking '/home/ugv-c7/CodeWorkspace/UGV-Robot/ros2_humble_colcon_ws/install/py_pub_sub' for CMake config files
[8.585s] Level 1:colcon.colcon_core.environment:checking '/home/ugv-c7/CodeWorkspace/UGV-Robot/ros2_humble_colcon_ws/install/py_pub_sub/lib'
[8.585s] Level 1:colcon.colcon_core.environment:checking '/home/ugv-c7/CodeWorkspace/UGV-Robot/ros2_humble_colcon_ws/install/py_pub_sub/bin'
[8.585s] Level 1:colcon.colcon_core.environment:checking '/home/ugv-c7/CodeWorkspace/UGV-Robot/ros2_humble_colcon_ws/install/py_pub_sub/lib/pkgconfig/py_pub_sub.pc'
[8.586s] Level 1:colcon.colcon_core.environment:checking '/home/ugv-c7/CodeWorkspace/UGV-Robot/ros2_humble_colcon_ws/install/py_pub_sub/lib/python3.10/site-packages'
[8.586s] Level 1:colcon.colcon_core.shell:create_environment_hook('py_pub_sub', 'pythonpath')
[8.587s] INFO:colcon.colcon_core.shell:Creating environment hook '/home/ugv-c7/CodeWorkspace/UGV-Robot/ros2_humble_colcon_ws/install/py_pub_sub/share/py_pub_sub/hook/pythonpath.ps1'
[8.589s] INFO:colcon.colcon_core.shell:Creating environment descriptor '/home/ugv-c7/CodeWorkspace/UGV-Robot/ros2_humble_colcon_ws/install/py_pub_sub/share/py_pub_sub/hook/pythonpath.dsv'
[8.590s] INFO:colcon.colcon_core.shell:Creating environment hook '/home/ugv-c7/CodeWorkspace/UGV-Robot/ros2_humble_colcon_ws/install/py_pub_sub/share/py_pub_sub/hook/pythonpath.sh'
[8.592s] Level 1:colcon.colcon_core.environment:checking '/home/ugv-c7/CodeWorkspace/UGV-Robot/ros2_humble_colcon_ws/install/py_pub_sub/bin'
[8.593s] Level 1:colcon.colcon_core.environment:create_environment_scripts_only(py_pub_sub)
[8.594s] INFO:colcon.colcon_core.shell:Creating package script '/home/ugv-c7/CodeWorkspace/UGV-Robot/ros2_humble_colcon_ws/install/py_pub_sub/share/py_pub_sub/package.ps1'
[8.596s] INFO:colcon.colcon_core.shell:Creating package descriptor '/home/ugv-c7/CodeWorkspace/UGV-Robot/ros2_humble_colcon_ws/install/py_pub_sub/share/py_pub_sub/package.dsv'
[8.598s] INFO:colcon.colcon_core.shell:Creating package script '/home/ugv-c7/CodeWorkspace/UGV-Robot/ros2_humble_colcon_ws/install/py_pub_sub/share/py_pub_sub/package.sh'
[8.599s] INFO:colcon.colcon_core.shell:Creating package script '/home/ugv-c7/CodeWorkspace/UGV-Robot/ros2_humble_colcon_ws/install/py_pub_sub/share/py_pub_sub/package.bash'
[8.600s] INFO:colcon.colcon_core.shell:Creating package script '/home/ugv-c7/CodeWorkspace/UGV-Robot/ros2_humble_colcon_ws/install/py_pub_sub/share/py_pub_sub/package.zsh'
[8.602s] Level 1:colcon.colcon_core.environment:create_file_with_runtime_dependencies(/home/ugv-c7/CodeWorkspace/UGV-Robot/ros2_humble_colcon_ws/install/py_pub_sub/share/colcon-core/packages/py_pub_sub)
[8.607s] INFO:colcon.colcon_ros.task.ament_cmake.build:Building ROS package in '/home/ugv-c7/CodeWorkspace/UGV-Robot/ros2_humble_colcon_ws/src/app_bringup' with build type 'ament_cmake'
[8.609s] INFO:colcon.colcon_cmake.task.cmake.build:Building CMake package in '/home/ugv-c7/CodeWorkspace/UGV-Robot/ros2_humble_colcon_ws/src/app_bringup'
[8.610s] INFO:colcon.colcon_core.shell:Skip shell extension 'powershell' for command environment: Not usable outside of PowerShell
[8.610s] DEBUG:colcon.colcon_core.shell:Skip shell extension 'dsv' for command environment
[8.712s] DEBUG:colcon.colcon_core.event_handler.log_command:Invoking command in '/home/ugv-c7/CodeWorkspace/UGV-Robot/ros2_humble_colcon_ws/build/app_bringup': AMENT_PREFIX_PATH=/home/ugv-c7/CodeWorkspace/UGV-Robot/ros2_humble_colcon_ws/install/py_pub_sub:/home/ugv-c7/CodeWorkspace/UGV-Robot/ros2_humble_colcon_ws/install/app_bringup:/opt/ros/humble CMAKE_PREFIX_PATH=${CMAKE_PREFIX_PATH}:/home/ugv-c7/CodeWorkspace/UGV-Robot/ros2_humble_colcon_ws/install/py_pub_sub:/opt/ros/humble /usr/bin/cmake --build /home/ugv-c7/CodeWorkspace/UGV-Robot/ros2_humble_colcon_ws/build/app_bringup -- -j6 -l6
[10.959s] DEBUG:colcon.colcon_core.event_handler.log_command:Invoked command in '/home/ugv-c7/CodeWorkspace/UGV-Robot/ros2_humble_colcon_ws/build/moveit_resources' returned '0': AMENT_PREFIX_PATH=/home/ugv-c7/CodeWorkspace/UGV-Robot/ros2_humble_colcon_ws/install/moveit_resources_panda_moveit_config:/home/ugv-c7/CodeWorkspace/UGV-Robot/ros2_humble_colcon_ws/install/moveit_resources_fanuc_moveit_config:/home/ugv-c7/CodeWorkspace/UGV-Robot/ros2_humble_colcon_ws/install/moveit_resources_pr2_description:/home/ugv-c7/CodeWorkspace/UGV-Robot/ros2_humble_colcon_ws/install/moveit_resources_panda_description:/home/ugv-c7/CodeWorkspace/UGV-Robot/ros2_humble_colcon_ws/install/moveit_resources_fanuc_description:${AMENT_PREFIX_PATH} CMAKE_PREFIX_PATH=/home/ugv-c7/CodeWorkspace/UGV-Robot/ros2_humble_colcon_ws/install/moveit_resources_panda_moveit_config:/home/ugv-c7/CodeWorkspace/UGV-Robot/ros2_humble_colcon_ws/install/moveit_resources_fanuc_moveit_config:/home/ugv-c7/CodeWorkspace/UGV-Robot/ros2_humble_colcon_ws/install/moveit_resources_pr2_description:/home/ugv-c7/CodeWorkspace/UGV-Robot/ros2_humble_colcon_ws/install/moveit_resources_panda_description:/home/ugv-c7/CodeWorkspace/UGV-Robot/ros2_humble_colcon_ws/install/moveit_resources_fanuc_description:/home/ugv-c7/CodeWorkspace/UGV-Robot/ros2_humble_colcon_ws/install/app_bringup:/home/ugv-c7/CodeWorkspace/UGV-Robot/ros2_humble_colcon_ws/install/py_pub_sub:/opt/ros/humble /usr/bin/cmake /home/ugv-c7/CodeWorkspace/UGV-Robot/ros2_humble_colcon_ws/src/moveit_resources/moveit_resources -DCMAKE_INSTALL_PREFIX=/home/ugv-c7/CodeWorkspace/UGV-Robot/ros2_humble_colcon_ws/install/moveit_resources
[10.975s] DEBUG:colcon.colcon_core.event_handler.log_command:Invoking command in '/home/ugv-c7/CodeWorkspace/UGV-Robot/ros2_humble_colcon_ws/build/moveit_resources': AMENT_PREFIX_PATH=/home/ugv-c7/CodeWorkspace/UGV-Robot/ros2_humble_colcon_ws/install/moveit_resources_panda_moveit_config:/home/ugv-c7/CodeWorkspace/UGV-Robot/ros2_humble_colcon_ws/install/moveit_resources_fanuc_moveit_config:/home/ugv-c7/CodeWorkspace/UGV-Robot/ros2_humble_colcon_ws/install/moveit_resources_pr2_description:/home/ugv-c7/CodeWorkspace/UGV-Robot/ros2_humble_colcon_ws/install/moveit_resources_panda_description:/home/ugv-c7/CodeWorkspace/UGV-Robot/ros2_humble_colcon_ws/install/moveit_resources_fanuc_description:${AMENT_PREFIX_PATH} CMAKE_PREFIX_PATH=/home/ugv-c7/CodeWorkspace/UGV-Robot/ros2_humble_colcon_ws/install/moveit_resources_panda_moveit_config:/home/ugv-c7/CodeWorkspace/UGV-Robot/ros2_humble_colcon_ws/install/moveit_resources_fanuc_moveit_config:/home/ugv-c7/CodeWorkspace/UGV-Robot/ros2_humble_colcon_ws/install/moveit_resources_pr2_description:/home/ugv-c7/CodeWorkspace/UGV-Robot/ros2_humble_colcon_ws/install/moveit_resources_panda_description:/home/ugv-c7/CodeWorkspace/UGV-Robot/ros2_humble_colcon_ws/install/moveit_resources_fanuc_description:/home/ugv-c7/CodeWorkspace/UGV-Robot/ros2_humble_colcon_ws/install/app_bringup:/home/ugv-c7/CodeWorkspace/UGV-Robot/ros2_humble_colcon_ws/install/py_pub_sub:/opt/ros/humble /usr/bin/cmake --build /home/ugv-c7/CodeWorkspace/UGV-Robot/ros2_humble_colcon_ws/build/moveit_resources -- -j6 -l6
[10.992s] DEBUG:colcon.colcon_core.event_handler.log_command:Invoked command in '/home/ugv-c7/CodeWorkspace/UGV-Robot/ros2_humble_colcon_ws/build/app_bringup' returned '0': AMENT_PREFIX_PATH=/home/ugv-c7/CodeWorkspace/UGV-Robot/ros2_humble_colcon_ws/install/py_pub_sub:/home/ugv-c7/CodeWorkspace/UGV-Robot/ros2_humble_colcon_ws/install/app_bringup:/opt/ros/humble CMAKE_PREFIX_PATH=${CMAKE_PREFIX_PATH}:/home/ugv-c7/CodeWorkspace/UGV-Robot/ros2_humble_colcon_ws/install/py_pub_sub:/opt/ros/humble /usr/bin/cmake --build /home/ugv-c7/CodeWorkspace/UGV-Robot/ros2_humble_colcon_ws/build/app_bringup -- -j6 -l6
[11.003s] DEBUG:colcon.colcon_core.event_handler.log_command:Invoking command in '/home/ugv-c7/CodeWorkspace/UGV-Robot/ros2_humble_colcon_ws/build/app_bringup': AMENT_PREFIX_PATH=/home/ugv-c7/CodeWorkspace/UGV-Robot/ros2_humble_colcon_ws/install/py_pub_sub:/home/ugv-c7/CodeWorkspace/UGV-Robot/ros2_humble_colcon_ws/install/app_bringup:/opt/ros/humble CMAKE_PREFIX_PATH=${CMAKE_PREFIX_PATH}:/home/ugv-c7/CodeWorkspace/UGV-Robot/ros2_humble_colcon_ws/install/py_pub_sub:/opt/ros/humble /usr/bin/cmake --install /home/ugv-c7/CodeWorkspace/UGV-Robot/ros2_humble_colcon_ws/build/app_bringup
[11.138s] DEBUG:colcon.colcon_core.event_handler.log_command:Invoked command in '/home/ugv-c7/CodeWorkspace/UGV-Robot/ros2_humble_colcon_ws/build/moveit_resources' returned '0': AMENT_PREFIX_PATH=/home/ugv-c7/CodeWorkspace/UGV-Robot/ros2_humble_colcon_ws/install/moveit_resources_panda_moveit_config:/home/ugv-c7/CodeWorkspace/UGV-Robot/ros2_humble_colcon_ws/install/moveit_resources_fanuc_moveit_config:/home/ugv-c7/CodeWorkspace/UGV-Robot/ros2_humble_colcon_ws/install/moveit_resources_pr2_description:/home/ugv-c7/CodeWorkspace/UGV-Robot/ros2_humble_colcon_ws/install/moveit_resources_panda_description:/home/ugv-c7/CodeWorkspace/UGV-Robot/ros2_humble_colcon_ws/install/moveit_resources_fanuc_description:${AMENT_PREFIX_PATH} CMAKE_PREFIX_PATH=/home/ugv-c7/CodeWorkspace/UGV-Robot/ros2_humble_colcon_ws/install/moveit_resources_panda_moveit_config:/home/ugv-c7/CodeWorkspace/UGV-Robot/ros2_humble_colcon_ws/install/moveit_resources_fanuc_moveit_config:/home/ugv-c7/CodeWorkspace/UGV-Robot/ros2_humble_colcon_ws/install/moveit_resources_pr2_description:/home/ugv-c7/CodeWorkspace/UGV-Robot/ros2_humble_colcon_ws/install/moveit_resources_panda_description:/home/ugv-c7/CodeWorkspace/UGV-Robot/ros2_humble_colcon_ws/install/moveit_resources_fanuc_description:/home/ugv-c7/CodeWorkspace/UGV-Robot/ros2_humble_colcon_ws/install/app_bringup:/home/ugv-c7/CodeWorkspace/UGV-Robot/ros2_humble_colcon_ws/install/py_pub_sub:/opt/ros/humble /usr/bin/cmake --build /home/ugv-c7/CodeWorkspace/UGV-Robot/ros2_humble_colcon_ws/build/moveit_resources -- -j6 -l6
[11.139s] DEBUG:colcon.colcon_core.event_handler.log_command:Invoking command in '/home/ugv-c7/CodeWorkspace/UGV-Robot/ros2_humble_colcon_ws/build/moveit_resources': AMENT_PREFIX_PATH=/home/ugv-c7/CodeWorkspace/UGV-Robot/ros2_humble_colcon_ws/install/moveit_resources_panda_moveit_config:/home/ugv-c7/CodeWorkspace/UGV-Robot/ros2_humble_colcon_ws/install/moveit_resources_fanuc_moveit_config:/home/ugv-c7/CodeWorkspace/UGV-Robot/ros2_humble_colcon_ws/install/moveit_resources_pr2_description:/home/ugv-c7/CodeWorkspace/UGV-Robot/ros2_humble_colcon_ws/install/moveit_resources_panda_description:/home/ugv-c7/CodeWorkspace/UGV-Robot/ros2_humble_colcon_ws/install/moveit_resources_fanuc_description:${AMENT_PREFIX_PATH} CMAKE_PREFIX_PATH=/home/ugv-c7/CodeWorkspace/UGV-Robot/ros2_humble_colcon_ws/install/moveit_resources_panda_moveit_config:/home/ugv-c7/CodeWorkspace/UGV-Robot/ros2_humble_colcon_ws/install/moveit_resources_fanuc_moveit_config:/home/ugv-c7/CodeWorkspace/UGV-Robot/ros2_humble_colcon_ws/install/moveit_resources_pr2_description:/home/ugv-c7/CodeWorkspace/UGV-Robot/ros2_humble_colcon_ws/install/moveit_resources_panda_description:/home/ugv-c7/CodeWorkspace/UGV-Robot/ros2_humble_colcon_ws/install/moveit_resources_fanuc_description:/home/ugv-c7/CodeWorkspace/UGV-Robot/ros2_humble_colcon_ws/install/app_bringup:/home/ugv-c7/CodeWorkspace/UGV-Robot/ros2_humble_colcon_ws/install/py_pub_sub:/opt/ros/humble /usr/bin/cmake --install /home/ugv-c7/CodeWorkspace/UGV-Robot/ros2_humble_colcon_ws/build/moveit_resources
[11.148s] Level 1:colcon.colcon_core.environment:create_environment_scripts_only(app_bringup)
[11.149s] Level 1:colcon.colcon_core.environment:checking '/home/ugv-c7/CodeWorkspace/UGV-Robot/ros2_humble_colcon_ws/install/app_bringup' for CMake module files
[11.150s] Level 1:colcon.colcon_core.environment:checking '/home/ugv-c7/CodeWorkspace/UGV-Robot/ros2_humble_colcon_ws/install/app_bringup' for CMake config files
[11.151s] Level 1:colcon.colcon_core.shell:create_environment_hook('app_bringup', 'cmake_prefix_path')
[11.152s] INFO:colcon.colcon_core.shell:Creating environment hook '/home/ugv-c7/CodeWorkspace/UGV-Robot/ros2_humble_colcon_ws/install/app_bringup/share/app_bringup/hook/cmake_prefix_path.ps1'
[11.153s] DEBUG:colcon.colcon_core.event_handler.log_command:Invoked command in '/home/ugv-c7/CodeWorkspace/UGV-Robot/ros2_humble_colcon_ws/build/app_bringup' returned '0': AMENT_PREFIX_PATH=/home/ugv-c7/CodeWorkspace/UGV-Robot/ros2_humble_colcon_ws/install/py_pub_sub:/home/ugv-c7/CodeWorkspace/UGV-Robot/ros2_humble_colcon_ws/install/app_bringup:/opt/ros/humble CMAKE_PREFIX_PATH=${CMAKE_PREFIX_PATH}:/home/ugv-c7/CodeWorkspace/UGV-Robot/ros2_humble_colcon_ws/install/py_pub_sub:/opt/ros/humble /usr/bin/cmake --install /home/ugv-c7/CodeWorkspace/UGV-Robot/ros2_humble_colcon_ws/build/app_bringup
[11.155s] INFO:colcon.colcon_core.shell:Creating environment descriptor '/home/ugv-c7/CodeWorkspace/UGV-Robot/ros2_humble_colcon_ws/install/app_bringup/share/app_bringup/hook/cmake_prefix_path.dsv'
[11.156s] INFO:colcon.colcon_core.shell:Creating environment hook '/home/ugv-c7/CodeWorkspace/UGV-Robot/ros2_humble_colcon_ws/install/app_bringup/share/app_bringup/hook/cmake_prefix_path.sh'
[11.158s] Level 1:colcon.colcon_core.environment:checking '/home/ugv-c7/CodeWorkspace/UGV-Robot/ros2_humble_colcon_ws/install/app_bringup/bin'
[11.159s] Level 1:colcon.colcon_core.environment:checking '/home/ugv-c7/CodeWorkspace/UGV-Robot/ros2_humble_colcon_ws/install/app_bringup/lib/pkgconfig/app_bringup.pc'
[11.159s] Level 1:colcon.colcon_core.environment:checking '/home/ugv-c7/CodeWorkspace/UGV-Robot/ros2_humble_colcon_ws/install/app_bringup/lib/python3.10/site-packages'
[11.160s] Level 1:colcon.colcon_core.environment:checking '/home/ugv-c7/CodeWorkspace/UGV-Robot/ros2_humble_colcon_ws/install/app_bringup/bin'
[11.161s] INFO:colcon.colcon_core.shell:Creating package script '/home/ugv-c7/CodeWorkspace/UGV-Robot/ros2_humble_colcon_ws/install/app_bringup/share/app_bringup/package.ps1'
[11.163s] INFO:colcon.colcon_core.shell:Creating package descriptor '/home/ugv-c7/CodeWorkspace/UGV-Robot/ros2_humble_colcon_ws/install/app_bringup/share/app_bringup/package.dsv'
[11.165s] INFO:colcon.colcon_core.shell:Creating package script '/home/ugv-c7/CodeWorkspace/UGV-Robot/ros2_humble_colcon_ws/install/app_bringup/share/app_bringup/package.sh'
[11.166s] INFO:colcon.colcon_core.shell:Creating package script '/home/ugv-c7/CodeWorkspace/UGV-Robot/ros2_humble_colcon_ws/install/app_bringup/share/app_bringup/package.bash'
[11.167s] INFO:colcon.colcon_core.shell:Creating package script '/home/ugv-c7/CodeWorkspace/UGV-Robot/ros2_humble_colcon_ws/install/app_bringup/share/app_bringup/package.zsh'
[11.168s] Level 1:colcon.colcon_core.environment:create_file_with_runtime_dependencies(/home/ugv-c7/CodeWorkspace/UGV-Robot/ros2_humble_colcon_ws/install/app_bringup/share/colcon-core/packages/app_bringup)
[11.170s] Level 1:colcon.colcon_core.environment:create_environment_scripts_only(app_bringup)
[11.171s] Level 1:colcon.colcon_core.environment:checking '/home/ugv-c7/CodeWorkspace/UGV-Robot/ros2_humble_colcon_ws/install/app_bringup' for CMake module files
[11.172s] Level 1:colcon.colcon_core.environment:checking '/home/ugv-c7/CodeWorkspace/UGV-Robot/ros2_humble_colcon_ws/install/app_bringup' for CMake config files
[11.173s] Level 1:colcon.colcon_core.shell:create_environment_hook('app_bringup', 'cmake_prefix_path')
[11.174s] INFO:colcon.colcon_core.shell:Creating environment hook '/home/ugv-c7/CodeWorkspace/UGV-Robot/ros2_humble_colcon_ws/install/app_bringup/share/app_bringup/hook/cmake_prefix_path.ps1'
[11.194s] INFO:colcon.colcon_core.shell:Creating environment descriptor '/home/ugv-c7/CodeWorkspace/UGV-Robot/ros2_humble_colcon_ws/install/app_bringup/share/app_bringup/hook/cmake_prefix_path.dsv'
[11.197s] INFO:colcon.colcon_core.shell:Creating environment hook '/home/ugv-c7/CodeWorkspace/UGV-Robot/ros2_humble_colcon_ws/install/app_bringup/share/app_bringup/hook/cmake_prefix_path.sh'
[11.200s] Level 1:colcon.colcon_core.environment:checking '/home/ugv-c7/CodeWorkspace/UGV-Robot/ros2_humble_colcon_ws/install/app_bringup/bin'
[11.200s] Level 1:colcon.colcon_core.environment:checking '/home/ugv-c7/CodeWorkspace/UGV-Robot/ros2_humble_colcon_ws/install/app_bringup/lib/pkgconfig/app_bringup.pc'
[11.201s] Level 1:colcon.colcon_core.environment:checking '/home/ugv-c7/CodeWorkspace/UGV-Robot/ros2_humble_colcon_ws/install/app_bringup/lib/python3.10/site-packages'
[11.201s] Level 1:colcon.colcon_core.environment:checking '/home/ugv-c7/CodeWorkspace/UGV-Robot/ros2_humble_colcon_ws/install/app_bringup/bin'
[11.203s] INFO:colcon.colcon_core.shell:Creating package script '/home/ugv-c7/CodeWorkspace/UGV-Robot/ros2_humble_colcon_ws/install/app_bringup/share/app_bringup/package.ps1'
[11.207s] INFO:colcon.colcon_core.shell:Creating package descriptor '/home/ugv-c7/CodeWorkspace/UGV-Robot/ros2_humble_colcon_ws/install/app_bringup/share/app_bringup/package.dsv'
[11.209s] INFO:colcon.colcon_core.shell:Creating package script '/home/ugv-c7/CodeWorkspace/UGV-Robot/ros2_humble_colcon_ws/install/app_bringup/share/app_bringup/package.sh'
[11.211s] INFO:colcon.colcon_core.shell:Creating package script '/home/ugv-c7/CodeWorkspace/UGV-Robot/ros2_humble_colcon_ws/install/app_bringup/share/app_bringup/package.bash'
[11.213s] INFO:colcon.colcon_core.shell:Creating package script '/home/ugv-c7/CodeWorkspace/UGV-Robot/ros2_humble_colcon_ws/install/app_bringup/share/app_bringup/package.zsh'
[11.214s] Level 1:colcon.colcon_core.environment:create_file_with_runtime_dependencies(/home/ugv-c7/CodeWorkspace/UGV-Robot/ros2_humble_colcon_ws/install/app_bringup/share/colcon-core/packages/app_bringup)
[11.228s] Level 1:colcon.colcon_core.environment:create_environment_scripts_only(moveit_resources)
[11.230s] Level 1:colcon.colcon_core.environment:checking '/home/ugv-c7/CodeWorkspace/UGV-Robot/ros2_humble_colcon_ws/install/moveit_resources' for CMake module files
[11.231s] Level 1:colcon.colcon_core.environment:checking '/home/ugv-c7/CodeWorkspace/UGV-Robot/ros2_humble_colcon_ws/install/moveit_resources' for CMake config files
[11.232s] Level 1:colcon.colcon_core.shell:create_environment_hook('moveit_resources', 'cmake_prefix_path')
[11.233s] INFO:colcon.colcon_core.shell:Creating environment hook '/home/ugv-c7/CodeWorkspace/UGV-Robot/ros2_humble_colcon_ws/install/moveit_resources/share/moveit_resources/hook/cmake_prefix_path.ps1'
[11.234s] DEBUG:colcon.colcon_core.event_handler.log_command:Invoked command in '/home/ugv-c7/CodeWorkspace/UGV-Robot/ros2_humble_colcon_ws/build/moveit_resources' returned '0': AMENT_PREFIX_PATH=/home/ugv-c7/CodeWorkspace/UGV-Robot/ros2_humble_colcon_ws/install/moveit_resources_panda_moveit_config:/home/ugv-c7/CodeWorkspace/UGV-Robot/ros2_humble_colcon_ws/install/moveit_resources_fanuc_moveit_config:/home/ugv-c7/CodeWorkspace/UGV-Robot/ros2_humble_colcon_ws/install/moveit_resources_pr2_description:/home/ugv-c7/CodeWorkspace/UGV-Robot/ros2_humble_colcon_ws/install/moveit_resources_panda_description:/home/ugv-c7/CodeWorkspace/UGV-Robot/ros2_humble_colcon_ws/install/moveit_resources_fanuc_description:${AMENT_PREFIX_PATH} CMAKE_PREFIX_PATH=/home/ugv-c7/CodeWorkspace/UGV-Robot/ros2_humble_colcon_ws/install/moveit_resources_panda_moveit_config:/home/ugv-c7/CodeWorkspace/UGV-Robot/ros2_humble_colcon_ws/install/moveit_resources_fanuc_moveit_config:/home/ugv-c7/CodeWorkspace/UGV-Robot/ros2_humble_colcon_ws/install/moveit_resources_pr2_description:/home/ugv-c7/CodeWorkspace/UGV-Robot/ros2_humble_colcon_ws/install/moveit_resources_panda_description:/home/ugv-c7/CodeWorkspace/UGV-Robot/ros2_humble_colcon_ws/install/moveit_resources_fanuc_description:/home/ugv-c7/CodeWorkspace/UGV-Robot/ros2_humble_colcon_ws/install/app_bringup:/home/ugv-c7/CodeWorkspace/UGV-Robot/ros2_humble_colcon_ws/install/py_pub_sub:/opt/ros/humble /usr/bin/cmake --install /home/ugv-c7/CodeWorkspace/UGV-Robot/ros2_humble_colcon_ws/build/moveit_resources
[11.236s] INFO:colcon.colcon_core.shell:Creating environment descriptor '/home/ugv-c7/CodeWorkspace/UGV-Robot/ros2_humble_colcon_ws/install/moveit_resources/share/moveit_resources/hook/cmake_prefix_path.dsv'
[11.238s] INFO:colcon.colcon_core.shell:Creating environment hook '/home/ugv-c7/CodeWorkspace/UGV-Robot/ros2_humble_colcon_ws/install/moveit_resources/share/moveit_resources/hook/cmake_prefix_path.sh'
[11.240s] Level 1:colcon.colcon_core.environment:checking '/home/ugv-c7/CodeWorkspace/UGV-Robot/ros2_humble_colcon_ws/install/moveit_resources/bin'
[11.240s] Level 1:colcon.colcon_core.environment:checking '/home/ugv-c7/CodeWorkspace/UGV-Robot/ros2_humble_colcon_ws/install/moveit_resources/lib/pkgconfig/moveit_resources.pc'
[11.241s] Level 1:colcon.colcon_core.environment:checking '/home/ugv-c7/CodeWorkspace/UGV-Robot/ros2_humble_colcon_ws/install/moveit_resources/lib/python3.10/site-packages'
[11.241s] Level 1:colcon.colcon_core.environment:checking '/home/ugv-c7/CodeWorkspace/UGV-Robot/ros2_humble_colcon_ws/install/moveit_resources/bin'
[11.243s] INFO:colcon.colcon_core.shell:Creating package script '/home/ugv-c7/CodeWorkspace/UGV-Robot/ros2_humble_colcon_ws/install/moveit_resources/share/moveit_resources/package.ps1'
[11.245s] INFO:colcon.colcon_core.shell:Creating package descriptor '/home/ugv-c7/CodeWorkspace/UGV-Robot/ros2_humble_colcon_ws/install/moveit_resources/share/moveit_resources/package.dsv'
[11.246s] INFO:colcon.colcon_core.shell:Creating package script '/home/ugv-c7/CodeWorkspace/UGV-Robot/ros2_humble_colcon_ws/install/moveit_resources/share/moveit_resources/package.sh'
[11.251s] INFO:colcon.colcon_core.shell:Creating package script '/home/ugv-c7/CodeWorkspace/UGV-Robot/ros2_humble_colcon_ws/install/moveit_resources/share/moveit_resources/package.bash'
[11.253s] INFO:colcon.colcon_core.shell:Creating package script '/home/ugv-c7/CodeWorkspace/UGV-Robot/ros2_humble_colcon_ws/install/moveit_resources/share/moveit_resources/package.zsh'
[11.255s] Level 1:colcon.colcon_core.environment:create_file_with_runtime_dependencies(/home/ugv-c7/CodeWorkspace/UGV-Robot/ros2_humble_colcon_ws/install/moveit_resources/share/colcon-core/packages/moveit_resources)
[11.258s] Level 1:colcon.colcon_core.environment:create_environment_scripts_only(moveit_resources)
[11.259s] Level 1:colcon.colcon_core.environment:checking '/home/ugv-c7/CodeWorkspace/UGV-Robot/ros2_humble_colcon_ws/install/moveit_resources' for CMake module files
[11.261s] Level 1:colcon.colcon_core.environment:checking '/home/ugv-c7/CodeWorkspace/UGV-Robot/ros2_humble_colcon_ws/install/moveit_resources' for CMake config files
[11.262s] Level 1:colcon.colcon_core.shell:create_environment_hook('moveit_resources', 'cmake_prefix_path')
[11.263s] INFO:colcon.colcon_core.shell:Creating environment hook '/home/ugv-c7/CodeWorkspace/UGV-Robot/ros2_humble_colcon_ws/install/moveit_resources/share/moveit_resources/hook/cmake_prefix_path.ps1'
[11.265s] INFO:colcon.colcon_core.shell:Creating environment descriptor '/home/ugv-c7/CodeWorkspace/UGV-Robot/ros2_humble_colcon_ws/install/moveit_resources/share/moveit_resources/hook/cmake_prefix_path.dsv'
[11.267s] INFO:colcon.colcon_core.shell:Creating environment hook '/home/ugv-c7/CodeWorkspace/UGV-Robot/ros2_humble_colcon_ws/install/moveit_resources/share/moveit_resources/hook/cmake_prefix_path.sh'
[11.270s] Level 1:colcon.colcon_core.environment:checking '/home/ugv-c7/CodeWorkspace/UGV-Robot/ros2_humble_colcon_ws/install/moveit_resources/bin'
[11.270s] Level 1:colcon.colcon_core.environment:checking '/home/ugv-c7/CodeWorkspace/UGV-Robot/ros2_humble_colcon_ws/install/moveit_resources/lib/pkgconfig/moveit_resources.pc'
[11.271s] Level 1:colcon.colcon_core.environment:checking '/home/ugv-c7/CodeWorkspace/UGV-Robot/ros2_humble_colcon_ws/install/moveit_resources/lib/python3.10/site-packages'
[11.272s] Level 1:colcon.colcon_core.environment:checking '/home/ugv-c7/CodeWorkspace/UGV-Robot/ros2_humble_colcon_ws/install/moveit_resources/bin'
[11.276s] INFO:colcon.colcon_core.shell:Creating package script '/home/ugv-c7/CodeWorkspace/UGV-Robot/ros2_humble_colcon_ws/install/moveit_resources/share/moveit_resources/package.ps1'
[11.279s] INFO:colcon.colcon_core.shell:Creating package descriptor '/home/ugv-c7/CodeWorkspace/UGV-Robot/ros2_humble_colcon_ws/install/moveit_resources/share/moveit_resources/package.dsv'
[11.280s] INFO:colcon.colcon_core.shell:Creating package script '/home/ugv-c7/CodeWorkspace/UGV-Robot/ros2_humble_colcon_ws/install/moveit_resources/share/moveit_resources/package.sh'
[11.282s] INFO:colcon.colcon_core.shell:Creating package script '/home/ugv-c7/CodeWorkspace/UGV-Robot/ros2_humble_colcon_ws/install/moveit_resources/share/moveit_resources/package.bash'
[11.292s] INFO:colcon.colcon_core.shell:Creating package script '/home/ugv-c7/CodeWorkspace/UGV-Robot/ros2_humble_colcon_ws/install/moveit_resources/share/moveit_resources/package.zsh'
[11.293s] Level 1:colcon.colcon_core.environment:create_file_with_runtime_dependencies(/home/ugv-c7/CodeWorkspace/UGV-Robot/ros2_humble_colcon_ws/install/moveit_resources/share/colcon-core/packages/moveit_resources)
[12.981s] DEBUG:colcon.colcon_core.event_handler.log_command:Invoked command in '/home/ugv-c7/CodeWorkspace/UGV-Robot/ros2_humble_colcon_ws/build/rviz_marker_tools' returned '0': AMENT_PREFIX_PATH=/home/ugv-c7/CodeWorkspace/UGV-Robot/ros2_humble_colcon_ws/install/moveit_common:${AMENT_PREFIX_PATH} CMAKE_PREFIX_PATH=/home/ugv-c7/CodeWorkspace/UGV-Robot/ros2_humble_colcon_ws/install/moveit_common:/home/ugv-c7/CodeWorkspace/UGV-Robot/ros2_humble_colcon_ws/install/app_bringup:/home/ugv-c7/CodeWorkspace/UGV-Robot/ros2_humble_colcon_ws/install/py_pub_sub:/opt/ros/humble /usr/bin/cmake /home/ugv-c7/CodeWorkspace/UGV-Robot/ros2_humble_colcon_ws/src/moveit_task_constructor/rviz_marker_tools -DCMAKE_INSTALL_PREFIX=/home/ugv-c7/CodeWorkspace/UGV-Robot/ros2_humble_colcon_ws/install/rviz_marker_tools
[12.982s] DEBUG:colcon.colcon_core.event_handler.log_command:Invoking command in '/home/ugv-c7/CodeWorkspace/UGV-Robot/ros2_humble_colcon_ws/build/rviz_marker_tools': AMENT_PREFIX_PATH=/home/ugv-c7/CodeWorkspace/UGV-Robot/ros2_humble_colcon_ws/install/moveit_common:${AMENT_PREFIX_PATH} CMAKE_PREFIX_PATH=/home/ugv-c7/CodeWorkspace/UGV-Robot/ros2_humble_colcon_ws/install/moveit_common:/home/ugv-c7/CodeWorkspace/UGV-Robot/ros2_humble_colcon_ws/install/app_bringup:/home/ugv-c7/CodeWorkspace/UGV-Robot/ros2_humble_colcon_ws/install/py_pub_sub:/opt/ros/humble /usr/bin/cmake --build /home/ugv-c7/CodeWorkspace/UGV-Robot/ros2_humble_colcon_ws/build/rviz_marker_tools -- -j6 -l6
[13.388s] DEBUG:colcon.colcon_core.event_handler.log_command:Invoked command in '/home/ugv-c7/CodeWorkspace/UGV-Robot/ros2_humble_colcon_ws/build/rosparam_shortcuts' returned '0': CMAKE_PREFIX_PATH=${CMAKE_PREFIX_PATH}:/home/ugv-c7/CodeWorkspace/UGV-Robot/ros2_humble_colcon_ws/install/py_pub_sub:/opt/ros/humble /usr/bin/cmake /home/ugv-c7/CodeWorkspace/UGV-Robot/ros2_humble_colcon_ws/src/rosparam_shortcuts -DCMAKE_INSTALL_PREFIX=/home/ugv-c7/CodeWorkspace/UGV-Robot/ros2_humble_colcon_ws/install/rosparam_shortcuts
[13.394s] DEBUG:colcon.colcon_core.event_handler.log_command:Invoking command in '/home/ugv-c7/CodeWorkspace/UGV-Robot/ros2_humble_colcon_ws/build/rosparam_shortcuts': CMAKE_PREFIX_PATH=${CMAKE_PREFIX_PATH}:/home/ugv-c7/CodeWorkspace/UGV-Robot/ros2_humble_colcon_ws/install/py_pub_sub:/opt/ros/humble /usr/bin/cmake --build /home/ugv-c7/CodeWorkspace/UGV-Robot/ros2_humble_colcon_ws/build/rosparam_shortcuts -- -j6 -l6
[13.719s] DEBUG:colcon.colcon_core.event_handler.log_command:Invoked command in '/home/ugv-c7/CodeWorkspace/UGV-Robot/ros2_humble_colcon_ws/build/moveit_task_constructor_msgs' returned '0': CMAKE_PREFIX_PATH=${CMAKE_PREFIX_PATH}:/home/ugv-c7/CodeWorkspace/UGV-Robot/ros2_humble_colcon_ws/install/py_pub_sub:/opt/ros/humble /usr/bin/cmake /home/ugv-c7/CodeWorkspace/UGV-Robot/ros2_humble_colcon_ws/src/moveit_task_constructor/msgs -DCMAKE_INSTALL_PREFIX=/home/ugv-c7/CodeWorkspace/UGV-Robot/ros2_humble_colcon_ws/install/moveit_task_constructor_msgs
[13.734s] DEBUG:colcon.colcon_core.event_handler.log_command:Invoking command in '/home/ugv-c7/CodeWorkspace/UGV-Robot/ros2_humble_colcon_ws/build/moveit_task_constructor_msgs': CMAKE_PREFIX_PATH=${CMAKE_PREFIX_PATH}:/home/ugv-c7/CodeWorkspace/UGV-Robot/ros2_humble_colcon_ws/install/py_pub_sub:/opt/ros/humble /usr/bin/cmake --build /home/ugv-c7/CodeWorkspace/UGV-Robot/ros2_humble_colcon_ws/build/moveit_task_constructor_msgs -- -j6 -l6
[32.542s] DEBUG:colcon.colcon_core.event_handler.log_command:Invoked command in '/home/ugv-c7/CodeWorkspace/UGV-Robot/ros2_humble_colcon_ws/build/srdfdom' returned '0': CMAKE_PREFIX_PATH=${CMAKE_PREFIX_PATH}:/home/ugv-c7/CodeWorkspace/UGV-Robot/ros2_humble_colcon_ws/install/py_pub_sub:/opt/ros/humble /usr/bin/cmake --build /home/ugv-c7/CodeWorkspace/UGV-Robot/ros2_humble_colcon_ws/build/srdfdom -- -j6 -l6
[32.543s] DEBUG:colcon.colcon_core.event_handler.log_command:Invoking command in '/home/ugv-c7/CodeWorkspace/UGV-Robot/ros2_humble_colcon_ws/build/srdfdom': CMAKE_PREFIX_PATH=${CMAKE_PREFIX_PATH}:/home/ugv-c7/CodeWorkspace/UGV-Robot/ros2_humble_colcon_ws/install/py_pub_sub:/opt/ros/humble /usr/bin/cmake --install /home/ugv-c7/CodeWorkspace/UGV-Robot/ros2_humble_colcon_ws/build/srdfdom
[32.804s] Level 1:colcon.colcon_core.environment:create_environment_scripts_only(srdfdom)
[32.806s] Level 1:colcon.colcon_core.environment:checking '/home/ugv-c7/CodeWorkspace/UGV-Robot/ros2_humble_colcon_ws/install/srdfdom' for CMake module files
[32.808s] Level 1:colcon.colcon_core.environment:checking '/home/ugv-c7/CodeWorkspace/UGV-Robot/ros2_humble_colcon_ws/install/srdfdom' for CMake config files
[32.808s] Level 1:colcon.colcon_core.shell:create_environment_hook('srdfdom', 'cmake_prefix_path')
[32.809s] INFO:colcon.colcon_core.shell:Creating environment hook '/home/ugv-c7/CodeWorkspace/UGV-Robot/ros2_humble_colcon_ws/install/srdfdom/share/srdfdom/hook/cmake_prefix_path.ps1'
[32.811s] INFO:colcon.colcon_core.shell:Creating environment descriptor '/home/ugv-c7/CodeWorkspace/UGV-Robot/ros2_humble_colcon_ws/install/srdfdom/share/srdfdom/hook/cmake_prefix_path.dsv'
[32.813s] DEBUG:colcon.colcon_core.event_handler.log_command:Invoked command in '/home/ugv-c7/CodeWorkspace/UGV-Robot/ros2_humble_colcon_ws/build/srdfdom' returned '0': CMAKE_PREFIX_PATH=${CMAKE_PREFIX_PATH}:/home/ugv-c7/CodeWorkspace/UGV-Robot/ros2_humble_colcon_ws/install/py_pub_sub:/opt/ros/humble /usr/bin/cmake --install /home/ugv-c7/CodeWorkspace/UGV-Robot/ros2_humble_colcon_ws/build/srdfdom
[32.814s] INFO:colcon.colcon_core.shell:Creating environment hook '/home/ugv-c7/CodeWorkspace/UGV-Robot/ros2_humble_colcon_ws/install/srdfdom/share/srdfdom/hook/cmake_prefix_path.sh'
[32.816s] Level 1:colcon.colcon_core.environment:checking '/home/ugv-c7/CodeWorkspace/UGV-Robot/ros2_humble_colcon_ws/install/srdfdom/lib'
[32.816s] Level 1:colcon.colcon_core.shell:create_environment_hook('srdfdom', 'ld_library_path_lib')
[32.817s] INFO:colcon.colcon_core.shell:Creating environment hook '/home/ugv-c7/CodeWorkspace/UGV-Robot/ros2_humble_colcon_ws/install/srdfdom/share/srdfdom/hook/ld_library_path_lib.ps1'
[32.818s] INFO:colcon.colcon_core.shell:Creating environment descriptor '/home/ugv-c7/CodeWorkspace/UGV-Robot/ros2_humble_colcon_ws/install/srdfdom/share/srdfdom/hook/ld_library_path_lib.dsv'
[32.819s] INFO:colcon.colcon_core.shell:Creating environment hook '/home/ugv-c7/CodeWorkspace/UGV-Robot/ros2_humble_colcon_ws/install/srdfdom/share/srdfdom/hook/ld_library_path_lib.sh'
[32.820s] Level 1:colcon.colcon_core.environment:checking '/home/ugv-c7/CodeWorkspace/UGV-Robot/ros2_humble_colcon_ws/install/srdfdom/bin'
[32.820s] Level 1:colcon.colcon_core.environment:checking '/home/ugv-c7/CodeWorkspace/UGV-Robot/ros2_humble_colcon_ws/install/srdfdom/lib/pkgconfig/srdfdom.pc'
[32.821s] Level 1:colcon.colcon_core.environment:checking '/home/ugv-c7/CodeWorkspace/UGV-Robot/ros2_humble_colcon_ws/install/srdfdom/lib/python3.10/site-packages'
[32.821s] Level 1:colcon.colcon_core.environment:checking '/home/ugv-c7/CodeWorkspace/UGV-Robot/ros2_humble_colcon_ws/install/srdfdom/bin'
[32.823s] INFO:colcon.colcon_core.shell:Creating package script '/home/ugv-c7/CodeWorkspace/UGV-Robot/ros2_humble_colcon_ws/install/srdfdom/share/srdfdom/package.ps1'
[32.841s] INFO:colcon.colcon_core.shell:Creating package descriptor '/home/ugv-c7/CodeWorkspace/UGV-Robot/ros2_humble_colcon_ws/install/srdfdom/share/srdfdom/package.dsv'
[32.844s] INFO:colcon.colcon_core.shell:Creating package script '/home/ugv-c7/CodeWorkspace/UGV-Robot/ros2_humble_colcon_ws/install/srdfdom/share/srdfdom/package.sh'
[32.845s] INFO:colcon.colcon_core.shell:Creating package script '/home/ugv-c7/CodeWorkspace/UGV-Robot/ros2_humble_colcon_ws/install/srdfdom/share/srdfdom/package.bash'
[32.846s] INFO:colcon.colcon_core.shell:Creating package script '/home/ugv-c7/CodeWorkspace/UGV-Robot/ros2_humble_colcon_ws/install/srdfdom/share/srdfdom/package.zsh'
[32.847s] Level 1:colcon.colcon_core.environment:create_file_with_runtime_dependencies(/home/ugv-c7/CodeWorkspace/UGV-Robot/ros2_humble_colcon_ws/install/srdfdom/share/colcon-core/packages/srdfdom)
[32.849s] Level 1:colcon.colcon_core.environment:create_environment_scripts_only(srdfdom)
[32.850s] Level 1:colcon.colcon_core.environment:checking '/home/ugv-c7/CodeWorkspace/UGV-Robot/ros2_humble_colcon_ws/install/srdfdom' for CMake module files
[32.851s] Level 1:colcon.colcon_core.environment:checking '/home/ugv-c7/CodeWorkspace/UGV-Robot/ros2_humble_colcon_ws/install/srdfdom' for CMake config files
[32.852s] Level 1:colcon.colcon_core.shell:create_environment_hook('srdfdom', 'cmake_prefix_path')
[32.853s] INFO:colcon.colcon_core.shell:Creating environment hook '/home/ugv-c7/CodeWorkspace/UGV-Robot/ros2_humble_colcon_ws/install/srdfdom/share/srdfdom/hook/cmake_prefix_path.ps1'
[32.864s] INFO:colcon.colcon_core.shell:Creating environment descriptor '/home/ugv-c7/CodeWorkspace/UGV-Robot/ros2_humble_colcon_ws/install/srdfdom/share/srdfdom/hook/cmake_prefix_path.dsv'
[32.876s] INFO:colcon.colcon_core.shell:Creating environment hook '/home/ugv-c7/CodeWorkspace/UGV-Robot/ros2_humble_colcon_ws/install/srdfdom/share/srdfdom/hook/cmake_prefix_path.sh'
[32.880s] Level 1:colcon.colcon_core.environment:checking '/home/ugv-c7/CodeWorkspace/UGV-Robot/ros2_humble_colcon_ws/install/srdfdom/lib'
[32.881s] Level 1:colcon.colcon_core.shell:create_environment_hook('srdfdom', 'ld_library_path_lib')
[32.882s] INFO:colcon.colcon_core.shell:Creating environment hook '/home/ugv-c7/CodeWorkspace/UGV-Robot/ros2_humble_colcon_ws/install/srdfdom/share/srdfdom/hook/ld_library_path_lib.ps1'
[32.892s] INFO:colcon.colcon_core.shell:Creating environment descriptor '/home/ugv-c7/CodeWorkspace/UGV-Robot/ros2_humble_colcon_ws/install/srdfdom/share/srdfdom/hook/ld_library_path_lib.dsv'
[32.906s] INFO:colcon.colcon_core.shell:Creating environment hook '/home/ugv-c7/CodeWorkspace/UGV-Robot/ros2_humble_colcon_ws/install/srdfdom/share/srdfdom/hook/ld_library_path_lib.sh'
[32.908s] Level 1:colcon.colcon_core.environment:checking '/home/ugv-c7/CodeWorkspace/UGV-Robot/ros2_humble_colcon_ws/install/srdfdom/bin'
[32.909s] Level 1:colcon.colcon_core.environment:checking '/home/ugv-c7/CodeWorkspace/UGV-Robot/ros2_humble_colcon_ws/install/srdfdom/lib/pkgconfig/srdfdom.pc'
[32.909s] Level 1:colcon.colcon_core.environment:checking '/home/ugv-c7/CodeWorkspace/UGV-Robot/ros2_humble_colcon_ws/install/srdfdom/lib/python3.10/site-packages'
[32.910s] Level 1:colcon.colcon_core.environment:checking '/home/ugv-c7/CodeWorkspace/UGV-Robot/ros2_humble_colcon_ws/install/srdfdom/bin'
[32.921s] INFO:colcon.colcon_core.shell:Creating package script '/home/ugv-c7/CodeWorkspace/UGV-Robot/ros2_humble_colcon_ws/install/srdfdom/share/srdfdom/package.ps1'
[32.925s] INFO:colcon.colcon_core.shell:Creating package descriptor '/home/ugv-c7/CodeWorkspace/UGV-Robot/ros2_humble_colcon_ws/install/srdfdom/share/srdfdom/package.dsv'
[32.926s] INFO:colcon.colcon_core.shell:Creating package script '/home/ugv-c7/CodeWorkspace/UGV-Robot/ros2_humble_colcon_ws/install/srdfdom/share/srdfdom/package.sh'
[32.928s] INFO:colcon.colcon_core.shell:Creating package script '/home/ugv-c7/CodeWorkspace/UGV-Robot/ros2_humble_colcon_ws/install/srdfdom/share/srdfdom/package.bash'
[32.929s] INFO:colcon.colcon_core.shell:Creating package script '/home/ugv-c7/CodeWorkspace/UGV-Robot/ros2_humble_colcon_ws/install/srdfdom/share/srdfdom/package.zsh'
[32.930s] Level 1:colcon.colcon_core.environment:create_file_with_runtime_dependencies(/home/ugv-c7/CodeWorkspace/UGV-Robot/ros2_humble_colcon_ws/install/srdfdom/share/colcon-core/packages/srdfdom)
[32.934s] INFO:colcon.colcon_ros.task.ament_cmake.build:Building ROS package in '/home/ugv-c7/CodeWorkspace/UGV-Robot/ros2_humble_colcon_ws/src/moveit2/moveit_core' with build type 'ament_cmake'
[32.935s] INFO:colcon.colcon_cmake.task.cmake.build:Building CMake package in '/home/ugv-c7/CodeWorkspace/UGV-Robot/ros2_humble_colcon_ws/src/moveit2/moveit_core'
[32.936s] INFO:colcon.colcon_core.shell:Skip shell extension 'powershell' for command environment: Not usable outside of PowerShell
[32.937s] DEBUG:colcon.colcon_core.shell:Skip shell extension 'dsv' for command environment
[32.965s] INFO:colcon.colcon_ros.task.ament_python.build:Building ROS package in '/home/ugv-c7/CodeWorkspace/UGV-Robot/ros2_humble_colcon_ws/src/moveit2/moveit_configs_utils' with build type 'ament_python'
[32.966s] Level 1:colcon.colcon_core.shell:create_environment_hook('moveit_configs_utils', 'ament_prefix_path')
[32.967s] INFO:colcon.colcon_core.shell:Creating environment hook '/home/ugv-c7/CodeWorkspace/UGV-Robot/ros2_humble_colcon_ws/install/moveit_configs_utils/share/moveit_configs_utils/hook/ament_prefix_path.ps1'
[32.969s] INFO:colcon.colcon_core.shell:Creating environment descriptor '/home/ugv-c7/CodeWorkspace/UGV-Robot/ros2_humble_colcon_ws/install/moveit_configs_utils/share/moveit_configs_utils/hook/ament_prefix_path.dsv'
[32.970s] INFO:colcon.colcon_core.shell:Creating environment hook '/home/ugv-c7/CodeWorkspace/UGV-Robot/ros2_humble_colcon_ws/install/moveit_configs_utils/share/moveit_configs_utils/hook/ament_prefix_path.sh'
[32.974s] INFO:colcon.colcon_core.shell:Skip shell extension 'powershell' for command environment: Not usable outside of PowerShell
[32.975s] DEBUG:colcon.colcon_core.shell:Skip shell extension 'dsv' for command environment
[33.044s] DEBUG:colcon.colcon_core.event_handler.log_command:Invoking command in '/home/ugv-c7/CodeWorkspace/UGV-Robot/ros2_humble_colcon_ws/build/moveit_core': AMENT_PREFIX_PATH=/home/ugv-c7/CodeWorkspace/UGV-Robot/ros2_humble_colcon_ws/install/moveit_resources_panda_moveit_config:/home/ugv-c7/CodeWorkspace/UGV-Robot/ros2_humble_colcon_ws/install/srdfdom:/home/ugv-c7/CodeWorkspace/UGV-Robot/ros2_humble_colcon_ws/install/moveit_resources_pr2_description:/home/ugv-c7/CodeWorkspace/UGV-Robot/ros2_humble_colcon_ws/install/moveit_resources_panda_description:/home/ugv-c7/CodeWorkspace/UGV-Robot/ros2_humble_colcon_ws/install/moveit_common:${AMENT_PREFIX_PATH} CMAKE_PREFIX_PATH=/home/ugv-c7/CodeWorkspace/UGV-Robot/ros2_humble_colcon_ws/install/moveit_resources_panda_moveit_config:/home/ugv-c7/CodeWorkspace/UGV-Robot/ros2_humble_colcon_ws/install/srdfdom:/home/ugv-c7/CodeWorkspace/UGV-Robot/ros2_humble_colcon_ws/install/moveit_resources_pr2_description:/home/ugv-c7/CodeWorkspace/UGV-Robot/ros2_humble_colcon_ws/install/moveit_resources_panda_description:/home/ugv-c7/CodeWorkspace/UGV-Robot/ros2_humble_colcon_ws/install/moveit_common:/home/ugv-c7/CodeWorkspace/UGV-Robot/ros2_humble_colcon_ws/install/app_bringup:/home/ugv-c7/CodeWorkspace/UGV-Robot/ros2_humble_colcon_ws/install/py_pub_sub:/opt/ros/humble LD_LIBRARY_PATH=/home/ugv-c7/CodeWorkspace/UGV-Robot/ros2_humble_colcon_ws/install/srdfdom/lib:${LD_LIBRARY_PATH} PYTHONPATH=/home/ugv-c7/CodeWorkspace/UGV-Robot/ros2_humble_colcon_ws/install/srdfdom/local/lib/python3.10/dist-packages:${PYTHONPATH} /usr/bin/cmake /home/ugv-c7/CodeWorkspace/UGV-Robot/ros2_humble_colcon_ws/src/moveit2/moveit_core -DCMAKE_INSTALL_PREFIX=/home/ugv-c7/CodeWorkspace/UGV-Robot/ros2_humble_colcon_ws/install/moveit_core
[34.186s] INFO:colcon.colcon_core.task.python.build:Building Python package in '/home/ugv-c7/CodeWorkspace/UGV-Robot/ros2_humble_colcon_ws/src/moveit2/moveit_configs_utils'
[34.187s] INFO:colcon.colcon_core.shell:Skip shell extension 'powershell' for command environment: Not usable outside of PowerShell
[34.187s] DEBUG:colcon.colcon_core.shell:Skip shell extension 'dsv' for command environment
[36.676s] DEBUG:colcon.colcon_core.event_handler.log_command:Invoking command in '/home/ugv-c7/CodeWorkspace/UGV-Robot/ros2_humble_colcon_ws/src/moveit2/moveit_configs_utils': AMENT_PREFIX_PATH=/home/ugv-c7/CodeWorkspace/UGV-Robot/ros2_humble_colcon_ws/install/srdfdom:/home/ugv-c7/CodeWorkspace/UGV-Robot/ros2_humble_colcon_ws/install/launch_param_builder:${AMENT_PREFIX_PATH} CMAKE_PREFIX_PATH=/home/ugv-c7/CodeWorkspace/UGV-Robot/ros2_humble_colcon_ws/install/srdfdom:${CMAKE_PREFIX_PATH} LD_LIBRARY_PATH=/home/ugv-c7/CodeWorkspace/UGV-Robot/ros2_humble_colcon_ws/install/srdfdom/lib:${LD_LIBRARY_PATH} PYTHONPATH=/home/ugv-c7/CodeWorkspace/UGV-Robot/ros2_humble_colcon_ws/build/moveit_configs_utils/prefix_override:/usr/lib/python3/dist-packages/colcon_core/task/python/colcon_distutils_commands:/home/ugv-c7/CodeWorkspace/UGV-Robot/ros2_humble_colcon_ws/install/moveit_configs_utils/lib/python3.10/site-packages:/home/ugv-c7/CodeWorkspace/UGV-Robot/ros2_humble_colcon_ws/install/srdfdom/local/lib/python3.10/dist-packages:/home/ugv-c7/CodeWorkspace/UGV-Robot/ros2_humble_colcon_ws/install/launch_param_builder/lib/python3.10/site-packages:${PYTHONPATH} /usr/bin/python3 -W ignore:setup.py install is deprecated -W ignore:easy_install command is deprecated setup.py egg_info --egg-base ../../../build/moveit_configs_utils build --build-base /home/ugv-c7/CodeWorkspace/UGV-Robot/ros2_humble_colcon_ws/build/moveit_configs_utils/build install --record /home/ugv-c7/CodeWorkspace/UGV-Robot/ros2_humble_colcon_ws/build/moveit_configs_utils/install.log --single-version-externally-managed install_data
[38.231s] Level 1:colcon.colcon_core.environment:checking '/home/ugv-c7/CodeWorkspace/UGV-Robot/ros2_humble_colcon_ws/install/moveit_configs_utils' for CMake module files
[38.233s] DEBUG:colcon.colcon_core.event_handler.log_command:Invoked command in '/home/ugv-c7/CodeWorkspace/UGV-Robot/ros2_humble_colcon_ws/src/moveit2/moveit_configs_utils' returned '0': AMENT_PREFIX_PATH=/home/ugv-c7/CodeWorkspace/UGV-Robot/ros2_humble_colcon_ws/install/srdfdom:/home/ugv-c7/CodeWorkspace/UGV-Robot/ros2_humble_colcon_ws/install/launch_param_builder:${AMENT_PREFIX_PATH} CMAKE_PREFIX_PATH=/home/ugv-c7/CodeWorkspace/UGV-Robot/ros2_humble_colcon_ws/install/srdfdom:${CMAKE_PREFIX_PATH} LD_LIBRARY_PATH=/home/ugv-c7/CodeWorkspace/UGV-Robot/ros2_humble_colcon_ws/install/srdfdom/lib:${LD_LIBRARY_PATH} PYTHONPATH=/home/ugv-c7/CodeWorkspace/UGV-Robot/ros2_humble_colcon_ws/build/moveit_configs_utils/prefix_override:/usr/lib/python3/dist-packages/colcon_core/task/python/colcon_distutils_commands:/home/ugv-c7/CodeWorkspace/UGV-Robot/ros2_humble_colcon_ws/install/moveit_configs_utils/lib/python3.10/site-packages:/home/ugv-c7/CodeWorkspace/UGV-Robot/ros2_humble_colcon_ws/install/srdfdom/local/lib/python3.10/dist-packages:/home/ugv-c7/CodeWorkspace/UGV-Robot/ros2_humble_colcon_ws/install/launch_param_builder/lib/python3.10/site-packages:${PYTHONPATH} /usr/bin/python3 -W ignore:setup.py install is deprecated -W ignore:easy_install command is deprecated setup.py egg_info --egg-base ../../../build/moveit_configs_utils build --build-base /home/ugv-c7/CodeWorkspace/UGV-Robot/ros2_humble_colcon_ws/build/moveit_configs_utils/build install --record /home/ugv-c7/CodeWorkspace/UGV-Robot/ros2_humble_colcon_ws/build/moveit_configs_utils/install.log --single-version-externally-managed install_data
[38.401s] Level 1:colcon.colcon_core.environment:checking '/home/ugv-c7/CodeWorkspace/UGV-Robot/ros2_humble_colcon_ws/install/moveit_configs_utils' for CMake config files
[38.404s] Level 1:colcon.colcon_core.environment:checking '/home/ugv-c7/CodeWorkspace/UGV-Robot/ros2_humble_colcon_ws/install/moveit_configs_utils/lib'
[38.404s] Level 1:colcon.colcon_core.environment:checking '/home/ugv-c7/CodeWorkspace/UGV-Robot/ros2_humble_colcon_ws/install/moveit_configs_utils/bin'
[38.404s] Level 1:colcon.colcon_core.environment:checking '/home/ugv-c7/CodeWorkspace/UGV-Robot/ros2_humble_colcon_ws/install/moveit_configs_utils/lib/pkgconfig/moveit_configs_utils.pc'
[38.405s] Level 1:colcon.colcon_core.environment:checking '/home/ugv-c7/CodeWorkspace/UGV-Robot/ros2_humble_colcon_ws/install/moveit_configs_utils/lib/python3.10/site-packages'
[38.405s] Level 1:colcon.colcon_core.shell:create_environment_hook('moveit_configs_utils', 'pythonpath')
[38.406s] INFO:colcon.colcon_core.shell:Creating environment hook '/home/ugv-c7/CodeWorkspace/UGV-Robot/ros2_humble_colcon_ws/install/moveit_configs_utils/share/moveit_configs_utils/hook/pythonpath.ps1'
[38.408s] INFO:colcon.colcon_core.shell:Creating environment descriptor '/home/ugv-c7/CodeWorkspace/UGV-Robot/ros2_humble_colcon_ws/install/moveit_configs_utils/share/moveit_configs_utils/hook/pythonpath.dsv'
[38.409s] INFO:colcon.colcon_core.shell:Creating environment hook '/home/ugv-c7/CodeWorkspace/UGV-Robot/ros2_humble_colcon_ws/install/moveit_configs_utils/share/moveit_configs_utils/hook/pythonpath.sh'
[38.411s] Level 1:colcon.colcon_core.environment:checking '/home/ugv-c7/CodeWorkspace/UGV-Robot/ros2_humble_colcon_ws/install/moveit_configs_utils/bin'
[38.411s] Level 1:colcon.colcon_core.environment:create_environment_scripts_only(moveit_configs_utils)
[38.425s] INFO:colcon.colcon_core.shell:Creating package script '/home/ugv-c7/CodeWorkspace/UGV-Robot/ros2_humble_colcon_ws/install/moveit_configs_utils/share/moveit_configs_utils/package.ps1'
[38.428s] INFO:colcon.colcon_core.shell:Creating package descriptor '/home/ugv-c7/CodeWorkspace/UGV-Robot/ros2_humble_colcon_ws/install/moveit_configs_utils/share/moveit_configs_utils/package.dsv'
[38.429s] INFO:colcon.colcon_core.shell:Creating package script '/home/ugv-c7/CodeWorkspace/UGV-Robot/ros2_humble_colcon_ws/install/moveit_configs_utils/share/moveit_configs_utils/package.sh'
[38.431s] INFO:colcon.colcon_core.shell:Creating package script '/home/ugv-c7/CodeWorkspace/UGV-Robot/ros2_humble_colcon_ws/install/moveit_configs_utils/share/moveit_configs_utils/package.bash'
[38.432s] INFO:colcon.colcon_core.shell:Creating package script '/home/ugv-c7/CodeWorkspace/UGV-Robot/ros2_humble_colcon_ws/install/moveit_configs_utils/share/moveit_configs_utils/package.zsh'
[38.433s] Level 1:colcon.colcon_core.environment:create_file_with_runtime_dependencies(/home/ugv-c7/CodeWorkspace/UGV-Robot/ros2_humble_colcon_ws/install/moveit_configs_utils/share/colcon-core/packages/moveit_configs_utils)
[48.682s] DEBUG:colcon.colcon_core.event_handler.log_command:Invoked command in '/home/ugv-c7/CodeWorkspace/UGV-Robot/ros2_humble_colcon_ws/build/rviz_marker_tools' returned '0': AMENT_PREFIX_PATH=/home/ugv-c7/CodeWorkspace/UGV-Robot/ros2_humble_colcon_ws/install/moveit_common:${AMENT_PREFIX_PATH} CMAKE_PREFIX_PATH=/home/ugv-c7/CodeWorkspace/UGV-Robot/ros2_humble_colcon_ws/install/moveit_common:/home/ugv-c7/CodeWorkspace/UGV-Robot/ros2_humble_colcon_ws/install/app_bringup:/home/ugv-c7/CodeWorkspace/UGV-Robot/ros2_humble_colcon_ws/install/py_pub_sub:/opt/ros/humble /usr/bin/cmake --build /home/ugv-c7/CodeWorkspace/UGV-Robot/ros2_humble_colcon_ws/build/rviz_marker_tools -- -j6 -l6
[48.706s] DEBUG:colcon.colcon_core.event_handler.log_command:Invoking command in '/home/ugv-c7/CodeWorkspace/UGV-Robot/ros2_humble_colcon_ws/build/rviz_marker_tools': AMENT_PREFIX_PATH=/home/ugv-c7/CodeWorkspace/UGV-Robot/ros2_humble_colcon_ws/install/moveit_common:${AMENT_PREFIX_PATH} CMAKE_PREFIX_PATH=/home/ugv-c7/CodeWorkspace/UGV-Robot/ros2_humble_colcon_ws/install/moveit_common:/home/ugv-c7/CodeWorkspace/UGV-Robot/ros2_humble_colcon_ws/install/app_bringup:/home/ugv-c7/CodeWorkspace/UGV-Robot/ros2_humble_colcon_ws/install/py_pub_sub:/opt/ros/humble /usr/bin/cmake --install /home/ugv-c7/CodeWorkspace/UGV-Robot/ros2_humble_colcon_ws/build/rviz_marker_tools
[48.780s] Level 1:colcon.colcon_core.environment:create_environment_scripts_only(rviz_marker_tools)
[48.782s] Level 1:colcon.colcon_core.environment:checking '/home/ugv-c7/CodeWorkspace/UGV-Robot/ros2_humble_colcon_ws/install/rviz_marker_tools' for CMake module files
[48.783s] DEBUG:colcon.colcon_core.event_handler.log_command:Invoked command in '/home/ugv-c7/CodeWorkspace/UGV-Robot/ros2_humble_colcon_ws/build/rviz_marker_tools' returned '0': AMENT_PREFIX_PATH=/home/ugv-c7/CodeWorkspace/UGV-Robot/ros2_humble_colcon_ws/install/moveit_common:${AMENT_PREFIX_PATH} CMAKE_PREFIX_PATH=/home/ugv-c7/CodeWorkspace/UGV-Robot/ros2_humble_colcon_ws/install/moveit_common:/home/ugv-c7/CodeWorkspace/UGV-Robot/ros2_humble_colcon_ws/install/app_bringup:/home/ugv-c7/CodeWorkspace/UGV-Robot/ros2_humble_colcon_ws/install/py_pub_sub:/opt/ros/humble /usr/bin/cmake --install /home/ugv-c7/CodeWorkspace/UGV-Robot/ros2_humble_colcon_ws/build/rviz_marker_tools
[48.785s] Level 1:colcon.colcon_core.environment:checking '/home/ugv-c7/CodeWorkspace/UGV-Robot/ros2_humble_colcon_ws/install/rviz_marker_tools' for CMake config files
[48.786s] Level 1:colcon.colcon_core.shell:create_environment_hook('rviz_marker_tools', 'cmake_prefix_path')
[48.787s] INFO:colcon.colcon_core.shell:Creating environment hook '/home/ugv-c7/CodeWorkspace/UGV-Robot/ros2_humble_colcon_ws/install/rviz_marker_tools/share/rviz_marker_tools/hook/cmake_prefix_path.ps1'
[48.789s] INFO:colcon.colcon_core.shell:Creating environment descriptor '/home/ugv-c7/CodeWorkspace/UGV-Robot/ros2_humble_colcon_ws/install/rviz_marker_tools/share/rviz_marker_tools/hook/cmake_prefix_path.dsv'
[48.790s] INFO:colcon.colcon_core.shell:Creating environment hook '/home/ugv-c7/CodeWorkspace/UGV-Robot/ros2_humble_colcon_ws/install/rviz_marker_tools/share/rviz_marker_tools/hook/cmake_prefix_path.sh'
[48.792s] Level 1:colcon.colcon_core.environment:checking '/home/ugv-c7/CodeWorkspace/UGV-Robot/ros2_humble_colcon_ws/install/rviz_marker_tools/lib'
[48.792s] Level 1:colcon.colcon_core.shell:create_environment_hook('rviz_marker_tools', 'ld_library_path_lib')
[48.793s] INFO:colcon.colcon_core.shell:Creating environment hook '/home/ugv-c7/CodeWorkspace/UGV-Robot/ros2_humble_colcon_ws/install/rviz_marker_tools/share/rviz_marker_tools/hook/ld_library_path_lib.ps1'
[48.794s] INFO:colcon.colcon_core.shell:Creating environment descriptor '/home/ugv-c7/CodeWorkspace/UGV-Robot/ros2_humble_colcon_ws/install/rviz_marker_tools/share/rviz_marker_tools/hook/ld_library_path_lib.dsv'
[48.795s] INFO:colcon.colcon_core.shell:Creating environment hook '/home/ugv-c7/CodeWorkspace/UGV-Robot/ros2_humble_colcon_ws/install/rviz_marker_tools/share/rviz_marker_tools/hook/ld_library_path_lib.sh'
[48.806s] Level 1:colcon.colcon_core.environment:checking '/home/ugv-c7/CodeWorkspace/UGV-Robot/ros2_humble_colcon_ws/install/rviz_marker_tools/bin'
[48.807s] Level 1:colcon.colcon_core.environment:checking '/home/ugv-c7/CodeWorkspace/UGV-Robot/ros2_humble_colcon_ws/install/rviz_marker_tools/lib/pkgconfig/rviz_marker_tools.pc'
[48.807s] Level 1:colcon.colcon_core.environment:checking '/home/ugv-c7/CodeWorkspace/UGV-Robot/ros2_humble_colcon_ws/install/rviz_marker_tools/lib/python3.10/site-packages'
[48.808s] Level 1:colcon.colcon_core.environment:checking '/home/ugv-c7/CodeWorkspace/UGV-Robot/ros2_humble_colcon_ws/install/rviz_marker_tools/bin'
[48.809s] INFO:colcon.colcon_core.shell:Creating package script '/home/ugv-c7/CodeWorkspace/UGV-Robot/ros2_humble_colcon_ws/install/rviz_marker_tools/share/rviz_marker_tools/package.ps1'
[48.811s] INFO:colcon.colcon_core.shell:Creating package descriptor '/home/ugv-c7/CodeWorkspace/UGV-Robot/ros2_humble_colcon_ws/install/rviz_marker_tools/share/rviz_marker_tools/package.dsv'
[48.833s] INFO:colcon.colcon_core.shell:Creating package script '/home/ugv-c7/CodeWorkspace/UGV-Robot/ros2_humble_colcon_ws/install/rviz_marker_tools/share/rviz_marker_tools/package.sh'
[48.836s] INFO:colcon.colcon_core.shell:Creating package script '/home/ugv-c7/CodeWorkspace/UGV-Robot/ros2_humble_colcon_ws/install/rviz_marker_tools/share/rviz_marker_tools/package.bash'
[48.838s] INFO:colcon.colcon_core.shell:Creating package script '/home/ugv-c7/CodeWorkspace/UGV-Robot/ros2_humble_colcon_ws/install/rviz_marker_tools/share/rviz_marker_tools/package.zsh'
[48.839s] Level 1:colcon.colcon_core.environment:create_file_with_runtime_dependencies(/home/ugv-c7/CodeWorkspace/UGV-Robot/ros2_humble_colcon_ws/install/rviz_marker_tools/share/colcon-core/packages/rviz_marker_tools)
[48.841s] Level 1:colcon.colcon_core.environment:create_environment_scripts_only(rviz_marker_tools)
[48.842s] Level 1:colcon.colcon_core.environment:checking '/home/ugv-c7/CodeWorkspace/UGV-Robot/ros2_humble_colcon_ws/install/rviz_marker_tools' for CMake module files
[48.843s] Level 1:colcon.colcon_core.environment:checking '/home/ugv-c7/CodeWorkspace/UGV-Robot/ros2_humble_colcon_ws/install/rviz_marker_tools' for CMake config files
[48.845s] Level 1:colcon.colcon_core.shell:create_environment_hook('rviz_marker_tools', 'cmake_prefix_path')
[48.845s] INFO:colcon.colcon_core.shell:Creating environment hook '/home/ugv-c7/CodeWorkspace/UGV-Robot/ros2_humble_colcon_ws/install/rviz_marker_tools/share/rviz_marker_tools/hook/cmake_prefix_path.ps1'
[48.847s] INFO:colcon.colcon_core.shell:Creating environment descriptor '/home/ugv-c7/CodeWorkspace/UGV-Robot/ros2_humble_colcon_ws/install/rviz_marker_tools/share/rviz_marker_tools/hook/cmake_prefix_path.dsv'
[48.849s] INFO:colcon.colcon_core.shell:Creating environment hook '/home/ugv-c7/CodeWorkspace/UGV-Robot/ros2_humble_colcon_ws/install/rviz_marker_tools/share/rviz_marker_tools/hook/cmake_prefix_path.sh'
[48.851s] Level 1:colcon.colcon_core.environment:checking '/home/ugv-c7/CodeWorkspace/UGV-Robot/ros2_humble_colcon_ws/install/rviz_marker_tools/lib'
[48.851s] Level 1:colcon.colcon_core.shell:create_environment_hook('rviz_marker_tools', 'ld_library_path_lib')
[48.852s] INFO:colcon.colcon_core.shell:Creating environment hook '/home/ugv-c7/CodeWorkspace/UGV-Robot/ros2_humble_colcon_ws/install/rviz_marker_tools/share/rviz_marker_tools/hook/ld_library_path_lib.ps1'
[48.853s] INFO:colcon.colcon_core.shell:Creating environment descriptor '/home/ugv-c7/CodeWorkspace/UGV-Robot/ros2_humble_colcon_ws/install/rviz_marker_tools/share/rviz_marker_tools/hook/ld_library_path_lib.dsv'
[48.854s] INFO:colcon.colcon_core.shell:Creating environment hook '/home/ugv-c7/CodeWorkspace/UGV-Robot/ros2_humble_colcon_ws/install/rviz_marker_tools/share/rviz_marker_tools/hook/ld_library_path_lib.sh'
[48.856s] Level 1:colcon.colcon_core.environment:checking '/home/ugv-c7/CodeWorkspace/UGV-Robot/ros2_humble_colcon_ws/install/rviz_marker_tools/bin'
[48.856s] Level 1:colcon.colcon_core.environment:checking '/home/ugv-c7/CodeWorkspace/UGV-Robot/ros2_humble_colcon_ws/install/rviz_marker_tools/lib/pkgconfig/rviz_marker_tools.pc'
[48.857s] Level 1:colcon.colcon_core.environment:checking '/home/ugv-c7/CodeWorkspace/UGV-Robot/ros2_humble_colcon_ws/install/rviz_marker_tools/lib/python3.10/site-packages'
[48.857s] Level 1:colcon.colcon_core.environment:checking '/home/ugv-c7/CodeWorkspace/UGV-Robot/ros2_humble_colcon_ws/install/rviz_marker_tools/bin'
[48.858s] INFO:colcon.colcon_core.shell:Creating package script '/home/ugv-c7/CodeWorkspace/UGV-Robot/ros2_humble_colcon_ws/install/rviz_marker_tools/share/rviz_marker_tools/package.ps1'
[48.860s] INFO:colcon.colcon_core.shell:Creating package descriptor '/home/ugv-c7/CodeWorkspace/UGV-Robot/ros2_humble_colcon_ws/install/rviz_marker_tools/share/rviz_marker_tools/package.dsv'
[48.862s] INFO:colcon.colcon_core.shell:Creating package script '/home/ugv-c7/CodeWorkspace/UGV-Robot/ros2_humble_colcon_ws/install/rviz_marker_tools/share/rviz_marker_tools/package.sh'
[48.865s] INFO:colcon.colcon_core.shell:Creating package script '/home/ugv-c7/CodeWorkspace/UGV-Robot/ros2_humble_colcon_ws/install/rviz_marker_tools/share/rviz_marker_tools/package.bash'
[48.867s] INFO:colcon.colcon_core.shell:Creating package script '/home/ugv-c7/CodeWorkspace/UGV-Robot/ros2_humble_colcon_ws/install/rviz_marker_tools/share/rviz_marker_tools/package.zsh'
[48.869s] Level 1:colcon.colcon_core.environment:create_file_with_runtime_dependencies(/home/ugv-c7/CodeWorkspace/UGV-Robot/ros2_humble_colcon_ws/install/rviz_marker_tools/share/colcon-core/packages/rviz_marker_tools)
[51.119s] DEBUG:colcon.colcon_core.event_handler.log_command:Invoked command in '/home/ugv-c7/CodeWorkspace/UGV-Robot/ros2_humble_colcon_ws/build/moveit_core' returned '0': AMENT_PREFIX_PATH=/home/ugv-c7/CodeWorkspace/UGV-Robot/ros2_humble_colcon_ws/install/moveit_resources_panda_moveit_config:/home/ugv-c7/CodeWorkspace/UGV-Robot/ros2_humble_colcon_ws/install/srdfdom:/home/ugv-c7/CodeWorkspace/UGV-Robot/ros2_humble_colcon_ws/install/moveit_resources_pr2_description:/home/ugv-c7/CodeWorkspace/UGV-Robot/ros2_humble_colcon_ws/install/moveit_resources_panda_description:/home/ugv-c7/CodeWorkspace/UGV-Robot/ros2_humble_colcon_ws/install/moveit_common:${AMENT_PREFIX_PATH} CMAKE_PREFIX_PATH=/home/ugv-c7/CodeWorkspace/UGV-Robot/ros2_humble_colcon_ws/install/moveit_resources_panda_moveit_config:/home/ugv-c7/CodeWorkspace/UGV-Robot/ros2_humble_colcon_ws/install/srdfdom:/home/ugv-c7/CodeWorkspace/UGV-Robot/ros2_humble_colcon_ws/install/moveit_resources_pr2_description:/home/ugv-c7/CodeWorkspace/UGV-Robot/ros2_humble_colcon_ws/install/moveit_resources_panda_description:/home/ugv-c7/CodeWorkspace/UGV-Robot/ros2_humble_colcon_ws/install/moveit_common:/home/ugv-c7/CodeWorkspace/UGV-Robot/ros2_humble_colcon_ws/install/app_bringup:/home/ugv-c7/CodeWorkspace/UGV-Robot/ros2_humble_colcon_ws/install/py_pub_sub:/opt/ros/humble LD_LIBRARY_PATH=/home/ugv-c7/CodeWorkspace/UGV-Robot/ros2_humble_colcon_ws/install/srdfdom/lib:${LD_LIBRARY_PATH} PYTHONPATH=/home/ugv-c7/CodeWorkspace/UGV-Robot/ros2_humble_colcon_ws/install/srdfdom/local/lib/python3.10/dist-packages:${PYTHONPATH} /usr/bin/cmake /home/ugv-c7/CodeWorkspace/UGV-Robot/ros2_humble_colcon_ws/src/moveit2/moveit_core -DCMAKE_INSTALL_PREFIX=/home/ugv-c7/CodeWorkspace/UGV-Robot/ros2_humble_colcon_ws/install/moveit_core
[51.125s] DEBUG:colcon.colcon_core.event_handler.log_command:Invoking command in '/home/ugv-c7/CodeWorkspace/UGV-Robot/ros2_humble_colcon_ws/build/moveit_core': AMENT_PREFIX_PATH=/home/ugv-c7/CodeWorkspace/UGV-Robot/ros2_humble_colcon_ws/install/moveit_resources_panda_moveit_config:/home/ugv-c7/CodeWorkspace/UGV-Robot/ros2_humble_colcon_ws/install/srdfdom:/home/ugv-c7/CodeWorkspace/UGV-Robot/ros2_humble_colcon_ws/install/moveit_resources_pr2_description:/home/ugv-c7/CodeWorkspace/UGV-Robot/ros2_humble_colcon_ws/install/moveit_resources_panda_description:/home/ugv-c7/CodeWorkspace/UGV-Robot/ros2_humble_colcon_ws/install/moveit_common:${AMENT_PREFIX_PATH} CMAKE_PREFIX_PATH=/home/ugv-c7/CodeWorkspace/UGV-Robot/ros2_humble_colcon_ws/install/moveit_resources_panda_moveit_config:/home/ugv-c7/CodeWorkspace/UGV-Robot/ros2_humble_colcon_ws/install/srdfdom:/home/ugv-c7/CodeWorkspace/UGV-Robot/ros2_humble_colcon_ws/install/moveit_resources_pr2_description:/home/ugv-c7/CodeWorkspace/UGV-Robot/ros2_humble_colcon_ws/install/moveit_resources_panda_description:/home/ugv-c7/CodeWorkspace/UGV-Robot/ros2_humble_colcon_ws/install/moveit_common:/home/ugv-c7/CodeWorkspace/UGV-Robot/ros2_humble_colcon_ws/install/app_bringup:/home/ugv-c7/CodeWorkspace/UGV-Robot/ros2_humble_colcon_ws/install/py_pub_sub:/opt/ros/humble LD_LIBRARY_PATH=/home/ugv-c7/CodeWorkspace/UGV-Robot/ros2_humble_colcon_ws/install/srdfdom/lib:${LD_LIBRARY_PATH} PYTHONPATH=/home/ugv-c7/CodeWorkspace/UGV-Robot/ros2_humble_colcon_ws/install/srdfdom/local/lib/python3.10/dist-packages:${PYTHONPATH} /usr/bin/cmake --build /home/ugv-c7/CodeWorkspace/UGV-Robot/ros2_humble_colcon_ws/build/moveit_core -- -j6 -l6
[70.808s] DEBUG:colcon.colcon_core.event_handler.log_command:Invoked command in '/home/ugv-c7/CodeWorkspace/UGV-Robot/ros2_humble_colcon_ws/build/moveit_task_constructor_msgs' returned '0': CMAKE_PREFIX_PATH=${CMAKE_PREFIX_PATH}:/home/ugv-c7/CodeWorkspace/UGV-Robot/ros2_humble_colcon_ws/install/py_pub_sub:/opt/ros/humble /usr/bin/cmake --build /home/ugv-c7/CodeWorkspace/UGV-Robot/ros2_humble_colcon_ws/build/moveit_task_constructor_msgs -- -j6 -l6
[70.810s] DEBUG:colcon.colcon_core.event_handler.log_command:Invoking command in '/home/ugv-c7/CodeWorkspace/UGV-Robot/ros2_humble_colcon_ws/build/moveit_task_constructor_msgs': CMAKE_PREFIX_PATH=${CMAKE_PREFIX_PATH}:/home/ugv-c7/CodeWorkspace/UGV-Robot/ros2_humble_colcon_ws/install/py_pub_sub:/opt/ros/humble /usr/bin/cmake --install /home/ugv-c7/CodeWorkspace/UGV-Robot/ros2_humble_colcon_ws/build/moveit_task_constructor_msgs
[71.315s] Level 1:colcon.colcon_core.environment:create_environment_scripts_only(moveit_task_constructor_msgs)
[71.316s] Level 1:colcon.colcon_core.environment:checking '/home/ugv-c7/CodeWorkspace/UGV-Robot/ros2_humble_colcon_ws/install/moveit_task_constructor_msgs' for CMake module files
[71.318s] Level 1:colcon.colcon_core.environment:checking '/home/ugv-c7/CodeWorkspace/UGV-Robot/ros2_humble_colcon_ws/install/moveit_task_constructor_msgs' for CMake config files
[71.319s] Level 1:colcon.colcon_core.shell:create_environment_hook('moveit_task_constructor_msgs', 'cmake_prefix_path')
[71.320s] INFO:colcon.colcon_core.shell:Creating environment hook '/home/ugv-c7/CodeWorkspace/UGV-Robot/ros2_humble_colcon_ws/install/moveit_task_constructor_msgs/share/moveit_task_constructor_msgs/hook/cmake_prefix_path.ps1'
[71.322s] DEBUG:colcon.colcon_core.event_handler.log_command:Invoked command in '/home/ugv-c7/CodeWorkspace/UGV-Robot/ros2_humble_colcon_ws/build/moveit_task_constructor_msgs' returned '0': CMAKE_PREFIX_PATH=${CMAKE_PREFIX_PATH}:/home/ugv-c7/CodeWorkspace/UGV-Robot/ros2_humble_colcon_ws/install/py_pub_sub:/opt/ros/humble /usr/bin/cmake --install /home/ugv-c7/CodeWorkspace/UGV-Robot/ros2_humble_colcon_ws/build/moveit_task_constructor_msgs
[71.324s] INFO:colcon.colcon_core.shell:Creating environment descriptor '/home/ugv-c7/CodeWorkspace/UGV-Robot/ros2_humble_colcon_ws/install/moveit_task_constructor_msgs/share/moveit_task_constructor_msgs/hook/cmake_prefix_path.dsv'
[71.325s] INFO:colcon.colcon_core.shell:Creating environment hook '/home/ugv-c7/CodeWorkspace/UGV-Robot/ros2_humble_colcon_ws/install/moveit_task_constructor_msgs/share/moveit_task_constructor_msgs/hook/cmake_prefix_path.sh'
[71.327s] Level 1:colcon.colcon_core.environment:checking '/home/ugv-c7/CodeWorkspace/UGV-Robot/ros2_humble_colcon_ws/install/moveit_task_constructor_msgs/lib'
[71.327s] Level 1:colcon.colcon_core.shell:create_environment_hook('moveit_task_constructor_msgs', 'ld_library_path_lib')
[71.328s] INFO:colcon.colcon_core.shell:Creating environment hook '/home/ugv-c7/CodeWorkspace/UGV-Robot/ros2_humble_colcon_ws/install/moveit_task_constructor_msgs/share/moveit_task_constructor_msgs/hook/ld_library_path_lib.ps1'
[71.330s] INFO:colcon.colcon_core.shell:Creating environment descriptor '/home/ugv-c7/CodeWorkspace/UGV-Robot/ros2_humble_colcon_ws/install/moveit_task_constructor_msgs/share/moveit_task_constructor_msgs/hook/ld_library_path_lib.dsv'
[71.331s] INFO:colcon.colcon_core.shell:Creating environment hook '/home/ugv-c7/CodeWorkspace/UGV-Robot/ros2_humble_colcon_ws/install/moveit_task_constructor_msgs/share/moveit_task_constructor_msgs/hook/ld_library_path_lib.sh'
[71.331s] Level 1:colcon.colcon_core.environment:checking '/home/ugv-c7/CodeWorkspace/UGV-Robot/ros2_humble_colcon_ws/install/moveit_task_constructor_msgs/bin'
[71.332s] Level 1:colcon.colcon_core.environment:checking '/home/ugv-c7/CodeWorkspace/UGV-Robot/ros2_humble_colcon_ws/install/moveit_task_constructor_msgs/lib/pkgconfig/moveit_task_constructor_msgs.pc'
[71.332s] Level 1:colcon.colcon_core.environment:checking '/home/ugv-c7/CodeWorkspace/UGV-Robot/ros2_humble_colcon_ws/install/moveit_task_constructor_msgs/lib/python3.10/site-packages'
[71.333s] Level 1:colcon.colcon_core.environment:checking '/home/ugv-c7/CodeWorkspace/UGV-Robot/ros2_humble_colcon_ws/install/moveit_task_constructor_msgs/bin'
[71.334s] INFO:colcon.colcon_core.shell:Creating package script '/home/ugv-c7/CodeWorkspace/UGV-Robot/ros2_humble_colcon_ws/install/moveit_task_constructor_msgs/share/moveit_task_constructor_msgs/package.ps1'
[71.336s] INFO:colcon.colcon_core.shell:Creating package descriptor '/home/ugv-c7/CodeWorkspace/UGV-Robot/ros2_humble_colcon_ws/install/moveit_task_constructor_msgs/share/moveit_task_constructor_msgs/package.dsv'
[71.337s] INFO:colcon.colcon_core.shell:Creating package script '/home/ugv-c7/CodeWorkspace/UGV-Robot/ros2_humble_colcon_ws/install/moveit_task_constructor_msgs/share/moveit_task_constructor_msgs/package.sh'
[71.339s] INFO:colcon.colcon_core.shell:Creating package script '/home/ugv-c7/CodeWorkspace/UGV-Robot/ros2_humble_colcon_ws/install/moveit_task_constructor_msgs/share/moveit_task_constructor_msgs/package.bash'
[71.340s] INFO:colcon.colcon_core.shell:Creating package script '/home/ugv-c7/CodeWorkspace/UGV-Robot/ros2_humble_colcon_ws/install/moveit_task_constructor_msgs/share/moveit_task_constructor_msgs/package.zsh'
[71.341s] Level 1:colcon.colcon_core.environment:create_file_with_runtime_dependencies(/home/ugv-c7/CodeWorkspace/UGV-Robot/ros2_humble_colcon_ws/install/moveit_task_constructor_msgs/share/colcon-core/packages/moveit_task_constructor_msgs)
[71.343s] Level 1:colcon.colcon_core.environment:create_environment_scripts_only(moveit_task_constructor_msgs)
[71.344s] Level 1:colcon.colcon_core.environment:checking '/home/ugv-c7/CodeWorkspace/UGV-Robot/ros2_humble_colcon_ws/install/moveit_task_constructor_msgs' for CMake module files
[71.345s] Level 1:colcon.colcon_core.environment:checking '/home/ugv-c7/CodeWorkspace/UGV-Robot/ros2_humble_colcon_ws/install/moveit_task_constructor_msgs' for CMake config files
[71.346s] Level 1:colcon.colcon_core.shell:create_environment_hook('moveit_task_constructor_msgs', 'cmake_prefix_path')
[71.347s] INFO:colcon.colcon_core.shell:Creating environment hook '/home/ugv-c7/CodeWorkspace/UGV-Robot/ros2_humble_colcon_ws/install/moveit_task_constructor_msgs/share/moveit_task_constructor_msgs/hook/cmake_prefix_path.ps1'
[71.349s] INFO:colcon.colcon_core.shell:Creating environment descriptor '/home/ugv-c7/CodeWorkspace/UGV-Robot/ros2_humble_colcon_ws/install/moveit_task_constructor_msgs/share/moveit_task_constructor_msgs/hook/cmake_prefix_path.dsv'
[71.350s] INFO:colcon.colcon_core.shell:Creating environment hook '/home/ugv-c7/CodeWorkspace/UGV-Robot/ros2_humble_colcon_ws/install/moveit_task_constructor_msgs/share/moveit_task_constructor_msgs/hook/cmake_prefix_path.sh'
[71.352s] Level 1:colcon.colcon_core.environment:checking '/home/ugv-c7/CodeWorkspace/UGV-Robot/ros2_humble_colcon_ws/install/moveit_task_constructor_msgs/lib'
[71.352s] Level 1:colcon.colcon_core.shell:create_environment_hook('moveit_task_constructor_msgs', 'ld_library_path_lib')
[71.353s] INFO:colcon.colcon_core.shell:Creating environment hook '/home/ugv-c7/CodeWorkspace/UGV-Robot/ros2_humble_colcon_ws/install/moveit_task_constructor_msgs/share/moveit_task_constructor_msgs/hook/ld_library_path_lib.ps1'
[71.354s] INFO:colcon.colcon_core.shell:Creating environment descriptor '/home/ugv-c7/CodeWorkspace/UGV-Robot/ros2_humble_colcon_ws/install/moveit_task_constructor_msgs/share/moveit_task_constructor_msgs/hook/ld_library_path_lib.dsv'
[71.355s] INFO:colcon.colcon_core.shell:Creating environment hook '/home/ugv-c7/CodeWorkspace/UGV-Robot/ros2_humble_colcon_ws/install/moveit_task_constructor_msgs/share/moveit_task_constructor_msgs/hook/ld_library_path_lib.sh'
[71.357s] Level 1:colcon.colcon_core.environment:checking '/home/ugv-c7/CodeWorkspace/UGV-Robot/ros2_humble_colcon_ws/install/moveit_task_constructor_msgs/bin'
[71.357s] Level 1:colcon.colcon_core.environment:checking '/home/ugv-c7/CodeWorkspace/UGV-Robot/ros2_humble_colcon_ws/install/moveit_task_constructor_msgs/lib/pkgconfig/moveit_task_constructor_msgs.pc'
[71.358s] Level 1:colcon.colcon_core.environment:checking '/home/ugv-c7/CodeWorkspace/UGV-Robot/ros2_humble_colcon_ws/install/moveit_task_constructor_msgs/lib/python3.10/site-packages'
[71.358s] Level 1:colcon.colcon_core.environment:checking '/home/ugv-c7/CodeWorkspace/UGV-Robot/ros2_humble_colcon_ws/install/moveit_task_constructor_msgs/bin'
[71.359s] INFO:colcon.colcon_core.shell:Creating package script '/home/ugv-c7/CodeWorkspace/UGV-Robot/ros2_humble_colcon_ws/install/moveit_task_constructor_msgs/share/moveit_task_constructor_msgs/package.ps1'
[71.361s] INFO:colcon.colcon_core.shell:Creating package descriptor '/home/ugv-c7/CodeWorkspace/UGV-Robot/ros2_humble_colcon_ws/install/moveit_task_constructor_msgs/share/moveit_task_constructor_msgs/package.dsv'
[71.363s] INFO:colcon.colcon_core.shell:Creating package script '/home/ugv-c7/CodeWorkspace/UGV-Robot/ros2_humble_colcon_ws/install/moveit_task_constructor_msgs/share/moveit_task_constructor_msgs/package.sh'
[71.364s] INFO:colcon.colcon_core.shell:Creating package script '/home/ugv-c7/CodeWorkspace/UGV-Robot/ros2_humble_colcon_ws/install/moveit_task_constructor_msgs/share/moveit_task_constructor_msgs/package.bash'
[71.365s] INFO:colcon.colcon_core.shell:Creating package script '/home/ugv-c7/CodeWorkspace/UGV-Robot/ros2_humble_colcon_ws/install/moveit_task_constructor_msgs/share/moveit_task_constructor_msgs/package.zsh'
[71.367s] Level 1:colcon.colcon_core.environment:create_file_with_runtime_dependencies(/home/ugv-c7/CodeWorkspace/UGV-Robot/ros2_humble_colcon_ws/install/moveit_task_constructor_msgs/share/colcon-core/packages/moveit_task_constructor_msgs)
[74.226s] DEBUG:colcon.colcon_core.event_handler.log_command:Invoked command in '/home/ugv-c7/CodeWorkspace/UGV-Robot/ros2_humble_colcon_ws/build/rosparam_shortcuts' returned '0': CMAKE_PREFIX_PATH=${CMAKE_PREFIX_PATH}:/home/ugv-c7/CodeWorkspace/UGV-Robot/ros2_humble_colcon_ws/install/py_pub_sub:/opt/ros/humble /usr/bin/cmake --build /home/ugv-c7/CodeWorkspace/UGV-Robot/ros2_humble_colcon_ws/build/rosparam_shortcuts -- -j6 -l6
[74.232s] DEBUG:colcon.colcon_core.event_handler.log_command:Invoking command in '/home/ugv-c7/CodeWorkspace/UGV-Robot/ros2_humble_colcon_ws/build/rosparam_shortcuts': CMAKE_PREFIX_PATH=${CMAKE_PREFIX_PATH}:/home/ugv-c7/CodeWorkspace/UGV-Robot/ros2_humble_colcon_ws/install/py_pub_sub:/opt/ros/humble /usr/bin/cmake --install /home/ugv-c7/CodeWorkspace/UGV-Robot/ros2_humble_colcon_ws/build/rosparam_shortcuts
[74.281s] Level 1:colcon.colcon_core.environment:create_environment_scripts_only(rosparam_shortcuts)
[74.282s] Level 1:colcon.colcon_core.environment:checking '/home/ugv-c7/CodeWorkspace/UGV-Robot/ros2_humble_colcon_ws/install/rosparam_shortcuts' for CMake module files
[74.284s] Level 1:colcon.colcon_core.environment:checking '/home/ugv-c7/CodeWorkspace/UGV-Robot/ros2_humble_colcon_ws/install/rosparam_shortcuts' for CMake config files
[74.284s] Level 1:colcon.colcon_core.shell:create_environment_hook('rosparam_shortcuts', 'cmake_prefix_path')
[74.285s] INFO:colcon.colcon_core.shell:Creating environment hook '/home/ugv-c7/CodeWorkspace/UGV-Robot/ros2_humble_colcon_ws/install/rosparam_shortcuts/share/rosparam_shortcuts/hook/cmake_prefix_path.ps1'
[74.287s] INFO:colcon.colcon_core.shell:Creating environment descriptor '/home/ugv-c7/CodeWorkspace/UGV-Robot/ros2_humble_colcon_ws/install/rosparam_shortcuts/share/rosparam_shortcuts/hook/cmake_prefix_path.dsv'
[74.288s] INFO:colcon.colcon_core.shell:Creating environment hook '/home/ugv-c7/CodeWorkspace/UGV-Robot/ros2_humble_colcon_ws/install/rosparam_shortcuts/share/rosparam_shortcuts/hook/cmake_prefix_path.sh'
[74.290s] Level 1:colcon.colcon_core.environment:checking '/home/ugv-c7/CodeWorkspace/UGV-Robot/ros2_humble_colcon_ws/install/rosparam_shortcuts/lib'
[74.290s] Level 1:colcon.colcon_core.shell:create_environment_hook('rosparam_shortcuts', 'ld_library_path_lib')
[74.291s] INFO:colcon.colcon_core.shell:Creating environment hook '/home/ugv-c7/CodeWorkspace/UGV-Robot/ros2_humble_colcon_ws/install/rosparam_shortcuts/share/rosparam_shortcuts/hook/ld_library_path_lib.ps1'
[74.292s] INFO:colcon.colcon_core.shell:Creating environment descriptor '/home/ugv-c7/CodeWorkspace/UGV-Robot/ros2_humble_colcon_ws/install/rosparam_shortcuts/share/rosparam_shortcuts/hook/ld_library_path_lib.dsv'
[74.293s] INFO:colcon.colcon_core.shell:Creating environment hook '/home/ugv-c7/CodeWorkspace/UGV-Robot/ros2_humble_colcon_ws/install/rosparam_shortcuts/share/rosparam_shortcuts/hook/ld_library_path_lib.sh'
[74.294s] Level 1:colcon.colcon_core.environment:checking '/home/ugv-c7/CodeWorkspace/UGV-Robot/ros2_humble_colcon_ws/install/rosparam_shortcuts/bin'
[74.294s] Level 1:colcon.colcon_core.environment:checking '/home/ugv-c7/CodeWorkspace/UGV-Robot/ros2_humble_colcon_ws/install/rosparam_shortcuts/lib/pkgconfig/rosparam_shortcuts.pc'
[74.295s] Level 1:colcon.colcon_core.environment:checking '/home/ugv-c7/CodeWorkspace/UGV-Robot/ros2_humble_colcon_ws/install/rosparam_shortcuts/lib/python3.10/site-packages'
[74.296s] Level 1:colcon.colcon_core.environment:checking '/home/ugv-c7/CodeWorkspace/UGV-Robot/ros2_humble_colcon_ws/install/rosparam_shortcuts/bin'
[74.297s] INFO:colcon.colcon_core.shell:Creating package script '/home/ugv-c7/CodeWorkspace/UGV-Robot/ros2_humble_colcon_ws/install/rosparam_shortcuts/share/rosparam_shortcuts/package.ps1'
[74.298s] DEBUG:colcon.colcon_core.event_handler.log_command:Invoked command in '/home/ugv-c7/CodeWorkspace/UGV-Robot/ros2_humble_colcon_ws/build/rosparam_shortcuts' returned '0': CMAKE_PREFIX_PATH=${CMAKE_PREFIX_PATH}:/home/ugv-c7/CodeWorkspace/UGV-Robot/ros2_humble_colcon_ws/install/py_pub_sub:/opt/ros/humble /usr/bin/cmake --install /home/ugv-c7/CodeWorkspace/UGV-Robot/ros2_humble_colcon_ws/build/rosparam_shortcuts
[74.300s] INFO:colcon.colcon_core.shell:Creating package descriptor '/home/ugv-c7/CodeWorkspace/UGV-Robot/ros2_humble_colcon_ws/install/rosparam_shortcuts/share/rosparam_shortcuts/package.dsv'
[74.301s] INFO:colcon.colcon_core.shell:Creating package script '/home/ugv-c7/CodeWorkspace/UGV-Robot/ros2_humble_colcon_ws/install/rosparam_shortcuts/share/rosparam_shortcuts/package.sh'
[74.302s] INFO:colcon.colcon_core.shell:Creating package script '/home/ugv-c7/CodeWorkspace/UGV-Robot/ros2_humble_colcon_ws/install/rosparam_shortcuts/share/rosparam_shortcuts/package.bash'
[74.303s] INFO:colcon.colcon_core.shell:Creating package script '/home/ugv-c7/CodeWorkspace/UGV-Robot/ros2_humble_colcon_ws/install/rosparam_shortcuts/share/rosparam_shortcuts/package.zsh'
[74.305s] Level 1:colcon.colcon_core.environment:create_file_with_runtime_dependencies(/home/ugv-c7/CodeWorkspace/UGV-Robot/ros2_humble_colcon_ws/install/rosparam_shortcuts/share/colcon-core/packages/rosparam_shortcuts)
[74.307s] Level 1:colcon.colcon_core.environment:create_environment_scripts_only(rosparam_shortcuts)
[74.307s] Level 1:colcon.colcon_core.environment:checking '/home/ugv-c7/CodeWorkspace/UGV-Robot/ros2_humble_colcon_ws/install/rosparam_shortcuts' for CMake module files
[74.309s] Level 1:colcon.colcon_core.environment:checking '/home/ugv-c7/CodeWorkspace/UGV-Robot/ros2_humble_colcon_ws/install/rosparam_shortcuts' for CMake config files
[74.310s] Level 1:colcon.colcon_core.shell:create_environment_hook('rosparam_shortcuts', 'cmake_prefix_path')
[74.310s] INFO:colcon.colcon_core.shell:Creating environment hook '/home/ugv-c7/CodeWorkspace/UGV-Robot/ros2_humble_colcon_ws/install/rosparam_shortcuts/share/rosparam_shortcuts/hook/cmake_prefix_path.ps1'
[74.312s] INFO:colcon.colcon_core.shell:Creating environment descriptor '/home/ugv-c7/CodeWorkspace/UGV-Robot/ros2_humble_colcon_ws/install/rosparam_shortcuts/share/rosparam_shortcuts/hook/cmake_prefix_path.dsv'
[74.313s] INFO:colcon.colcon_core.shell:Creating environment hook '/home/ugv-c7/CodeWorkspace/UGV-Robot/ros2_humble_colcon_ws/install/rosparam_shortcuts/share/rosparam_shortcuts/hook/cmake_prefix_path.sh'
[74.315s] Level 1:colcon.colcon_core.environment:checking '/home/ugv-c7/CodeWorkspace/UGV-Robot/ros2_humble_colcon_ws/install/rosparam_shortcuts/lib'
[74.315s] Level 1:colcon.colcon_core.shell:create_environment_hook('rosparam_shortcuts', 'ld_library_path_lib')
[74.316s] INFO:colcon.colcon_core.shell:Creating environment hook '/home/ugv-c7/CodeWorkspace/UGV-Robot/ros2_humble_colcon_ws/install/rosparam_shortcuts/share/rosparam_shortcuts/hook/ld_library_path_lib.ps1'
[74.317s] INFO:colcon.colcon_core.shell:Creating environment descriptor '/home/ugv-c7/CodeWorkspace/UGV-Robot/ros2_humble_colcon_ws/install/rosparam_shortcuts/share/rosparam_shortcuts/hook/ld_library_path_lib.dsv'
[74.318s] INFO:colcon.colcon_core.shell:Creating environment hook '/home/ugv-c7/CodeWorkspace/UGV-Robot/ros2_humble_colcon_ws/install/rosparam_shortcuts/share/rosparam_shortcuts/hook/ld_library_path_lib.sh'
[74.320s] Level 1:colcon.colcon_core.environment:checking '/home/ugv-c7/CodeWorkspace/UGV-Robot/ros2_humble_colcon_ws/install/rosparam_shortcuts/bin'
[74.320s] Level 1:colcon.colcon_core.environment:checking '/home/ugv-c7/CodeWorkspace/UGV-Robot/ros2_humble_colcon_ws/install/rosparam_shortcuts/lib/pkgconfig/rosparam_shortcuts.pc'
[74.320s] Level 1:colcon.colcon_core.environment:checking '/home/ugv-c7/CodeWorkspace/UGV-Robot/ros2_humble_colcon_ws/install/rosparam_shortcuts/lib/python3.10/site-packages'
[74.321s] Level 1:colcon.colcon_core.environment:checking '/home/ugv-c7/CodeWorkspace/UGV-Robot/ros2_humble_colcon_ws/install/rosparam_shortcuts/bin'
[74.322s] INFO:colcon.colcon_core.shell:Creating package script '/home/ugv-c7/CodeWorkspace/UGV-Robot/ros2_humble_colcon_ws/install/rosparam_shortcuts/share/rosparam_shortcuts/package.ps1'
[74.324s] INFO:colcon.colcon_core.shell:Creating package descriptor '/home/ugv-c7/CodeWorkspace/UGV-Robot/ros2_humble_colcon_ws/install/rosparam_shortcuts/share/rosparam_shortcuts/package.dsv'
[74.326s] INFO:colcon.colcon_core.shell:Creating package script '/home/ugv-c7/CodeWorkspace/UGV-Robot/ros2_humble_colcon_ws/install/rosparam_shortcuts/share/rosparam_shortcuts/package.sh'
[74.327s] INFO:colcon.colcon_core.shell:Creating package script '/home/ugv-c7/CodeWorkspace/UGV-Robot/ros2_humble_colcon_ws/install/rosparam_shortcuts/share/rosparam_shortcuts/package.bash'
[74.328s] INFO:colcon.colcon_core.shell:Creating package script '/home/ugv-c7/CodeWorkspace/UGV-Robot/ros2_humble_colcon_ws/install/rosparam_shortcuts/share/rosparam_shortcuts/package.zsh'
[74.329s] Level 1:colcon.colcon_core.environment:create_file_with_runtime_dependencies(/home/ugv-c7/CodeWorkspace/UGV-Robot/ros2_humble_colcon_ws/install/rosparam_shortcuts/share/colcon-core/packages/rosparam_shortcuts)
[681.919s] DEBUG:colcon.colcon_core.event_handler.log_command:Invoked command in '/home/ugv-c7/CodeWorkspace/UGV-Robot/ros2_humble_colcon_ws/build/moveit_core' returned '0': AMENT_PREFIX_PATH=/home/ugv-c7/CodeWorkspace/UGV-Robot/ros2_humble_colcon_ws/install/moveit_resources_panda_moveit_config:/home/ugv-c7/CodeWorkspace/UGV-Robot/ros2_humble_colcon_ws/install/srdfdom:/home/ugv-c7/CodeWorkspace/UGV-Robot/ros2_humble_colcon_ws/install/moveit_resources_pr2_description:/home/ugv-c7/CodeWorkspace/UGV-Robot/ros2_humble_colcon_ws/install/moveit_resources_panda_description:/home/ugv-c7/CodeWorkspace/UGV-Robot/ros2_humble_colcon_ws/install/moveit_common:${AMENT_PREFIX_PATH} CMAKE_PREFIX_PATH=/home/ugv-c7/CodeWorkspace/UGV-Robot/ros2_humble_colcon_ws/install/moveit_resources_panda_moveit_config:/home/ugv-c7/CodeWorkspace/UGV-Robot/ros2_humble_colcon_ws/install/srdfdom:/home/ugv-c7/CodeWorkspace/UGV-Robot/ros2_humble_colcon_ws/install/moveit_resources_pr2_description:/home/ugv-c7/CodeWorkspace/UGV-Robot/ros2_humble_colcon_ws/install/moveit_resources_panda_description:/home/ugv-c7/CodeWorkspace/UGV-Robot/ros2_humble_colcon_ws/install/moveit_common:/home/ugv-c7/CodeWorkspace/UGV-Robot/ros2_humble_colcon_ws/install/app_bringup:/home/ugv-c7/CodeWorkspace/UGV-Robot/ros2_humble_colcon_ws/install/py_pub_sub:/opt/ros/humble LD_LIBRARY_PATH=/home/ugv-c7/CodeWorkspace/UGV-Robot/ros2_humble_colcon_ws/install/srdfdom/lib:${LD_LIBRARY_PATH} PYTHONPATH=/home/ugv-c7/CodeWorkspace/UGV-Robot/ros2_humble_colcon_ws/install/srdfdom/local/lib/python3.10/dist-packages:${PYTHONPATH} /usr/bin/cmake --build /home/ugv-c7/CodeWorkspace/UGV-Robot/ros2_humble_colcon_ws/build/moveit_core -- -j6 -l6
[681.942s] DEBUG:colcon.colcon_core.event_handler.log_command:Invoking command in '/home/ugv-c7/CodeWorkspace/UGV-Robot/ros2_humble_colcon_ws/build/moveit_core': AMENT_PREFIX_PATH=/home/ugv-c7/CodeWorkspace/UGV-Robot/ros2_humble_colcon_ws/install/moveit_resources_panda_moveit_config:/home/ugv-c7/CodeWorkspace/UGV-Robot/ros2_humble_colcon_ws/install/srdfdom:/home/ugv-c7/CodeWorkspace/UGV-Robot/ros2_humble_colcon_ws/install/moveit_resources_pr2_description:/home/ugv-c7/CodeWorkspace/UGV-Robot/ros2_humble_colcon_ws/install/moveit_resources_panda_description:/home/ugv-c7/CodeWorkspace/UGV-Robot/ros2_humble_colcon_ws/install/moveit_common:${AMENT_PREFIX_PATH} CMAKE_PREFIX_PATH=/home/ugv-c7/CodeWorkspace/UGV-Robot/ros2_humble_colcon_ws/install/moveit_resources_panda_moveit_config:/home/ugv-c7/CodeWorkspace/UGV-Robot/ros2_humble_colcon_ws/install/srdfdom:/home/ugv-c7/CodeWorkspace/UGV-Robot/ros2_humble_colcon_ws/install/moveit_resources_pr2_description:/home/ugv-c7/CodeWorkspace/UGV-Robot/ros2_humble_colcon_ws/install/moveit_resources_panda_description:/home/ugv-c7/CodeWorkspace/UGV-Robot/ros2_humble_colcon_ws/install/moveit_common:/home/ugv-c7/CodeWorkspace/UGV-Robot/ros2_humble_colcon_ws/install/app_bringup:/home/ugv-c7/CodeWorkspace/UGV-Robot/ros2_humble_colcon_ws/install/py_pub_sub:/opt/ros/humble LD_LIBRARY_PATH=/home/ugv-c7/CodeWorkspace/UGV-Robot/ros2_humble_colcon_ws/install/srdfdom/lib:${LD_LIBRARY_PATH} PYTHONPATH=/home/ugv-c7/CodeWorkspace/UGV-Robot/ros2_humble_colcon_ws/install/srdfdom/local/lib/python3.10/dist-packages:${PYTHONPATH} /usr/bin/cmake --install /home/ugv-c7/CodeWorkspace/UGV-Robot/ros2_humble_colcon_ws/build/moveit_core
[682.080s] Level 1:colcon.colcon_core.environment:create_environment_scripts_only(moveit_core)
[682.085s] Level 1:colcon.colcon_core.environment:checking '/home/ugv-c7/CodeWorkspace/UGV-Robot/ros2_humble_colcon_ws/install/moveit_core' for CMake module files
[682.087s] DEBUG:colcon.colcon_core.event_handler.log_command:Invoked command in '/home/ugv-c7/CodeWorkspace/UGV-Robot/ros2_humble_colcon_ws/build/moveit_core' returned '0': AMENT_PREFIX_PATH=/home/ugv-c7/CodeWorkspace/UGV-Robot/ros2_humble_colcon_ws/install/moveit_resources_panda_moveit_config:/home/ugv-c7/CodeWorkspace/UGV-Robot/ros2_humble_colcon_ws/install/srdfdom:/home/ugv-c7/CodeWorkspace/UGV-Robot/ros2_humble_colcon_ws/install/moveit_resources_pr2_description:/home/ugv-c7/CodeWorkspace/UGV-Robot/ros2_humble_colcon_ws/install/moveit_resources_panda_description:/home/ugv-c7/CodeWorkspace/UGV-Robot/ros2_humble_colcon_ws/install/moveit_common:${AMENT_PREFIX_PATH} CMAKE_PREFIX_PATH=/home/ugv-c7/CodeWorkspace/UGV-Robot/ros2_humble_colcon_ws/install/moveit_resources_panda_moveit_config:/home/ugv-c7/CodeWorkspace/UGV-Robot/ros2_humble_colcon_ws/install/srdfdom:/home/ugv-c7/CodeWorkspace/UGV-Robot/ros2_humble_colcon_ws/install/moveit_resources_pr2_description:/home/ugv-c7/CodeWorkspace/UGV-Robot/ros2_humble_colcon_ws/install/moveit_resources_panda_description:/home/ugv-c7/CodeWorkspace/UGV-Robot/ros2_humble_colcon_ws/install/moveit_common:/home/ugv-c7/CodeWorkspace/UGV-Robot/ros2_humble_colcon_ws/install/app_bringup:/home/ugv-c7/CodeWorkspace/UGV-Robot/ros2_humble_colcon_ws/install/py_pub_sub:/opt/ros/humble LD_LIBRARY_PATH=/home/ugv-c7/CodeWorkspace/UGV-Robot/ros2_humble_colcon_ws/install/srdfdom/lib:${LD_LIBRARY_PATH} PYTHONPATH=/home/ugv-c7/CodeWorkspace/UGV-Robot/ros2_humble_colcon_ws/install/srdfdom/local/lib/python3.10/dist-packages:${PYTHONPATH} /usr/bin/cmake --install /home/ugv-c7/CodeWorkspace/UGV-Robot/ros2_humble_colcon_ws/build/moveit_core
[682.089s] Level 1:colcon.colcon_core.environment:checking '/home/ugv-c7/CodeWorkspace/UGV-Robot/ros2_humble_colcon_ws/install/moveit_core' for CMake config files
[682.092s] Level 1:colcon.colcon_core.shell:create_environment_hook('moveit_core', 'cmake_prefix_path')
[682.093s] INFO:colcon.colcon_core.shell:Creating environment hook '/home/ugv-c7/CodeWorkspace/UGV-Robot/ros2_humble_colcon_ws/install/moveit_core/share/moveit_core/hook/cmake_prefix_path.ps1'
[682.103s] INFO:colcon.colcon_core.shell:Creating environment descriptor '/home/ugv-c7/CodeWorkspace/UGV-Robot/ros2_humble_colcon_ws/install/moveit_core/share/moveit_core/hook/cmake_prefix_path.dsv'
[682.106s] INFO:colcon.colcon_core.shell:Creating environment hook '/home/ugv-c7/CodeWorkspace/UGV-Robot/ros2_humble_colcon_ws/install/moveit_core/share/moveit_core/hook/cmake_prefix_path.sh'
[682.111s] Level 1:colcon.colcon_core.environment:checking '/home/ugv-c7/CodeWorkspace/UGV-Robot/ros2_humble_colcon_ws/install/moveit_core/lib'
[682.112s] Level 1:colcon.colcon_core.shell:create_environment_hook('moveit_core', 'ld_library_path_lib')
[682.113s] INFO:colcon.colcon_core.shell:Creating environment hook '/home/ugv-c7/CodeWorkspace/UGV-Robot/ros2_humble_colcon_ws/install/moveit_core/share/moveit_core/hook/ld_library_path_lib.ps1'
[682.115s] INFO:colcon.colcon_core.shell:Creating environment descriptor '/home/ugv-c7/CodeWorkspace/UGV-Robot/ros2_humble_colcon_ws/install/moveit_core/share/moveit_core/hook/ld_library_path_lib.dsv'
[682.116s] INFO:colcon.colcon_core.shell:Creating environment hook '/home/ugv-c7/CodeWorkspace/UGV-Robot/ros2_humble_colcon_ws/install/moveit_core/share/moveit_core/hook/ld_library_path_lib.sh'
[682.118s] Level 1:colcon.colcon_core.environment:checking '/home/ugv-c7/CodeWorkspace/UGV-Robot/ros2_humble_colcon_ws/install/moveit_core/bin'
[682.118s] Level 1:colcon.colcon_core.shell:create_environment_hook('moveit_core', 'path')
[682.120s] INFO:colcon.colcon_core.shell:Creating environment hook '/home/ugv-c7/CodeWorkspace/UGV-Robot/ros2_humble_colcon_ws/install/moveit_core/share/moveit_core/hook/path.ps1'
[682.121s] INFO:colcon.colcon_core.shell:Creating environment descriptor '/home/ugv-c7/CodeWorkspace/UGV-Robot/ros2_humble_colcon_ws/install/moveit_core/share/moveit_core/hook/path.dsv'
[682.122s] INFO:colcon.colcon_core.shell:Creating environment hook '/home/ugv-c7/CodeWorkspace/UGV-Robot/ros2_humble_colcon_ws/install/moveit_core/share/moveit_core/hook/path.sh'
[682.124s] Level 1:colcon.colcon_core.environment:checking '/home/ugv-c7/CodeWorkspace/UGV-Robot/ros2_humble_colcon_ws/install/moveit_core/lib/pkgconfig/moveit_core.pc'
[682.127s] Level 1:colcon.colcon_core.environment:checking '/home/ugv-c7/CodeWorkspace/UGV-Robot/ros2_humble_colcon_ws/install/moveit_core/lib/python3.10/site-packages'
[682.128s] Level 1:colcon.colcon_core.environment:checking '/home/ugv-c7/CodeWorkspace/UGV-Robot/ros2_humble_colcon_ws/install/moveit_core/bin'
[682.128s] Level 1:colcon.colcon_core.shell:create_environment_hook('moveit_core', 'pythonscriptspath')
[682.129s] INFO:colcon.colcon_core.shell:Creating environment hook '/home/ugv-c7/CodeWorkspace/UGV-Robot/ros2_humble_colcon_ws/install/moveit_core/share/moveit_core/hook/pythonscriptspath.ps1'
[682.131s] INFO:colcon.colcon_core.shell:Creating environment descriptor '/home/ugv-c7/CodeWorkspace/UGV-Robot/ros2_humble_colcon_ws/install/moveit_core/share/moveit_core/hook/pythonscriptspath.dsv'
[682.132s] INFO:colcon.colcon_core.shell:Creating environment hook '/home/ugv-c7/CodeWorkspace/UGV-Robot/ros2_humble_colcon_ws/install/moveit_core/share/moveit_core/hook/pythonscriptspath.sh'
[682.136s] INFO:colcon.colcon_core.shell:Creating package script '/home/ugv-c7/CodeWorkspace/UGV-Robot/ros2_humble_colcon_ws/install/moveit_core/share/moveit_core/package.ps1'
[682.139s] INFO:colcon.colcon_core.shell:Creating package descriptor '/home/ugv-c7/CodeWorkspace/UGV-Robot/ros2_humble_colcon_ws/install/moveit_core/share/moveit_core/package.dsv'
[682.142s] INFO:colcon.colcon_core.shell:Creating package script '/home/ugv-c7/CodeWorkspace/UGV-Robot/ros2_humble_colcon_ws/install/moveit_core/share/moveit_core/package.sh'
[682.147s] INFO:colcon.colcon_core.shell:Creating package script '/home/ugv-c7/CodeWorkspace/UGV-Robot/ros2_humble_colcon_ws/install/moveit_core/share/moveit_core/package.bash'
[682.150s] INFO:colcon.colcon_core.shell:Creating package script '/home/ugv-c7/CodeWorkspace/UGV-Robot/ros2_humble_colcon_ws/install/moveit_core/share/moveit_core/package.zsh'
[682.153s] Level 1:colcon.colcon_core.environment:create_file_with_runtime_dependencies(/home/ugv-c7/CodeWorkspace/UGV-Robot/ros2_humble_colcon_ws/install/moveit_core/share/colcon-core/packages/moveit_core)
[682.157s] Level 1:colcon.colcon_core.environment:create_environment_scripts_only(moveit_core)
[682.158s] Level 1:colcon.colcon_core.environment:checking '/home/ugv-c7/CodeWorkspace/UGV-Robot/ros2_humble_colcon_ws/install/moveit_core' for CMake module files
[682.161s] Level 1:colcon.colcon_core.environment:checking '/home/ugv-c7/CodeWorkspace/UGV-Robot/ros2_humble_colcon_ws/install/moveit_core' for CMake config files
[682.163s] Level 1:colcon.colcon_core.shell:create_environment_hook('moveit_core', 'cmake_prefix_path')
[682.163s] INFO:colcon.colcon_core.shell:Creating environment hook '/home/ugv-c7/CodeWorkspace/UGV-Robot/ros2_humble_colcon_ws/install/moveit_core/share/moveit_core/hook/cmake_prefix_path.ps1'
[682.165s] INFO:colcon.colcon_core.shell:Creating environment descriptor '/home/ugv-c7/CodeWorkspace/UGV-Robot/ros2_humble_colcon_ws/install/moveit_core/share/moveit_core/hook/cmake_prefix_path.dsv'
[682.167s] INFO:colcon.colcon_core.shell:Creating environment hook '/home/ugv-c7/CodeWorkspace/UGV-Robot/ros2_humble_colcon_ws/install/moveit_core/share/moveit_core/hook/cmake_prefix_path.sh'
[682.169s] Level 1:colcon.colcon_core.environment:checking '/home/ugv-c7/CodeWorkspace/UGV-Robot/ros2_humble_colcon_ws/install/moveit_core/lib'
[682.169s] Level 1:colcon.colcon_core.shell:create_environment_hook('moveit_core', 'ld_library_path_lib')
[682.170s] INFO:colcon.colcon_core.shell:Creating environment hook '/home/ugv-c7/CodeWorkspace/UGV-Robot/ros2_humble_colcon_ws/install/moveit_core/share/moveit_core/hook/ld_library_path_lib.ps1'
[682.172s] INFO:colcon.colcon_core.shell:Creating environment descriptor '/home/ugv-c7/CodeWorkspace/UGV-Robot/ros2_humble_colcon_ws/install/moveit_core/share/moveit_core/hook/ld_library_path_lib.dsv'
[682.173s] INFO:colcon.colcon_core.shell:Creating environment hook '/home/ugv-c7/CodeWorkspace/UGV-Robot/ros2_humble_colcon_ws/install/moveit_core/share/moveit_core/hook/ld_library_path_lib.sh'
[682.179s] Level 1:colcon.colcon_core.environment:checking '/home/ugv-c7/CodeWorkspace/UGV-Robot/ros2_humble_colcon_ws/install/moveit_core/bin'
[682.179s] Level 1:colcon.colcon_core.shell:create_environment_hook('moveit_core', 'path')
[682.180s] INFO:colcon.colcon_core.shell:Creating environment hook '/home/ugv-c7/CodeWorkspace/UGV-Robot/ros2_humble_colcon_ws/install/moveit_core/share/moveit_core/hook/path.ps1'
[682.181s] INFO:colcon.colcon_core.shell:Creating environment descriptor '/home/ugv-c7/CodeWorkspace/UGV-Robot/ros2_humble_colcon_ws/install/moveit_core/share/moveit_core/hook/path.dsv'
[682.182s] INFO:colcon.colcon_core.shell:Creating environment hook '/home/ugv-c7/CodeWorkspace/UGV-Robot/ros2_humble_colcon_ws/install/moveit_core/share/moveit_core/hook/path.sh'
[682.183s] Level 1:colcon.colcon_core.environment:checking '/home/ugv-c7/CodeWorkspace/UGV-Robot/ros2_humble_colcon_ws/install/moveit_core/lib/pkgconfig/moveit_core.pc'
[682.184s] Level 1:colcon.colcon_core.environment:checking '/home/ugv-c7/CodeWorkspace/UGV-Robot/ros2_humble_colcon_ws/install/moveit_core/lib/python3.10/site-packages'
[682.185s] Level 1:colcon.colcon_core.environment:checking '/home/ugv-c7/CodeWorkspace/UGV-Robot/ros2_humble_colcon_ws/install/moveit_core/bin'
[682.185s] Level 1:colcon.colcon_core.shell:create_environment_hook('moveit_core', 'pythonscriptspath')
[682.186s] INFO:colcon.colcon_core.shell:Creating environment hook '/home/ugv-c7/CodeWorkspace/UGV-Robot/ros2_humble_colcon_ws/install/moveit_core/share/moveit_core/hook/pythonscriptspath.ps1'
[682.187s] INFO:colcon.colcon_core.shell:Creating environment descriptor '/home/ugv-c7/CodeWorkspace/UGV-Robot/ros2_humble_colcon_ws/install/moveit_core/share/moveit_core/hook/pythonscriptspath.dsv'
[682.188s] INFO:colcon.colcon_core.shell:Creating environment hook '/home/ugv-c7/CodeWorkspace/UGV-Robot/ros2_humble_colcon_ws/install/moveit_core/share/moveit_core/hook/pythonscriptspath.sh'
[682.190s] INFO:colcon.colcon_core.shell:Creating package script '/home/ugv-c7/CodeWorkspace/UGV-Robot/ros2_humble_colcon_ws/install/moveit_core/share/moveit_core/package.ps1'
[682.192s] INFO:colcon.colcon_core.shell:Creating package descriptor '/home/ugv-c7/CodeWorkspace/UGV-Robot/ros2_humble_colcon_ws/install/moveit_core/share/moveit_core/package.dsv'
[682.194s] INFO:colcon.colcon_core.shell:Creating package script '/home/ugv-c7/CodeWorkspace/UGV-Robot/ros2_humble_colcon_ws/install/moveit_core/share/moveit_core/package.sh'
[682.195s] INFO:colcon.colcon_core.shell:Creating package script '/home/ugv-c7/CodeWorkspace/UGV-Robot/ros2_humble_colcon_ws/install/moveit_core/share/moveit_core/package.bash'
[682.197s] INFO:colcon.colcon_core.shell:Creating package script '/home/ugv-c7/CodeWorkspace/UGV-Robot/ros2_humble_colcon_ws/install/moveit_core/share/moveit_core/package.zsh'
[682.198s] Level 1:colcon.colcon_core.environment:create_file_with_runtime_dependencies(/home/ugv-c7/CodeWorkspace/UGV-Robot/ros2_humble_colcon_ws/install/moveit_core/share/colcon-core/packages/moveit_core)
[682.200s] INFO:colcon.colcon_ros.task.ament_cmake.build:Building ROS package in '/home/ugv-c7/CodeWorkspace/UGV-Robot/ros2_humble_colcon_ws/src/moveit2/moveit_ros/occupancy_map_monitor' with build type 'ament_cmake'
[682.201s] INFO:colcon.colcon_cmake.task.cmake.build:Building CMake package in '/home/ugv-c7/CodeWorkspace/UGV-Robot/ros2_humble_colcon_ws/src/moveit2/moveit_ros/occupancy_map_monitor'
[682.202s] INFO:colcon.colcon_core.shell:Skip shell extension 'powershell' for command environment: Not usable outside of PowerShell
[682.202s] DEBUG:colcon.colcon_core.shell:Skip shell extension 'dsv' for command environment
[682.231s] INFO:colcon.colcon_ros.task.ament_cmake.build:Building ROS package in '/home/ugv-c7/CodeWorkspace/UGV-Robot/ros2_humble_colcon_ws/src/moveit2/moveit_plugins/moveit_simple_controller_manager' with build type 'ament_cmake'
[682.232s] INFO:colcon.colcon_cmake.task.cmake.build:Building CMake package in '/home/ugv-c7/CodeWorkspace/UGV-Robot/ros2_humble_colcon_ws/src/moveit2/moveit_plugins/moveit_simple_controller_manager'
[682.233s] INFO:colcon.colcon_core.shell:Skip shell extension 'powershell' for command environment: Not usable outside of PowerShell
[682.233s] DEBUG:colcon.colcon_core.shell:Skip shell extension 'dsv' for command environment
[682.245s] INFO:colcon.colcon_ros.task.ament_cmake.build:Building ROS package in '/home/ugv-c7/CodeWorkspace/UGV-Robot/ros2_humble_colcon_ws/src/moveit2/moveit_planners/test_configs/prbt_ikfast_manipulator_plugin' with build type 'ament_cmake'
[682.246s] INFO:colcon.colcon_cmake.task.cmake.build:Building CMake package in '/home/ugv-c7/CodeWorkspace/UGV-Robot/ros2_humble_colcon_ws/src/moveit2/moveit_planners/test_configs/prbt_ikfast_manipulator_plugin'
[682.246s] INFO:colcon.colcon_core.shell:Skip shell extension 'powershell' for command environment: Not usable outside of PowerShell
[682.247s] DEBUG:colcon.colcon_core.shell:Skip shell extension 'dsv' for command environment
[682.257s] INFO:colcon.colcon_ros.task.ament_cmake.build:Building ROS package in '/home/ugv-c7/CodeWorkspace/UGV-Robot/ros2_humble_colcon_ws/src/moveit2/moveit_planners/chomp/chomp_motion_planner' with build type 'ament_cmake'
[682.257s] INFO:colcon.colcon_cmake.task.cmake.build:Building CMake package in '/home/ugv-c7/CodeWorkspace/UGV-Robot/ros2_humble_colcon_ws/src/moveit2/moveit_planners/chomp/chomp_motion_planner'
[682.258s] INFO:colcon.colcon_core.shell:Skip shell extension 'powershell' for command environment: Not usable outside of PowerShell
[682.259s] DEBUG:colcon.colcon_core.shell:Skip shell extension 'dsv' for command environment
[682.269s] INFO:colcon.colcon_ros.task.ament_cmake.build:Building ROS package in '/home/ugv-c7/CodeWorkspace/UGV-Robot/ros2_humble_colcon_ws/src/moveit2/moveit_planners/pilz_industrial_motion_planner_testutils' with build type 'ament_cmake'
[682.269s] INFO:colcon.colcon_cmake.task.cmake.build:Building CMake package in '/home/ugv-c7/CodeWorkspace/UGV-Robot/ros2_humble_colcon_ws/src/moveit2/moveit_planners/pilz_industrial_motion_planner_testutils'
[682.270s] INFO:colcon.colcon_core.shell:Skip shell extension 'powershell' for command environment: Not usable outside of PowerShell
[682.270s] DEBUG:colcon.colcon_core.shell:Skip shell extension 'dsv' for command environment
[682.291s] DEBUG:colcon.colcon_core.event_handler.log_command:Invoking command in '/home/ugv-c7/CodeWorkspace/UGV-Robot/ros2_humble_colcon_ws/build/moveit_ros_occupancy_map_monitor': AMENT_PREFIX_PATH=/home/ugv-c7/CodeWorkspace/UGV-Robot/ros2_humble_colcon_ws/install/moveit_core:/home/ugv-c7/CodeWorkspace/UGV-Robot/ros2_humble_colcon_ws/install/moveit_resources_panda_moveit_config:/home/ugv-c7/CodeWorkspace/UGV-Robot/ros2_humble_colcon_ws/install/srdfdom:/home/ugv-c7/CodeWorkspace/UGV-Robot/ros2_humble_colcon_ws/install/moveit_resources_pr2_description:/home/ugv-c7/CodeWorkspace/UGV-Robot/ros2_humble_colcon_ws/install/moveit_resources_panda_description:/home/ugv-c7/CodeWorkspace/UGV-Robot/ros2_humble_colcon_ws/install/moveit_common:${AMENT_PREFIX_PATH} CMAKE_PREFIX_PATH=/home/ugv-c7/CodeWorkspace/UGV-Robot/ros2_humble_colcon_ws/install/moveit_core:/home/ugv-c7/CodeWorkspace/UGV-Robot/ros2_humble_colcon_ws/install/moveit_resources_panda_moveit_config:/home/ugv-c7/CodeWorkspace/UGV-Robot/ros2_humble_colcon_ws/install/srdfdom:/home/ugv-c7/CodeWorkspace/UGV-Robot/ros2_humble_colcon_ws/install/moveit_resources_pr2_description:/home/ugv-c7/CodeWorkspace/UGV-Robot/ros2_humble_colcon_ws/install/moveit_resources_panda_description:/home/ugv-c7/CodeWorkspace/UGV-Robot/ros2_humble_colcon_ws/install/moveit_common:/home/ugv-c7/CodeWorkspace/UGV-Robot/ros2_humble_colcon_ws/install/app_bringup:/home/ugv-c7/CodeWorkspace/UGV-Robot/ros2_humble_colcon_ws/install/py_pub_sub:/opt/ros/humble LD_LIBRARY_PATH=/home/ugv-c7/CodeWorkspace/UGV-Robot/ros2_humble_colcon_ws/install/moveit_core/lib:/home/ugv-c7/CodeWorkspace/UGV-Robot/ros2_humble_colcon_ws/install/srdfdom/lib:${LD_LIBRARY_PATH} PATH=/home/ugv-c7/CodeWorkspace/UGV-Robot/ros2_humble_colcon_ws/install/moveit_core/bin:${PATH} PYTHONPATH=/home/ugv-c7/CodeWorkspace/UGV-Robot/ros2_humble_colcon_ws/install/srdfdom/local/lib/python3.10/dist-packages:${PYTHONPATH} /usr/bin/cmake /home/ugv-c7/CodeWorkspace/UGV-Robot/ros2_humble_colcon_ws/src/moveit2/moveit_ros/occupancy_map_monitor -DCMAKE_INSTALL_PREFIX=/home/ugv-c7/CodeWorkspace/UGV-Robot/ros2_humble_colcon_ws/install/moveit_ros_occupancy_map_monitor
[682.295s] DEBUG:colcon.colcon_core.event_handler.log_command:Invoking command in '/home/ugv-c7/CodeWorkspace/UGV-Robot/ros2_humble_colcon_ws/build/moveit_simple_controller_manager': AMENT_PREFIX_PATH=/home/ugv-c7/CodeWorkspace/UGV-Robot/ros2_humble_colcon_ws/install/moveit_core:/home/ugv-c7/CodeWorkspace/UGV-Robot/ros2_humble_colcon_ws/install/moveit_resources_panda_moveit_config:/home/ugv-c7/CodeWorkspace/UGV-Robot/ros2_humble_colcon_ws/install/srdfdom:/home/ugv-c7/CodeWorkspace/UGV-Robot/ros2_humble_colcon_ws/install/moveit_resources_pr2_description:/home/ugv-c7/CodeWorkspace/UGV-Robot/ros2_humble_colcon_ws/install/moveit_resources_panda_description:/home/ugv-c7/CodeWorkspace/UGV-Robot/ros2_humble_colcon_ws/install/moveit_common:${AMENT_PREFIX_PATH} CMAKE_PREFIX_PATH=/home/ugv-c7/CodeWorkspace/UGV-Robot/ros2_humble_colcon_ws/install/moveit_core:/home/ugv-c7/CodeWorkspace/UGV-Robot/ros2_humble_colcon_ws/install/moveit_resources_panda_moveit_config:/home/ugv-c7/CodeWorkspace/UGV-Robot/ros2_humble_colcon_ws/install/srdfdom:/home/ugv-c7/CodeWorkspace/UGV-Robot/ros2_humble_colcon_ws/install/moveit_resources_pr2_description:/home/ugv-c7/CodeWorkspace/UGV-Robot/ros2_humble_colcon_ws/install/moveit_resources_panda_description:/home/ugv-c7/CodeWorkspace/UGV-Robot/ros2_humble_colcon_ws/install/moveit_common:/home/ugv-c7/CodeWorkspace/UGV-Robot/ros2_humble_colcon_ws/install/app_bringup:/home/ugv-c7/CodeWorkspace/UGV-Robot/ros2_humble_colcon_ws/install/py_pub_sub:/opt/ros/humble LD_LIBRARY_PATH=/home/ugv-c7/CodeWorkspace/UGV-Robot/ros2_humble_colcon_ws/install/moveit_core/lib:/home/ugv-c7/CodeWorkspace/UGV-Robot/ros2_humble_colcon_ws/install/srdfdom/lib:${LD_LIBRARY_PATH} PATH=/home/ugv-c7/CodeWorkspace/UGV-Robot/ros2_humble_colcon_ws/install/moveit_core/bin:${PATH} PYTHONPATH=/home/ugv-c7/CodeWorkspace/UGV-Robot/ros2_humble_colcon_ws/install/srdfdom/local/lib/python3.10/dist-packages:${PYTHONPATH} /usr/bin/cmake /home/ugv-c7/CodeWorkspace/UGV-Robot/ros2_humble_colcon_ws/src/moveit2/moveit_plugins/moveit_simple_controller_manager -DCMAKE_INSTALL_PREFIX=/home/ugv-c7/CodeWorkspace/UGV-Robot/ros2_humble_colcon_ws/install/moveit_simple_controller_manager
[682.302s] DEBUG:colcon.colcon_core.event_handler.log_command:Invoking command in '/home/ugv-c7/CodeWorkspace/UGV-Robot/ros2_humble_colcon_ws/build/moveit_resources_prbt_ikfast_manipulator_plugin': AMENT_PREFIX_PATH=/home/ugv-c7/CodeWorkspace/UGV-Robot/ros2_humble_colcon_ws/install/moveit_core:/home/ugv-c7/CodeWorkspace/UGV-Robot/ros2_humble_colcon_ws/install/moveit_resources_panda_moveit_config:/home/ugv-c7/CodeWorkspace/UGV-Robot/ros2_humble_colcon_ws/install/srdfdom:/home/ugv-c7/CodeWorkspace/UGV-Robot/ros2_humble_colcon_ws/install/moveit_resources_pr2_description:/home/ugv-c7/CodeWorkspace/UGV-Robot/ros2_humble_colcon_ws/install/moveit_resources_panda_description:/home/ugv-c7/CodeWorkspace/UGV-Robot/ros2_humble_colcon_ws/install/moveit_common:${AMENT_PREFIX_PATH} CMAKE_PREFIX_PATH=/home/ugv-c7/CodeWorkspace/UGV-Robot/ros2_humble_colcon_ws/install/moveit_core:/home/ugv-c7/CodeWorkspace/UGV-Robot/ros2_humble_colcon_ws/install/moveit_resources_panda_moveit_config:/home/ugv-c7/CodeWorkspace/UGV-Robot/ros2_humble_colcon_ws/install/srdfdom:/home/ugv-c7/CodeWorkspace/UGV-Robot/ros2_humble_colcon_ws/install/moveit_resources_pr2_description:/home/ugv-c7/CodeWorkspace/UGV-Robot/ros2_humble_colcon_ws/install/moveit_resources_panda_description:/home/ugv-c7/CodeWorkspace/UGV-Robot/ros2_humble_colcon_ws/install/moveit_common:/home/ugv-c7/CodeWorkspace/UGV-Robot/ros2_humble_colcon_ws/install/app_bringup:/home/ugv-c7/CodeWorkspace/UGV-Robot/ros2_humble_colcon_ws/install/py_pub_sub:/opt/ros/humble LD_LIBRARY_PATH=/home/ugv-c7/CodeWorkspace/UGV-Robot/ros2_humble_colcon_ws/install/moveit_core/lib:/home/ugv-c7/CodeWorkspace/UGV-Robot/ros2_humble_colcon_ws/install/srdfdom/lib:${LD_LIBRARY_PATH} PATH=/home/ugv-c7/CodeWorkspace/UGV-Robot/ros2_humble_colcon_ws/install/moveit_core/bin:${PATH} PYTHONPATH=/home/ugv-c7/CodeWorkspace/UGV-Robot/ros2_humble_colcon_ws/install/srdfdom/local/lib/python3.10/dist-packages:${PYTHONPATH} /usr/bin/cmake /home/ugv-c7/CodeWorkspace/UGV-Robot/ros2_humble_colcon_ws/src/moveit2/moveit_planners/test_configs/prbt_ikfast_manipulator_plugin -DCMAKE_INSTALL_PREFIX=/home/ugv-c7/CodeWorkspace/UGV-Robot/ros2_humble_colcon_ws/install/moveit_resources_prbt_ikfast_manipulator_plugin
[682.310s] DEBUG:colcon.colcon_core.event_handler.log_command:Invoking command in '/home/ugv-c7/CodeWorkspace/UGV-Robot/ros2_humble_colcon_ws/build/chomp_motion_planner': AMENT_PREFIX_PATH=/home/ugv-c7/CodeWorkspace/UGV-Robot/ros2_humble_colcon_ws/install/moveit_core:/home/ugv-c7/CodeWorkspace/UGV-Robot/ros2_humble_colcon_ws/install/moveit_resources_panda_moveit_config:/home/ugv-c7/CodeWorkspace/UGV-Robot/ros2_humble_colcon_ws/install/srdfdom:/home/ugv-c7/CodeWorkspace/UGV-Robot/ros2_humble_colcon_ws/install/moveit_resources_pr2_description:/home/ugv-c7/CodeWorkspace/UGV-Robot/ros2_humble_colcon_ws/install/moveit_resources_panda_description:/home/ugv-c7/CodeWorkspace/UGV-Robot/ros2_humble_colcon_ws/install/moveit_common:${AMENT_PREFIX_PATH} CMAKE_PREFIX_PATH=/home/ugv-c7/CodeWorkspace/UGV-Robot/ros2_humble_colcon_ws/install/moveit_core:/home/ugv-c7/CodeWorkspace/UGV-Robot/ros2_humble_colcon_ws/install/moveit_resources_panda_moveit_config:/home/ugv-c7/CodeWorkspace/UGV-Robot/ros2_humble_colcon_ws/install/srdfdom:/home/ugv-c7/CodeWorkspace/UGV-Robot/ros2_humble_colcon_ws/install/moveit_resources_pr2_description:/home/ugv-c7/CodeWorkspace/UGV-Robot/ros2_humble_colcon_ws/install/moveit_resources_panda_description:/home/ugv-c7/CodeWorkspace/UGV-Robot/ros2_humble_colcon_ws/install/moveit_common:/home/ugv-c7/CodeWorkspace/UGV-Robot/ros2_humble_colcon_ws/install/app_bringup:/home/ugv-c7/CodeWorkspace/UGV-Robot/ros2_humble_colcon_ws/install/py_pub_sub:/opt/ros/humble LD_LIBRARY_PATH=/home/ugv-c7/CodeWorkspace/UGV-Robot/ros2_humble_colcon_ws/install/moveit_core/lib:/home/ugv-c7/CodeWorkspace/UGV-Robot/ros2_humble_colcon_ws/install/srdfdom/lib:${LD_LIBRARY_PATH} PATH=/home/ugv-c7/CodeWorkspace/UGV-Robot/ros2_humble_colcon_ws/install/moveit_core/bin:${PATH} PYTHONPATH=/home/ugv-c7/CodeWorkspace/UGV-Robot/ros2_humble_colcon_ws/install/srdfdom/local/lib/python3.10/dist-packages:${PYTHONPATH} /usr/bin/cmake /home/ugv-c7/CodeWorkspace/UGV-Robot/ros2_humble_colcon_ws/src/moveit2/moveit_planners/chomp/chomp_motion_planner -DCMAKE_INSTALL_PREFIX=/home/ugv-c7/CodeWorkspace/UGV-Robot/ros2_humble_colcon_ws/install/chomp_motion_planner
[682.315s] DEBUG:colcon.colcon_core.event_handler.log_command:Invoking command in '/home/ugv-c7/CodeWorkspace/UGV-Robot/ros2_humble_colcon_ws/build/pilz_industrial_motion_planner_testutils': AMENT_PREFIX_PATH=/home/ugv-c7/CodeWorkspace/UGV-Robot/ros2_humble_colcon_ws/install/moveit_core:/home/ugv-c7/CodeWorkspace/UGV-Robot/ros2_humble_colcon_ws/install/moveit_resources_panda_moveit_config:/home/ugv-c7/CodeWorkspace/UGV-Robot/ros2_humble_colcon_ws/install/srdfdom:/home/ugv-c7/CodeWorkspace/UGV-Robot/ros2_humble_colcon_ws/install/moveit_resources_pr2_description:/home/ugv-c7/CodeWorkspace/UGV-Robot/ros2_humble_colcon_ws/install/moveit_resources_panda_description:/home/ugv-c7/CodeWorkspace/UGV-Robot/ros2_humble_colcon_ws/install/moveit_common:${AMENT_PREFIX_PATH} CMAKE_PREFIX_PATH=/home/ugv-c7/CodeWorkspace/UGV-Robot/ros2_humble_colcon_ws/install/moveit_core:/home/ugv-c7/CodeWorkspace/UGV-Robot/ros2_humble_colcon_ws/install/moveit_resources_panda_moveit_config:/home/ugv-c7/CodeWorkspace/UGV-Robot/ros2_humble_colcon_ws/install/srdfdom:/home/ugv-c7/CodeWorkspace/UGV-Robot/ros2_humble_colcon_ws/install/moveit_resources_pr2_description:/home/ugv-c7/CodeWorkspace/UGV-Robot/ros2_humble_colcon_ws/install/moveit_resources_panda_description:/home/ugv-c7/CodeWorkspace/UGV-Robot/ros2_humble_colcon_ws/install/moveit_common:/home/ugv-c7/CodeWorkspace/UGV-Robot/ros2_humble_colcon_ws/install/app_bringup:/home/ugv-c7/CodeWorkspace/UGV-Robot/ros2_humble_colcon_ws/install/py_pub_sub:/opt/ros/humble LD_LIBRARY_PATH=/home/ugv-c7/CodeWorkspace/UGV-Robot/ros2_humble_colcon_ws/install/moveit_core/lib:/home/ugv-c7/CodeWorkspace/UGV-Robot/ros2_humble_colcon_ws/install/srdfdom/lib:${LD_LIBRARY_PATH} PATH=/home/ugv-c7/CodeWorkspace/UGV-Robot/ros2_humble_colcon_ws/install/moveit_core/bin:${PATH} PYTHONPATH=/home/ugv-c7/CodeWorkspace/UGV-Robot/ros2_humble_colcon_ws/install/srdfdom/local/lib/python3.10/dist-packages:${PYTHONPATH} /usr/bin/cmake /home/ugv-c7/CodeWorkspace/UGV-Robot/ros2_humble_colcon_ws/src/moveit2/moveit_planners/pilz_industrial_motion_planner_testutils -DCMAKE_INSTALL_PREFIX=/home/ugv-c7/CodeWorkspace/UGV-Robot/ros2_humble_colcon_ws/install/pilz_industrial_motion_planner_testutils
[687.668s] DEBUG:colcon.colcon_core.event_handler.log_command:Invoked command in '/home/ugv-c7/CodeWorkspace/UGV-Robot/ros2_humble_colcon_ws/build/moveit_resources_prbt_ikfast_manipulator_plugin' returned '0': AMENT_PREFIX_PATH=/home/ugv-c7/CodeWorkspace/UGV-Robot/ros2_humble_colcon_ws/install/moveit_core:/home/ugv-c7/CodeWorkspace/UGV-Robot/ros2_humble_colcon_ws/install/moveit_resources_panda_moveit_config:/home/ugv-c7/CodeWorkspace/UGV-Robot/ros2_humble_colcon_ws/install/srdfdom:/home/ugv-c7/CodeWorkspace/UGV-Robot/ros2_humble_colcon_ws/install/moveit_resources_pr2_description:/home/ugv-c7/CodeWorkspace/UGV-Robot/ros2_humble_colcon_ws/install/moveit_resources_panda_description:/home/ugv-c7/CodeWorkspace/UGV-Robot/ros2_humble_colcon_ws/install/moveit_common:${AMENT_PREFIX_PATH} CMAKE_PREFIX_PATH=/home/ugv-c7/CodeWorkspace/UGV-Robot/ros2_humble_colcon_ws/install/moveit_core:/home/ugv-c7/CodeWorkspace/UGV-Robot/ros2_humble_colcon_ws/install/moveit_resources_panda_moveit_config:/home/ugv-c7/CodeWorkspace/UGV-Robot/ros2_humble_colcon_ws/install/srdfdom:/home/ugv-c7/CodeWorkspace/UGV-Robot/ros2_humble_colcon_ws/install/moveit_resources_pr2_description:/home/ugv-c7/CodeWorkspace/UGV-Robot/ros2_humble_colcon_ws/install/moveit_resources_panda_description:/home/ugv-c7/CodeWorkspace/UGV-Robot/ros2_humble_colcon_ws/install/moveit_common:/home/ugv-c7/CodeWorkspace/UGV-Robot/ros2_humble_colcon_ws/install/app_bringup:/home/ugv-c7/CodeWorkspace/UGV-Robot/ros2_humble_colcon_ws/install/py_pub_sub:/opt/ros/humble LD_LIBRARY_PATH=/home/ugv-c7/CodeWorkspace/UGV-Robot/ros2_humble_colcon_ws/install/moveit_core/lib:/home/ugv-c7/CodeWorkspace/UGV-Robot/ros2_humble_colcon_ws/install/srdfdom/lib:${LD_LIBRARY_PATH} PATH=/home/ugv-c7/CodeWorkspace/UGV-Robot/ros2_humble_colcon_ws/install/moveit_core/bin:${PATH} PYTHONPATH=/home/ugv-c7/CodeWorkspace/UGV-Robot/ros2_humble_colcon_ws/install/srdfdom/local/lib/python3.10/dist-packages:${PYTHONPATH} /usr/bin/cmake /home/ugv-c7/CodeWorkspace/UGV-Robot/ros2_humble_colcon_ws/src/moveit2/moveit_planners/test_configs/prbt_ikfast_manipulator_plugin -DCMAKE_INSTALL_PREFIX=/home/ugv-c7/CodeWorkspace/UGV-Robot/ros2_humble_colcon_ws/install/moveit_resources_prbt_ikfast_manipulator_plugin
[687.669s] DEBUG:colcon.colcon_core.event_handler.log_command:Invoking command in '/home/ugv-c7/CodeWorkspace/UGV-Robot/ros2_humble_colcon_ws/build/moveit_resources_prbt_ikfast_manipulator_plugin': AMENT_PREFIX_PATH=/home/ugv-c7/CodeWorkspace/UGV-Robot/ros2_humble_colcon_ws/install/moveit_core:/home/ugv-c7/CodeWorkspace/UGV-Robot/ros2_humble_colcon_ws/install/moveit_resources_panda_moveit_config:/home/ugv-c7/CodeWorkspace/UGV-Robot/ros2_humble_colcon_ws/install/srdfdom:/home/ugv-c7/CodeWorkspace/UGV-Robot/ros2_humble_colcon_ws/install/moveit_resources_pr2_description:/home/ugv-c7/CodeWorkspace/UGV-Robot/ros2_humble_colcon_ws/install/moveit_resources_panda_description:/home/ugv-c7/CodeWorkspace/UGV-Robot/ros2_humble_colcon_ws/install/moveit_common:${AMENT_PREFIX_PATH} CMAKE_PREFIX_PATH=/home/ugv-c7/CodeWorkspace/UGV-Robot/ros2_humble_colcon_ws/install/moveit_core:/home/ugv-c7/CodeWorkspace/UGV-Robot/ros2_humble_colcon_ws/install/moveit_resources_panda_moveit_config:/home/ugv-c7/CodeWorkspace/UGV-Robot/ros2_humble_colcon_ws/install/srdfdom:/home/ugv-c7/CodeWorkspace/UGV-Robot/ros2_humble_colcon_ws/install/moveit_resources_pr2_description:/home/ugv-c7/CodeWorkspace/UGV-Robot/ros2_humble_colcon_ws/install/moveit_resources_panda_description:/home/ugv-c7/CodeWorkspace/UGV-Robot/ros2_humble_colcon_ws/install/moveit_common:/home/ugv-c7/CodeWorkspace/UGV-Robot/ros2_humble_colcon_ws/install/app_bringup:/home/ugv-c7/CodeWorkspace/UGV-Robot/ros2_humble_colcon_ws/install/py_pub_sub:/opt/ros/humble LD_LIBRARY_PATH=/home/ugv-c7/CodeWorkspace/UGV-Robot/ros2_humble_colcon_ws/install/moveit_core/lib:/home/ugv-c7/CodeWorkspace/UGV-Robot/ros2_humble_colcon_ws/install/srdfdom/lib:${LD_LIBRARY_PATH} PATH=/home/ugv-c7/CodeWorkspace/UGV-Robot/ros2_humble_colcon_ws/install/moveit_core/bin:${PATH} PYTHONPATH=/home/ugv-c7/CodeWorkspace/UGV-Robot/ros2_humble_colcon_ws/install/srdfdom/local/lib/python3.10/dist-packages:${PYTHONPATH} /usr/bin/cmake --build /home/ugv-c7/CodeWorkspace/UGV-Robot/ros2_humble_colcon_ws/build/moveit_resources_prbt_ikfast_manipulator_plugin -- -j6 -l6
[687.820s] DEBUG:colcon.colcon_core.event_handler.log_command:Invoked command in '/home/ugv-c7/CodeWorkspace/UGV-Robot/ros2_humble_colcon_ws/build/chomp_motion_planner' returned '0': AMENT_PREFIX_PATH=/home/ugv-c7/CodeWorkspace/UGV-Robot/ros2_humble_colcon_ws/install/moveit_core:/home/ugv-c7/CodeWorkspace/UGV-Robot/ros2_humble_colcon_ws/install/moveit_resources_panda_moveit_config:/home/ugv-c7/CodeWorkspace/UGV-Robot/ros2_humble_colcon_ws/install/srdfdom:/home/ugv-c7/CodeWorkspace/UGV-Robot/ros2_humble_colcon_ws/install/moveit_resources_pr2_description:/home/ugv-c7/CodeWorkspace/UGV-Robot/ros2_humble_colcon_ws/install/moveit_resources_panda_description:/home/ugv-c7/CodeWorkspace/UGV-Robot/ros2_humble_colcon_ws/install/moveit_common:${AMENT_PREFIX_PATH} CMAKE_PREFIX_PATH=/home/ugv-c7/CodeWorkspace/UGV-Robot/ros2_humble_colcon_ws/install/moveit_core:/home/ugv-c7/CodeWorkspace/UGV-Robot/ros2_humble_colcon_ws/install/moveit_resources_panda_moveit_config:/home/ugv-c7/CodeWorkspace/UGV-Robot/ros2_humble_colcon_ws/install/srdfdom:/home/ugv-c7/CodeWorkspace/UGV-Robot/ros2_humble_colcon_ws/install/moveit_resources_pr2_description:/home/ugv-c7/CodeWorkspace/UGV-Robot/ros2_humble_colcon_ws/install/moveit_resources_panda_description:/home/ugv-c7/CodeWorkspace/UGV-Robot/ros2_humble_colcon_ws/install/moveit_common:/home/ugv-c7/CodeWorkspace/UGV-Robot/ros2_humble_colcon_ws/install/app_bringup:/home/ugv-c7/CodeWorkspace/UGV-Robot/ros2_humble_colcon_ws/install/py_pub_sub:/opt/ros/humble LD_LIBRARY_PATH=/home/ugv-c7/CodeWorkspace/UGV-Robot/ros2_humble_colcon_ws/install/moveit_core/lib:/home/ugv-c7/CodeWorkspace/UGV-Robot/ros2_humble_colcon_ws/install/srdfdom/lib:${LD_LIBRARY_PATH} PATH=/home/ugv-c7/CodeWorkspace/UGV-Robot/ros2_humble_colcon_ws/install/moveit_core/bin:${PATH} PYTHONPATH=/home/ugv-c7/CodeWorkspace/UGV-Robot/ros2_humble_colcon_ws/install/srdfdom/local/lib/python3.10/dist-packages:${PYTHONPATH} /usr/bin/cmake /home/ugv-c7/CodeWorkspace/UGV-Robot/ros2_humble_colcon_ws/src/moveit2/moveit_planners/chomp/chomp_motion_planner -DCMAKE_INSTALL_PREFIX=/home/ugv-c7/CodeWorkspace/UGV-Robot/ros2_humble_colcon_ws/install/chomp_motion_planner
[687.822s] DEBUG:colcon.colcon_core.event_handler.log_command:Invoking command in '/home/ugv-c7/CodeWorkspace/UGV-Robot/ros2_humble_colcon_ws/build/chomp_motion_planner': AMENT_PREFIX_PATH=/home/ugv-c7/CodeWorkspace/UGV-Robot/ros2_humble_colcon_ws/install/moveit_core:/home/ugv-c7/CodeWorkspace/UGV-Robot/ros2_humble_colcon_ws/install/moveit_resources_panda_moveit_config:/home/ugv-c7/CodeWorkspace/UGV-Robot/ros2_humble_colcon_ws/install/srdfdom:/home/ugv-c7/CodeWorkspace/UGV-Robot/ros2_humble_colcon_ws/install/moveit_resources_pr2_description:/home/ugv-c7/CodeWorkspace/UGV-Robot/ros2_humble_colcon_ws/install/moveit_resources_panda_description:/home/ugv-c7/CodeWorkspace/UGV-Robot/ros2_humble_colcon_ws/install/moveit_common:${AMENT_PREFIX_PATH} CMAKE_PREFIX_PATH=/home/ugv-c7/CodeWorkspace/UGV-Robot/ros2_humble_colcon_ws/install/moveit_core:/home/ugv-c7/CodeWorkspace/UGV-Robot/ros2_humble_colcon_ws/install/moveit_resources_panda_moveit_config:/home/ugv-c7/CodeWorkspace/UGV-Robot/ros2_humble_colcon_ws/install/srdfdom:/home/ugv-c7/CodeWorkspace/UGV-Robot/ros2_humble_colcon_ws/install/moveit_resources_pr2_description:/home/ugv-c7/CodeWorkspace/UGV-Robot/ros2_humble_colcon_ws/install/moveit_resources_panda_description:/home/ugv-c7/CodeWorkspace/UGV-Robot/ros2_humble_colcon_ws/install/moveit_common:/home/ugv-c7/CodeWorkspace/UGV-Robot/ros2_humble_colcon_ws/install/app_bringup:/home/ugv-c7/CodeWorkspace/UGV-Robot/ros2_humble_colcon_ws/install/py_pub_sub:/opt/ros/humble LD_LIBRARY_PATH=/home/ugv-c7/CodeWorkspace/UGV-Robot/ros2_humble_colcon_ws/install/moveit_core/lib:/home/ugv-c7/CodeWorkspace/UGV-Robot/ros2_humble_colcon_ws/install/srdfdom/lib:${LD_LIBRARY_PATH} PATH=/home/ugv-c7/CodeWorkspace/UGV-Robot/ros2_humble_colcon_ws/install/moveit_core/bin:${PATH} PYTHONPATH=/home/ugv-c7/CodeWorkspace/UGV-Robot/ros2_humble_colcon_ws/install/srdfdom/local/lib/python3.10/dist-packages:${PYTHONPATH} /usr/bin/cmake --build /home/ugv-c7/CodeWorkspace/UGV-Robot/ros2_humble_colcon_ws/build/chomp_motion_planner -- -j6 -l6
[687.885s] DEBUG:colcon.colcon_core.event_handler.log_command:Invoked command in '/home/ugv-c7/CodeWorkspace/UGV-Robot/ros2_humble_colcon_ws/build/pilz_industrial_motion_planner_testutils' returned '0': AMENT_PREFIX_PATH=/home/ugv-c7/CodeWorkspace/UGV-Robot/ros2_humble_colcon_ws/install/moveit_core:/home/ugv-c7/CodeWorkspace/UGV-Robot/ros2_humble_colcon_ws/install/moveit_resources_panda_moveit_config:/home/ugv-c7/CodeWorkspace/UGV-Robot/ros2_humble_colcon_ws/install/srdfdom:/home/ugv-c7/CodeWorkspace/UGV-Robot/ros2_humble_colcon_ws/install/moveit_resources_pr2_description:/home/ugv-c7/CodeWorkspace/UGV-Robot/ros2_humble_colcon_ws/install/moveit_resources_panda_description:/home/ugv-c7/CodeWorkspace/UGV-Robot/ros2_humble_colcon_ws/install/moveit_common:${AMENT_PREFIX_PATH} CMAKE_PREFIX_PATH=/home/ugv-c7/CodeWorkspace/UGV-Robot/ros2_humble_colcon_ws/install/moveit_core:/home/ugv-c7/CodeWorkspace/UGV-Robot/ros2_humble_colcon_ws/install/moveit_resources_panda_moveit_config:/home/ugv-c7/CodeWorkspace/UGV-Robot/ros2_humble_colcon_ws/install/srdfdom:/home/ugv-c7/CodeWorkspace/UGV-Robot/ros2_humble_colcon_ws/install/moveit_resources_pr2_description:/home/ugv-c7/CodeWorkspace/UGV-Robot/ros2_humble_colcon_ws/install/moveit_resources_panda_description:/home/ugv-c7/CodeWorkspace/UGV-Robot/ros2_humble_colcon_ws/install/moveit_common:/home/ugv-c7/CodeWorkspace/UGV-Robot/ros2_humble_colcon_ws/install/app_bringup:/home/ugv-c7/CodeWorkspace/UGV-Robot/ros2_humble_colcon_ws/install/py_pub_sub:/opt/ros/humble LD_LIBRARY_PATH=/home/ugv-c7/CodeWorkspace/UGV-Robot/ros2_humble_colcon_ws/install/moveit_core/lib:/home/ugv-c7/CodeWorkspace/UGV-Robot/ros2_humble_colcon_ws/install/srdfdom/lib:${LD_LIBRARY_PATH} PATH=/home/ugv-c7/CodeWorkspace/UGV-Robot/ros2_humble_colcon_ws/install/moveit_core/bin:${PATH} PYTHONPATH=/home/ugv-c7/CodeWorkspace/UGV-Robot/ros2_humble_colcon_ws/install/srdfdom/local/lib/python3.10/dist-packages:${PYTHONPATH} /usr/bin/cmake /home/ugv-c7/CodeWorkspace/UGV-Robot/ros2_humble_colcon_ws/src/moveit2/moveit_planners/pilz_industrial_motion_planner_testutils -DCMAKE_INSTALL_PREFIX=/home/ugv-c7/CodeWorkspace/UGV-Robot/ros2_humble_colcon_ws/install/pilz_industrial_motion_planner_testutils
[687.889s] DEBUG:colcon.colcon_core.event_handler.log_command:Invoking command in '/home/ugv-c7/CodeWorkspace/UGV-Robot/ros2_humble_colcon_ws/build/pilz_industrial_motion_planner_testutils': AMENT_PREFIX_PATH=/home/ugv-c7/CodeWorkspace/UGV-Robot/ros2_humble_colcon_ws/install/moveit_core:/home/ugv-c7/CodeWorkspace/UGV-Robot/ros2_humble_colcon_ws/install/moveit_resources_panda_moveit_config:/home/ugv-c7/CodeWorkspace/UGV-Robot/ros2_humble_colcon_ws/install/srdfdom:/home/ugv-c7/CodeWorkspace/UGV-Robot/ros2_humble_colcon_ws/install/moveit_resources_pr2_description:/home/ugv-c7/CodeWorkspace/UGV-Robot/ros2_humble_colcon_ws/install/moveit_resources_panda_description:/home/ugv-c7/CodeWorkspace/UGV-Robot/ros2_humble_colcon_ws/install/moveit_common:${AMENT_PREFIX_PATH} CMAKE_PREFIX_PATH=/home/ugv-c7/CodeWorkspace/UGV-Robot/ros2_humble_colcon_ws/install/moveit_core:/home/ugv-c7/CodeWorkspace/UGV-Robot/ros2_humble_colcon_ws/install/moveit_resources_panda_moveit_config:/home/ugv-c7/CodeWorkspace/UGV-Robot/ros2_humble_colcon_ws/install/srdfdom:/home/ugv-c7/CodeWorkspace/UGV-Robot/ros2_humble_colcon_ws/install/moveit_resources_pr2_description:/home/ugv-c7/CodeWorkspace/UGV-Robot/ros2_humble_colcon_ws/install/moveit_resources_panda_description:/home/ugv-c7/CodeWorkspace/UGV-Robot/ros2_humble_colcon_ws/install/moveit_common:/home/ugv-c7/CodeWorkspace/UGV-Robot/ros2_humble_colcon_ws/install/app_bringup:/home/ugv-c7/CodeWorkspace/UGV-Robot/ros2_humble_colcon_ws/install/py_pub_sub:/opt/ros/humble LD_LIBRARY_PATH=/home/ugv-c7/CodeWorkspace/UGV-Robot/ros2_humble_colcon_ws/install/moveit_core/lib:/home/ugv-c7/CodeWorkspace/UGV-Robot/ros2_humble_colcon_ws/install/srdfdom/lib:${LD_LIBRARY_PATH} PATH=/home/ugv-c7/CodeWorkspace/UGV-Robot/ros2_humble_colcon_ws/install/moveit_core/bin:${PATH} PYTHONPATH=/home/ugv-c7/CodeWorkspace/UGV-Robot/ros2_humble_colcon_ws/install/srdfdom/local/lib/python3.10/dist-packages:${PYTHONPATH} /usr/bin/cmake --build /home/ugv-c7/CodeWorkspace/UGV-Robot/ros2_humble_colcon_ws/build/pilz_industrial_motion_planner_testutils -- -j6 -l6
[687.932s] DEBUG:colcon.colcon_core.event_handler.log_command:Invoked command in '/home/ugv-c7/CodeWorkspace/UGV-Robot/ros2_humble_colcon_ws/build/moveit_simple_controller_manager' returned '0': AMENT_PREFIX_PATH=/home/ugv-c7/CodeWorkspace/UGV-Robot/ros2_humble_colcon_ws/install/moveit_core:/home/ugv-c7/CodeWorkspace/UGV-Robot/ros2_humble_colcon_ws/install/moveit_resources_panda_moveit_config:/home/ugv-c7/CodeWorkspace/UGV-Robot/ros2_humble_colcon_ws/install/srdfdom:/home/ugv-c7/CodeWorkspace/UGV-Robot/ros2_humble_colcon_ws/install/moveit_resources_pr2_description:/home/ugv-c7/CodeWorkspace/UGV-Robot/ros2_humble_colcon_ws/install/moveit_resources_panda_description:/home/ugv-c7/CodeWorkspace/UGV-Robot/ros2_humble_colcon_ws/install/moveit_common:${AMENT_PREFIX_PATH} CMAKE_PREFIX_PATH=/home/ugv-c7/CodeWorkspace/UGV-Robot/ros2_humble_colcon_ws/install/moveit_core:/home/ugv-c7/CodeWorkspace/UGV-Robot/ros2_humble_colcon_ws/install/moveit_resources_panda_moveit_config:/home/ugv-c7/CodeWorkspace/UGV-Robot/ros2_humble_colcon_ws/install/srdfdom:/home/ugv-c7/CodeWorkspace/UGV-Robot/ros2_humble_colcon_ws/install/moveit_resources_pr2_description:/home/ugv-c7/CodeWorkspace/UGV-Robot/ros2_humble_colcon_ws/install/moveit_resources_panda_description:/home/ugv-c7/CodeWorkspace/UGV-Robot/ros2_humble_colcon_ws/install/moveit_common:/home/ugv-c7/CodeWorkspace/UGV-Robot/ros2_humble_colcon_ws/install/app_bringup:/home/ugv-c7/CodeWorkspace/UGV-Robot/ros2_humble_colcon_ws/install/py_pub_sub:/opt/ros/humble LD_LIBRARY_PATH=/home/ugv-c7/CodeWorkspace/UGV-Robot/ros2_humble_colcon_ws/install/moveit_core/lib:/home/ugv-c7/CodeWorkspace/UGV-Robot/ros2_humble_colcon_ws/install/srdfdom/lib:${LD_LIBRARY_PATH} PATH=/home/ugv-c7/CodeWorkspace/UGV-Robot/ros2_humble_colcon_ws/install/moveit_core/bin:${PATH} PYTHONPATH=/home/ugv-c7/CodeWorkspace/UGV-Robot/ros2_humble_colcon_ws/install/srdfdom/local/lib/python3.10/dist-packages:${PYTHONPATH} /usr/bin/cmake /home/ugv-c7/CodeWorkspace/UGV-Robot/ros2_humble_colcon_ws/src/moveit2/moveit_plugins/moveit_simple_controller_manager -DCMAKE_INSTALL_PREFIX=/home/ugv-c7/CodeWorkspace/UGV-Robot/ros2_humble_colcon_ws/install/moveit_simple_controller_manager
[687.933s] DEBUG:colcon.colcon_core.event_handler.log_command:Invoking command in '/home/ugv-c7/CodeWorkspace/UGV-Robot/ros2_humble_colcon_ws/build/moveit_simple_controller_manager': AMENT_PREFIX_PATH=/home/ugv-c7/CodeWorkspace/UGV-Robot/ros2_humble_colcon_ws/install/moveit_core:/home/ugv-c7/CodeWorkspace/UGV-Robot/ros2_humble_colcon_ws/install/moveit_resources_panda_moveit_config:/home/ugv-c7/CodeWorkspace/UGV-Robot/ros2_humble_colcon_ws/install/srdfdom:/home/ugv-c7/CodeWorkspace/UGV-Robot/ros2_humble_colcon_ws/install/moveit_resources_pr2_description:/home/ugv-c7/CodeWorkspace/UGV-Robot/ros2_humble_colcon_ws/install/moveit_resources_panda_description:/home/ugv-c7/CodeWorkspace/UGV-Robot/ros2_humble_colcon_ws/install/moveit_common:${AMENT_PREFIX_PATH} CMAKE_PREFIX_PATH=/home/ugv-c7/CodeWorkspace/UGV-Robot/ros2_humble_colcon_ws/install/moveit_core:/home/ugv-c7/CodeWorkspace/UGV-Robot/ros2_humble_colcon_ws/install/moveit_resources_panda_moveit_config:/home/ugv-c7/CodeWorkspace/UGV-Robot/ros2_humble_colcon_ws/install/srdfdom:/home/ugv-c7/CodeWorkspace/UGV-Robot/ros2_humble_colcon_ws/install/moveit_resources_pr2_description:/home/ugv-c7/CodeWorkspace/UGV-Robot/ros2_humble_colcon_ws/install/moveit_resources_panda_description:/home/ugv-c7/CodeWorkspace/UGV-Robot/ros2_humble_colcon_ws/install/moveit_common:/home/ugv-c7/CodeWorkspace/UGV-Robot/ros2_humble_colcon_ws/install/app_bringup:/home/ugv-c7/CodeWorkspace/UGV-Robot/ros2_humble_colcon_ws/install/py_pub_sub:/opt/ros/humble LD_LIBRARY_PATH=/home/ugv-c7/CodeWorkspace/UGV-Robot/ros2_humble_colcon_ws/install/moveit_core/lib:/home/ugv-c7/CodeWorkspace/UGV-Robot/ros2_humble_colcon_ws/install/srdfdom/lib:${LD_LIBRARY_PATH} PATH=/home/ugv-c7/CodeWorkspace/UGV-Robot/ros2_humble_colcon_ws/install/moveit_core/bin:${PATH} PYTHONPATH=/home/ugv-c7/CodeWorkspace/UGV-Robot/ros2_humble_colcon_ws/install/srdfdom/local/lib/python3.10/dist-packages:${PYTHONPATH} /usr/bin/cmake --build /home/ugv-c7/CodeWorkspace/UGV-Robot/ros2_humble_colcon_ws/build/moveit_simple_controller_manager -- -j6 -l6
[688.062s] DEBUG:colcon.colcon_core.event_handler.log_command:Invoked command in '/home/ugv-c7/CodeWorkspace/UGV-Robot/ros2_humble_colcon_ws/build/moveit_ros_occupancy_map_monitor' returned '0': AMENT_PREFIX_PATH=/home/ugv-c7/CodeWorkspace/UGV-Robot/ros2_humble_colcon_ws/install/moveit_core:/home/ugv-c7/CodeWorkspace/UGV-Robot/ros2_humble_colcon_ws/install/moveit_resources_panda_moveit_config:/home/ugv-c7/CodeWorkspace/UGV-Robot/ros2_humble_colcon_ws/install/srdfdom:/home/ugv-c7/CodeWorkspace/UGV-Robot/ros2_humble_colcon_ws/install/moveit_resources_pr2_description:/home/ugv-c7/CodeWorkspace/UGV-Robot/ros2_humble_colcon_ws/install/moveit_resources_panda_description:/home/ugv-c7/CodeWorkspace/UGV-Robot/ros2_humble_colcon_ws/install/moveit_common:${AMENT_PREFIX_PATH} CMAKE_PREFIX_PATH=/home/ugv-c7/CodeWorkspace/UGV-Robot/ros2_humble_colcon_ws/install/moveit_core:/home/ugv-c7/CodeWorkspace/UGV-Robot/ros2_humble_colcon_ws/install/moveit_resources_panda_moveit_config:/home/ugv-c7/CodeWorkspace/UGV-Robot/ros2_humble_colcon_ws/install/srdfdom:/home/ugv-c7/CodeWorkspace/UGV-Robot/ros2_humble_colcon_ws/install/moveit_resources_pr2_description:/home/ugv-c7/CodeWorkspace/UGV-Robot/ros2_humble_colcon_ws/install/moveit_resources_panda_description:/home/ugv-c7/CodeWorkspace/UGV-Robot/ros2_humble_colcon_ws/install/moveit_common:/home/ugv-c7/CodeWorkspace/UGV-Robot/ros2_humble_colcon_ws/install/app_bringup:/home/ugv-c7/CodeWorkspace/UGV-Robot/ros2_humble_colcon_ws/install/py_pub_sub:/opt/ros/humble LD_LIBRARY_PATH=/home/ugv-c7/CodeWorkspace/UGV-Robot/ros2_humble_colcon_ws/install/moveit_core/lib:/home/ugv-c7/CodeWorkspace/UGV-Robot/ros2_humble_colcon_ws/install/srdfdom/lib:${LD_LIBRARY_PATH} PATH=/home/ugv-c7/CodeWorkspace/UGV-Robot/ros2_humble_colcon_ws/install/moveit_core/bin:${PATH} PYTHONPATH=/home/ugv-c7/CodeWorkspace/UGV-Robot/ros2_humble_colcon_ws/install/srdfdom/local/lib/python3.10/dist-packages:${PYTHONPATH} /usr/bin/cmake /home/ugv-c7/CodeWorkspace/UGV-Robot/ros2_humble_colcon_ws/src/moveit2/moveit_ros/occupancy_map_monitor -DCMAKE_INSTALL_PREFIX=/home/ugv-c7/CodeWorkspace/UGV-Robot/ros2_humble_colcon_ws/install/moveit_ros_occupancy_map_monitor
[688.063s] DEBUG:colcon.colcon_core.event_handler.log_command:Invoking command in '/home/ugv-c7/CodeWorkspace/UGV-Robot/ros2_humble_colcon_ws/build/moveit_ros_occupancy_map_monitor': AMENT_PREFIX_PATH=/home/ugv-c7/CodeWorkspace/UGV-Robot/ros2_humble_colcon_ws/install/moveit_core:/home/ugv-c7/CodeWorkspace/UGV-Robot/ros2_humble_colcon_ws/install/moveit_resources_panda_moveit_config:/home/ugv-c7/CodeWorkspace/UGV-Robot/ros2_humble_colcon_ws/install/srdfdom:/home/ugv-c7/CodeWorkspace/UGV-Robot/ros2_humble_colcon_ws/install/moveit_resources_pr2_description:/home/ugv-c7/CodeWorkspace/UGV-Robot/ros2_humble_colcon_ws/install/moveit_resources_panda_description:/home/ugv-c7/CodeWorkspace/UGV-Robot/ros2_humble_colcon_ws/install/moveit_common:${AMENT_PREFIX_PATH} CMAKE_PREFIX_PATH=/home/ugv-c7/CodeWorkspace/UGV-Robot/ros2_humble_colcon_ws/install/moveit_core:/home/ugv-c7/CodeWorkspace/UGV-Robot/ros2_humble_colcon_ws/install/moveit_resources_panda_moveit_config:/home/ugv-c7/CodeWorkspace/UGV-Robot/ros2_humble_colcon_ws/install/srdfdom:/home/ugv-c7/CodeWorkspace/UGV-Robot/ros2_humble_colcon_ws/install/moveit_resources_pr2_description:/home/ugv-c7/CodeWorkspace/UGV-Robot/ros2_humble_colcon_ws/install/moveit_resources_panda_description:/home/ugv-c7/CodeWorkspace/UGV-Robot/ros2_humble_colcon_ws/install/moveit_common:/home/ugv-c7/CodeWorkspace/UGV-Robot/ros2_humble_colcon_ws/install/app_bringup:/home/ugv-c7/CodeWorkspace/UGV-Robot/ros2_humble_colcon_ws/install/py_pub_sub:/opt/ros/humble LD_LIBRARY_PATH=/home/ugv-c7/CodeWorkspace/UGV-Robot/ros2_humble_colcon_ws/install/moveit_core/lib:/home/ugv-c7/CodeWorkspace/UGV-Robot/ros2_humble_colcon_ws/install/srdfdom/lib:${LD_LIBRARY_PATH} PATH=/home/ugv-c7/CodeWorkspace/UGV-Robot/ros2_humble_colcon_ws/install/moveit_core/bin:${PATH} PYTHONPATH=/home/ugv-c7/CodeWorkspace/UGV-Robot/ros2_humble_colcon_ws/install/srdfdom/local/lib/python3.10/dist-packages:${PYTHONPATH} /usr/bin/cmake --build /home/ugv-c7/CodeWorkspace/UGV-Robot/ros2_humble_colcon_ws/build/moveit_ros_occupancy_map_monitor -- -j6 -l6
