[0.031s] Invoking command in '/home/ugv-c7/CodeWorkspace/UGV-Robot/ros2_humble_colcon_ws/build/moveit_task_constructor_msgs': CMAKE_PREFIX_PATH=/opt/ros/humble /usr/bin/cmake /home/ugv-c7/CodeWorkspace/UGV-Robot/ros2_humble_colcon_ws/src/moveit_task_constructor/msgs -DCMAKE_BUILD_TYPE=Release -DCMAKE_INSTALL_PREFIX=/home/ugv-c7/CodeWorkspace/UGV-Robot/ros2_humble_colcon_ws/install/moveit_task_constructor_msgs
[0.069s] -- Found ament_cmake: 1.3.11 (/opt/ros/humble/share/ament_cmake/cmake)
[0.396s] -- Found builtin_interfaces: 1.2.1 (/opt/ros/humble/share/builtin_interfaces/cmake)
[0.512s] -- Found rosidl_generator_c: 3.1.6 (/opt/ros/humble/share/rosidl_generator_c/cmake)
[0.521s] -- Found rosidl_adapter: 3.1.6 (/opt/ros/humble/share/rosidl_adapter/cmake)
[0.545s] -- Found rosidl_generator_cpp: 3.1.6 (/opt/ros/humble/share/rosidl_generator_cpp/cmake)
[0.581s] -- Using all available rosidl_typesupport_c: rosidl_typesupport_fastrtps_c;rosidl_typesupport_introspection_c
[0.627s] -- Using all available rosidl_typesupport_cpp: rosidl_typesupport_fastrtps_cpp;rosidl_typesupport_introspection_cpp
[0.666s] -- Found moveit_msgs: 2.2.1 (/opt/ros/humble/share/moveit_msgs/cmake)
[1.121s] -- Found rosidl_default_generators: 1.2.0 (/opt/ros/humble/share/rosidl_default_generators/cmake)
[1.141s] -- Found visualization_msgs: 4.2.4 (/opt/ros/humble/share/visualization_msgs/cmake)
[2.296s] -- Found ament_cmake_ros: 0.10.0 (/opt/ros/humble/share/ament_cmake_ros/cmake)
[3.980s] -- Using all available rosidl_typesupport_c: rosidl_typesupport_fastrtps_c;rosidl_typesupport_introspection_c
[4.641s] -- Using all available rosidl_typesupport_cpp: rosidl_typesupport_fastrtps_cpp;rosidl_typesupport_introspection_cpp
[4.710s] -- Found python_cmake_module: 0.10.0 (/opt/ros/humble/share/python_cmake_module/cmake)
[4.782s] -- Using PYTHON_EXECUTABLE: /usr/bin/python3
[4.783s] -- Using PYTHON_INCLUDE_DIRS: /usr/include/python3.10
[4.783s] -- Using PYTHON_LIBRARIES: /usr/lib/aarch64-linux-gnu/libpython3.10.so
[5.076s] -- Configuring done
[5.469s] -- Generating done
[5.533s] -- Build files have been written to: /home/ugv-c7/CodeWorkspace/UGV-Robot/ros2_humble_colcon_ws/build/moveit_task_constructor_msgs
[5.568s] Invoked command in '/home/ugv-c7/CodeWorkspace/UGV-Robot/ros2_humble_colcon_ws/build/moveit_task_constructor_msgs' returned '0': CMAKE_PREFIX_PATH=/opt/ros/humble /usr/bin/cmake /home/ugv-c7/CodeWorkspace/UGV-Robot/ros2_humble_colcon_ws/src/moveit_task_constructor/msgs -DCMAKE_BUILD_TYPE=Release -DCMAKE_INSTALL_PREFIX=/home/ugv-c7/CodeWorkspace/UGV-Robot/ros2_humble_colcon_ws/install/moveit_task_constructor_msgs
[5.574s] Invoking command in '/home/ugv-c7/CodeWorkspace/UGV-Robot/ros2_humble_colcon_ws/build/moveit_task_constructor_msgs': CMAKE_PREFIX_PATH=/opt/ros/humble /usr/bin/cmake --build /home/ugv-c7/CodeWorkspace/UGV-Robot/ros2_humble_colcon_ws/build/moveit_task_constructor_msgs -- -j6 -l6
[5.697s] [35m[1mConsolidate compiler generated dependencies of target moveit_task_constructor_msgs__rosidl_generator_c[0m
[5.714s] [  0%] Built target moveit_task_constructor_msgs__cpp
[5.766s] [  1%] [32mBuilding C object CMakeFiles/moveit_task_constructor_msgs__rosidl_generator_c.dir/rosidl_generator_c/moveit_task_constructor_msgs/msg/detail/property__functions.c.o[0m
[5.789s] [35m[1mConsolidate compiler generated dependencies of target moveit_task_constructor_msgs__rosidl_typesupport_cpp[0m
[5.791s] [35m[1mConsolidate compiler generated dependencies of target moveit_task_constructor_msgs__rosidl_typesupport_introspection_cpp[0m
[5.793s] [35m[1mConsolidate compiler generated dependencies of target moveit_task_constructor_msgs__rosidl_typesupport_fastrtps_cpp[0m
[5.804s] [  1%] Built target ament_cmake_python_copy_moveit_task_constructor_msgs
[5.831s] [  2%] [32mBuilding C object CMakeFiles/moveit_task_constructor_msgs__rosidl_generator_c.dir/rosidl_generator_c/moveit_task_constructor_msgs/msg/detail/solution__functions.c.o[0m
[6.110s] [  4%] [32mBuilding CXX object CMakeFiles/moveit_task_constructor_msgs__rosidl_typesupport_introspection_cpp.dir/rosidl_typesupport_introspection_cpp/moveit_task_constructor_msgs/msg/detail/property__type_support.cpp.o[0m
[6.110s] [  4%] [32mBuilding CXX object CMakeFiles/moveit_task_constructor_msgs__rosidl_typesupport_cpp.dir/rosidl_typesupport_cpp/moveit_task_constructor_msgs/msg/property__type_support.cpp.o[0m
[6.111s] [  4%] [32mBuilding CXX object CMakeFiles/moveit_task_constructor_msgs__rosidl_typesupport_fastrtps_cpp.dir/rosidl_typesupport_fastrtps_cpp/moveit_task_constructor_msgs/msg/detail/dds_fastrtps/property__type_support.cpp.o[0m
[6.452s] running egg_info
[6.454s] writing moveit_task_constructor_msgs.egg-info/PKG-INFO
[6.454s] writing dependency_links to moveit_task_constructor_msgs.egg-info/dependency_links.txt
[6.455s] writing top-level names to moveit_task_constructor_msgs.egg-info/top_level.txt
[6.461s] reading manifest file 'moveit_task_constructor_msgs.egg-info/SOURCES.txt'
[6.466s] writing manifest file 'moveit_task_constructor_msgs.egg-info/SOURCES.txt'
[6.588s] [  4%] Built target ament_cmake_python_build_moveit_task_constructor_msgs_egg
[6.613s] [  5%] [32mBuilding CXX object CMakeFiles/moveit_task_constructor_msgs__rosidl_typesupport_cpp.dir/rosidl_typesupport_cpp/moveit_task_constructor_msgs/msg/solution__type_support.cpp.o[0m
[6.847s] [  7%] [32mBuilding CXX object CMakeFiles/moveit_task_constructor_msgs__rosidl_typesupport_fastrtps_cpp.dir/rosidl_typesupport_fastrtps_cpp/moveit_task_constructor_msgs/msg/detail/dds_fastrtps/solution__type_support.cpp.o[0m
[6.847s] [  7%] [32mBuilding C object CMakeFiles/moveit_task_constructor_msgs__rosidl_generator_c.dir/rosidl_generator_c/moveit_task_constructor_msgs/msg/detail/solution_info__functions.c.o[0m
[7.179s] [  7%] [32mBuilding C object CMakeFiles/moveit_task_constructor_msgs__rosidl_generator_c.dir/rosidl_generator_c/moveit_task_constructor_msgs/msg/detail/stage_description__functions.c.o[0m
[7.451s] [  8%] [32mBuilding C object CMakeFiles/moveit_task_constructor_msgs__rosidl_generator_c.dir/rosidl_generator_c/moveit_task_constructor_msgs/msg/detail/stage_statistics__functions.c.o[0m
[7.503s] [  9%] [32mBuilding C object CMakeFiles/moveit_task_constructor_msgs__rosidl_generator_c.dir/rosidl_generator_c/moveit_task_constructor_msgs/msg/detail/sub_solution__functions.c.o[0m
[7.615s] [ 10%] [32mBuilding CXX object CMakeFiles/moveit_task_constructor_msgs__rosidl_typesupport_cpp.dir/rosidl_typesupport_cpp/moveit_task_constructor_msgs/msg/solution_info__type_support.cpp.o[0m
[7.744s] [ 11%] [32mBuilding C object CMakeFiles/moveit_task_constructor_msgs__rosidl_generator_c.dir/rosidl_generator_c/moveit_task_constructor_msgs/msg/detail/sub_trajectory__functions.c.o[0m
[7.802s] [ 12%] [32mBuilding CXX object CMakeFiles/moveit_task_constructor_msgs__rosidl_typesupport_introspection_cpp.dir/rosidl_typesupport_introspection_cpp/moveit_task_constructor_msgs/msg/detail/solution__type_support.cpp.o[0m
[7.920s] [ 13%] [32mBuilding CXX object CMakeFiles/moveit_task_constructor_msgs__rosidl_typesupport_introspection_cpp.dir/rosidl_typesupport_introspection_cpp/moveit_task_constructor_msgs/msg/detail/solution_info__type_support.cpp.o[0m
[8.065s] [ 14%] [32mBuilding C object CMakeFiles/moveit_task_constructor_msgs__rosidl_generator_c.dir/rosidl_generator_c/moveit_task_constructor_msgs/msg/detail/task_description__functions.c.o[0m
[8.114s] [ 15%] [32mBuilding CXX object CMakeFiles/moveit_task_constructor_msgs__rosidl_typesupport_fastrtps_cpp.dir/rosidl_typesupport_fastrtps_cpp/moveit_task_constructor_msgs/msg/detail/dds_fastrtps/solution_info__type_support.cpp.o[0m
[8.360s] [ 16%] [32mBuilding C object CMakeFiles/moveit_task_constructor_msgs__rosidl_generator_c.dir/rosidl_generator_c/moveit_task_constructor_msgs/msg/detail/task_statistics__functions.c.o[0m
[8.531s] [ 17%] [32mBuilding CXX object CMakeFiles/moveit_task_constructor_msgs__rosidl_typesupport_cpp.dir/rosidl_typesupport_cpp/moveit_task_constructor_msgs/msg/stage_description__type_support.cpp.o[0m
[8.655s] [ 17%] [32mBuilding C object CMakeFiles/moveit_task_constructor_msgs__rosidl_generator_c.dir/rosidl_generator_c/moveit_task_constructor_msgs/msg/detail/trajectory_execution_info__functions.c.o[0m
[8.939s] [ 18%] [32mBuilding C object CMakeFiles/moveit_task_constructor_msgs__rosidl_generator_c.dir/rosidl_generator_c/moveit_task_constructor_msgs/srv/detail/get_solution__functions.c.o[0m
[9.396s] [ 19%] [32mBuilding C object CMakeFiles/moveit_task_constructor_msgs__rosidl_generator_c.dir/rosidl_generator_c/moveit_task_constructor_msgs/action/detail/execute_task_solution__functions.c.o[0m
[9.442s] [ 19%] [32mBuilding CXX object CMakeFiles/moveit_task_constructor_msgs__rosidl_typesupport_cpp.dir/rosidl_typesupport_cpp/moveit_task_constructor_msgs/msg/stage_statistics__type_support.cpp.o[0m
[10.214s] [ 20%] [32mBuilding CXX object CMakeFiles/moveit_task_constructor_msgs__rosidl_typesupport_fastrtps_cpp.dir/rosidl_typesupport_fastrtps_cpp/moveit_task_constructor_msgs/msg/detail/dds_fastrtps/stage_description__type_support.cpp.o[0m
[10.254s] [ 21%] [32mBuilding CXX object CMakeFiles/moveit_task_constructor_msgs__rosidl_typesupport_introspection_cpp.dir/rosidl_typesupport_introspection_cpp/moveit_task_constructor_msgs/msg/detail/stage_description__type_support.cpp.o[0m
[10.371s] [ 22%] [32mBuilding CXX object CMakeFiles/moveit_task_constructor_msgs__rosidl_typesupport_cpp.dir/rosidl_typesupport_cpp/moveit_task_constructor_msgs/msg/sub_solution__type_support.cpp.o[0m
[10.827s] [ 23%] [32m[1mLinking C shared library libmoveit_task_constructor_msgs__rosidl_generator_c.so[0m
[10.963s] [ 24%] [32mBuilding CXX object CMakeFiles/moveit_task_constructor_msgs__rosidl_typesupport_fastrtps_cpp.dir/rosidl_typesupport_fastrtps_cpp/moveit_task_constructor_msgs/msg/detail/dds_fastrtps/stage_statistics__type_support.cpp.o[0m
[11.062s] [ 25%] Built target moveit_task_constructor_msgs__rosidl_generator_c
[11.091s] [ 26%] [32mBuilding CXX object CMakeFiles/moveit_task_constructor_msgs__rosidl_typesupport_cpp.dir/rosidl_typesupport_cpp/moveit_task_constructor_msgs/msg/sub_trajectory__type_support.cpp.o[0m
[11.299s] [ 27%] [32mBuilding CXX object CMakeFiles/moveit_task_constructor_msgs__rosidl_typesupport_introspection_cpp.dir/rosidl_typesupport_introspection_cpp/moveit_task_constructor_msgs/msg/detail/stage_statistics__type_support.cpp.o[0m
[12.012s] [ 27%] [32mBuilding CXX object CMakeFiles/moveit_task_constructor_msgs__rosidl_typesupport_fastrtps_cpp.dir/rosidl_typesupport_fastrtps_cpp/moveit_task_constructor_msgs/msg/detail/dds_fastrtps/sub_solution__type_support.cpp.o[0m
[12.039s] [35m[1mConsolidate compiler generated dependencies of target moveit_task_constructor_msgs__rosidl_typesupport_fastrtps_c[0m
[12.109s] [ 29%] [32mBuilding CXX object CMakeFiles/moveit_task_constructor_msgs__rosidl_typesupport_fastrtps_c.dir/rosidl_typesupport_fastrtps_c/moveit_task_constructor_msgs/msg/detail/property__type_support_c.cpp.o[0m
[12.110s] [ 29%] [32mBuilding CXX object CMakeFiles/moveit_task_constructor_msgs__rosidl_typesupport_cpp.dir/rosidl_typesupport_cpp/moveit_task_constructor_msgs/msg/task_description__type_support.cpp.o[0m
[12.480s] [ 30%] [32mBuilding CXX object CMakeFiles/moveit_task_constructor_msgs__rosidl_typesupport_fastrtps_cpp.dir/rosidl_typesupport_fastrtps_cpp/moveit_task_constructor_msgs/msg/detail/dds_fastrtps/sub_trajectory__type_support.cpp.o[0m
[12.737s] [ 31%] [32mBuilding CXX object CMakeFiles/moveit_task_constructor_msgs__rosidl_typesupport_introspection_cpp.dir/rosidl_typesupport_introspection_cpp/moveit_task_constructor_msgs/msg/detail/sub_solution__type_support.cpp.o[0m
[13.034s] [ 32%] [32mBuilding CXX object CMakeFiles/moveit_task_constructor_msgs__rosidl_typesupport_cpp.dir/rosidl_typesupport_cpp/moveit_task_constructor_msgs/msg/task_statistics__type_support.cpp.o[0m
[13.406s] [ 33%] [32mBuilding CXX object CMakeFiles/moveit_task_constructor_msgs__rosidl_typesupport_fastrtps_c.dir/rosidl_typesupport_fastrtps_c/moveit_task_constructor_msgs/msg/detail/solution__type_support_c.cpp.o[0m
[13.556s] [ 33%] [32mBuilding CXX object CMakeFiles/moveit_task_constructor_msgs__rosidl_typesupport_fastrtps_c.dir/rosidl_typesupport_fastrtps_c/moveit_task_constructor_msgs/msg/detail/solution_info__type_support_c.cpp.o[0m
[13.950s] [ 34%] [32mBuilding CXX object CMakeFiles/moveit_task_constructor_msgs__rosidl_typesupport_cpp.dir/rosidl_typesupport_cpp/moveit_task_constructor_msgs/msg/trajectory_execution_info__type_support.cpp.o[0m
[14.044s] [ 35%] [32mBuilding CXX object CMakeFiles/moveit_task_constructor_msgs__rosidl_typesupport_fastrtps_cpp.dir/rosidl_typesupport_fastrtps_cpp/moveit_task_constructor_msgs/msg/detail/dds_fastrtps/task_description__type_support.cpp.o[0m
[14.360s] [ 36%] [32mBuilding CXX object CMakeFiles/moveit_task_constructor_msgs__rosidl_typesupport_fastrtps_cpp.dir/rosidl_typesupport_fastrtps_cpp/moveit_task_constructor_msgs/msg/detail/dds_fastrtps/task_statistics__type_support.cpp.o[0m
[14.674s] [ 36%] [32mBuilding CXX object CMakeFiles/moveit_task_constructor_msgs__rosidl_typesupport_cpp.dir/rosidl_typesupport_cpp/moveit_task_constructor_msgs/srv/get_solution__type_support.cpp.o[0m
[14.866s] [ 37%] [32mBuilding CXX object CMakeFiles/moveit_task_constructor_msgs__rosidl_typesupport_fastrtps_cpp.dir/rosidl_typesupport_fastrtps_cpp/moveit_task_constructor_msgs/msg/detail/dds_fastrtps/trajectory_execution_info__type_support.cpp.o[0m
[14.884s] [ 38%] [32mBuilding CXX object CMakeFiles/moveit_task_constructor_msgs__rosidl_typesupport_fastrtps_c.dir/rosidl_typesupport_fastrtps_c/moveit_task_constructor_msgs/msg/detail/stage_description__type_support_c.cpp.o[0m
[15.614s] [ 39%] [32mBuilding CXX object CMakeFiles/moveit_task_constructor_msgs__rosidl_typesupport_cpp.dir/rosidl_typesupport_cpp/moveit_task_constructor_msgs/action/execute_task_solution__type_support.cpp.o[0m
[15.787s] [ 40%] [32mBuilding CXX object CMakeFiles/moveit_task_constructor_msgs__rosidl_typesupport_fastrtps_cpp.dir/rosidl_typesupport_fastrtps_cpp/moveit_task_constructor_msgs/srv/detail/dds_fastrtps/get_solution__type_support.cpp.o[0m
[15.970s] [ 40%] [32mBuilding CXX object CMakeFiles/moveit_task_constructor_msgs__rosidl_typesupport_fastrtps_cpp.dir/rosidl_typesupport_fastrtps_cpp/moveit_task_constructor_msgs/action/detail/dds_fastrtps/execute_task_solution__type_support.cpp.o[0m
[16.143s] [ 41%] [32mBuilding CXX object CMakeFiles/moveit_task_constructor_msgs__rosidl_typesupport_fastrtps_c.dir/rosidl_typesupport_fastrtps_c/moveit_task_constructor_msgs/msg/detail/stage_statistics__type_support_c.cpp.o[0m
[16.504s] [ 42%] [32mBuilding CXX object CMakeFiles/moveit_task_constructor_msgs__rosidl_typesupport_fastrtps_c.dir/rosidl_typesupport_fastrtps_c/moveit_task_constructor_msgs/msg/detail/sub_solution__type_support_c.cpp.o[0m
[17.262s] [ 43%] [32mBuilding CXX object CMakeFiles/moveit_task_constructor_msgs__rosidl_typesupport_fastrtps_c.dir/rosidl_typesupport_fastrtps_c/moveit_task_constructor_msgs/msg/detail/sub_trajectory__type_support_c.cpp.o[0m
[17.348s] [ 44%] [32m[1mLinking CXX shared library libmoveit_task_constructor_msgs__rosidl_typesupport_cpp.so[0m
[17.438s] [ 45%] [32mBuilding CXX object CMakeFiles/moveit_task_constructor_msgs__rosidl_typesupport_fastrtps_c.dir/rosidl_typesupport_fastrtps_c/moveit_task_constructor_msgs/msg/detail/task_description__type_support_c.cpp.o[0m
[17.498s] [ 46%] Built target moveit_task_constructor_msgs__rosidl_typesupport_cpp
[17.549s] [35m[1mConsolidate compiler generated dependencies of target moveit_task_constructor_msgs__rosidl_typesupport_introspection_c[0m
[17.599s] [ 47%] [32mBuilding C object CMakeFiles/moveit_task_constructor_msgs__rosidl_typesupport_introspection_c.dir/rosidl_typesupport_introspection_c/moveit_task_constructor_msgs/msg/detail/property__type_support.c.o[0m
[17.715s] [ 48%] [32mBuilding C object CMakeFiles/moveit_task_constructor_msgs__rosidl_typesupport_introspection_c.dir/rosidl_typesupport_introspection_c/moveit_task_constructor_msgs/msg/detail/solution__type_support.c.o[0m
[17.737s] [ 49%] [32mBuilding C object CMakeFiles/moveit_task_constructor_msgs__rosidl_typesupport_introspection_c.dir/rosidl_typesupport_introspection_c/moveit_task_constructor_msgs/msg/detail/solution_info__type_support.c.o[0m
[17.906s] [ 49%] [32mBuilding CXX object CMakeFiles/moveit_task_constructor_msgs__rosidl_typesupport_fastrtps_c.dir/rosidl_typesupport_fastrtps_c/moveit_task_constructor_msgs/msg/detail/task_statistics__type_support_c.cpp.o[0m
[17.940s] [ 49%] [32mBuilding C object CMakeFiles/moveit_task_constructor_msgs__rosidl_typesupport_introspection_c.dir/rosidl_typesupport_introspection_c/moveit_task_constructor_msgs/msg/detail/stage_description__type_support.c.o[0m
[18.019s] [ 49%] [32mBuilding CXX object CMakeFiles/moveit_task_constructor_msgs__rosidl_typesupport_introspection_cpp.dir/rosidl_typesupport_introspection_cpp/moveit_task_constructor_msgs/msg/detail/sub_trajectory__type_support.cpp.o[0m
[18.107s] [ 50%] [32mBuilding C object CMakeFiles/moveit_task_constructor_msgs__rosidl_typesupport_introspection_c.dir/rosidl_typesupport_introspection_c/moveit_task_constructor_msgs/msg/detail/stage_statistics__type_support.c.o[0m
[18.298s] [ 51%] [32mBuilding C object CMakeFiles/moveit_task_constructor_msgs__rosidl_typesupport_introspection_c.dir/rosidl_typesupport_introspection_c/moveit_task_constructor_msgs/msg/detail/sub_solution__type_support.c.o[0m
[18.382s] [ 52%] [32m[1mLinking CXX shared library libmoveit_task_constructor_msgs__rosidl_typesupport_fastrtps_cpp.so[0m
[18.445s] [ 53%] [32mBuilding C object CMakeFiles/moveit_task_constructor_msgs__rosidl_typesupport_introspection_c.dir/rosidl_typesupport_introspection_c/moveit_task_constructor_msgs/msg/detail/sub_trajectory__type_support.c.o[0m
[18.473s] [ 54%] [32mBuilding CXX object CMakeFiles/moveit_task_constructor_msgs__rosidl_typesupport_introspection_cpp.dir/rosidl_typesupport_introspection_cpp/moveit_task_constructor_msgs/msg/detail/task_description__type_support.cpp.o[0m
[18.606s] [ 55%] [32mBuilding C object CMakeFiles/moveit_task_constructor_msgs__rosidl_typesupport_introspection_c.dir/rosidl_typesupport_introspection_c/moveit_task_constructor_msgs/msg/detail/task_description__type_support.c.o[0m
[18.717s] [ 55%] Built target moveit_task_constructor_msgs__rosidl_typesupport_fastrtps_cpp
[18.751s] [ 56%] [32mBuilding CXX object CMakeFiles/moveit_task_constructor_msgs__rosidl_typesupport_fastrtps_c.dir/rosidl_typesupport_fastrtps_c/moveit_task_constructor_msgs/msg/detail/trajectory_execution_info__type_support_c.cpp.o[0m
[18.761s] [35m[1mConsolidate compiler generated dependencies of target moveit_task_constructor_msgs__rosidl_typesupport_c[0m
[18.762s] [ 57%] [32mBuilding C object CMakeFiles/moveit_task_constructor_msgs__rosidl_typesupport_introspection_c.dir/rosidl_typesupport_introspection_c/moveit_task_constructor_msgs/msg/detail/task_statistics__type_support.c.o[0m
[18.805s] [ 58%] [32mBuilding CXX object CMakeFiles/moveit_task_constructor_msgs__rosidl_typesupport_c.dir/rosidl_typesupport_c/moveit_task_constructor_msgs/msg/property__type_support.cpp.o[0m
[18.906s] [ 58%] [32mBuilding CXX object CMakeFiles/moveit_task_constructor_msgs__rosidl_typesupport_c.dir/rosidl_typesupport_c/moveit_task_constructor_msgs/msg/solution__type_support.cpp.o[0m
[18.935s] [ 59%] [32mBuilding C object CMakeFiles/moveit_task_constructor_msgs__rosidl_typesupport_introspection_c.dir/rosidl_typesupport_introspection_c/moveit_task_constructor_msgs/msg/detail/trajectory_execution_info__type_support.c.o[0m
[19.032s] [ 60%] [32mBuilding CXX object CMakeFiles/moveit_task_constructor_msgs__rosidl_typesupport_c.dir/rosidl_typesupport_c/moveit_task_constructor_msgs/msg/solution_info__type_support.cpp.o[0m
[19.094s] [ 60%] [32mBuilding C object CMakeFiles/moveit_task_constructor_msgs__rosidl_typesupport_introspection_c.dir/rosidl_typesupport_introspection_c/moveit_task_constructor_msgs/srv/detail/get_solution__type_support.c.o[0m
[19.142s] [ 61%] [32mBuilding CXX object CMakeFiles/moveit_task_constructor_msgs__rosidl_typesupport_c.dir/rosidl_typesupport_c/moveit_task_constructor_msgs/msg/stage_description__type_support.cpp.o[0m
[19.150s] [ 62%] [32mBuilding CXX object CMakeFiles/moveit_task_constructor_msgs__rosidl_typesupport_introspection_cpp.dir/rosidl_typesupport_introspection_cpp/moveit_task_constructor_msgs/msg/detail/task_statistics__type_support.cpp.o[0m
[19.247s] [ 63%] [32mBuilding CXX object CMakeFiles/moveit_task_constructor_msgs__rosidl_typesupport_c.dir/rosidl_typesupport_c/moveit_task_constructor_msgs/msg/stage_statistics__type_support.cpp.o[0m
[19.287s] [ 64%] [32mBuilding C object CMakeFiles/moveit_task_constructor_msgs__rosidl_typesupport_introspection_c.dir/rosidl_typesupport_introspection_c/moveit_task_constructor_msgs/action/detail/execute_task_solution__type_support.c.o[0m
[19.349s] [ 65%] [32mBuilding CXX object CMakeFiles/moveit_task_constructor_msgs__rosidl_typesupport_c.dir/rosidl_typesupport_c/moveit_task_constructor_msgs/msg/sub_solution__type_support.cpp.o[0m
[19.461s] [ 66%] [32mBuilding CXX object CMakeFiles/moveit_task_constructor_msgs__rosidl_typesupport_c.dir/rosidl_typesupport_c/moveit_task_constructor_msgs/msg/sub_trajectory__type_support.cpp.o[0m
[19.590s] [ 66%] [32mBuilding CXX object CMakeFiles/moveit_task_constructor_msgs__rosidl_typesupport_c.dir/rosidl_typesupport_c/moveit_task_constructor_msgs/msg/task_description__type_support.cpp.o[0m
[19.591s] [ 67%] [32m[1mLinking C shared library libmoveit_task_constructor_msgs__rosidl_typesupport_introspection_c.so[0m
[19.694s] [ 68%] [32mBuilding CXX object CMakeFiles/moveit_task_constructor_msgs__rosidl_typesupport_c.dir/rosidl_typesupport_c/moveit_task_constructor_msgs/msg/task_statistics__type_support.cpp.o[0m
[19.783s] [ 69%] Built target moveit_task_constructor_msgs__rosidl_typesupport_introspection_c
[19.810s] [ 71%] [32mBuilding CXX object CMakeFiles/moveit_task_constructor_msgs__rosidl_typesupport_c.dir/rosidl_typesupport_c/moveit_task_constructor_msgs/msg/trajectory_execution_info__type_support.cpp.o[0m
[19.810s] [ 71%] [32mBuilding CXX object CMakeFiles/moveit_task_constructor_msgs__rosidl_typesupport_introspection_cpp.dir/rosidl_typesupport_introspection_cpp/moveit_task_constructor_msgs/msg/detail/trajectory_execution_info__type_support.cpp.o[0m
[19.921s] [ 72%] [32mBuilding CXX object CMakeFiles/moveit_task_constructor_msgs__rosidl_typesupport_c.dir/rosidl_typesupport_c/moveit_task_constructor_msgs/srv/get_solution__type_support.cpp.o[0m
[20.003s] [ 73%] [32mBuilding CXX object CMakeFiles/moveit_task_constructor_msgs__rosidl_typesupport_fastrtps_c.dir/rosidl_typesupport_fastrtps_c/moveit_task_constructor_msgs/srv/detail/get_solution__type_support_c.cpp.o[0m
[20.055s] [ 74%] [32mBuilding CXX object CMakeFiles/moveit_task_constructor_msgs__rosidl_typesupport_c.dir/rosidl_typesupport_c/moveit_task_constructor_msgs/action/execute_task_solution__type_support.cpp.o[0m
[20.292s] [ 75%] [32m[1mLinking CXX shared library libmoveit_task_constructor_msgs__rosidl_typesupport_c.so[0m
[20.441s] [ 76%] Built target moveit_task_constructor_msgs__rosidl_typesupport_c
[20.468s] [ 77%] [32mBuilding CXX object CMakeFiles/moveit_task_constructor_msgs__rosidl_typesupport_fastrtps_c.dir/rosidl_typesupport_fastrtps_c/moveit_task_constructor_msgs/action/detail/execute_task_solution__type_support_c.cpp.o[0m
[20.513s] [ 78%] [32mBuilding CXX object CMakeFiles/moveit_task_constructor_msgs__rosidl_typesupport_introspection_cpp.dir/rosidl_typesupport_introspection_cpp/moveit_task_constructor_msgs/srv/detail/get_solution__type_support.cpp.o[0m
[20.722s] [ 79%] [32mBuilding CXX object CMakeFiles/moveit_task_constructor_msgs__rosidl_typesupport_introspection_cpp.dir/rosidl_typesupport_introspection_cpp/moveit_task_constructor_msgs/action/detail/execute_task_solution__type_support.cpp.o[0m
[21.981s] [ 80%] [32m[1mLinking CXX shared library libmoveit_task_constructor_msgs__rosidl_typesupport_fastrtps_c.so[0m
[22.248s] [ 81%] Built target moveit_task_constructor_msgs__rosidl_typesupport_fastrtps_c
[24.008s] [ 82%] [32m[1mLinking CXX shared library libmoveit_task_constructor_msgs__rosidl_typesupport_introspection_cpp.so[0m
[24.264s] [ 83%] Built target moveit_task_constructor_msgs__rosidl_typesupport_introspection_cpp
[24.319s] [ 83%] Built target moveit_task_constructor_msgs
[24.376s] [ 84%] Built target moveit_task_constructor_msgs__py
[24.416s] [35m[1mConsolidate compiler generated dependencies of target moveit_task_constructor_msgs__rosidl_generator_py[0m
[24.489s] [ 88%] [32mBuilding C object CMakeFiles/moveit_task_constructor_msgs__rosidl_generator_py.dir/rosidl_generator_py/moveit_task_constructor_msgs/msg/_stage_description_s.c.o[0m
[24.490s] [ 88%] [32mBuilding C object CMakeFiles/moveit_task_constructor_msgs__rosidl_generator_py.dir/rosidl_generator_py/moveit_task_constructor_msgs/msg/_solution_s.c.o[0m
[24.490s] [ 88%] [32mBuilding C object CMakeFiles/moveit_task_constructor_msgs__rosidl_generator_py.dir/rosidl_generator_py/moveit_task_constructor_msgs/msg/_property_s.c.o[0m
[24.490s] [ 88%] [32mBuilding C object CMakeFiles/moveit_task_constructor_msgs__rosidl_generator_py.dir/rosidl_generator_py/moveit_task_constructor_msgs/msg/_solution_info_s.c.o[0m
[24.491s] [ 88%] [32mBuilding C object CMakeFiles/moveit_task_constructor_msgs__rosidl_generator_py.dir/rosidl_generator_py/moveit_task_constructor_msgs/msg/_stage_statistics_s.c.o[0m
[24.491s] [ 89%] [32mBuilding C object CMakeFiles/moveit_task_constructor_msgs__rosidl_generator_py.dir/rosidl_generator_py/moveit_task_constructor_msgs/msg/_sub_solution_s.c.o[0m
[24.972s] [ 90%] [32mBuilding C object CMakeFiles/moveit_task_constructor_msgs__rosidl_generator_py.dir/rosidl_generator_py/moveit_task_constructor_msgs/msg/_sub_trajectory_s.c.o[0m
[25.015s] [ 91%] [32mBuilding C object CMakeFiles/moveit_task_constructor_msgs__rosidl_generator_py.dir/rosidl_generator_py/moveit_task_constructor_msgs/msg/_task_description_s.c.o[0m
[25.022s] [ 92%] [32mBuilding C object CMakeFiles/moveit_task_constructor_msgs__rosidl_generator_py.dir/rosidl_generator_py/moveit_task_constructor_msgs/msg/_task_statistics_s.c.o[0m
[25.053s] [ 92%] [32mBuilding C object CMakeFiles/moveit_task_constructor_msgs__rosidl_generator_py.dir/rosidl_generator_py/moveit_task_constructor_msgs/msg/_trajectory_execution_info_s.c.o[0m
[25.074s] [ 93%] [32mBuilding C object CMakeFiles/moveit_task_constructor_msgs__rosidl_generator_py.dir/rosidl_generator_py/moveit_task_constructor_msgs/srv/_get_solution_s.c.o[0m
[25.103s] [ 94%] [32mBuilding C object CMakeFiles/moveit_task_constructor_msgs__rosidl_generator_py.dir/rosidl_generator_py/moveit_task_constructor_msgs/action/_execute_task_solution_s.c.o[0m
[25.780s] [ 95%] [32m[1mLinking C shared library rosidl_generator_py/moveit_task_constructor_msgs/libmoveit_task_constructor_msgs__rosidl_generator_py.so[0m
[25.935s] [ 95%] Built target moveit_task_constructor_msgs__rosidl_generator_py
[25.969s] [35m[1mConsolidate compiler generated dependencies of target moveit_task_constructor_msgs__rosidl_typesupport_fastrtps_c__pyext[0m
[25.970s] [35m[1mConsolidate compiler generated dependencies of target moveit_task_constructor_msgs__rosidl_typesupport_introspection_c__pyext[0m
[25.970s] [35m[1mConsolidate compiler generated dependencies of target moveit_task_constructor_msgs__rosidl_typesupport_c__pyext[0m
[26.006s] [ 97%] [32mBuilding C object CMakeFiles/moveit_task_constructor_msgs__rosidl_typesupport_c__pyext.dir/rosidl_generator_py/moveit_task_constructor_msgs/_moveit_task_constructor_msgs_s.ep.rosidl_typesupport_c.c.o[0m
[26.006s] [ 97%] [32mBuilding C object CMakeFiles/moveit_task_constructor_msgs__rosidl_typesupport_fastrtps_c__pyext.dir/rosidl_generator_py/moveit_task_constructor_msgs/_moveit_task_constructor_msgs_s.ep.rosidl_typesupport_fastrtps_c.c.o[0m
[26.006s] [ 97%] [32mBuilding C object CMakeFiles/moveit_task_constructor_msgs__rosidl_typesupport_introspection_c__pyext.dir/rosidl_generator_py/moveit_task_constructor_msgs/_moveit_task_constructor_msgs_s.ep.rosidl_typesupport_introspection_c.c.o[0m
[26.995s] [ 99%] [32m[1mLinking C shared library rosidl_generator_py/moveit_task_constructor_msgs/moveit_task_constructor_msgs_s__rosidl_typesupport_introspection_c.cpython-310-aarch64-linux-gnu.so[0m
[26.995s] [ 99%] [32m[1mLinking C shared library rosidl_generator_py/moveit_task_constructor_msgs/moveit_task_constructor_msgs_s__rosidl_typesupport_c.cpython-310-aarch64-linux-gnu.so[0m
[26.996s] [100%] [32m[1mLinking C shared library rosidl_generator_py/moveit_task_constructor_msgs/moveit_task_constructor_msgs_s__rosidl_typesupport_fastrtps_c.cpython-310-aarch64-linux-gnu.so[0m
[27.161s] [100%] Built target moveit_task_constructor_msgs__rosidl_typesupport_c__pyext
[27.162s] [100%] Built target moveit_task_constructor_msgs__rosidl_typesupport_introspection_c__pyext
[27.162s] [100%] Built target moveit_task_constructor_msgs__rosidl_typesupport_fastrtps_c__pyext
[27.232s] Invoked command in '/home/ugv-c7/CodeWorkspace/UGV-Robot/ros2_humble_colcon_ws/build/moveit_task_constructor_msgs' returned '0': CMAKE_PREFIX_PATH=/opt/ros/humble /usr/bin/cmake --build /home/ugv-c7/CodeWorkspace/UGV-Robot/ros2_humble_colcon_ws/build/moveit_task_constructor_msgs -- -j6 -l6
[27.240s] Invoking command in '/home/ugv-c7/CodeWorkspace/UGV-Robot/ros2_humble_colcon_ws/build/moveit_task_constructor_msgs': CMAKE_PREFIX_PATH=/opt/ros/humble /usr/bin/cmake --install /home/ugv-c7/CodeWorkspace/UGV-Robot/ros2_humble_colcon_ws/build/moveit_task_constructor_msgs
[27.263s] -- Install configuration: "Release"
[27.264s] -- Up-to-date: /home/ugv-c7/CodeWorkspace/UGV-Robot/ros2_humble_colcon_ws/install/moveit_task_constructor_msgs/share/ament_index/resource_index/rosidl_interfaces/moveit_task_constructor_msgs
[27.265s] -- Up-to-date: /home/ugv-c7/CodeWorkspace/UGV-Robot/ros2_humble_colcon_ws/install/moveit_task_constructor_msgs/include/moveit_task_constructor_msgs/moveit_task_constructor_msgs
[27.266s] -- Up-to-date: /home/ugv-c7/CodeWorkspace/UGV-Robot/ros2_humble_colcon_ws/install/moveit_task_constructor_msgs/include/moveit_task_constructor_msgs/moveit_task_constructor_msgs/action
[27.266s] -- Up-to-date: /home/ugv-c7/CodeWorkspace/UGV-Robot/ros2_humble_colcon_ws/install/moveit_task_constructor_msgs/include/moveit_task_constructor_msgs/moveit_task_constructor_msgs/action/detail
[27.267s] -- Up-to-date: /home/ugv-c7/CodeWorkspace/UGV-Robot/ros2_humble_colcon_ws/install/moveit_task_constructor_msgs/include/moveit_task_constructor_msgs/moveit_task_constructor_msgs/action/detail/execute_task_solution__functions.c
[27.267s] -- Up-to-date: /home/ugv-c7/CodeWorkspace/UGV-Robot/ros2_humble_colcon_ws/install/moveit_task_constructor_msgs/include/moveit_task_constructor_msgs/moveit_task_constructor_msgs/action/detail/execute_task_solution__struct.h
[27.267s] -- Up-to-date: /home/ugv-c7/CodeWorkspace/UGV-Robot/ros2_humble_colcon_ws/install/moveit_task_constructor_msgs/include/moveit_task_constructor_msgs/moveit_task_constructor_msgs/action/detail/execute_task_solution__functions.h
[27.267s] -- Up-to-date: /home/ugv-c7/CodeWorkspace/UGV-Robot/ros2_humble_colcon_ws/install/moveit_task_constructor_msgs/include/moveit_task_constructor_msgs/moveit_task_constructor_msgs/action/detail/execute_task_solution__type_support.h
[27.267s] -- Up-to-date: /home/ugv-c7/CodeWorkspace/UGV-Robot/ros2_humble_colcon_ws/install/moveit_task_constructor_msgs/include/moveit_task_constructor_msgs/moveit_task_constructor_msgs/action/execute_task_solution.h
[27.268s] -- Up-to-date: /home/ugv-c7/CodeWorkspace/UGV-Robot/ros2_humble_colcon_ws/install/moveit_task_constructor_msgs/include/moveit_task_constructor_msgs/moveit_task_constructor_msgs/msg
[27.268s] -- Up-to-date: /home/ugv-c7/CodeWorkspace/UGV-Robot/ros2_humble_colcon_ws/install/moveit_task_constructor_msgs/include/moveit_task_constructor_msgs/moveit_task_constructor_msgs/msg/rosidl_generator_c__visibility_control.h
[27.268s] -- Up-to-date: /home/ugv-c7/CodeWorkspace/UGV-Robot/ros2_humble_colcon_ws/install/moveit_task_constructor_msgs/include/moveit_task_constructor_msgs/moveit_task_constructor_msgs/msg/sub_solution.h
[27.268s] -- Up-to-date: /home/ugv-c7/CodeWorkspace/UGV-Robot/ros2_humble_colcon_ws/install/moveit_task_constructor_msgs/include/moveit_task_constructor_msgs/moveit_task_constructor_msgs/msg/stage_statistics.h
[27.268s] -- Up-to-date: /home/ugv-c7/CodeWorkspace/UGV-Robot/ros2_humble_colcon_ws/install/moveit_task_constructor_msgs/include/moveit_task_constructor_msgs/moveit_task_constructor_msgs/msg/stage_description.h
[27.268s] -- Up-to-date: /home/ugv-c7/CodeWorkspace/UGV-Robot/ros2_humble_colcon_ws/install/moveit_task_constructor_msgs/include/moveit_task_constructor_msgs/moveit_task_constructor_msgs/msg/sub_trajectory.h
[27.269s] -- Up-to-date: /home/ugv-c7/CodeWorkspace/UGV-Robot/ros2_humble_colcon_ws/install/moveit_task_constructor_msgs/include/moveit_task_constructor_msgs/moveit_task_constructor_msgs/msg/task_description.h
[27.269s] -- Up-to-date: /home/ugv-c7/CodeWorkspace/UGV-Robot/ros2_humble_colcon_ws/install/moveit_task_constructor_msgs/include/moveit_task_constructor_msgs/moveit_task_constructor_msgs/msg/trajectory_execution_info.h
[27.269s] -- Up-to-date: /home/ugv-c7/CodeWorkspace/UGV-Robot/ros2_humble_colcon_ws/install/moveit_task_constructor_msgs/include/moveit_task_constructor_msgs/moveit_task_constructor_msgs/msg/property.h
[27.269s] -- Up-to-date: /home/ugv-c7/CodeWorkspace/UGV-Robot/ros2_humble_colcon_ws/install/moveit_task_constructor_msgs/include/moveit_task_constructor_msgs/moveit_task_constructor_msgs/msg/task_statistics.h
[27.269s] -- Up-to-date: /home/ugv-c7/CodeWorkspace/UGV-Robot/ros2_humble_colcon_ws/install/moveit_task_constructor_msgs/include/moveit_task_constructor_msgs/moveit_task_constructor_msgs/msg/solution_info.h
[27.270s] -- Up-to-date: /home/ugv-c7/CodeWorkspace/UGV-Robot/ros2_humble_colcon_ws/install/moveit_task_constructor_msgs/include/moveit_task_constructor_msgs/moveit_task_constructor_msgs/msg/detail
[27.270s] -- Up-to-date: /home/ugv-c7/CodeWorkspace/UGV-Robot/ros2_humble_colcon_ws/install/moveit_task_constructor_msgs/include/moveit_task_constructor_msgs/moveit_task_constructor_msgs/msg/detail/solution__functions.h
[27.270s] -- Up-to-date: /home/ugv-c7/CodeWorkspace/UGV-Robot/ros2_humble_colcon_ws/install/moveit_task_constructor_msgs/include/moveit_task_constructor_msgs/moveit_task_constructor_msgs/msg/detail/sub_solution__functions.h
[27.270s] -- Up-to-date: /home/ugv-c7/CodeWorkspace/UGV-Robot/ros2_humble_colcon_ws/install/moveit_task_constructor_msgs/include/moveit_task_constructor_msgs/moveit_task_constructor_msgs/msg/detail/property__type_support.h
[27.270s] -- Up-to-date: /home/ugv-c7/CodeWorkspace/UGV-Robot/ros2_humble_colcon_ws/install/moveit_task_constructor_msgs/include/moveit_task_constructor_msgs/moveit_task_constructor_msgs/msg/detail/stage_statistics__functions.c
[27.270s] -- Up-to-date: /home/ugv-c7/CodeWorkspace/UGV-Robot/ros2_humble_colcon_ws/install/moveit_task_constructor_msgs/include/moveit_task_constructor_msgs/moveit_task_constructor_msgs/msg/detail/stage_statistics__type_support.h
[27.271s] -- Up-to-date: /home/ugv-c7/CodeWorkspace/UGV-Robot/ros2_humble_colcon_ws/install/moveit_task_constructor_msgs/include/moveit_task_constructor_msgs/moveit_task_constructor_msgs/msg/detail/trajectory_execution_info__type_support.h
[27.271s] -- Up-to-date: /home/ugv-c7/CodeWorkspace/UGV-Robot/ros2_humble_colcon_ws/install/moveit_task_constructor_msgs/include/moveit_task_constructor_msgs/moveit_task_constructor_msgs/msg/detail/solution__struct.h
[27.271s] -- Up-to-date: /home/ugv-c7/CodeWorkspace/UGV-Robot/ros2_humble_colcon_ws/install/moveit_task_constructor_msgs/include/moveit_task_constructor_msgs/moveit_task_constructor_msgs/msg/detail/task_description__type_support.h
[27.271s] -- Up-to-date: /home/ugv-c7/CodeWorkspace/UGV-Robot/ros2_humble_colcon_ws/install/moveit_task_constructor_msgs/include/moveit_task_constructor_msgs/moveit_task_constructor_msgs/msg/detail/sub_solution__functions.c
[27.271s] -- Up-to-date: /home/ugv-c7/CodeWorkspace/UGV-Robot/ros2_humble_colcon_ws/install/moveit_task_constructor_msgs/include/moveit_task_constructor_msgs/moveit_task_constructor_msgs/msg/detail/sub_solution__type_support.h
[27.272s] -- Up-to-date: /home/ugv-c7/CodeWorkspace/UGV-Robot/ros2_humble_colcon_ws/install/moveit_task_constructor_msgs/include/moveit_task_constructor_msgs/moveit_task_constructor_msgs/msg/detail/solution_info__functions.c
[27.272s] -- Up-to-date: /home/ugv-c7/CodeWorkspace/UGV-Robot/ros2_humble_colcon_ws/install/moveit_task_constructor_msgs/include/moveit_task_constructor_msgs/moveit_task_constructor_msgs/msg/detail/stage_description__functions.h
[27.272s] -- Up-to-date: /home/ugv-c7/CodeWorkspace/UGV-Robot/ros2_humble_colcon_ws/install/moveit_task_constructor_msgs/include/moveit_task_constructor_msgs/moveit_task_constructor_msgs/msg/detail/stage_description__type_support.h
[27.272s] -- Up-to-date: /home/ugv-c7/CodeWorkspace/UGV-Robot/ros2_humble_colcon_ws/install/moveit_task_constructor_msgs/include/moveit_task_constructor_msgs/moveit_task_constructor_msgs/msg/detail/stage_statistics__functions.h
[27.272s] -- Up-to-date: /home/ugv-c7/CodeWorkspace/UGV-Robot/ros2_humble_colcon_ws/install/moveit_task_constructor_msgs/include/moveit_task_constructor_msgs/moveit_task_constructor_msgs/msg/detail/stage_description__struct.h
[27.272s] -- Up-to-date: /home/ugv-c7/CodeWorkspace/UGV-Robot/ros2_humble_colcon_ws/install/moveit_task_constructor_msgs/include/moveit_task_constructor_msgs/moveit_task_constructor_msgs/msg/detail/task_statistics__functions.h
[27.273s] -- Up-to-date: /home/ugv-c7/CodeWorkspace/UGV-Robot/ros2_humble_colcon_ws/install/moveit_task_constructor_msgs/include/moveit_task_constructor_msgs/moveit_task_constructor_msgs/msg/detail/property__functions.h
[27.273s] -- Up-to-date: /home/ugv-c7/CodeWorkspace/UGV-Robot/ros2_humble_colcon_ws/install/moveit_task_constructor_msgs/include/moveit_task_constructor_msgs/moveit_task_constructor_msgs/msg/detail/solution_info__functions.h
[27.273s] -- Up-to-date: /home/ugv-c7/CodeWorkspace/UGV-Robot/ros2_humble_colcon_ws/install/moveit_task_constructor_msgs/include/moveit_task_constructor_msgs/moveit_task_constructor_msgs/msg/detail/sub_trajectory__struct.h
[27.273s] -- Up-to-date: /home/ugv-c7/CodeWorkspace/UGV-Robot/ros2_humble_colcon_ws/install/moveit_task_constructor_msgs/include/moveit_task_constructor_msgs/moveit_task_constructor_msgs/msg/detail/trajectory_execution_info__functions.c
[27.273s] -- Up-to-date: /home/ugv-c7/CodeWorkspace/UGV-Robot/ros2_humble_colcon_ws/install/moveit_task_constructor_msgs/include/moveit_task_constructor_msgs/moveit_task_constructor_msgs/msg/detail/property__functions.c
[27.273s] -- Up-to-date: /home/ugv-c7/CodeWorkspace/UGV-Robot/ros2_humble_colcon_ws/install/moveit_task_constructor_msgs/include/moveit_task_constructor_msgs/moveit_task_constructor_msgs/msg/detail/solution__type_support.h
[27.274s] -- Up-to-date: /home/ugv-c7/CodeWorkspace/UGV-Robot/ros2_humble_colcon_ws/install/moveit_task_constructor_msgs/include/moveit_task_constructor_msgs/moveit_task_constructor_msgs/msg/detail/property__struct.h
[27.274s] -- Up-to-date: /home/ugv-c7/CodeWorkspace/UGV-Robot/ros2_humble_colcon_ws/install/moveit_task_constructor_msgs/include/moveit_task_constructor_msgs/moveit_task_constructor_msgs/msg/detail/sub_trajectory__type_support.h
[27.274s] -- Up-to-date: /home/ugv-c7/CodeWorkspace/UGV-Robot/ros2_humble_colcon_ws/install/moveit_task_constructor_msgs/include/moveit_task_constructor_msgs/moveit_task_constructor_msgs/msg/detail/task_statistics__struct.h
[27.274s] -- Up-to-date: /home/ugv-c7/CodeWorkspace/UGV-Robot/ros2_humble_colcon_ws/install/moveit_task_constructor_msgs/include/moveit_task_constructor_msgs/moveit_task_constructor_msgs/msg/detail/solution_info__type_support.h
[27.274s] -- Up-to-date: /home/ugv-c7/CodeWorkspace/UGV-Robot/ros2_humble_colcon_ws/install/moveit_task_constructor_msgs/include/moveit_task_constructor_msgs/moveit_task_constructor_msgs/msg/detail/stage_description__functions.c
[27.274s] -- Up-to-date: /home/ugv-c7/CodeWorkspace/UGV-Robot/ros2_humble_colcon_ws/install/moveit_task_constructor_msgs/include/moveit_task_constructor_msgs/moveit_task_constructor_msgs/msg/detail/task_description__functions.h
[27.274s] -- Up-to-date: /home/ugv-c7/CodeWorkspace/UGV-Robot/ros2_humble_colcon_ws/install/moveit_task_constructor_msgs/include/moveit_task_constructor_msgs/moveit_task_constructor_msgs/msg/detail/stage_statistics__struct.h
[27.274s] -- Up-to-date: /home/ugv-c7/CodeWorkspace/UGV-Robot/ros2_humble_colcon_ws/install/moveit_task_constructor_msgs/include/moveit_task_constructor_msgs/moveit_task_constructor_msgs/msg/detail/task_description__functions.c
[27.275s] -- Up-to-date: /home/ugv-c7/CodeWorkspace/UGV-Robot/ros2_humble_colcon_ws/install/moveit_task_constructor_msgs/include/moveit_task_constructor_msgs/moveit_task_constructor_msgs/msg/detail/task_statistics__functions.c
[27.275s] -- Up-to-date: /home/ugv-c7/CodeWorkspace/UGV-Robot/ros2_humble_colcon_ws/install/moveit_task_constructor_msgs/include/moveit_task_constructor_msgs/moveit_task_constructor_msgs/msg/detail/task_statistics__type_support.h
[27.275s] -- Up-to-date: /home/ugv-c7/CodeWorkspace/UGV-Robot/ros2_humble_colcon_ws/install/moveit_task_constructor_msgs/include/moveit_task_constructor_msgs/moveit_task_constructor_msgs/msg/detail/solution__functions.c
[27.275s] -- Up-to-date: /home/ugv-c7/CodeWorkspace/UGV-Robot/ros2_humble_colcon_ws/install/moveit_task_constructor_msgs/include/moveit_task_constructor_msgs/moveit_task_constructor_msgs/msg/detail/sub_solution__struct.h
[27.275s] -- Up-to-date: /home/ugv-c7/CodeWorkspace/UGV-Robot/ros2_humble_colcon_ws/install/moveit_task_constructor_msgs/include/moveit_task_constructor_msgs/moveit_task_constructor_msgs/msg/detail/sub_trajectory__functions.h
[27.275s] -- Up-to-date: /home/ugv-c7/CodeWorkspace/UGV-Robot/ros2_humble_colcon_ws/install/moveit_task_constructor_msgs/include/moveit_task_constructor_msgs/moveit_task_constructor_msgs/msg/detail/trajectory_execution_info__struct.h
[27.275s] -- Up-to-date: /home/ugv-c7/CodeWorkspace/UGV-Robot/ros2_humble_colcon_ws/install/moveit_task_constructor_msgs/include/moveit_task_constructor_msgs/moveit_task_constructor_msgs/msg/detail/sub_trajectory__functions.c
[27.275s] -- Up-to-date: /home/ugv-c7/CodeWorkspace/UGV-Robot/ros2_humble_colcon_ws/install/moveit_task_constructor_msgs/include/moveit_task_constructor_msgs/moveit_task_constructor_msgs/msg/detail/task_description__struct.h
[27.276s] -- Up-to-date: /home/ugv-c7/CodeWorkspace/UGV-Robot/ros2_humble_colcon_ws/install/moveit_task_constructor_msgs/include/moveit_task_constructor_msgs/moveit_task_constructor_msgs/msg/detail/solution_info__struct.h
[27.276s] -- Up-to-date: /home/ugv-c7/CodeWorkspace/UGV-Robot/ros2_humble_colcon_ws/install/moveit_task_constructor_msgs/include/moveit_task_constructor_msgs/moveit_task_constructor_msgs/msg/detail/trajectory_execution_info__functions.h
[27.276s] -- Up-to-date: /home/ugv-c7/CodeWorkspace/UGV-Robot/ros2_humble_colcon_ws/install/moveit_task_constructor_msgs/include/moveit_task_constructor_msgs/moveit_task_constructor_msgs/msg/solution.h
[27.276s] -- Up-to-date: /home/ugv-c7/CodeWorkspace/UGV-Robot/ros2_humble_colcon_ws/install/moveit_task_constructor_msgs/include/moveit_task_constructor_msgs/moveit_task_constructor_msgs/srv
[27.276s] -- Up-to-date: /home/ugv-c7/CodeWorkspace/UGV-Robot/ros2_humble_colcon_ws/install/moveit_task_constructor_msgs/include/moveit_task_constructor_msgs/moveit_task_constructor_msgs/srv/detail
[27.276s] -- Up-to-date: /home/ugv-c7/CodeWorkspace/UGV-Robot/ros2_humble_colcon_ws/install/moveit_task_constructor_msgs/include/moveit_task_constructor_msgs/moveit_task_constructor_msgs/srv/detail/get_solution__type_support.h
[27.276s] -- Up-to-date: /home/ugv-c7/CodeWorkspace/UGV-Robot/ros2_humble_colcon_ws/install/moveit_task_constructor_msgs/include/moveit_task_constructor_msgs/moveit_task_constructor_msgs/srv/detail/get_solution__functions.c
[27.276s] -- Up-to-date: /home/ugv-c7/CodeWorkspace/UGV-Robot/ros2_humble_colcon_ws/install/moveit_task_constructor_msgs/include/moveit_task_constructor_msgs/moveit_task_constructor_msgs/srv/detail/get_solution__struct.h
[27.277s] -- Up-to-date: /home/ugv-c7/CodeWorkspace/UGV-Robot/ros2_humble_colcon_ws/install/moveit_task_constructor_msgs/include/moveit_task_constructor_msgs/moveit_task_constructor_msgs/srv/detail/get_solution__functions.h
[27.277s] -- Up-to-date: /home/ugv-c7/CodeWorkspace/UGV-Robot/ros2_humble_colcon_ws/install/moveit_task_constructor_msgs/include/moveit_task_constructor_msgs/moveit_task_constructor_msgs/srv/get_solution.h
[27.277s] -- Up-to-date: /home/ugv-c7/CodeWorkspace/UGV-Robot/ros2_humble_colcon_ws/install/moveit_task_constructor_msgs/share/moveit_task_constructor_msgs/environment/library_path.sh
[27.277s] -- Installing: /home/ugv-c7/CodeWorkspace/UGV-Robot/ros2_humble_colcon_ws/install/moveit_task_constructor_msgs/share/moveit_task_constructor_msgs/environment/library_path.dsv
[27.277s] -- Installing: /home/ugv-c7/CodeWorkspace/UGV-Robot/ros2_humble_colcon_ws/install/moveit_task_constructor_msgs/lib/libmoveit_task_constructor_msgs__rosidl_generator_c.so
[27.278s] -- Set runtime path of "/home/ugv-c7/CodeWorkspace/UGV-Robot/ros2_humble_colcon_ws/install/moveit_task_constructor_msgs/lib/libmoveit_task_constructor_msgs__rosidl_generator_c.so" to ""
[27.278s] -- Up-to-date: /home/ugv-c7/CodeWorkspace/UGV-Robot/ros2_humble_colcon_ws/install/moveit_task_constructor_msgs/include/moveit_task_constructor_msgs/moveit_task_constructor_msgs
[27.278s] -- Up-to-date: /home/ugv-c7/CodeWorkspace/UGV-Robot/ros2_humble_colcon_ws/install/moveit_task_constructor_msgs/include/moveit_task_constructor_msgs/moveit_task_constructor_msgs/action
[27.278s] -- Up-to-date: /home/ugv-c7/CodeWorkspace/UGV-Robot/ros2_humble_colcon_ws/install/moveit_task_constructor_msgs/include/moveit_task_constructor_msgs/moveit_task_constructor_msgs/action/detail
[27.278s] -- Up-to-date: /home/ugv-c7/CodeWorkspace/UGV-Robot/ros2_humble_colcon_ws/install/moveit_task_constructor_msgs/include/moveit_task_constructor_msgs/moveit_task_constructor_msgs/action/detail/execute_task_solution__rosidl_typesupport_fastrtps_c.h
[27.279s] -- Up-to-date: /home/ugv-c7/CodeWorkspace/UGV-Robot/ros2_humble_colcon_ws/install/moveit_task_constructor_msgs/include/moveit_task_constructor_msgs/moveit_task_constructor_msgs/msg
[27.279s] -- Up-to-date: /home/ugv-c7/CodeWorkspace/UGV-Robot/ros2_humble_colcon_ws/install/moveit_task_constructor_msgs/include/moveit_task_constructor_msgs/moveit_task_constructor_msgs/msg/detail
[27.279s] -- Up-to-date: /home/ugv-c7/CodeWorkspace/UGV-Robot/ros2_humble_colcon_ws/install/moveit_task_constructor_msgs/include/moveit_task_constructor_msgs/moveit_task_constructor_msgs/msg/detail/sub_trajectory__rosidl_typesupport_fastrtps_c.h
[27.279s] -- Up-to-date: /home/ugv-c7/CodeWorkspace/UGV-Robot/ros2_humble_colcon_ws/install/moveit_task_constructor_msgs/include/moveit_task_constructor_msgs/moveit_task_constructor_msgs/msg/detail/task_description__rosidl_typesupport_fastrtps_c.h
[27.279s] -- Up-to-date: /home/ugv-c7/CodeWorkspace/UGV-Robot/ros2_humble_colcon_ws/install/moveit_task_constructor_msgs/include/moveit_task_constructor_msgs/moveit_task_constructor_msgs/msg/detail/solution__rosidl_typesupport_fastrtps_c.h
[27.279s] -- Up-to-date: /home/ugv-c7/CodeWorkspace/UGV-Robot/ros2_humble_colcon_ws/install/moveit_task_constructor_msgs/include/moveit_task_constructor_msgs/moveit_task_constructor_msgs/msg/detail/stage_description__rosidl_typesupport_fastrtps_c.h
[27.279s] -- Up-to-date: /home/ugv-c7/CodeWorkspace/UGV-Robot/ros2_humble_colcon_ws/install/moveit_task_constructor_msgs/include/moveit_task_constructor_msgs/moveit_task_constructor_msgs/msg/detail/stage_statistics__rosidl_typesupport_fastrtps_c.h
[27.280s] -- Up-to-date: /home/ugv-c7/CodeWorkspace/UGV-Robot/ros2_humble_colcon_ws/install/moveit_task_constructor_msgs/include/moveit_task_constructor_msgs/moveit_task_constructor_msgs/msg/detail/trajectory_execution_info__rosidl_typesupport_fastrtps_c.h
[27.280s] -- Up-to-date: /home/ugv-c7/CodeWorkspace/UGV-Robot/ros2_humble_colcon_ws/install/moveit_task_constructor_msgs/include/moveit_task_constructor_msgs/moveit_task_constructor_msgs/msg/detail/task_statistics__rosidl_typesupport_fastrtps_c.h
[27.280s] -- Up-to-date: /home/ugv-c7/CodeWorkspace/UGV-Robot/ros2_humble_colcon_ws/install/moveit_task_constructor_msgs/include/moveit_task_constructor_msgs/moveit_task_constructor_msgs/msg/detail/solution_info__rosidl_typesupport_fastrtps_c.h
[27.280s] -- Up-to-date: /home/ugv-c7/CodeWorkspace/UGV-Robot/ros2_humble_colcon_ws/install/moveit_task_constructor_msgs/include/moveit_task_constructor_msgs/moveit_task_constructor_msgs/msg/detail/property__rosidl_typesupport_fastrtps_c.h
[27.280s] -- Up-to-date: /home/ugv-c7/CodeWorkspace/UGV-Robot/ros2_humble_colcon_ws/install/moveit_task_constructor_msgs/include/moveit_task_constructor_msgs/moveit_task_constructor_msgs/msg/detail/sub_solution__rosidl_typesupport_fastrtps_c.h
[27.280s] -- Up-to-date: /home/ugv-c7/CodeWorkspace/UGV-Robot/ros2_humble_colcon_ws/install/moveit_task_constructor_msgs/include/moveit_task_constructor_msgs/moveit_task_constructor_msgs/msg/rosidl_typesupport_fastrtps_c__visibility_control.h
[27.280s] -- Up-to-date: /home/ugv-c7/CodeWorkspace/UGV-Robot/ros2_humble_colcon_ws/install/moveit_task_constructor_msgs/include/moveit_task_constructor_msgs/moveit_task_constructor_msgs/srv
[27.281s] -- Up-to-date: /home/ugv-c7/CodeWorkspace/UGV-Robot/ros2_humble_colcon_ws/install/moveit_task_constructor_msgs/include/moveit_task_constructor_msgs/moveit_task_constructor_msgs/srv/detail
[27.281s] -- Up-to-date: /home/ugv-c7/CodeWorkspace/UGV-Robot/ros2_humble_colcon_ws/install/moveit_task_constructor_msgs/include/moveit_task_constructor_msgs/moveit_task_constructor_msgs/srv/detail/get_solution__rosidl_typesupport_fastrtps_c.h
[27.281s] -- Installing: /home/ugv-c7/CodeWorkspace/UGV-Robot/ros2_humble_colcon_ws/install/moveit_task_constructor_msgs/lib/libmoveit_task_constructor_msgs__rosidl_typesupport_fastrtps_c.so
[27.282s] -- Set runtime path of "/home/ugv-c7/CodeWorkspace/UGV-Robot/ros2_humble_colcon_ws/install/moveit_task_constructor_msgs/lib/libmoveit_task_constructor_msgs__rosidl_typesupport_fastrtps_c.so" to ""
[27.283s] -- Up-to-date: /home/ugv-c7/CodeWorkspace/UGV-Robot/ros2_humble_colcon_ws/install/moveit_task_constructor_msgs/include/moveit_task_constructor_msgs/moveit_task_constructor_msgs
[27.283s] -- Up-to-date: /home/ugv-c7/CodeWorkspace/UGV-Robot/ros2_humble_colcon_ws/install/moveit_task_constructor_msgs/include/moveit_task_constructor_msgs/moveit_task_constructor_msgs/action
[27.283s] -- Up-to-date: /home/ugv-c7/CodeWorkspace/UGV-Robot/ros2_humble_colcon_ws/install/moveit_task_constructor_msgs/include/moveit_task_constructor_msgs/moveit_task_constructor_msgs/action/detail
[27.283s] -- Up-to-date: /home/ugv-c7/CodeWorkspace/UGV-Robot/ros2_humble_colcon_ws/install/moveit_task_constructor_msgs/include/moveit_task_constructor_msgs/moveit_task_constructor_msgs/action/detail/execute_task_solution__traits.hpp
[27.283s] -- Up-to-date: /home/ugv-c7/CodeWorkspace/UGV-Robot/ros2_humble_colcon_ws/install/moveit_task_constructor_msgs/include/moveit_task_constructor_msgs/moveit_task_constructor_msgs/action/detail/execute_task_solution__builder.hpp
[27.284s] -- Up-to-date: /home/ugv-c7/CodeWorkspace/UGV-Robot/ros2_humble_colcon_ws/install/moveit_task_constructor_msgs/include/moveit_task_constructor_msgs/moveit_task_constructor_msgs/action/detail/execute_task_solution__struct.hpp
[27.284s] -- Up-to-date: /home/ugv-c7/CodeWorkspace/UGV-Robot/ros2_humble_colcon_ws/install/moveit_task_constructor_msgs/include/moveit_task_constructor_msgs/moveit_task_constructor_msgs/action/detail/execute_task_solution__type_support.hpp
[27.284s] -- Up-to-date: /home/ugv-c7/CodeWorkspace/UGV-Robot/ros2_humble_colcon_ws/install/moveit_task_constructor_msgs/include/moveit_task_constructor_msgs/moveit_task_constructor_msgs/action/execute_task_solution.hpp
[27.284s] -- Up-to-date: /home/ugv-c7/CodeWorkspace/UGV-Robot/ros2_humble_colcon_ws/install/moveit_task_constructor_msgs/include/moveit_task_constructor_msgs/moveit_task_constructor_msgs/msg
[27.284s] -- Up-to-date: /home/ugv-c7/CodeWorkspace/UGV-Robot/ros2_humble_colcon_ws/install/moveit_task_constructor_msgs/include/moveit_task_constructor_msgs/moveit_task_constructor_msgs/msg/stage_statistics.hpp
[27.285s] -- Up-to-date: /home/ugv-c7/CodeWorkspace/UGV-Robot/ros2_humble_colcon_ws/install/moveit_task_constructor_msgs/include/moveit_task_constructor_msgs/moveit_task_constructor_msgs/msg/stage_description.hpp
[27.285s] -- Up-to-date: /home/ugv-c7/CodeWorkspace/UGV-Robot/ros2_humble_colcon_ws/install/moveit_task_constructor_msgs/include/moveit_task_constructor_msgs/moveit_task_constructor_msgs/msg/trajectory_execution_info.hpp
[27.285s] -- Up-to-date: /home/ugv-c7/CodeWorkspace/UGV-Robot/ros2_humble_colcon_ws/install/moveit_task_constructor_msgs/include/moveit_task_constructor_msgs/moveit_task_constructor_msgs/msg/sub_trajectory.hpp
[27.285s] -- Up-to-date: /home/ugv-c7/CodeWorkspace/UGV-Robot/ros2_humble_colcon_ws/install/moveit_task_constructor_msgs/include/moveit_task_constructor_msgs/moveit_task_constructor_msgs/msg/rosidl_generator_cpp__visibility_control.hpp
[27.286s] -- Up-to-date: /home/ugv-c7/CodeWorkspace/UGV-Robot/ros2_humble_colcon_ws/install/moveit_task_constructor_msgs/include/moveit_task_constructor_msgs/moveit_task_constructor_msgs/msg/task_description.hpp
[27.286s] -- Up-to-date: /home/ugv-c7/CodeWorkspace/UGV-Robot/ros2_humble_colcon_ws/install/moveit_task_constructor_msgs/include/moveit_task_constructor_msgs/moveit_task_constructor_msgs/msg/detail
[27.286s] -- Up-to-date: /home/ugv-c7/CodeWorkspace/UGV-Robot/ros2_humble_colcon_ws/install/moveit_task_constructor_msgs/include/moveit_task_constructor_msgs/moveit_task_constructor_msgs/msg/detail/stage_statistics__builder.hpp
[27.286s] -- Up-to-date: /home/ugv-c7/CodeWorkspace/UGV-Robot/ros2_humble_colcon_ws/install/moveit_task_constructor_msgs/include/moveit_task_constructor_msgs/moveit_task_constructor_msgs/msg/detail/solution_info__traits.hpp
[27.286s] -- Up-to-date: /home/ugv-c7/CodeWorkspace/UGV-Robot/ros2_humble_colcon_ws/install/moveit_task_constructor_msgs/include/moveit_task_constructor_msgs/moveit_task_constructor_msgs/msg/detail/solution__struct.hpp
[27.287s] -- Up-to-date: /home/ugv-c7/CodeWorkspace/UGV-Robot/ros2_humble_colcon_ws/install/moveit_task_constructor_msgs/include/moveit_task_constructor_msgs/moveit_task_constructor_msgs/msg/detail/stage_description__traits.hpp
[27.287s] -- Up-to-date: /home/ugv-c7/CodeWorkspace/UGV-Robot/ros2_humble_colcon_ws/install/moveit_task_constructor_msgs/include/moveit_task_constructor_msgs/moveit_task_constructor_msgs/msg/detail/solution__traits.hpp
[27.287s] -- Up-to-date: /home/ugv-c7/CodeWorkspace/UGV-Robot/ros2_humble_colcon_ws/install/moveit_task_constructor_msgs/include/moveit_task_constructor_msgs/moveit_task_constructor_msgs/msg/detail/trajectory_execution_info__struct.hpp
[27.287s] -- Up-to-date: /home/ugv-c7/CodeWorkspace/UGV-Robot/ros2_humble_colcon_ws/install/moveit_task_constructor_msgs/include/moveit_task_constructor_msgs/moveit_task_constructor_msgs/msg/detail/stage_description__type_support.hpp
[27.287s] -- Up-to-date: /home/ugv-c7/CodeWorkspace/UGV-Robot/ros2_humble_colcon_ws/install/moveit_task_constructor_msgs/include/moveit_task_constructor_msgs/moveit_task_constructor_msgs/msg/detail/solution__type_support.hpp
[27.288s] -- Up-to-date: /home/ugv-c7/CodeWorkspace/UGV-Robot/ros2_humble_colcon_ws/install/moveit_task_constructor_msgs/include/moveit_task_constructor_msgs/moveit_task_constructor_msgs/msg/detail/stage_statistics__type_support.hpp
[27.288s] -- Up-to-date: /home/ugv-c7/CodeWorkspace/UGV-Robot/ros2_humble_colcon_ws/install/moveit_task_constructor_msgs/include/moveit_task_constructor_msgs/moveit_task_constructor_msgs/msg/detail/task_description__type_support.hpp
[27.288s] -- Up-to-date: /home/ugv-c7/CodeWorkspace/UGV-Robot/ros2_humble_colcon_ws/install/moveit_task_constructor_msgs/include/moveit_task_constructor_msgs/moveit_task_constructor_msgs/msg/detail/trajectory_execution_info__builder.hpp
[27.288s] -- Up-to-date: /home/ugv-c7/CodeWorkspace/UGV-Robot/ros2_humble_colcon_ws/install/moveit_task_constructor_msgs/include/moveit_task_constructor_msgs/moveit_task_constructor_msgs/msg/detail/sub_trajectory__type_support.hpp
[27.288s] -- Up-to-date: /home/ugv-c7/CodeWorkspace/UGV-Robot/ros2_humble_colcon_ws/install/moveit_task_constructor_msgs/include/moveit_task_constructor_msgs/moveit_task_constructor_msgs/msg/detail/task_statistics__type_support.hpp
[27.289s] -- Up-to-date: /home/ugv-c7/CodeWorkspace/UGV-Robot/ros2_humble_colcon_ws/install/moveit_task_constructor_msgs/include/moveit_task_constructor_msgs/moveit_task_constructor_msgs/msg/detail/stage_description__builder.hpp
[27.289s] -- Up-to-date: /home/ugv-c7/CodeWorkspace/UGV-Robot/ros2_humble_colcon_ws/install/moveit_task_constructor_msgs/include/moveit_task_constructor_msgs/moveit_task_constructor_msgs/msg/detail/task_description__struct.hpp
[27.289s] -- Up-to-date: /home/ugv-c7/CodeWorkspace/UGV-Robot/ros2_humble_colcon_ws/install/moveit_task_constructor_msgs/include/moveit_task_constructor_msgs/moveit_task_constructor_msgs/msg/detail/trajectory_execution_info__type_support.hpp
[27.289s] -- Up-to-date: /home/ugv-c7/CodeWorkspace/UGV-Robot/ros2_humble_colcon_ws/install/moveit_task_constructor_msgs/include/moveit_task_constructor_msgs/moveit_task_constructor_msgs/msg/detail/sub_solution__traits.hpp
[27.289s] -- Up-to-date: /home/ugv-c7/CodeWorkspace/UGV-Robot/ros2_humble_colcon_ws/install/moveit_task_constructor_msgs/include/moveit_task_constructor_msgs/moveit_task_constructor_msgs/msg/detail/stage_description__struct.hpp
[27.289s] -- Up-to-date: /home/ugv-c7/CodeWorkspace/UGV-Robot/ros2_humble_colcon_ws/install/moveit_task_constructor_msgs/include/moveit_task_constructor_msgs/moveit_task_constructor_msgs/msg/detail/solution_info__struct.hpp
[27.289s] -- Up-to-date: /home/ugv-c7/CodeWorkspace/UGV-Robot/ros2_humble_colcon_ws/install/moveit_task_constructor_msgs/include/moveit_task_constructor_msgs/moveit_task_constructor_msgs/msg/detail/solution_info__type_support.hpp
[27.289s] -- Up-to-date: /home/ugv-c7/CodeWorkspace/UGV-Robot/ros2_humble_colcon_ws/install/moveit_task_constructor_msgs/include/moveit_task_constructor_msgs/moveit_task_constructor_msgs/msg/detail/task_statistics__builder.hpp
[27.290s] -- Up-to-date: /home/ugv-c7/CodeWorkspace/UGV-Robot/ros2_humble_colcon_ws/install/moveit_task_constructor_msgs/include/moveit_task_constructor_msgs/moveit_task_constructor_msgs/msg/detail/task_description__traits.hpp
[27.290s] -- Up-to-date: /home/ugv-c7/CodeWorkspace/UGV-Robot/ros2_humble_colcon_ws/install/moveit_task_constructor_msgs/include/moveit_task_constructor_msgs/moveit_task_constructor_msgs/msg/detail/task_statistics__traits.hpp
[27.290s] -- Up-to-date: /home/ugv-c7/CodeWorkspace/UGV-Robot/ros2_humble_colcon_ws/install/moveit_task_constructor_msgs/include/moveit_task_constructor_msgs/moveit_task_constructor_msgs/msg/detail/property__traits.hpp
[27.290s] -- Up-to-date: /home/ugv-c7/CodeWorkspace/UGV-Robot/ros2_humble_colcon_ws/install/moveit_task_constructor_msgs/include/moveit_task_constructor_msgs/moveit_task_constructor_msgs/msg/detail/property__builder.hpp
[27.290s] -- Up-to-date: /home/ugv-c7/CodeWorkspace/UGV-Robot/ros2_humble_colcon_ws/install/moveit_task_constructor_msgs/include/moveit_task_constructor_msgs/moveit_task_constructor_msgs/msg/detail/task_description__builder.hpp
[27.290s] -- Up-to-date: /home/ugv-c7/CodeWorkspace/UGV-Robot/ros2_humble_colcon_ws/install/moveit_task_constructor_msgs/include/moveit_task_constructor_msgs/moveit_task_constructor_msgs/msg/detail/sub_solution__builder.hpp
[27.290s] -- Up-to-date: /home/ugv-c7/CodeWorkspace/UGV-Robot/ros2_humble_colcon_ws/install/moveit_task_constructor_msgs/include/moveit_task_constructor_msgs/moveit_task_constructor_msgs/msg/detail/stage_statistics__struct.hpp
[27.290s] -- Up-to-date: /home/ugv-c7/CodeWorkspace/UGV-Robot/ros2_humble_colcon_ws/install/moveit_task_constructor_msgs/include/moveit_task_constructor_msgs/moveit_task_constructor_msgs/msg/detail/sub_solution__type_support.hpp
[27.291s] -- Up-to-date: /home/ugv-c7/CodeWorkspace/UGV-Robot/ros2_humble_colcon_ws/install/moveit_task_constructor_msgs/include/moveit_task_constructor_msgs/moveit_task_constructor_msgs/msg/detail/solution_info__builder.hpp
[27.291s] -- Up-to-date: /home/ugv-c7/CodeWorkspace/UGV-Robot/ros2_humble_colcon_ws/install/moveit_task_constructor_msgs/include/moveit_task_constructor_msgs/moveit_task_constructor_msgs/msg/detail/sub_solution__struct.hpp
[27.291s] -- Up-to-date: /home/ugv-c7/CodeWorkspace/UGV-Robot/ros2_humble_colcon_ws/install/moveit_task_constructor_msgs/include/moveit_task_constructor_msgs/moveit_task_constructor_msgs/msg/detail/solution__builder.hpp
[27.291s] -- Up-to-date: /home/ugv-c7/CodeWorkspace/UGV-Robot/ros2_humble_colcon_ws/install/moveit_task_constructor_msgs/include/moveit_task_constructor_msgs/moveit_task_constructor_msgs/msg/detail/sub_trajectory__traits.hpp
[27.291s] -- Up-to-date: /home/ugv-c7/CodeWorkspace/UGV-Robot/ros2_humble_colcon_ws/install/moveit_task_constructor_msgs/include/moveit_task_constructor_msgs/moveit_task_constructor_msgs/msg/detail/task_statistics__struct.hpp
[27.291s] -- Up-to-date: /home/ugv-c7/CodeWorkspace/UGV-Robot/ros2_humble_colcon_ws/install/moveit_task_constructor_msgs/include/moveit_task_constructor_msgs/moveit_task_constructor_msgs/msg/detail/sub_trajectory__struct.hpp
[27.291s] -- Up-to-date: /home/ugv-c7/CodeWorkspace/UGV-Robot/ros2_humble_colcon_ws/install/moveit_task_constructor_msgs/include/moveit_task_constructor_msgs/moveit_task_constructor_msgs/msg/detail/trajectory_execution_info__traits.hpp
[27.292s] -- Up-to-date: /home/ugv-c7/CodeWorkspace/UGV-Robot/ros2_humble_colcon_ws/install/moveit_task_constructor_msgs/include/moveit_task_constructor_msgs/moveit_task_constructor_msgs/msg/detail/property__struct.hpp
[27.292s] -- Up-to-date: /home/ugv-c7/CodeWorkspace/UGV-Robot/ros2_humble_colcon_ws/install/moveit_task_constructor_msgs/include/moveit_task_constructor_msgs/moveit_task_constructor_msgs/msg/detail/sub_trajectory__builder.hpp
[27.292s] -- Up-to-date: /home/ugv-c7/CodeWorkspace/UGV-Robot/ros2_humble_colcon_ws/install/moveit_task_constructor_msgs/include/moveit_task_constructor_msgs/moveit_task_constructor_msgs/msg/detail/stage_statistics__traits.hpp
[27.292s] -- Up-to-date: /home/ugv-c7/CodeWorkspace/UGV-Robot/ros2_humble_colcon_ws/install/moveit_task_constructor_msgs/include/moveit_task_constructor_msgs/moveit_task_constructor_msgs/msg/detail/property__type_support.hpp
[27.292s] -- Up-to-date: /home/ugv-c7/CodeWorkspace/UGV-Robot/ros2_humble_colcon_ws/install/moveit_task_constructor_msgs/include/moveit_task_constructor_msgs/moveit_task_constructor_msgs/msg/task_statistics.hpp
[27.292s] -- Up-to-date: /home/ugv-c7/CodeWorkspace/UGV-Robot/ros2_humble_colcon_ws/install/moveit_task_constructor_msgs/include/moveit_task_constructor_msgs/moveit_task_constructor_msgs/msg/property.hpp
[27.293s] -- Up-to-date: /home/ugv-c7/CodeWorkspace/UGV-Robot/ros2_humble_colcon_ws/install/moveit_task_constructor_msgs/include/moveit_task_constructor_msgs/moveit_task_constructor_msgs/msg/solution_info.hpp
[27.293s] -- Up-to-date: /home/ugv-c7/CodeWorkspace/UGV-Robot/ros2_humble_colcon_ws/install/moveit_task_constructor_msgs/include/moveit_task_constructor_msgs/moveit_task_constructor_msgs/msg/sub_solution.hpp
[27.293s] -- Up-to-date: /home/ugv-c7/CodeWorkspace/UGV-Robot/ros2_humble_colcon_ws/install/moveit_task_constructor_msgs/include/moveit_task_constructor_msgs/moveit_task_constructor_msgs/msg/solution.hpp
[27.293s] -- Up-to-date: /home/ugv-c7/CodeWorkspace/UGV-Robot/ros2_humble_colcon_ws/install/moveit_task_constructor_msgs/include/moveit_task_constructor_msgs/moveit_task_constructor_msgs/srv
[27.293s] -- Up-to-date: /home/ugv-c7/CodeWorkspace/UGV-Robot/ros2_humble_colcon_ws/install/moveit_task_constructor_msgs/include/moveit_task_constructor_msgs/moveit_task_constructor_msgs/srv/detail
[27.294s] -- Up-to-date: /home/ugv-c7/CodeWorkspace/UGV-Robot/ros2_humble_colcon_ws/install/moveit_task_constructor_msgs/include/moveit_task_constructor_msgs/moveit_task_constructor_msgs/srv/detail/get_solution__builder.hpp
[27.294s] -- Up-to-date: /home/ugv-c7/CodeWorkspace/UGV-Robot/ros2_humble_colcon_ws/install/moveit_task_constructor_msgs/include/moveit_task_constructor_msgs/moveit_task_constructor_msgs/srv/detail/get_solution__struct.hpp
[27.294s] -- Up-to-date: /home/ugv-c7/CodeWorkspace/UGV-Robot/ros2_humble_colcon_ws/install/moveit_task_constructor_msgs/include/moveit_task_constructor_msgs/moveit_task_constructor_msgs/srv/detail/get_solution__type_support.hpp
[27.294s] -- Up-to-date: /home/ugv-c7/CodeWorkspace/UGV-Robot/ros2_humble_colcon_ws/install/moveit_task_constructor_msgs/include/moveit_task_constructor_msgs/moveit_task_constructor_msgs/srv/detail/get_solution__traits.hpp
[27.294s] -- Up-to-date: /home/ugv-c7/CodeWorkspace/UGV-Robot/ros2_humble_colcon_ws/install/moveit_task_constructor_msgs/include/moveit_task_constructor_msgs/moveit_task_constructor_msgs/srv/get_solution.hpp
[27.295s] -- Up-to-date: /home/ugv-c7/CodeWorkspace/UGV-Robot/ros2_humble_colcon_ws/install/moveit_task_constructor_msgs/include/moveit_task_constructor_msgs/moveit_task_constructor_msgs
[27.295s] -- Up-to-date: /home/ugv-c7/CodeWorkspace/UGV-Robot/ros2_humble_colcon_ws/install/moveit_task_constructor_msgs/include/moveit_task_constructor_msgs/moveit_task_constructor_msgs/action
[27.295s] -- Up-to-date: /home/ugv-c7/CodeWorkspace/UGV-Robot/ros2_humble_colcon_ws/install/moveit_task_constructor_msgs/include/moveit_task_constructor_msgs/moveit_task_constructor_msgs/action/detail
[27.295s] -- Up-to-date: /home/ugv-c7/CodeWorkspace/UGV-Robot/ros2_humble_colcon_ws/install/moveit_task_constructor_msgs/include/moveit_task_constructor_msgs/moveit_task_constructor_msgs/action/detail/dds_fastrtps
[27.295s] -- Up-to-date: /home/ugv-c7/CodeWorkspace/UGV-Robot/ros2_humble_colcon_ws/install/moveit_task_constructor_msgs/include/moveit_task_constructor_msgs/moveit_task_constructor_msgs/action/detail/execute_task_solution__rosidl_typesupport_fastrtps_cpp.hpp
[27.295s] -- Up-to-date: /home/ugv-c7/CodeWorkspace/UGV-Robot/ros2_humble_colcon_ws/install/moveit_task_constructor_msgs/include/moveit_task_constructor_msgs/moveit_task_constructor_msgs/msg
[27.295s] -- Up-to-date: /home/ugv-c7/CodeWorkspace/UGV-Robot/ros2_humble_colcon_ws/install/moveit_task_constructor_msgs/include/moveit_task_constructor_msgs/moveit_task_constructor_msgs/msg/detail
[27.295s] -- Up-to-date: /home/ugv-c7/CodeWorkspace/UGV-Robot/ros2_humble_colcon_ws/install/moveit_task_constructor_msgs/include/moveit_task_constructor_msgs/moveit_task_constructor_msgs/msg/detail/dds_fastrtps
[27.296s] -- Up-to-date: /home/ugv-c7/CodeWorkspace/UGV-Robot/ros2_humble_colcon_ws/install/moveit_task_constructor_msgs/include/moveit_task_constructor_msgs/moveit_task_constructor_msgs/msg/detail/trajectory_execution_info__rosidl_typesupport_fastrtps_cpp.hpp
[27.296s] -- Up-to-date: /home/ugv-c7/CodeWorkspace/UGV-Robot/ros2_humble_colcon_ws/install/moveit_task_constructor_msgs/include/moveit_task_constructor_msgs/moveit_task_constructor_msgs/msg/detail/stage_description__rosidl_typesupport_fastrtps_cpp.hpp
[27.296s] -- Up-to-date: /home/ugv-c7/CodeWorkspace/UGV-Robot/ros2_humble_colcon_ws/install/moveit_task_constructor_msgs/include/moveit_task_constructor_msgs/moveit_task_constructor_msgs/msg/detail/stage_statistics__rosidl_typesupport_fastrtps_cpp.hpp
[27.296s] -- Up-to-date: /home/ugv-c7/CodeWorkspace/UGV-Robot/ros2_humble_colcon_ws/install/moveit_task_constructor_msgs/include/moveit_task_constructor_msgs/moveit_task_constructor_msgs/msg/detail/solution_info__rosidl_typesupport_fastrtps_cpp.hpp
[27.296s] -- Up-to-date: /home/ugv-c7/CodeWorkspace/UGV-Robot/ros2_humble_colcon_ws/install/moveit_task_constructor_msgs/include/moveit_task_constructor_msgs/moveit_task_constructor_msgs/msg/detail/task_description__rosidl_typesupport_fastrtps_cpp.hpp
[27.296s] -- Up-to-date: /home/ugv-c7/CodeWorkspace/UGV-Robot/ros2_humble_colcon_ws/install/moveit_task_constructor_msgs/include/moveit_task_constructor_msgs/moveit_task_constructor_msgs/msg/detail/task_statistics__rosidl_typesupport_fastrtps_cpp.hpp
[27.296s] -- Up-to-date: /home/ugv-c7/CodeWorkspace/UGV-Robot/ros2_humble_colcon_ws/install/moveit_task_constructor_msgs/include/moveit_task_constructor_msgs/moveit_task_constructor_msgs/msg/detail/sub_trajectory__rosidl_typesupport_fastrtps_cpp.hpp
[27.296s] -- Up-to-date: /home/ugv-c7/CodeWorkspace/UGV-Robot/ros2_humble_colcon_ws/install/moveit_task_constructor_msgs/include/moveit_task_constructor_msgs/moveit_task_constructor_msgs/msg/detail/property__rosidl_typesupport_fastrtps_cpp.hpp
[27.297s] -- Up-to-date: /home/ugv-c7/CodeWorkspace/UGV-Robot/ros2_humble_colcon_ws/install/moveit_task_constructor_msgs/include/moveit_task_constructor_msgs/moveit_task_constructor_msgs/msg/detail/sub_solution__rosidl_typesupport_fastrtps_cpp.hpp
[27.297s] -- Up-to-date: /home/ugv-c7/CodeWorkspace/UGV-Robot/ros2_humble_colcon_ws/install/moveit_task_constructor_msgs/include/moveit_task_constructor_msgs/moveit_task_constructor_msgs/msg/detail/solution__rosidl_typesupport_fastrtps_cpp.hpp
[27.297s] -- Up-to-date: /home/ugv-c7/CodeWorkspace/UGV-Robot/ros2_humble_colcon_ws/install/moveit_task_constructor_msgs/include/moveit_task_constructor_msgs/moveit_task_constructor_msgs/msg/rosidl_typesupport_fastrtps_cpp__visibility_control.h
[27.297s] -- Up-to-date: /home/ugv-c7/CodeWorkspace/UGV-Robot/ros2_humble_colcon_ws/install/moveit_task_constructor_msgs/include/moveit_task_constructor_msgs/moveit_task_constructor_msgs/srv
[27.297s] -- Up-to-date: /home/ugv-c7/CodeWorkspace/UGV-Robot/ros2_humble_colcon_ws/install/moveit_task_constructor_msgs/include/moveit_task_constructor_msgs/moveit_task_constructor_msgs/srv/detail
[27.297s] -- Up-to-date: /home/ugv-c7/CodeWorkspace/UGV-Robot/ros2_humble_colcon_ws/install/moveit_task_constructor_msgs/include/moveit_task_constructor_msgs/moveit_task_constructor_msgs/srv/detail/dds_fastrtps
[27.297s] -- Up-to-date: /home/ugv-c7/CodeWorkspace/UGV-Robot/ros2_humble_colcon_ws/install/moveit_task_constructor_msgs/include/moveit_task_constructor_msgs/moveit_task_constructor_msgs/srv/detail/get_solution__rosidl_typesupport_fastrtps_cpp.hpp
[27.298s] -- Installing: /home/ugv-c7/CodeWorkspace/UGV-Robot/ros2_humble_colcon_ws/install/moveit_task_constructor_msgs/lib/libmoveit_task_constructor_msgs__rosidl_typesupport_fastrtps_cpp.so
[27.298s] -- Set runtime path of "/home/ugv-c7/CodeWorkspace/UGV-Robot/ros2_humble_colcon_ws/install/moveit_task_constructor_msgs/lib/libmoveit_task_constructor_msgs__rosidl_typesupport_fastrtps_cpp.so" to ""
[27.298s] -- Up-to-date: /home/ugv-c7/CodeWorkspace/UGV-Robot/ros2_humble_colcon_ws/install/moveit_task_constructor_msgs/include/moveit_task_constructor_msgs/moveit_task_constructor_msgs
[27.298s] -- Up-to-date: /home/ugv-c7/CodeWorkspace/UGV-Robot/ros2_humble_colcon_ws/install/moveit_task_constructor_msgs/include/moveit_task_constructor_msgs/moveit_task_constructor_msgs/action
[27.298s] -- Up-to-date: /home/ugv-c7/CodeWorkspace/UGV-Robot/ros2_humble_colcon_ws/install/moveit_task_constructor_msgs/include/moveit_task_constructor_msgs/moveit_task_constructor_msgs/action/detail
[27.298s] -- Up-to-date: /home/ugv-c7/CodeWorkspace/UGV-Robot/ros2_humble_colcon_ws/install/moveit_task_constructor_msgs/include/moveit_task_constructor_msgs/moveit_task_constructor_msgs/action/detail/execute_task_solution__type_support.c
[27.298s] -- Up-to-date: /home/ugv-c7/CodeWorkspace/UGV-Robot/ros2_humble_colcon_ws/install/moveit_task_constructor_msgs/include/moveit_task_constructor_msgs/moveit_task_constructor_msgs/action/detail/execute_task_solution__rosidl_typesupport_introspection_c.h
[27.298s] -- Up-to-date: /home/ugv-c7/CodeWorkspace/UGV-Robot/ros2_humble_colcon_ws/install/moveit_task_constructor_msgs/include/moveit_task_constructor_msgs/moveit_task_constructor_msgs/msg
[27.299s] -- Up-to-date: /home/ugv-c7/CodeWorkspace/UGV-Robot/ros2_humble_colcon_ws/install/moveit_task_constructor_msgs/include/moveit_task_constructor_msgs/moveit_task_constructor_msgs/msg/detail
[27.299s] -- Up-to-date: /home/ugv-c7/CodeWorkspace/UGV-Robot/ros2_humble_colcon_ws/install/moveit_task_constructor_msgs/include/moveit_task_constructor_msgs/moveit_task_constructor_msgs/msg/detail/stage_description__type_support.c
[27.299s] -- Up-to-date: /home/ugv-c7/CodeWorkspace/UGV-Robot/ros2_humble_colcon_ws/install/moveit_task_constructor_msgs/include/moveit_task_constructor_msgs/moveit_task_constructor_msgs/msg/detail/solution__type_support.c
[27.299s] -- Up-to-date: /home/ugv-c7/CodeWorkspace/UGV-Robot/ros2_humble_colcon_ws/install/moveit_task_constructor_msgs/include/moveit_task_constructor_msgs/moveit_task_constructor_msgs/msg/detail/trajectory_execution_info__rosidl_typesupport_introspection_c.h
[27.299s] -- Up-to-date: /home/ugv-c7/CodeWorkspace/UGV-Robot/ros2_humble_colcon_ws/install/moveit_task_constructor_msgs/include/moveit_task_constructor_msgs/moveit_task_constructor_msgs/msg/detail/task_statistics__type_support.c
[27.299s] -- Up-to-date: /home/ugv-c7/CodeWorkspace/UGV-Robot/ros2_humble_colcon_ws/install/moveit_task_constructor_msgs/include/moveit_task_constructor_msgs/moveit_task_constructor_msgs/msg/detail/property__rosidl_typesupport_introspection_c.h
[27.299s] -- Up-to-date: /home/ugv-c7/CodeWorkspace/UGV-Robot/ros2_humble_colcon_ws/install/moveit_task_constructor_msgs/include/moveit_task_constructor_msgs/moveit_task_constructor_msgs/msg/detail/solution_info__rosidl_typesupport_introspection_c.h
[27.300s] -- Up-to-date: /home/ugv-c7/CodeWorkspace/UGV-Robot/ros2_humble_colcon_ws/install/moveit_task_constructor_msgs/include/moveit_task_constructor_msgs/moveit_task_constructor_msgs/msg/detail/solution_info__type_support.c
[27.300s] -- Up-to-date: /home/ugv-c7/CodeWorkspace/UGV-Robot/ros2_humble_colcon_ws/install/moveit_task_constructor_msgs/include/moveit_task_constructor_msgs/moveit_task_constructor_msgs/msg/detail/stage_description__rosidl_typesupport_introspection_c.h
[27.300s] -- Up-to-date: /home/ugv-c7/CodeWorkspace/UGV-Robot/ros2_humble_colcon_ws/install/moveit_task_constructor_msgs/include/moveit_task_constructor_msgs/moveit_task_constructor_msgs/msg/detail/solution__rosidl_typesupport_introspection_c.h
[27.300s] -- Up-to-date: /home/ugv-c7/CodeWorkspace/UGV-Robot/ros2_humble_colcon_ws/install/moveit_task_constructor_msgs/include/moveit_task_constructor_msgs/moveit_task_constructor_msgs/msg/detail/task_description__rosidl_typesupport_introspection_c.h
[27.300s] -- Up-to-date: /home/ugv-c7/CodeWorkspace/UGV-Robot/ros2_humble_colcon_ws/install/moveit_task_constructor_msgs/include/moveit_task_constructor_msgs/moveit_task_constructor_msgs/msg/detail/task_description__type_support.c
[27.300s] -- Up-to-date: /home/ugv-c7/CodeWorkspace/UGV-Robot/ros2_humble_colcon_ws/install/moveit_task_constructor_msgs/include/moveit_task_constructor_msgs/moveit_task_constructor_msgs/msg/detail/trajectory_execution_info__type_support.c
[27.300s] -- Up-to-date: /home/ugv-c7/CodeWorkspace/UGV-Robot/ros2_humble_colcon_ws/install/moveit_task_constructor_msgs/include/moveit_task_constructor_msgs/moveit_task_constructor_msgs/msg/detail/sub_trajectory__rosidl_typesupport_introspection_c.h
[27.301s] -- Up-to-date: /home/ugv-c7/CodeWorkspace/UGV-Robot/ros2_humble_colcon_ws/install/moveit_task_constructor_msgs/include/moveit_task_constructor_msgs/moveit_task_constructor_msgs/msg/detail/property__type_support.c
[27.301s] -- Up-to-date: /home/ugv-c7/CodeWorkspace/UGV-Robot/ros2_humble_colcon_ws/install/moveit_task_constructor_msgs/include/moveit_task_constructor_msgs/moveit_task_constructor_msgs/msg/detail/sub_trajectory__type_support.c
[27.301s] -- Up-to-date: /home/ugv-c7/CodeWorkspace/UGV-Robot/ros2_humble_colcon_ws/install/moveit_task_constructor_msgs/include/moveit_task_constructor_msgs/moveit_task_constructor_msgs/msg/detail/sub_solution__type_support.c
[27.301s] -- Up-to-date: /home/ugv-c7/CodeWorkspace/UGV-Robot/ros2_humble_colcon_ws/install/moveit_task_constructor_msgs/include/moveit_task_constructor_msgs/moveit_task_constructor_msgs/msg/detail/task_statistics__rosidl_typesupport_introspection_c.h
[27.301s] -- Up-to-date: /home/ugv-c7/CodeWorkspace/UGV-Robot/ros2_humble_colcon_ws/install/moveit_task_constructor_msgs/include/moveit_task_constructor_msgs/moveit_task_constructor_msgs/msg/detail/sub_solution__rosidl_typesupport_introspection_c.h
[27.301s] -- Up-to-date: /home/ugv-c7/CodeWorkspace/UGV-Robot/ros2_humble_colcon_ws/install/moveit_task_constructor_msgs/include/moveit_task_constructor_msgs/moveit_task_constructor_msgs/msg/detail/stage_statistics__type_support.c
[27.302s] -- Up-to-date: /home/ugv-c7/CodeWorkspace/UGV-Robot/ros2_humble_colcon_ws/install/moveit_task_constructor_msgs/include/moveit_task_constructor_msgs/moveit_task_constructor_msgs/msg/detail/stage_statistics__rosidl_typesupport_introspection_c.h
[27.302s] -- Up-to-date: /home/ugv-c7/CodeWorkspace/UGV-Robot/ros2_humble_colcon_ws/install/moveit_task_constructor_msgs/include/moveit_task_constructor_msgs/moveit_task_constructor_msgs/msg/rosidl_typesupport_introspection_c__visibility_control.h
[27.302s] -- Up-to-date: /home/ugv-c7/CodeWorkspace/UGV-Robot/ros2_humble_colcon_ws/install/moveit_task_constructor_msgs/include/moveit_task_constructor_msgs/moveit_task_constructor_msgs/srv
[27.302s] -- Up-to-date: /home/ugv-c7/CodeWorkspace/UGV-Robot/ros2_humble_colcon_ws/install/moveit_task_constructor_msgs/include/moveit_task_constructor_msgs/moveit_task_constructor_msgs/srv/detail
[27.302s] -- Up-to-date: /home/ugv-c7/CodeWorkspace/UGV-Robot/ros2_humble_colcon_ws/install/moveit_task_constructor_msgs/include/moveit_task_constructor_msgs/moveit_task_constructor_msgs/srv/detail/get_solution__type_support.c
[27.302s] -- Up-to-date: /home/ugv-c7/CodeWorkspace/UGV-Robot/ros2_humble_colcon_ws/install/moveit_task_constructor_msgs/include/moveit_task_constructor_msgs/moveit_task_constructor_msgs/srv/detail/get_solution__rosidl_typesupport_introspection_c.h
[27.303s] -- Installing: /home/ugv-c7/CodeWorkspace/UGV-Robot/ros2_humble_colcon_ws/install/moveit_task_constructor_msgs/lib/libmoveit_task_constructor_msgs__rosidl_typesupport_introspection_c.so
[27.303s] -- Set runtime path of "/home/ugv-c7/CodeWorkspace/UGV-Robot/ros2_humble_colcon_ws/install/moveit_task_constructor_msgs/lib/libmoveit_task_constructor_msgs__rosidl_typesupport_introspection_c.so" to ""
[27.303s] -- Installing: /home/ugv-c7/CodeWorkspace/UGV-Robot/ros2_humble_colcon_ws/install/moveit_task_constructor_msgs/lib/libmoveit_task_constructor_msgs__rosidl_typesupport_c.so
[27.303s] -- Set runtime path of "/home/ugv-c7/CodeWorkspace/UGV-Robot/ros2_humble_colcon_ws/install/moveit_task_constructor_msgs/lib/libmoveit_task_constructor_msgs__rosidl_typesupport_c.so" to ""
[27.303s] -- Up-to-date: /home/ugv-c7/CodeWorkspace/UGV-Robot/ros2_humble_colcon_ws/install/moveit_task_constructor_msgs/include/moveit_task_constructor_msgs/moveit_task_constructor_msgs
[27.303s] -- Up-to-date: /home/ugv-c7/CodeWorkspace/UGV-Robot/ros2_humble_colcon_ws/install/moveit_task_constructor_msgs/include/moveit_task_constructor_msgs/moveit_task_constructor_msgs/action
[27.303s] -- Up-to-date: /home/ugv-c7/CodeWorkspace/UGV-Robot/ros2_humble_colcon_ws/install/moveit_task_constructor_msgs/include/moveit_task_constructor_msgs/moveit_task_constructor_msgs/action/detail
[27.304s] -- Up-to-date: /home/ugv-c7/CodeWorkspace/UGV-Robot/ros2_humble_colcon_ws/install/moveit_task_constructor_msgs/include/moveit_task_constructor_msgs/moveit_task_constructor_msgs/action/detail/execute_task_solution__type_support.cpp
[27.304s] -- Up-to-date: /home/ugv-c7/CodeWorkspace/UGV-Robot/ros2_humble_colcon_ws/install/moveit_task_constructor_msgs/include/moveit_task_constructor_msgs/moveit_task_constructor_msgs/action/detail/execute_task_solution__rosidl_typesupport_introspection_cpp.hpp
[27.304s] -- Up-to-date: /home/ugv-c7/CodeWorkspace/UGV-Robot/ros2_humble_colcon_ws/install/moveit_task_constructor_msgs/include/moveit_task_constructor_msgs/moveit_task_constructor_msgs/msg
[27.304s] -- Up-to-date: /home/ugv-c7/CodeWorkspace/UGV-Robot/ros2_humble_colcon_ws/install/moveit_task_constructor_msgs/include/moveit_task_constructor_msgs/moveit_task_constructor_msgs/msg/detail
[27.304s] -- Up-to-date: /home/ugv-c7/CodeWorkspace/UGV-Robot/ros2_humble_colcon_ws/install/moveit_task_constructor_msgs/include/moveit_task_constructor_msgs/moveit_task_constructor_msgs/msg/detail/trajectory_execution_info__type_support.cpp
[27.304s] -- Up-to-date: /home/ugv-c7/CodeWorkspace/UGV-Robot/ros2_humble_colcon_ws/install/moveit_task_constructor_msgs/include/moveit_task_constructor_msgs/moveit_task_constructor_msgs/msg/detail/sub_trajectory__type_support.cpp
[27.304s] -- Up-to-date: /home/ugv-c7/CodeWorkspace/UGV-Robot/ros2_humble_colcon_ws/install/moveit_task_constructor_msgs/include/moveit_task_constructor_msgs/moveit_task_constructor_msgs/msg/detail/stage_statistics__rosidl_typesupport_introspection_cpp.hpp
[27.304s] -- Up-to-date: /home/ugv-c7/CodeWorkspace/UGV-Robot/ros2_humble_colcon_ws/install/moveit_task_constructor_msgs/include/moveit_task_constructor_msgs/moveit_task_constructor_msgs/msg/detail/sub_trajectory__rosidl_typesupport_introspection_cpp.hpp
[27.305s] -- Up-to-date: /home/ugv-c7/CodeWorkspace/UGV-Robot/ros2_humble_colcon_ws/install/moveit_task_constructor_msgs/include/moveit_task_constructor_msgs/moveit_task_constructor_msgs/msg/detail/property__rosidl_typesupport_introspection_cpp.hpp
[27.305s] -- Up-to-date: /home/ugv-c7/CodeWorkspace/UGV-Robot/ros2_humble_colcon_ws/install/moveit_task_constructor_msgs/include/moveit_task_constructor_msgs/moveit_task_constructor_msgs/msg/detail/task_statistics__rosidl_typesupport_introspection_cpp.hpp
[27.305s] -- Up-to-date: /home/ugv-c7/CodeWorkspace/UGV-Robot/ros2_humble_colcon_ws/install/moveit_task_constructor_msgs/include/moveit_task_constructor_msgs/moveit_task_constructor_msgs/msg/detail/solution__type_support.cpp
[27.305s] -- Up-to-date: /home/ugv-c7/CodeWorkspace/UGV-Robot/ros2_humble_colcon_ws/install/moveit_task_constructor_msgs/include/moveit_task_constructor_msgs/moveit_task_constructor_msgs/msg/detail/stage_statistics__type_support.cpp
[27.305s] -- Up-to-date: /home/ugv-c7/CodeWorkspace/UGV-Robot/ros2_humble_colcon_ws/install/moveit_task_constructor_msgs/include/moveit_task_constructor_msgs/moveit_task_constructor_msgs/msg/detail/solution__rosidl_typesupport_introspection_cpp.hpp
[27.305s] -- Up-to-date: /home/ugv-c7/CodeWorkspace/UGV-Robot/ros2_humble_colcon_ws/install/moveit_task_constructor_msgs/include/moveit_task_constructor_msgs/moveit_task_constructor_msgs/msg/detail/sub_solution__rosidl_typesupport_introspection_cpp.hpp
[27.305s] -- Up-to-date: /home/ugv-c7/CodeWorkspace/UGV-Robot/ros2_humble_colcon_ws/install/moveit_task_constructor_msgs/include/moveit_task_constructor_msgs/moveit_task_constructor_msgs/msg/detail/task_description__type_support.cpp
[27.306s] -- Up-to-date: /home/ugv-c7/CodeWorkspace/UGV-Robot/ros2_humble_colcon_ws/install/moveit_task_constructor_msgs/include/moveit_task_constructor_msgs/moveit_task_constructor_msgs/msg/detail/task_statistics__type_support.cpp
[27.306s] -- Up-to-date: /home/ugv-c7/CodeWorkspace/UGV-Robot/ros2_humble_colcon_ws/install/moveit_task_constructor_msgs/include/moveit_task_constructor_msgs/moveit_task_constructor_msgs/msg/detail/trajectory_execution_info__rosidl_typesupport_introspection_cpp.hpp
[27.306s] -- Up-to-date: /home/ugv-c7/CodeWorkspace/UGV-Robot/ros2_humble_colcon_ws/install/moveit_task_constructor_msgs/include/moveit_task_constructor_msgs/moveit_task_constructor_msgs/msg/detail/stage_description__rosidl_typesupport_introspection_cpp.hpp
[27.306s] -- Up-to-date: /home/ugv-c7/CodeWorkspace/UGV-Robot/ros2_humble_colcon_ws/install/moveit_task_constructor_msgs/include/moveit_task_constructor_msgs/moveit_task_constructor_msgs/msg/detail/property__type_support.cpp
[27.306s] -- Up-to-date: /home/ugv-c7/CodeWorkspace/UGV-Robot/ros2_humble_colcon_ws/install/moveit_task_constructor_msgs/include/moveit_task_constructor_msgs/moveit_task_constructor_msgs/msg/detail/stage_description__type_support.cpp
[27.306s] -- Up-to-date: /home/ugv-c7/CodeWorkspace/UGV-Robot/ros2_humble_colcon_ws/install/moveit_task_constructor_msgs/include/moveit_task_constructor_msgs/moveit_task_constructor_msgs/msg/detail/task_description__rosidl_typesupport_introspection_cpp.hpp
[27.306s] -- Up-to-date: /home/ugv-c7/CodeWorkspace/UGV-Robot/ros2_humble_colcon_ws/install/moveit_task_constructor_msgs/include/moveit_task_constructor_msgs/moveit_task_constructor_msgs/msg/detail/solution_info__type_support.cpp
[27.306s] -- Up-to-date: /home/ugv-c7/CodeWorkspace/UGV-Robot/ros2_humble_colcon_ws/install/moveit_task_constructor_msgs/include/moveit_task_constructor_msgs/moveit_task_constructor_msgs/msg/detail/sub_solution__type_support.cpp
[27.307s] -- Up-to-date: /home/ugv-c7/CodeWorkspace/UGV-Robot/ros2_humble_colcon_ws/install/moveit_task_constructor_msgs/include/moveit_task_constructor_msgs/moveit_task_constructor_msgs/msg/detail/solution_info__rosidl_typesupport_introspection_cpp.hpp
[27.307s] -- Up-to-date: /home/ugv-c7/CodeWorkspace/UGV-Robot/ros2_humble_colcon_ws/install/moveit_task_constructor_msgs/include/moveit_task_constructor_msgs/moveit_task_constructor_msgs/srv
[27.307s] -- Up-to-date: /home/ugv-c7/CodeWorkspace/UGV-Robot/ros2_humble_colcon_ws/install/moveit_task_constructor_msgs/include/moveit_task_constructor_msgs/moveit_task_constructor_msgs/srv/detail
[27.307s] -- Up-to-date: /home/ugv-c7/CodeWorkspace/UGV-Robot/ros2_humble_colcon_ws/install/moveit_task_constructor_msgs/include/moveit_task_constructor_msgs/moveit_task_constructor_msgs/srv/detail/get_solution__type_support.cpp
[27.307s] -- Up-to-date: /home/ugv-c7/CodeWorkspace/UGV-Robot/ros2_humble_colcon_ws/install/moveit_task_constructor_msgs/include/moveit_task_constructor_msgs/moveit_task_constructor_msgs/srv/detail/get_solution__rosidl_typesupport_introspection_cpp.hpp
[27.307s] -- Installing: /home/ugv-c7/CodeWorkspace/UGV-Robot/ros2_humble_colcon_ws/install/moveit_task_constructor_msgs/lib/libmoveit_task_constructor_msgs__rosidl_typesupport_introspection_cpp.so
[27.307s] -- Set runtime path of "/home/ugv-c7/CodeWorkspace/UGV-Robot/ros2_humble_colcon_ws/install/moveit_task_constructor_msgs/lib/libmoveit_task_constructor_msgs__rosidl_typesupport_introspection_cpp.so" to ""
[27.309s] -- Installing: /home/ugv-c7/CodeWorkspace/UGV-Robot/ros2_humble_colcon_ws/install/moveit_task_constructor_msgs/lib/libmoveit_task_constructor_msgs__rosidl_typesupport_cpp.so
[27.310s] -- Set runtime path of "/home/ugv-c7/CodeWorkspace/UGV-Robot/ros2_humble_colcon_ws/install/moveit_task_constructor_msgs/lib/libmoveit_task_constructor_msgs__rosidl_typesupport_cpp.so" to ""
[27.310s] -- Up-to-date: /home/ugv-c7/CodeWorkspace/UGV-Robot/ros2_humble_colcon_ws/install/moveit_task_constructor_msgs/share/moveit_task_constructor_msgs/environment/pythonpath.sh
[27.310s] -- Installing: /home/ugv-c7/CodeWorkspace/UGV-Robot/ros2_humble_colcon_ws/install/moveit_task_constructor_msgs/share/moveit_task_constructor_msgs/environment/pythonpath.dsv
[27.312s] -- Up-to-date: /home/ugv-c7/CodeWorkspace/UGV-Robot/ros2_humble_colcon_ws/install/moveit_task_constructor_msgs/local/lib/python3.10/dist-packages/moveit_task_constructor_msgs-0.1.3-py3.10.egg-info
[27.312s] -- Installing: /home/ugv-c7/CodeWorkspace/UGV-Robot/ros2_humble_colcon_ws/install/moveit_task_constructor_msgs/local/lib/python3.10/dist-packages/moveit_task_constructor_msgs-0.1.3-py3.10.egg-info/top_level.txt
[27.313s] -- Installing: /home/ugv-c7/CodeWorkspace/UGV-Robot/ros2_humble_colcon_ws/install/moveit_task_constructor_msgs/local/lib/python3.10/dist-packages/moveit_task_constructor_msgs-0.1.3-py3.10.egg-info/SOURCES.txt
[27.313s] -- Installing: /home/ugv-c7/CodeWorkspace/UGV-Robot/ros2_humble_colcon_ws/install/moveit_task_constructor_msgs/local/lib/python3.10/dist-packages/moveit_task_constructor_msgs-0.1.3-py3.10.egg-info/PKG-INFO
[27.313s] -- Installing: /home/ugv-c7/CodeWorkspace/UGV-Robot/ros2_humble_colcon_ws/install/moveit_task_constructor_msgs/local/lib/python3.10/dist-packages/moveit_task_constructor_msgs-0.1.3-py3.10.egg-info/dependency_links.txt
[27.314s] -- Up-to-date: /home/ugv-c7/CodeWorkspace/UGV-Robot/ros2_humble_colcon_ws/install/moveit_task_constructor_msgs/local/lib/python3.10/dist-packages/moveit_task_constructor_msgs
[27.314s] -- Up-to-date: /home/ugv-c7/CodeWorkspace/UGV-Robot/ros2_humble_colcon_ws/install/moveit_task_constructor_msgs/local/lib/python3.10/dist-packages/moveit_task_constructor_msgs/action
[27.315s] -- Up-to-date: /home/ugv-c7/CodeWorkspace/UGV-Robot/ros2_humble_colcon_ws/install/moveit_task_constructor_msgs/local/lib/python3.10/dist-packages/moveit_task_constructor_msgs/action/_execute_task_solution.py
[27.315s] -- Up-to-date: /home/ugv-c7/CodeWorkspace/UGV-Robot/ros2_humble_colcon_ws/install/moveit_task_constructor_msgs/local/lib/python3.10/dist-packages/moveit_task_constructor_msgs/action/_execute_task_solution_s.c
[27.315s] -- Up-to-date: /home/ugv-c7/CodeWorkspace/UGV-Robot/ros2_humble_colcon_ws/install/moveit_task_constructor_msgs/local/lib/python3.10/dist-packages/moveit_task_constructor_msgs/action/__init__.py
[27.315s] -- Installing: /home/ugv-c7/CodeWorkspace/UGV-Robot/ros2_humble_colcon_ws/install/moveit_task_constructor_msgs/local/lib/python3.10/dist-packages/moveit_task_constructor_msgs/moveit_task_constructor_msgs_s__rosidl_typesupport_introspection_c.cpython-310-aarch64-linux-gnu.so
[27.315s] -- Up-to-date: /home/ugv-c7/CodeWorkspace/UGV-Robot/ros2_humble_colcon_ws/install/moveit_task_constructor_msgs/local/lib/python3.10/dist-packages/moveit_task_constructor_msgs/_moveit_task_constructor_msgs_s.ep.rosidl_typesupport_fastrtps_c.c
[27.316s] -- Up-to-date: /home/ugv-c7/CodeWorkspace/UGV-Robot/ros2_humble_colcon_ws/install/moveit_task_constructor_msgs/local/lib/python3.10/dist-packages/moveit_task_constructor_msgs/_moveit_task_constructor_msgs_s.ep.rosidl_typesupport_introspection_c.c
[27.316s] -- Up-to-date: /home/ugv-c7/CodeWorkspace/UGV-Robot/ros2_humble_colcon_ws/install/moveit_task_constructor_msgs/local/lib/python3.10/dist-packages/moveit_task_constructor_msgs/msg
[27.317s] -- Up-to-date: /home/ugv-c7/CodeWorkspace/UGV-Robot/ros2_humble_colcon_ws/install/moveit_task_constructor_msgs/local/lib/python3.10/dist-packages/moveit_task_constructor_msgs/msg/_property.py
[27.317s] -- Up-to-date: /home/ugv-c7/CodeWorkspace/UGV-Robot/ros2_humble_colcon_ws/install/moveit_task_constructor_msgs/local/lib/python3.10/dist-packages/moveit_task_constructor_msgs/msg/_task_description_s.c
[27.317s] -- Up-to-date: /home/ugv-c7/CodeWorkspace/UGV-Robot/ros2_humble_colcon_ws/install/moveit_task_constructor_msgs/local/lib/python3.10/dist-packages/moveit_task_constructor_msgs/msg/_stage_statistics_s.c
[27.318s] -- Up-to-date: /home/ugv-c7/CodeWorkspace/UGV-Robot/ros2_humble_colcon_ws/install/moveit_task_constructor_msgs/local/lib/python3.10/dist-packages/moveit_task_constructor_msgs/msg/_solution_s.c
[27.318s] -- Up-to-date: /home/ugv-c7/CodeWorkspace/UGV-Robot/ros2_humble_colcon_ws/install/moveit_task_constructor_msgs/local/lib/python3.10/dist-packages/moveit_task_constructor_msgs/msg/_task_statistics.py
[27.318s] -- Up-to-date: /home/ugv-c7/CodeWorkspace/UGV-Robot/ros2_humble_colcon_ws/install/moveit_task_constructor_msgs/local/lib/python3.10/dist-packages/moveit_task_constructor_msgs/msg/_solution_info_s.c
[27.318s] -- Up-to-date: /home/ugv-c7/CodeWorkspace/UGV-Robot/ros2_humble_colcon_ws/install/moveit_task_constructor_msgs/local/lib/python3.10/dist-packages/moveit_task_constructor_msgs/msg/_solution.py
[27.318s] -- Up-to-date: /home/ugv-c7/CodeWorkspace/UGV-Robot/ros2_humble_colcon_ws/install/moveit_task_constructor_msgs/local/lib/python3.10/dist-packages/moveit_task_constructor_msgs/msg/_property_s.c
[27.319s] -- Up-to-date: /home/ugv-c7/CodeWorkspace/UGV-Robot/ros2_humble_colcon_ws/install/moveit_task_constructor_msgs/local/lib/python3.10/dist-packages/moveit_task_constructor_msgs/msg/_stage_description_s.c
[27.319s] -- Up-to-date: /home/ugv-c7/CodeWorkspace/UGV-Robot/ros2_humble_colcon_ws/install/moveit_task_constructor_msgs/local/lib/python3.10/dist-packages/moveit_task_constructor_msgs/msg/_sub_solution_s.c
[27.319s] -- Up-to-date: /home/ugv-c7/CodeWorkspace/UGV-Robot/ros2_humble_colcon_ws/install/moveit_task_constructor_msgs/local/lib/python3.10/dist-packages/moveit_task_constructor_msgs/msg/_solution_info.py
[27.319s] -- Up-to-date: /home/ugv-c7/CodeWorkspace/UGV-Robot/ros2_humble_colcon_ws/install/moveit_task_constructor_msgs/local/lib/python3.10/dist-packages/moveit_task_constructor_msgs/msg/_sub_solution.py
[27.319s] -- Up-to-date: /home/ugv-c7/CodeWorkspace/UGV-Robot/ros2_humble_colcon_ws/install/moveit_task_constructor_msgs/local/lib/python3.10/dist-packages/moveit_task_constructor_msgs/msg/_trajectory_execution_info_s.c
[27.319s] -- Up-to-date: /home/ugv-c7/CodeWorkspace/UGV-Robot/ros2_humble_colcon_ws/install/moveit_task_constructor_msgs/local/lib/python3.10/dist-packages/moveit_task_constructor_msgs/msg/_sub_trajectory_s.c
[27.320s] -- Up-to-date: /home/ugv-c7/CodeWorkspace/UGV-Robot/ros2_humble_colcon_ws/install/moveit_task_constructor_msgs/local/lib/python3.10/dist-packages/moveit_task_constructor_msgs/msg/_trajectory_execution_info.py
[27.320s] -- Up-to-date: /home/ugv-c7/CodeWorkspace/UGV-Robot/ros2_humble_colcon_ws/install/moveit_task_constructor_msgs/local/lib/python3.10/dist-packages/moveit_task_constructor_msgs/msg/_stage_statistics.py
[27.320s] -- Up-to-date: /home/ugv-c7/CodeWorkspace/UGV-Robot/ros2_humble_colcon_ws/install/moveit_task_constructor_msgs/local/lib/python3.10/dist-packages/moveit_task_constructor_msgs/msg/_sub_trajectory.py
[27.320s] -- Up-to-date: /home/ugv-c7/CodeWorkspace/UGV-Robot/ros2_humble_colcon_ws/install/moveit_task_constructor_msgs/local/lib/python3.10/dist-packages/moveit_task_constructor_msgs/msg/_task_statistics_s.c
[27.320s] -- Up-to-date: /home/ugv-c7/CodeWorkspace/UGV-Robot/ros2_humble_colcon_ws/install/moveit_task_constructor_msgs/local/lib/python3.10/dist-packages/moveit_task_constructor_msgs/msg/_task_description.py
[27.320s] -- Up-to-date: /home/ugv-c7/CodeWorkspace/UGV-Robot/ros2_humble_colcon_ws/install/moveit_task_constructor_msgs/local/lib/python3.10/dist-packages/moveit_task_constructor_msgs/msg/__init__.py
[27.320s] -- Up-to-date: /home/ugv-c7/CodeWorkspace/UGV-Robot/ros2_humble_colcon_ws/install/moveit_task_constructor_msgs/local/lib/python3.10/dist-packages/moveit_task_constructor_msgs/msg/_stage_description.py
[27.321s] -- Installing: /home/ugv-c7/CodeWorkspace/UGV-Robot/ros2_humble_colcon_ws/install/moveit_task_constructor_msgs/local/lib/python3.10/dist-packages/moveit_task_constructor_msgs/libmoveit_task_constructor_msgs__rosidl_generator_py.so
[27.321s] -- Up-to-date: /home/ugv-c7/CodeWorkspace/UGV-Robot/ros2_humble_colcon_ws/install/moveit_task_constructor_msgs/local/lib/python3.10/dist-packages/moveit_task_constructor_msgs/_moveit_task_constructor_msgs_s.ep.rosidl_typesupport_c.c
[27.321s] -- Installing: /home/ugv-c7/CodeWorkspace/UGV-Robot/ros2_humble_colcon_ws/install/moveit_task_constructor_msgs/local/lib/python3.10/dist-packages/moveit_task_constructor_msgs/moveit_task_constructor_msgs_s__rosidl_typesupport_fastrtps_c.cpython-310-aarch64-linux-gnu.so
[27.321s] -- Installing: /home/ugv-c7/CodeWorkspace/UGV-Robot/ros2_humble_colcon_ws/install/moveit_task_constructor_msgs/local/lib/python3.10/dist-packages/moveit_task_constructor_msgs/moveit_task_constructor_msgs_s__rosidl_typesupport_c.cpython-310-aarch64-linux-gnu.so
[27.321s] -- Up-to-date: /home/ugv-c7/CodeWorkspace/UGV-Robot/ros2_humble_colcon_ws/install/moveit_task_constructor_msgs/local/lib/python3.10/dist-packages/moveit_task_constructor_msgs/srv
[27.321s] -- Up-to-date: /home/ugv-c7/CodeWorkspace/UGV-Robot/ros2_humble_colcon_ws/install/moveit_task_constructor_msgs/local/lib/python3.10/dist-packages/moveit_task_constructor_msgs/srv/_get_solution.py
[27.321s] -- Up-to-date: /home/ugv-c7/CodeWorkspace/UGV-Robot/ros2_humble_colcon_ws/install/moveit_task_constructor_msgs/local/lib/python3.10/dist-packages/moveit_task_constructor_msgs/srv/_get_solution_s.c
[27.322s] -- Up-to-date: /home/ugv-c7/CodeWorkspace/UGV-Robot/ros2_humble_colcon_ws/install/moveit_task_constructor_msgs/local/lib/python3.10/dist-packages/moveit_task_constructor_msgs/srv/__init__.py
[27.322s] -- Installing: /home/ugv-c7/CodeWorkspace/UGV-Robot/ros2_humble_colcon_ws/install/moveit_task_constructor_msgs/local/lib/python3.10/dist-packages/moveit_task_constructor_msgs/__init__.py
[27.456s] Listing '/home/ugv-c7/CodeWorkspace/UGV-Robot/ros2_humble_colcon_ws/install/moveit_task_constructor_msgs/local/lib/python3.10/dist-packages/moveit_task_constructor_msgs'...
[27.457s] Compiling '/home/ugv-c7/CodeWorkspace/UGV-Robot/ros2_humble_colcon_ws/install/moveit_task_constructor_msgs/local/lib/python3.10/dist-packages/moveit_task_constructor_msgs/__init__.py'...
[27.457s] Listing '/home/ugv-c7/CodeWorkspace/UGV-Robot/ros2_humble_colcon_ws/install/moveit_task_constructor_msgs/local/lib/python3.10/dist-packages/moveit_task_constructor_msgs/action'...
[27.457s] Listing '/home/ugv-c7/CodeWorkspace/UGV-Robot/ros2_humble_colcon_ws/install/moveit_task_constructor_msgs/local/lib/python3.10/dist-packages/moveit_task_constructor_msgs/msg'...
[27.457s] Listing '/home/ugv-c7/CodeWorkspace/UGV-Robot/ros2_humble_colcon_ws/install/moveit_task_constructor_msgs/local/lib/python3.10/dist-packages/moveit_task_constructor_msgs/srv'...
[27.484s] -- Installing: /home/ugv-c7/CodeWorkspace/UGV-Robot/ros2_humble_colcon_ws/install/moveit_task_constructor_msgs/local/lib/python3.10/dist-packages/moveit_task_constructor_msgs/moveit_task_constructor_msgs_s__rosidl_typesupport_fastrtps_c.cpython-310-aarch64-linux-gnu.so
[27.485s] -- Set runtime path of "/home/ugv-c7/CodeWorkspace/UGV-Robot/ros2_humble_colcon_ws/install/moveit_task_constructor_msgs/local/lib/python3.10/dist-packages/moveit_task_constructor_msgs/moveit_task_constructor_msgs_s__rosidl_typesupport_fastrtps_c.cpython-310-aarch64-linux-gnu.so" to ""
[27.485s] -- Installing: /home/ugv-c7/CodeWorkspace/UGV-Robot/ros2_humble_colcon_ws/install/moveit_task_constructor_msgs/local/lib/python3.10/dist-packages/moveit_task_constructor_msgs/moveit_task_constructor_msgs_s__rosidl_typesupport_introspection_c.cpython-310-aarch64-linux-gnu.so
[27.486s] -- Set runtime path of "/home/ugv-c7/CodeWorkspace/UGV-Robot/ros2_humble_colcon_ws/install/moveit_task_constructor_msgs/local/lib/python3.10/dist-packages/moveit_task_constructor_msgs/moveit_task_constructor_msgs_s__rosidl_typesupport_introspection_c.cpython-310-aarch64-linux-gnu.so" to ""
[27.487s] -- Installing: /home/ugv-c7/CodeWorkspace/UGV-Robot/ros2_humble_colcon_ws/install/moveit_task_constructor_msgs/local/lib/python3.10/dist-packages/moveit_task_constructor_msgs/moveit_task_constructor_msgs_s__rosidl_typesupport_c.cpython-310-aarch64-linux-gnu.so
[27.488s] -- Set runtime path of "/home/ugv-c7/CodeWorkspace/UGV-Robot/ros2_humble_colcon_ws/install/moveit_task_constructor_msgs/local/lib/python3.10/dist-packages/moveit_task_constructor_msgs/moveit_task_constructor_msgs_s__rosidl_typesupport_c.cpython-310-aarch64-linux-gnu.so" to ""
[27.491s] -- Installing: /home/ugv-c7/CodeWorkspace/UGV-Robot/ros2_humble_colcon_ws/install/moveit_task_constructor_msgs/lib/libmoveit_task_constructor_msgs__rosidl_generator_py.so
[27.492s] -- Set runtime path of "/home/ugv-c7/CodeWorkspace/UGV-Robot/ros2_humble_colcon_ws/install/moveit_task_constructor_msgs/lib/libmoveit_task_constructor_msgs__rosidl_generator_py.so" to ""
[27.493s] -- Up-to-date: /home/ugv-c7/CodeWorkspace/UGV-Robot/ros2_humble_colcon_ws/install/moveit_task_constructor_msgs/share/moveit_task_constructor_msgs/msg/Property.idl
[27.493s] -- Up-to-date: /home/ugv-c7/CodeWorkspace/UGV-Robot/ros2_humble_colcon_ws/install/moveit_task_constructor_msgs/share/moveit_task_constructor_msgs/msg/Solution.idl
[27.494s] -- Up-to-date: /home/ugv-c7/CodeWorkspace/UGV-Robot/ros2_humble_colcon_ws/install/moveit_task_constructor_msgs/share/moveit_task_constructor_msgs/msg/SolutionInfo.idl
[27.494s] -- Up-to-date: /home/ugv-c7/CodeWorkspace/UGV-Robot/ros2_humble_colcon_ws/install/moveit_task_constructor_msgs/share/moveit_task_constructor_msgs/msg/StageDescription.idl
[27.494s] -- Up-to-date: /home/ugv-c7/CodeWorkspace/UGV-Robot/ros2_humble_colcon_ws/install/moveit_task_constructor_msgs/share/moveit_task_constructor_msgs/msg/StageStatistics.idl
[27.494s] -- Up-to-date: /home/ugv-c7/CodeWorkspace/UGV-Robot/ros2_humble_colcon_ws/install/moveit_task_constructor_msgs/share/moveit_task_constructor_msgs/msg/SubSolution.idl
[27.495s] -- Up-to-date: /home/ugv-c7/CodeWorkspace/UGV-Robot/ros2_humble_colcon_ws/install/moveit_task_constructor_msgs/share/moveit_task_constructor_msgs/msg/SubTrajectory.idl
[27.495s] -- Up-to-date: /home/ugv-c7/CodeWorkspace/UGV-Robot/ros2_humble_colcon_ws/install/moveit_task_constructor_msgs/share/moveit_task_constructor_msgs/msg/TaskDescription.idl
[27.495s] -- Up-to-date: /home/ugv-c7/CodeWorkspace/UGV-Robot/ros2_humble_colcon_ws/install/moveit_task_constructor_msgs/share/moveit_task_constructor_msgs/msg/TaskStatistics.idl
[27.495s] -- Up-to-date: /home/ugv-c7/CodeWorkspace/UGV-Robot/ros2_humble_colcon_ws/install/moveit_task_constructor_msgs/share/moveit_task_constructor_msgs/msg/TrajectoryExecutionInfo.idl
[27.496s] -- Up-to-date: /home/ugv-c7/CodeWorkspace/UGV-Robot/ros2_humble_colcon_ws/install/moveit_task_constructor_msgs/share/moveit_task_constructor_msgs/srv/GetSolution.idl
[27.497s] -- Up-to-date: /home/ugv-c7/CodeWorkspace/UGV-Robot/ros2_humble_colcon_ws/install/moveit_task_constructor_msgs/share/moveit_task_constructor_msgs/action/ExecuteTaskSolution.idl
[27.497s] -- Up-to-date: /home/ugv-c7/CodeWorkspace/UGV-Robot/ros2_humble_colcon_ws/install/moveit_task_constructor_msgs/share/moveit_task_constructor_msgs/msg/Property.msg
[27.497s] -- Up-to-date: /home/ugv-c7/CodeWorkspace/UGV-Robot/ros2_humble_colcon_ws/install/moveit_task_constructor_msgs/share/moveit_task_constructor_msgs/msg/Solution.msg
[27.497s] -- Up-to-date: /home/ugv-c7/CodeWorkspace/UGV-Robot/ros2_humble_colcon_ws/install/moveit_task_constructor_msgs/share/moveit_task_constructor_msgs/msg/SolutionInfo.msg
[27.498s] -- Up-to-date: /home/ugv-c7/CodeWorkspace/UGV-Robot/ros2_humble_colcon_ws/install/moveit_task_constructor_msgs/share/moveit_task_constructor_msgs/msg/StageDescription.msg
[27.498s] -- Up-to-date: /home/ugv-c7/CodeWorkspace/UGV-Robot/ros2_humble_colcon_ws/install/moveit_task_constructor_msgs/share/moveit_task_constructor_msgs/msg/StageStatistics.msg
[27.498s] -- Up-to-date: /home/ugv-c7/CodeWorkspace/UGV-Robot/ros2_humble_colcon_ws/install/moveit_task_constructor_msgs/share/moveit_task_constructor_msgs/msg/SubSolution.msg
[27.499s] -- Up-to-date: /home/ugv-c7/CodeWorkspace/UGV-Robot/ros2_humble_colcon_ws/install/moveit_task_constructor_msgs/share/moveit_task_constructor_msgs/msg/SubTrajectory.msg
[27.499s] -- Up-to-date: /home/ugv-c7/CodeWorkspace/UGV-Robot/ros2_humble_colcon_ws/install/moveit_task_constructor_msgs/share/moveit_task_constructor_msgs/msg/TaskDescription.msg
[27.499s] -- Up-to-date: /home/ugv-c7/CodeWorkspace/UGV-Robot/ros2_humble_colcon_ws/install/moveit_task_constructor_msgs/share/moveit_task_constructor_msgs/msg/TaskStatistics.msg
[27.500s] -- Up-to-date: /home/ugv-c7/CodeWorkspace/UGV-Robot/ros2_humble_colcon_ws/install/moveit_task_constructor_msgs/share/moveit_task_constructor_msgs/msg/TrajectoryExecutionInfo.msg
[27.500s] -- Up-to-date: /home/ugv-c7/CodeWorkspace/UGV-Robot/ros2_humble_colcon_ws/install/moveit_task_constructor_msgs/share/moveit_task_constructor_msgs/srv/GetSolution.srv
[27.500s] -- Up-to-date: /home/ugv-c7/CodeWorkspace/UGV-Robot/ros2_humble_colcon_ws/install/moveit_task_constructor_msgs/share/moveit_task_constructor_msgs/srv/GetSolution_Request.msg
[27.501s] -- Up-to-date: /home/ugv-c7/CodeWorkspace/UGV-Robot/ros2_humble_colcon_ws/install/moveit_task_constructor_msgs/share/moveit_task_constructor_msgs/srv/GetSolution_Response.msg
[27.501s] -- Up-to-date: /home/ugv-c7/CodeWorkspace/UGV-Robot/ros2_humble_colcon_ws/install/moveit_task_constructor_msgs/share/moveit_task_constructor_msgs/action/ExecuteTaskSolution.action
[27.502s] -- Up-to-date: /home/ugv-c7/CodeWorkspace/UGV-Robot/ros2_humble_colcon_ws/install/moveit_task_constructor_msgs/share/ament_index/resource_index/package_run_dependencies/moveit_task_constructor_msgs
[27.503s] -- Installing: /home/ugv-c7/CodeWorkspace/UGV-Robot/ros2_humble_colcon_ws/install/moveit_task_constructor_msgs/share/ament_index/resource_index/parent_prefix_path/moveit_task_constructor_msgs
[27.503s] -- Up-to-date: /home/ugv-c7/CodeWorkspace/UGV-Robot/ros2_humble_colcon_ws/install/moveit_task_constructor_msgs/share/moveit_task_constructor_msgs/environment/ament_prefix_path.sh
[27.504s] -- Installing: /home/ugv-c7/CodeWorkspace/UGV-Robot/ros2_humble_colcon_ws/install/moveit_task_constructor_msgs/share/moveit_task_constructor_msgs/environment/ament_prefix_path.dsv
[27.505s] -- Up-to-date: /home/ugv-c7/CodeWorkspace/UGV-Robot/ros2_humble_colcon_ws/install/moveit_task_constructor_msgs/share/moveit_task_constructor_msgs/environment/path.sh
[27.505s] -- Installing: /home/ugv-c7/CodeWorkspace/UGV-Robot/ros2_humble_colcon_ws/install/moveit_task_constructor_msgs/share/moveit_task_constructor_msgs/environment/path.dsv
[27.506s] -- Up-to-date: /home/ugv-c7/CodeWorkspace/UGV-Robot/ros2_humble_colcon_ws/install/moveit_task_constructor_msgs/share/moveit_task_constructor_msgs/local_setup.bash
[27.506s] -- Up-to-date: /home/ugv-c7/CodeWorkspace/UGV-Robot/ros2_humble_colcon_ws/install/moveit_task_constructor_msgs/share/moveit_task_constructor_msgs/local_setup.sh
[27.506s] -- Up-to-date: /home/ugv-c7/CodeWorkspace/UGV-Robot/ros2_humble_colcon_ws/install/moveit_task_constructor_msgs/share/moveit_task_constructor_msgs/local_setup.zsh
[27.506s] -- Installing: /home/ugv-c7/CodeWorkspace/UGV-Robot/ros2_humble_colcon_ws/install/moveit_task_constructor_msgs/share/moveit_task_constructor_msgs/local_setup.dsv
[27.507s] -- Installing: /home/ugv-c7/CodeWorkspace/UGV-Robot/ros2_humble_colcon_ws/install/moveit_task_constructor_msgs/share/moveit_task_constructor_msgs/package.dsv
[27.509s] -- Up-to-date: /home/ugv-c7/CodeWorkspace/UGV-Robot/ros2_humble_colcon_ws/install/moveit_task_constructor_msgs/share/ament_index/resource_index/packages/moveit_task_constructor_msgs
[27.510s] -- Up-to-date: /home/ugv-c7/CodeWorkspace/UGV-Robot/ros2_humble_colcon_ws/install/moveit_task_constructor_msgs/share/moveit_task_constructor_msgs/cmake/export_moveit_task_constructor_msgs__rosidl_generator_cExport.cmake
[27.511s] -- Installing: /home/ugv-c7/CodeWorkspace/UGV-Robot/ros2_humble_colcon_ws/install/moveit_task_constructor_msgs/share/moveit_task_constructor_msgs/cmake/export_moveit_task_constructor_msgs__rosidl_generator_cExport-release.cmake
[27.512s] -- Up-to-date: /home/ugv-c7/CodeWorkspace/UGV-Robot/ros2_humble_colcon_ws/install/moveit_task_constructor_msgs/share/moveit_task_constructor_msgs/cmake/export_moveit_task_constructor_msgs__rosidl_typesupport_fastrtps_cExport.cmake
[27.512s] -- Installing: /home/ugv-c7/CodeWorkspace/UGV-Robot/ros2_humble_colcon_ws/install/moveit_task_constructor_msgs/share/moveit_task_constructor_msgs/cmake/export_moveit_task_constructor_msgs__rosidl_typesupport_fastrtps_cExport-release.cmake
[27.514s] -- Up-to-date: /home/ugv-c7/CodeWorkspace/UGV-Robot/ros2_humble_colcon_ws/install/moveit_task_constructor_msgs/share/moveit_task_constructor_msgs/cmake/export_moveit_task_constructor_msgs__rosidl_generator_cppExport.cmake
[27.515s] -- Up-to-date: /home/ugv-c7/CodeWorkspace/UGV-Robot/ros2_humble_colcon_ws/install/moveit_task_constructor_msgs/share/moveit_task_constructor_msgs/cmake/export_moveit_task_constructor_msgs__rosidl_typesupport_fastrtps_cppExport.cmake
[27.515s] -- Installing: /home/ugv-c7/CodeWorkspace/UGV-Robot/ros2_humble_colcon_ws/install/moveit_task_constructor_msgs/share/moveit_task_constructor_msgs/cmake/export_moveit_task_constructor_msgs__rosidl_typesupport_fastrtps_cppExport-release.cmake
[27.517s] -- Up-to-date: /home/ugv-c7/CodeWorkspace/UGV-Robot/ros2_humble_colcon_ws/install/moveit_task_constructor_msgs/share/moveit_task_constructor_msgs/cmake/moveit_task_constructor_msgs__rosidl_typesupport_introspection_cExport.cmake
[27.517s] -- Installing: /home/ugv-c7/CodeWorkspace/UGV-Robot/ros2_humble_colcon_ws/install/moveit_task_constructor_msgs/share/moveit_task_constructor_msgs/cmake/moveit_task_constructor_msgs__rosidl_typesupport_introspection_cExport-release.cmake
[27.518s] -- Up-to-date: /home/ugv-c7/CodeWorkspace/UGV-Robot/ros2_humble_colcon_ws/install/moveit_task_constructor_msgs/share/moveit_task_constructor_msgs/cmake/moveit_task_constructor_msgs__rosidl_typesupport_cExport.cmake
[27.519s] -- Installing: /home/ugv-c7/CodeWorkspace/UGV-Robot/ros2_humble_colcon_ws/install/moveit_task_constructor_msgs/share/moveit_task_constructor_msgs/cmake/moveit_task_constructor_msgs__rosidl_typesupport_cExport-release.cmake
[27.520s] -- Up-to-date: /home/ugv-c7/CodeWorkspace/UGV-Robot/ros2_humble_colcon_ws/install/moveit_task_constructor_msgs/share/moveit_task_constructor_msgs/cmake/moveit_task_constructor_msgs__rosidl_typesupport_introspection_cppExport.cmake
[27.520s] -- Installing: /home/ugv-c7/CodeWorkspace/UGV-Robot/ros2_humble_colcon_ws/install/moveit_task_constructor_msgs/share/moveit_task_constructor_msgs/cmake/moveit_task_constructor_msgs__rosidl_typesupport_introspection_cppExport-release.cmake
[27.522s] -- Up-to-date: /home/ugv-c7/CodeWorkspace/UGV-Robot/ros2_humble_colcon_ws/install/moveit_task_constructor_msgs/share/moveit_task_constructor_msgs/cmake/moveit_task_constructor_msgs__rosidl_typesupport_cppExport.cmake
[27.522s] -- Installing: /home/ugv-c7/CodeWorkspace/UGV-Robot/ros2_humble_colcon_ws/install/moveit_task_constructor_msgs/share/moveit_task_constructor_msgs/cmake/moveit_task_constructor_msgs__rosidl_typesupport_cppExport-release.cmake
[27.524s] -- Up-to-date: /home/ugv-c7/CodeWorkspace/UGV-Robot/ros2_humble_colcon_ws/install/moveit_task_constructor_msgs/share/moveit_task_constructor_msgs/cmake/export_moveit_task_constructor_msgs__rosidl_generator_pyExport.cmake
[27.524s] -- Installing: /home/ugv-c7/CodeWorkspace/UGV-Robot/ros2_humble_colcon_ws/install/moveit_task_constructor_msgs/share/moveit_task_constructor_msgs/cmake/export_moveit_task_constructor_msgs__rosidl_generator_pyExport-release.cmake
[27.525s] -- Up-to-date: /home/ugv-c7/CodeWorkspace/UGV-Robot/ros2_humble_colcon_ws/install/moveit_task_constructor_msgs/share/moveit_task_constructor_msgs/cmake/rosidl_cmake-extras.cmake
[27.525s] -- Up-to-date: /home/ugv-c7/CodeWorkspace/UGV-Robot/ros2_humble_colcon_ws/install/moveit_task_constructor_msgs/share/moveit_task_constructor_msgs/cmake/ament_cmake_export_dependencies-extras.cmake
[27.526s] -- Up-to-date: /home/ugv-c7/CodeWorkspace/UGV-Robot/ros2_humble_colcon_ws/install/moveit_task_constructor_msgs/share/moveit_task_constructor_msgs/cmake/ament_cmake_export_include_directories-extras.cmake
[27.526s] -- Up-to-date: /home/ugv-c7/CodeWorkspace/UGV-Robot/ros2_humble_colcon_ws/install/moveit_task_constructor_msgs/share/moveit_task_constructor_msgs/cmake/ament_cmake_export_libraries-extras.cmake
[27.526s] -- Up-to-date: /home/ugv-c7/CodeWorkspace/UGV-Robot/ros2_humble_colcon_ws/install/moveit_task_constructor_msgs/share/moveit_task_constructor_msgs/cmake/ament_cmake_export_targets-extras.cmake
[27.526s] -- Up-to-date: /home/ugv-c7/CodeWorkspace/UGV-Robot/ros2_humble_colcon_ws/install/moveit_task_constructor_msgs/share/moveit_task_constructor_msgs/cmake/rosidl_cmake_export_typesupport_targets-extras.cmake
[27.527s] -- Up-to-date: /home/ugv-c7/CodeWorkspace/UGV-Robot/ros2_humble_colcon_ws/install/moveit_task_constructor_msgs/share/moveit_task_constructor_msgs/cmake/rosidl_cmake_export_typesupport_libraries-extras.cmake
[27.527s] -- Up-to-date: /home/ugv-c7/CodeWorkspace/UGV-Robot/ros2_humble_colcon_ws/install/moveit_task_constructor_msgs/share/moveit_task_constructor_msgs/cmake/moveit_task_constructor_msgsConfig.cmake
[27.527s] -- Up-to-date: /home/ugv-c7/CodeWorkspace/UGV-Robot/ros2_humble_colcon_ws/install/moveit_task_constructor_msgs/share/moveit_task_constructor_msgs/cmake/moveit_task_constructor_msgsConfig-version.cmake
[27.528s] -- Up-to-date: /home/ugv-c7/CodeWorkspace/UGV-Robot/ros2_humble_colcon_ws/install/moveit_task_constructor_msgs/share/moveit_task_constructor_msgs/package.xml
[27.545s] Invoked command in '/home/ugv-c7/CodeWorkspace/UGV-Robot/ros2_humble_colcon_ws/build/moveit_task_constructor_msgs' returned '0': CMAKE_PREFIX_PATH=/opt/ros/humble /usr/bin/cmake --install /home/ugv-c7/CodeWorkspace/UGV-Robot/ros2_humble_colcon_ws/build/moveit_task_constructor_msgs
