[0.036s] Invoking command in '/home/ugv-c7/CodeWorkspace/UGV-Robot/ros2_humble_colcon_ws/build/moveit_task_constructor_msgs': CMAKE_PREFIX_PATH=${CMAKE_PREFIX_PATH}:/home/ugv-c7/CodeWorkspace/UGV-Robot/ros2_humble_colcon_ws/install/py_pub_sub:/opt/ros/humble /usr/bin/cmake /home/ugv-c7/CodeWorkspace/UGV-Robot/ros2_humble_colcon_ws/src/moveit_task_constructor/msgs -DCMAKE_INSTALL_PREFIX=/home/ugv-c7/CodeWorkspace/UGV-Robot/ros2_humble_colcon_ws/install/moveit_task_constructor_msgs
[0.191s] -- The C compiler identification is GNU 11.4.0
[0.345s] -- The CXX compiler identification is GNU 11.4.0
[0.374s] -- Detecting C compiler ABI info
[0.583s] -- Detecting C compiler ABI info - done
[0.599s] -- Check for working C compiler: /usr/bin/cc - skipped
[0.600s] -- Detecting C compile features
[0.600s] -- Detecting C compile features - done
[0.608s] -- Detecting CXX compiler ABI info
[0.818s] -- Detecting CXX compiler ABI info - done
[0.835s] -- Check for working CXX compiler: /usr/bin/c++ - skipped
[0.835s] -- Detecting CXX compile features
[0.836s] -- Detecting CXX compile features - done
[0.843s] -- Found ament_cmake: 1.3.11 (/opt/ros/humble/share/ament_cmake/cmake)
[1.293s] -- Found Python3: /usr/bin/python3 (found version "3.10.12") found components: Interpreter 
[1.618s] -- Found builtin_interfaces: 1.2.1 (/opt/ros/humble/share/builtin_interfaces/cmake)
[1.765s] -- Found rosidl_generator_c: 3.1.6 (/opt/ros/humble/share/rosidl_generator_c/cmake)
[1.788s] -- Found rosidl_adapter: 3.1.6 (/opt/ros/humble/share/rosidl_adapter/cmake)
[1.825s] -- Found rosidl_generator_cpp: 3.1.6 (/opt/ros/humble/share/rosidl_generator_cpp/cmake)
[1.882s] -- Using all available rosidl_typesupport_c: rosidl_typesupport_fastrtps_c;rosidl_typesupport_introspection_c
[1.950s] -- Using all available rosidl_typesupport_cpp: rosidl_typesupport_fastrtps_cpp;rosidl_typesupport_introspection_cpp
[2.041s] -- Found moveit_msgs: 2.2.1 (/opt/ros/humble/share/moveit_msgs/cmake)
[2.673s] -- Found rosidl_default_generators: 1.2.0 (/opt/ros/humble/share/rosidl_default_generators/cmake)
[2.710s] -- Found visualization_msgs: 4.2.4 (/opt/ros/humble/share/visualization_msgs/cmake)
[4.683s] -- Found ament_cmake_ros: 0.10.0 (/opt/ros/humble/share/ament_cmake_ros/cmake)
[8.094s] -- Using all available rosidl_typesupport_c: rosidl_typesupport_fastrtps_c;rosidl_typesupport_introspection_c
[9.121s] -- Using all available rosidl_typesupport_cpp: rosidl_typesupport_fastrtps_cpp;rosidl_typesupport_introspection_cpp
[9.195s] -- Found PythonInterp: /usr/bin/python3 (found suitable version "3.10.12", minimum required is "3.6") 
[9.199s] -- Found python_cmake_module: 0.10.0 (/opt/ros/humble/share/python_cmake_module/cmake)
[9.277s] -- Found PythonLibs: /usr/lib/aarch64-linux-gnu/libpython3.10.so (found suitable version "3.10.12", minimum required is "3.5") 
[9.278s] -- Using PYTHON_EXECUTABLE: /usr/bin/python3
[9.278s] -- Using PYTHON_INCLUDE_DIRS: /usr/include/python3.10
[9.278s] -- Using PYTHON_LIBRARIES: /usr/lib/aarch64-linux-gnu/libpython3.10.so
[9.340s] -- Found PythonExtra: .so  
[9.673s] -- Configuring done
[9.905s] -- Generating done
[9.974s] -- Build files have been written to: /home/ugv-c7/CodeWorkspace/UGV-Robot/ros2_humble_colcon_ws/build/moveit_task_constructor_msgs
[10.034s] Invoked command in '/home/ugv-c7/CodeWorkspace/UGV-Robot/ros2_humble_colcon_ws/build/moveit_task_constructor_msgs' returned '0': CMAKE_PREFIX_PATH=${CMAKE_PREFIX_PATH}:/home/ugv-c7/CodeWorkspace/UGV-Robot/ros2_humble_colcon_ws/install/py_pub_sub:/opt/ros/humble /usr/bin/cmake /home/ugv-c7/CodeWorkspace/UGV-Robot/ros2_humble_colcon_ws/src/moveit_task_constructor/msgs -DCMAKE_INSTALL_PREFIX=/home/ugv-c7/CodeWorkspace/UGV-Robot/ros2_humble_colcon_ws/install/moveit_task_constructor_msgs
[10.048s] Invoking command in '/home/ugv-c7/CodeWorkspace/UGV-Robot/ros2_humble_colcon_ws/build/moveit_task_constructor_msgs': CMAKE_PREFIX_PATH=${CMAKE_PREFIX_PATH}:/home/ugv-c7/CodeWorkspace/UGV-Robot/ros2_humble_colcon_ws/install/py_pub_sub:/opt/ros/humble /usr/bin/cmake --build /home/ugv-c7/CodeWorkspace/UGV-Robot/ros2_humble_colcon_ws/build/moveit_task_constructor_msgs -- -j6 -l6
[10.407s] [  0%] [34m[1mGenerating C++ code for ROS interfaces[0m
[10.435s] [  1%] [34m[1mGenerating C code for ROS interfaces[0m
[10.494s] [  1%] Built target ament_cmake_python_copy_moveit_task_constructor_msgs
[11.417s] running egg_info
[11.419s] creating moveit_task_constructor_msgs.egg-info
[11.420s] writing moveit_task_constructor_msgs.egg-info/PKG-INFO
[11.422s] writing dependency_links to moveit_task_constructor_msgs.egg-info/dependency_links.txt
[11.423s] writing top-level names to moveit_task_constructor_msgs.egg-info/top_level.txt
[11.424s] writing manifest file 'moveit_task_constructor_msgs.egg-info/SOURCES.txt'
[11.433s] reading manifest file 'moveit_task_constructor_msgs.egg-info/SOURCES.txt'
[11.435s] writing manifest file 'moveit_task_constructor_msgs.egg-info/SOURCES.txt'
[11.659s] [  1%] Built target ament_cmake_python_build_moveit_task_constructor_msgs_egg
[16.522s] [  1%] Built target moveit_task_constructor_msgs__cpp
[16.600s] [  2%] [34m[1mGenerating C++ type support dispatch for ROS interfaces[0m
[16.658s] [  2%] [34m[1mGenerating C++ type support for eProsima Fast-RTPS[0m
[16.695s] [  3%] [34m[1mGenerating C++ introspection for ROS interfaces[0m
[16.946s] [  4%] [32mBuilding C object CMakeFiles/moveit_task_constructor_msgs__rosidl_generator_c.dir/rosidl_generator_c/moveit_task_constructor_msgs/msg/detail/property__functions.c.o[0m
[16.965s] [  5%] [32mBuilding C object CMakeFiles/moveit_task_constructor_msgs__rosidl_generator_c.dir/rosidl_generator_c/moveit_task_constructor_msgs/msg/detail/solution_info__functions.c.o[0m
[16.985s] [  6%] [32mBuilding C object CMakeFiles/moveit_task_constructor_msgs__rosidl_generator_c.dir/rosidl_generator_c/moveit_task_constructor_msgs/msg/detail/solution__functions.c.o[0m
[17.333s] [  6%] [32mBuilding C object CMakeFiles/moveit_task_constructor_msgs__rosidl_generator_c.dir/rosidl_generator_c/moveit_task_constructor_msgs/msg/detail/stage_description__functions.c.o[0m
[17.439s] [  7%] [32mBuilding C object CMakeFiles/moveit_task_constructor_msgs__rosidl_generator_c.dir/rosidl_generator_c/moveit_task_constructor_msgs/msg/detail/stage_statistics__functions.c.o[0m
[17.459s] [  8%] [32mBuilding C object CMakeFiles/moveit_task_constructor_msgs__rosidl_generator_c.dir/rosidl_generator_c/moveit_task_constructor_msgs/msg/detail/sub_solution__functions.c.o[0m
[17.770s] [  9%] [32mBuilding C object CMakeFiles/moveit_task_constructor_msgs__rosidl_generator_c.dir/rosidl_generator_c/moveit_task_constructor_msgs/msg/detail/sub_trajectory__functions.c.o[0m
[17.796s] [ 10%] [32mBuilding C object CMakeFiles/moveit_task_constructor_msgs__rosidl_generator_c.dir/rosidl_generator_c/moveit_task_constructor_msgs/msg/detail/task_description__functions.c.o[0m
[17.869s] [ 11%] [32mBuilding C object CMakeFiles/moveit_task_constructor_msgs__rosidl_generator_c.dir/rosidl_generator_c/moveit_task_constructor_msgs/msg/detail/task_statistics__functions.c.o[0m
[18.144s] [ 11%] [32mBuilding C object CMakeFiles/moveit_task_constructor_msgs__rosidl_generator_c.dir/rosidl_generator_c/moveit_task_constructor_msgs/msg/detail/trajectory_execution_info__functions.c.o[0m
[18.146s] [ 12%] [32mBuilding C object CMakeFiles/moveit_task_constructor_msgs__rosidl_generator_c.dir/rosidl_generator_c/moveit_task_constructor_msgs/srv/detail/get_solution__functions.c.o[0m
[18.253s] [ 13%] [32mBuilding C object CMakeFiles/moveit_task_constructor_msgs__rosidl_generator_c.dir/rosidl_generator_c/moveit_task_constructor_msgs/action/detail/execute_task_solution__functions.c.o[0m
[19.247s] [ 14%] [32m[1mLinking C shared library libmoveit_task_constructor_msgs__rosidl_generator_c.so[0m
[19.604s] [ 14%] Built target moveit_task_constructor_msgs__rosidl_generator_c
[19.693s] [ 15%] [34m[1mGenerating C type support dispatch for ROS interfaces[0m
[19.701s] [ 16%] [34m[1mGenerating C introspection for ROS interfaces[0m
[19.715s] [ 17%] [34m[1mGenerating C type support for eProsima Fast-RTPS[0m
[21.393s] [ 18%] [32mBuilding CXX object CMakeFiles/moveit_task_constructor_msgs__rosidl_typesupport_cpp.dir/rosidl_typesupport_cpp/moveit_task_constructor_msgs/msg/property__type_support.cpp.o[0m
[23.204s] [ 19%] [32mBuilding CXX object CMakeFiles/moveit_task_constructor_msgs__rosidl_typesupport_cpp.dir/rosidl_typesupport_cpp/moveit_task_constructor_msgs/msg/solution__type_support.cpp.o[0m
[23.828s] [ 19%] [32mBuilding CXX object CMakeFiles/moveit_task_constructor_msgs__rosidl_typesupport_introspection_cpp.dir/rosidl_typesupport_introspection_cpp/moveit_task_constructor_msgs/msg/detail/property__type_support.cpp.o[0m
[24.341s] [ 20%] [32mBuilding CXX object CMakeFiles/moveit_task_constructor_msgs__rosidl_typesupport_fastrtps_cpp.dir/rosidl_typesupport_fastrtps_cpp/moveit_task_constructor_msgs/msg/detail/dds_fastrtps/property__type_support.cpp.o[0m
[25.146s] [ 21%] [32mBuilding CXX object CMakeFiles/moveit_task_constructor_msgs__rosidl_typesupport_cpp.dir/rosidl_typesupport_cpp/moveit_task_constructor_msgs/msg/solution_info__type_support.cpp.o[0m
[25.509s] [ 22%] [32mBuilding CXX object CMakeFiles/moveit_task_constructor_msgs__rosidl_typesupport_c.dir/rosidl_typesupport_c/moveit_task_constructor_msgs/msg/property__type_support.cpp.o[0m
[25.781s] [ 22%] [32mBuilding CXX object CMakeFiles/moveit_task_constructor_msgs__rosidl_typesupport_c.dir/rosidl_typesupport_c/moveit_task_constructor_msgs/msg/solution__type_support.cpp.o[0m
[26.067s] [ 23%] [32mBuilding CXX object CMakeFiles/moveit_task_constructor_msgs__rosidl_typesupport_c.dir/rosidl_typesupport_c/moveit_task_constructor_msgs/msg/solution_info__type_support.cpp.o[0m
[26.316s] [ 24%] [32mBuilding CXX object CMakeFiles/moveit_task_constructor_msgs__rosidl_typesupport_c.dir/rosidl_typesupport_c/moveit_task_constructor_msgs/msg/stage_description__type_support.cpp.o[0m
[26.357s] [ 25%] [32mBuilding CXX object CMakeFiles/moveit_task_constructor_msgs__rosidl_typesupport_introspection_cpp.dir/rosidl_typesupport_introspection_cpp/moveit_task_constructor_msgs/msg/detail/solution__type_support.cpp.o[0m
[26.496s] [ 26%] [32mBuilding CXX object CMakeFiles/moveit_task_constructor_msgs__rosidl_typesupport_c.dir/rosidl_typesupport_c/moveit_task_constructor_msgs/msg/stage_statistics__type_support.cpp.o[0m
[26.737s] [ 27%] [32mBuilding CXX object CMakeFiles/moveit_task_constructor_msgs__rosidl_typesupport_cpp.dir/rosidl_typesupport_cpp/moveit_task_constructor_msgs/msg/stage_description__type_support.cpp.o[0m
[26.765s] [ 28%] [32mBuilding CXX object CMakeFiles/moveit_task_constructor_msgs__rosidl_typesupport_c.dir/rosidl_typesupport_c/moveit_task_constructor_msgs/msg/sub_solution__type_support.cpp.o[0m
[26.963s] [ 29%] [32mBuilding CXX object CMakeFiles/moveit_task_constructor_msgs__rosidl_typesupport_fastrtps_cpp.dir/rosidl_typesupport_fastrtps_cpp/moveit_task_constructor_msgs/msg/detail/dds_fastrtps/solution__type_support.cpp.o[0m
[27.009s] [ 30%] [32mBuilding C object CMakeFiles/moveit_task_constructor_msgs__rosidl_typesupport_introspection_c.dir/rosidl_typesupport_introspection_c/moveit_task_constructor_msgs/msg/detail/property__type_support.c.o[0m
[27.071s] [ 31%] [32mBuilding CXX object CMakeFiles/moveit_task_constructor_msgs__rosidl_typesupport_c.dir/rosidl_typesupport_c/moveit_task_constructor_msgs/msg/sub_trajectory__type_support.cpp.o[0m
[27.284s] [ 32%] [32mBuilding CXX object CMakeFiles/moveit_task_constructor_msgs__rosidl_typesupport_fastrtps_c.dir/rosidl_typesupport_fastrtps_c/moveit_task_constructor_msgs/msg/detail/property__type_support_c.cpp.o[0m
[27.296s] [ 33%] [32mBuilding C object CMakeFiles/moveit_task_constructor_msgs__rosidl_typesupport_introspection_c.dir/rosidl_typesupport_introspection_c/moveit_task_constructor_msgs/msg/detail/solution__type_support.c.o[0m
[27.342s] [ 33%] [32mBuilding CXX object CMakeFiles/moveit_task_constructor_msgs__rosidl_typesupport_c.dir/rosidl_typesupport_c/moveit_task_constructor_msgs/msg/task_description__type_support.cpp.o[0m
[27.560s] [ 34%] [32mBuilding CXX object CMakeFiles/moveit_task_constructor_msgs__rosidl_typesupport_c.dir/rosidl_typesupport_c/moveit_task_constructor_msgs/msg/task_statistics__type_support.cpp.o[0m
[27.664s] [ 35%] [32mBuilding C object CMakeFiles/moveit_task_constructor_msgs__rosidl_typesupport_introspection_c.dir/rosidl_typesupport_introspection_c/moveit_task_constructor_msgs/msg/detail/solution_info__type_support.c.o[0m
[27.766s] [ 36%] [32mBuilding CXX object CMakeFiles/moveit_task_constructor_msgs__rosidl_typesupport_c.dir/rosidl_typesupport_c/moveit_task_constructor_msgs/msg/trajectory_execution_info__type_support.cpp.o[0m
[27.926s] [ 36%] [32mBuilding C object CMakeFiles/moveit_task_constructor_msgs__rosidl_typesupport_introspection_c.dir/rosidl_typesupport_introspection_c/moveit_task_constructor_msgs/msg/detail/stage_description__type_support.c.o[0m
[27.994s] [ 37%] [32mBuilding CXX object CMakeFiles/moveit_task_constructor_msgs__rosidl_typesupport_c.dir/rosidl_typesupport_c/moveit_task_constructor_msgs/srv/get_solution__type_support.cpp.o[0m
[28.209s] [ 38%] [32mBuilding C object CMakeFiles/moveit_task_constructor_msgs__rosidl_typesupport_introspection_c.dir/rosidl_typesupport_introspection_c/moveit_task_constructor_msgs/msg/detail/stage_statistics__type_support.c.o[0m
[28.218s] [ 38%] [32mBuilding CXX object CMakeFiles/moveit_task_constructor_msgs__rosidl_typesupport_cpp.dir/rosidl_typesupport_cpp/moveit_task_constructor_msgs/msg/stage_statistics__type_support.cpp.o[0m
[28.294s] [ 39%] [32mBuilding CXX object CMakeFiles/moveit_task_constructor_msgs__rosidl_typesupport_c.dir/rosidl_typesupport_c/moveit_task_constructor_msgs/action/execute_task_solution__type_support.cpp.o[0m
[28.492s] [ 40%] [32mBuilding C object CMakeFiles/moveit_task_constructor_msgs__rosidl_typesupport_introspection_c.dir/rosidl_typesupport_introspection_c/moveit_task_constructor_msgs/msg/detail/sub_solution__type_support.c.o[0m
[28.719s] [ 41%] [32m[1mLinking CXX shared library libmoveit_task_constructor_msgs__rosidl_typesupport_c.so[0m
[28.815s] [ 42%] [32mBuilding C object CMakeFiles/moveit_task_constructor_msgs__rosidl_typesupport_introspection_c.dir/rosidl_typesupport_introspection_c/moveit_task_constructor_msgs/msg/detail/sub_trajectory__type_support.c.o[0m
[28.970s] [ 43%] [32mBuilding CXX object CMakeFiles/moveit_task_constructor_msgs__rosidl_typesupport_fastrtps_c.dir/rosidl_typesupport_fastrtps_c/moveit_task_constructor_msgs/msg/detail/solution__type_support_c.cpp.o[0m
[29.029s] [ 43%] Built target moveit_task_constructor_msgs__rosidl_typesupport_c
[29.088s] [ 45%] [32mBuilding C object CMakeFiles/moveit_task_constructor_msgs__rosidl_typesupport_introspection_c.dir/rosidl_typesupport_introspection_c/moveit_task_constructor_msgs/msg/detail/task_description__type_support.c.o[0m
[29.089s] [ 45%] [32mBuilding CXX object CMakeFiles/moveit_task_constructor_msgs__rosidl_typesupport_fastrtps_cpp.dir/rosidl_typesupport_fastrtps_cpp/moveit_task_constructor_msgs/msg/detail/dds_fastrtps/solution_info__type_support.cpp.o[0m
[29.360s] [ 46%] [32mBuilding C object CMakeFiles/moveit_task_constructor_msgs__rosidl_typesupport_introspection_c.dir/rosidl_typesupport_introspection_c/moveit_task_constructor_msgs/msg/detail/task_statistics__type_support.c.o[0m
[29.499s] [ 47%] [32mBuilding CXX object CMakeFiles/moveit_task_constructor_msgs__rosidl_typesupport_cpp.dir/rosidl_typesupport_cpp/moveit_task_constructor_msgs/msg/sub_solution__type_support.cpp.o[0m
[29.628s] [ 48%] [32mBuilding C object CMakeFiles/moveit_task_constructor_msgs__rosidl_typesupport_introspection_c.dir/rosidl_typesupport_introspection_c/moveit_task_constructor_msgs/msg/detail/trajectory_execution_info__type_support.c.o[0m
[29.917s] [ 48%] [32mBuilding C object CMakeFiles/moveit_task_constructor_msgs__rosidl_typesupport_introspection_c.dir/rosidl_typesupport_introspection_c/moveit_task_constructor_msgs/srv/detail/get_solution__type_support.c.o[0m
[30.188s] [ 49%] [32mBuilding C object CMakeFiles/moveit_task_constructor_msgs__rosidl_typesupport_introspection_c.dir/rosidl_typesupport_introspection_c/moveit_task_constructor_msgs/action/detail/execute_task_solution__type_support.c.o[0m
[30.503s] [ 50%] [32m[1mLinking C shared library libmoveit_task_constructor_msgs__rosidl_typesupport_introspection_c.so[0m
[30.786s] [ 50%] Built target moveit_task_constructor_msgs__rosidl_typesupport_introspection_c
[30.850s] [ 51%] [32mBuilding CXX object CMakeFiles/moveit_task_constructor_msgs__rosidl_typesupport_cpp.dir/rosidl_typesupport_cpp/moveit_task_constructor_msgs/msg/sub_trajectory__type_support.cpp.o[0m
[30.926s] [ 51%] [32mBuilding CXX object CMakeFiles/moveit_task_constructor_msgs__rosidl_typesupport_fastrtps_c.dir/rosidl_typesupport_fastrtps_c/moveit_task_constructor_msgs/msg/detail/solution_info__type_support_c.cpp.o[0m
[31.350s] [ 52%] [32mBuilding CXX object CMakeFiles/moveit_task_constructor_msgs__rosidl_typesupport_fastrtps_c.dir/rosidl_typesupport_fastrtps_c/moveit_task_constructor_msgs/msg/detail/stage_description__type_support_c.cpp.o[0m
[31.391s] [ 53%] [32mBuilding CXX object CMakeFiles/moveit_task_constructor_msgs__rosidl_typesupport_cpp.dir/rosidl_typesupport_cpp/moveit_task_constructor_msgs/msg/task_description__type_support.cpp.o[0m
[31.680s] [ 54%] [32mBuilding CXX object CMakeFiles/moveit_task_constructor_msgs__rosidl_typesupport_fastrtps_cpp.dir/rosidl_typesupport_fastrtps_cpp/moveit_task_constructor_msgs/msg/detail/dds_fastrtps/stage_description__type_support.cpp.o[0m
[31.969s] [ 55%] [32mBuilding CXX object CMakeFiles/moveit_task_constructor_msgs__rosidl_typesupport_cpp.dir/rosidl_typesupport_cpp/moveit_task_constructor_msgs/msg/task_statistics__type_support.cpp.o[0m
[33.625s] [ 57%] [32mBuilding CXX object CMakeFiles/moveit_task_constructor_msgs__rosidl_typesupport_fastrtps_c.dir/rosidl_typesupport_fastrtps_c/moveit_task_constructor_msgs/msg/detail/sub_solution__type_support_c.cpp.o[0m
[33.626s] [ 57%] [32mBuilding CXX object CMakeFiles/moveit_task_constructor_msgs__rosidl_typesupport_fastrtps_c.dir/rosidl_typesupport_fastrtps_c/moveit_task_constructor_msgs/msg/detail/stage_statistics__type_support_c.cpp.o[0m
[33.720s] [ 58%] [32mBuilding CXX object CMakeFiles/moveit_task_constructor_msgs__rosidl_typesupport_fastrtps_cpp.dir/rosidl_typesupport_fastrtps_cpp/moveit_task_constructor_msgs/msg/detail/dds_fastrtps/stage_statistics__type_support.cpp.o[0m
[33.823s] [ 58%] [32mBuilding CXX object CMakeFiles/moveit_task_constructor_msgs__rosidl_typesupport_fastrtps_cpp.dir/rosidl_typesupport_fastrtps_cpp/moveit_task_constructor_msgs/msg/detail/dds_fastrtps/sub_solution__type_support.cpp.o[0m
[33.856s] [ 59%] [32mBuilding CXX object CMakeFiles/moveit_task_constructor_msgs__rosidl_typesupport_cpp.dir/rosidl_typesupport_cpp/moveit_task_constructor_msgs/msg/trajectory_execution_info__type_support.cpp.o[0m
[35.039s] [ 60%] [32mBuilding CXX object CMakeFiles/moveit_task_constructor_msgs__rosidl_typesupport_fastrtps_c.dir/rosidl_typesupport_fastrtps_c/moveit_task_constructor_msgs/msg/detail/sub_trajectory__type_support_c.cpp.o[0m
[35.048s] [ 61%] [32mBuilding CXX object CMakeFiles/moveit_task_constructor_msgs__rosidl_typesupport_fastrtps_c.dir/rosidl_typesupport_fastrtps_c/moveit_task_constructor_msgs/msg/detail/task_description__type_support_c.cpp.o[0m
[35.104s] [ 61%] [32mBuilding CXX object CMakeFiles/moveit_task_constructor_msgs__rosidl_typesupport_cpp.dir/rosidl_typesupport_cpp/moveit_task_constructor_msgs/srv/get_solution__type_support.cpp.o[0m
[35.735s] [ 62%] [32mBuilding CXX object CMakeFiles/moveit_task_constructor_msgs__rosidl_typesupport_introspection_cpp.dir/rosidl_typesupport_introspection_cpp/moveit_task_constructor_msgs/msg/detail/solution_info__type_support.cpp.o[0m
[36.104s] [ 63%] [32mBuilding CXX object CMakeFiles/moveit_task_constructor_msgs__rosidl_typesupport_cpp.dir/rosidl_typesupport_cpp/moveit_task_constructor_msgs/action/execute_task_solution__type_support.cpp.o[0m
[36.392s] [ 64%] [32mBuilding CXX object CMakeFiles/moveit_task_constructor_msgs__rosidl_typesupport_fastrtps_cpp.dir/rosidl_typesupport_fastrtps_cpp/moveit_task_constructor_msgs/msg/detail/dds_fastrtps/sub_trajectory__type_support.cpp.o[0m
[36.432s] [ 64%] [32mBuilding CXX object CMakeFiles/moveit_task_constructor_msgs__rosidl_typesupport_fastrtps_c.dir/rosidl_typesupport_fastrtps_c/moveit_task_constructor_msgs/msg/detail/task_statistics__type_support_c.cpp.o[0m
[36.524s] [ 65%] [32mBuilding CXX object CMakeFiles/moveit_task_constructor_msgs__rosidl_typesupport_fastrtps_cpp.dir/rosidl_typesupport_fastrtps_cpp/moveit_task_constructor_msgs/msg/detail/dds_fastrtps/task_description__type_support.cpp.o[0m
[36.922s] [ 66%] [32mBuilding CXX object CMakeFiles/moveit_task_constructor_msgs__rosidl_typesupport_fastrtps_c.dir/rosidl_typesupport_fastrtps_c/moveit_task_constructor_msgs/msg/detail/trajectory_execution_info__type_support_c.cpp.o[0m
[38.184s] [ 67%] [32mBuilding CXX object CMakeFiles/moveit_task_constructor_msgs__rosidl_typesupport_fastrtps_c.dir/rosidl_typesupport_fastrtps_c/moveit_task_constructor_msgs/srv/detail/get_solution__type_support_c.cpp.o[0m
[38.283s] [ 68%] [32m[1mLinking CXX shared library libmoveit_task_constructor_msgs__rosidl_typesupport_cpp.so[0m
[38.343s] [ 69%] [32mBuilding CXX object CMakeFiles/moveit_task_constructor_msgs__rosidl_typesupport_fastrtps_c.dir/rosidl_typesupport_fastrtps_c/moveit_task_constructor_msgs/action/detail/execute_task_solution__type_support_c.cpp.o[0m
[38.365s] [ 70%] [32mBuilding CXX object CMakeFiles/moveit_task_constructor_msgs__rosidl_typesupport_fastrtps_cpp.dir/rosidl_typesupport_fastrtps_cpp/moveit_task_constructor_msgs/msg/detail/dds_fastrtps/task_statistics__type_support.cpp.o[0m
[38.638s] [ 70%] Built target moveit_task_constructor_msgs__rosidl_typesupport_cpp
[38.699s] [ 71%] [32mBuilding CXX object CMakeFiles/moveit_task_constructor_msgs__rosidl_typesupport_fastrtps_cpp.dir/rosidl_typesupport_fastrtps_cpp/moveit_task_constructor_msgs/msg/detail/dds_fastrtps/trajectory_execution_info__type_support.cpp.o[0m
[38.713s] [ 72%] [32mBuilding CXX object CMakeFiles/moveit_task_constructor_msgs__rosidl_typesupport_fastrtps_cpp.dir/rosidl_typesupport_fastrtps_cpp/moveit_task_constructor_msgs/srv/detail/dds_fastrtps/get_solution__type_support.cpp.o[0m
[38.727s] [ 73%] [32mBuilding CXX object CMakeFiles/moveit_task_constructor_msgs__rosidl_typesupport_introspection_cpp.dir/rosidl_typesupport_introspection_cpp/moveit_task_constructor_msgs/msg/detail/stage_description__type_support.cpp.o[0m
[39.728s] [ 74%] [32mBuilding CXX object CMakeFiles/moveit_task_constructor_msgs__rosidl_typesupport_introspection_cpp.dir/rosidl_typesupport_introspection_cpp/moveit_task_constructor_msgs/msg/detail/stage_statistics__type_support.cpp.o[0m
[40.416s] [ 75%] [32m[1mLinking CXX shared library libmoveit_task_constructor_msgs__rosidl_typesupport_fastrtps_c.so[0m
[40.531s] [ 75%] [32mBuilding CXX object CMakeFiles/moveit_task_constructor_msgs__rosidl_typesupport_fastrtps_cpp.dir/rosidl_typesupport_fastrtps_cpp/moveit_task_constructor_msgs/action/detail/dds_fastrtps/execute_task_solution__type_support.cpp.o[0m
[40.898s] [ 76%] [32mBuilding CXX object CMakeFiles/moveit_task_constructor_msgs__rosidl_typesupport_introspection_cpp.dir/rosidl_typesupport_introspection_cpp/moveit_task_constructor_msgs/msg/detail/sub_solution__type_support.cpp.o[0m
[40.900s] [ 76%] [32mBuilding CXX object CMakeFiles/moveit_task_constructor_msgs__rosidl_typesupport_introspection_cpp.dir/rosidl_typesupport_introspection_cpp/moveit_task_constructor_msgs/msg/detail/sub_trajectory__type_support.cpp.o[0m
[40.985s] [ 76%] Built target moveit_task_constructor_msgs__rosidl_typesupport_fastrtps_c
[41.033s] [ 77%] [32mBuilding CXX object CMakeFiles/moveit_task_constructor_msgs__rosidl_typesupport_introspection_cpp.dir/rosidl_typesupport_introspection_cpp/moveit_task_constructor_msgs/msg/detail/task_description__type_support.cpp.o[0m
[41.076s] [ 78%] [32mBuilding CXX object CMakeFiles/moveit_task_constructor_msgs__rosidl_typesupport_introspection_cpp.dir/rosidl_typesupport_introspection_cpp/moveit_task_constructor_msgs/msg/detail/task_statistics__type_support.cpp.o[0m
[41.192s] [ 79%] [32mBuilding CXX object CMakeFiles/moveit_task_constructor_msgs__rosidl_typesupport_introspection_cpp.dir/rosidl_typesupport_introspection_cpp/moveit_task_constructor_msgs/msg/detail/trajectory_execution_info__type_support.cpp.o[0m
[42.990s] [ 80%] [32mBuilding CXX object CMakeFiles/moveit_task_constructor_msgs__rosidl_typesupport_introspection_cpp.dir/rosidl_typesupport_introspection_cpp/moveit_task_constructor_msgs/srv/detail/get_solution__type_support.cpp.o[0m
[43.089s] [ 81%] [32mBuilding CXX object CMakeFiles/moveit_task_constructor_msgs__rosidl_typesupport_introspection_cpp.dir/rosidl_typesupport_introspection_cpp/moveit_task_constructor_msgs/action/detail/execute_task_solution__type_support.cpp.o[0m
[43.259s] [ 82%] [32m[1mLinking CXX shared library libmoveit_task_constructor_msgs__rosidl_typesupport_fastrtps_cpp.so[0m
[43.731s] [ 82%] Built target moveit_task_constructor_msgs__rosidl_typesupport_fastrtps_cpp
[46.282s] [ 83%] [32m[1mLinking CXX shared library libmoveit_task_constructor_msgs__rosidl_typesupport_introspection_cpp.so[0m
[46.877s] [ 83%] Built target moveit_task_constructor_msgs__rosidl_typesupport_introspection_cpp
[46.939s] [ 83%] Built target moveit_task_constructor_msgs
[47.001s] [ 84%] [34m[1mGenerating Python code for ROS interfaces[0m
[56.985s] [ 84%] Built target moveit_task_constructor_msgs__py
[57.163s] [ 85%] [32mBuilding C object CMakeFiles/moveit_task_constructor_msgs__rosidl_generator_py.dir/rosidl_generator_py/moveit_task_constructor_msgs/msg/_property_s.c.o[0m
[57.164s] [ 85%] [32mBuilding C object CMakeFiles/moveit_task_constructor_msgs__rosidl_generator_py.dir/rosidl_generator_py/moveit_task_constructor_msgs/msg/_solution_info_s.c.o[0m
[57.191s] [ 86%] [32mBuilding C object CMakeFiles/moveit_task_constructor_msgs__rosidl_generator_py.dir/rosidl_generator_py/moveit_task_constructor_msgs/msg/_solution_s.c.o[0m
[57.281s] [ 87%] [32mBuilding C object CMakeFiles/moveit_task_constructor_msgs__rosidl_generator_py.dir/rosidl_generator_py/moveit_task_constructor_msgs/msg/_sub_solution_s.c.o[0m
[58.250s] [ 88%] [32mBuilding C object CMakeFiles/moveit_task_constructor_msgs__rosidl_generator_py.dir/rosidl_generator_py/moveit_task_constructor_msgs/msg/_task_statistics_s.c.o[0m
[58.796s] [ 88%] [32mBuilding C object CMakeFiles/moveit_task_constructor_msgs__rosidl_generator_py.dir/rosidl_generator_py/moveit_task_constructor_msgs/msg/_trajectory_execution_info_s.c.o[0m
[59.519s] [ 89%] [32mBuilding C object CMakeFiles/moveit_task_constructor_msgs__rosidl_generator_py.dir/rosidl_generator_py/moveit_task_constructor_msgs/srv/_get_solution_s.c.o[0m
[60.161s] [ 90%] [32mBuilding C object CMakeFiles/moveit_task_constructor_msgs__rosidl_generator_py.dir/rosidl_generator_py/moveit_task_constructor_msgs/action/_execute_task_solution_s.c.o[0m
[60.819s] [ 91%] [32mBuilding C object CMakeFiles/moveit_task_constructor_msgs__rosidl_generator_py.dir/rosidl_generator_py/moveit_task_constructor_msgs/msg/_task_description_s.c.o[0m
[61.260s] [ 92%] [32mBuilding C object CMakeFiles/moveit_task_constructor_msgs__rosidl_generator_py.dir/rosidl_generator_py/moveit_task_constructor_msgs/msg/_sub_trajectory_s.c.o[0m
[61.848s] [ 93%] [32mBuilding C object CMakeFiles/moveit_task_constructor_msgs__rosidl_generator_py.dir/rosidl_generator_py/moveit_task_constructor_msgs/msg/_stage_statistics_s.c.o[0m
[62.336s] [ 94%] [32mBuilding C object CMakeFiles/moveit_task_constructor_msgs__rosidl_generator_py.dir/rosidl_generator_py/moveit_task_constructor_msgs/msg/_stage_description_s.c.o[0m
[62.798s] [ 95%] [32m[1mLinking C shared library rosidl_generator_py/moveit_task_constructor_msgs/libmoveit_task_constructor_msgs__rosidl_generator_py.so[0m
[63.142s] [ 95%] Built target moveit_task_constructor_msgs__rosidl_generator_py
[63.341s] [ 96%] [32mBuilding C object CMakeFiles/moveit_task_constructor_msgs__rosidl_typesupport_fastrtps_c__pyext.dir/rosidl_generator_py/moveit_task_constructor_msgs/_moveit_task_constructor_msgs_s.ep.rosidl_typesupport_fastrtps_c.c.o[0m
[64.267s] [ 97%] [32m[1mLinking C shared library rosidl_generator_py/moveit_task_constructor_msgs/moveit_task_constructor_msgs_s__rosidl_typesupport_fastrtps_c.cpython-310-aarch64-linux-gnu.so[0m
[64.649s] [ 97%] Built target moveit_task_constructor_msgs__rosidl_typesupport_fastrtps_c__pyext
[64.827s] [ 97%] [32mBuilding C object CMakeFiles/moveit_task_constructor_msgs__rosidl_typesupport_c__pyext.dir/rosidl_generator_py/moveit_task_constructor_msgs/_moveit_task_constructor_msgs_s.ep.rosidl_typesupport_c.c.o[0m
[65.777s] [ 98%] [32m[1mLinking C shared library rosidl_generator_py/moveit_task_constructor_msgs/moveit_task_constructor_msgs_s__rosidl_typesupport_c.cpython-310-aarch64-linux-gnu.so[0m
[66.184s] [ 98%] Built target moveit_task_constructor_msgs__rosidl_typesupport_c__pyext
[66.353s] [ 99%] [32mBuilding C object CMakeFiles/moveit_task_constructor_msgs__rosidl_typesupport_introspection_c__pyext.dir/rosidl_generator_py/moveit_task_constructor_msgs/_moveit_task_constructor_msgs_s.ep.rosidl_typesupport_introspection_c.c.o[0m
[66.895s] [100%] [32m[1mLinking C shared library rosidl_generator_py/moveit_task_constructor_msgs/moveit_task_constructor_msgs_s__rosidl_typesupport_introspection_c.cpython-310-aarch64-linux-gnu.so[0m
[67.075s] [100%] Built target moveit_task_constructor_msgs__rosidl_typesupport_introspection_c__pyext
[67.122s] Invoked command in '/home/ugv-c7/CodeWorkspace/UGV-Robot/ros2_humble_colcon_ws/build/moveit_task_constructor_msgs' returned '0': CMAKE_PREFIX_PATH=${CMAKE_PREFIX_PATH}:/home/ugv-c7/CodeWorkspace/UGV-Robot/ros2_humble_colcon_ws/install/py_pub_sub:/opt/ros/humble /usr/bin/cmake --build /home/ugv-c7/CodeWorkspace/UGV-Robot/ros2_humble_colcon_ws/build/moveit_task_constructor_msgs -- -j6 -l6
[67.125s] Invoking command in '/home/ugv-c7/CodeWorkspace/UGV-Robot/ros2_humble_colcon_ws/build/moveit_task_constructor_msgs': CMAKE_PREFIX_PATH=${CMAKE_PREFIX_PATH}:/home/ugv-c7/CodeWorkspace/UGV-Robot/ros2_humble_colcon_ws/install/py_pub_sub:/opt/ros/humble /usr/bin/cmake --install /home/ugv-c7/CodeWorkspace/UGV-Robot/ros2_humble_colcon_ws/build/moveit_task_constructor_msgs
[67.152s] -- Install configuration: ""
[67.154s] -- Installing: /home/ugv-c7/CodeWorkspace/UGV-Robot/ros2_humble_colcon_ws/install/moveit_task_constructor_msgs/share/ament_index/resource_index/rosidl_interfaces/moveit_task_constructor_msgs
[67.155s] -- Installing: /home/ugv-c7/CodeWorkspace/UGV-Robot/ros2_humble_colcon_ws/install/moveit_task_constructor_msgs/include/moveit_task_constructor_msgs/moveit_task_constructor_msgs
[67.156s] -- Installing: /home/ugv-c7/CodeWorkspace/UGV-Robot/ros2_humble_colcon_ws/install/moveit_task_constructor_msgs/include/moveit_task_constructor_msgs/moveit_task_constructor_msgs/action
[67.156s] -- Installing: /home/ugv-c7/CodeWorkspace/UGV-Robot/ros2_humble_colcon_ws/install/moveit_task_constructor_msgs/include/moveit_task_constructor_msgs/moveit_task_constructor_msgs/action/detail
[67.157s] -- Installing: /home/ugv-c7/CodeWorkspace/UGV-Robot/ros2_humble_colcon_ws/install/moveit_task_constructor_msgs/include/moveit_task_constructor_msgs/moveit_task_constructor_msgs/action/detail/execute_task_solution__functions.c
[67.158s] -- Installing: /home/ugv-c7/CodeWorkspace/UGV-Robot/ros2_humble_colcon_ws/install/moveit_task_constructor_msgs/include/moveit_task_constructor_msgs/moveit_task_constructor_msgs/action/detail/execute_task_solution__struct.h
[67.159s] -- Installing: /home/ugv-c7/CodeWorkspace/UGV-Robot/ros2_humble_colcon_ws/install/moveit_task_constructor_msgs/include/moveit_task_constructor_msgs/moveit_task_constructor_msgs/action/detail/execute_task_solution__functions.h
[67.160s] -- Installing: /home/ugv-c7/CodeWorkspace/UGV-Robot/ros2_humble_colcon_ws/install/moveit_task_constructor_msgs/include/moveit_task_constructor_msgs/moveit_task_constructor_msgs/action/detail/execute_task_solution__type_support.h
[67.161s] -- Installing: /home/ugv-c7/CodeWorkspace/UGV-Robot/ros2_humble_colcon_ws/install/moveit_task_constructor_msgs/include/moveit_task_constructor_msgs/moveit_task_constructor_msgs/action/execute_task_solution.h
[67.162s] -- Installing: /home/ugv-c7/CodeWorkspace/UGV-Robot/ros2_humble_colcon_ws/install/moveit_task_constructor_msgs/include/moveit_task_constructor_msgs/moveit_task_constructor_msgs/msg
[67.163s] -- Installing: /home/ugv-c7/CodeWorkspace/UGV-Robot/ros2_humble_colcon_ws/install/moveit_task_constructor_msgs/include/moveit_task_constructor_msgs/moveit_task_constructor_msgs/msg/rosidl_generator_c__visibility_control.h
[67.163s] -- Installing: /home/ugv-c7/CodeWorkspace/UGV-Robot/ros2_humble_colcon_ws/install/moveit_task_constructor_msgs/include/moveit_task_constructor_msgs/moveit_task_constructor_msgs/msg/sub_solution.h
[67.164s] -- Installing: /home/ugv-c7/CodeWorkspace/UGV-Robot/ros2_humble_colcon_ws/install/moveit_task_constructor_msgs/include/moveit_task_constructor_msgs/moveit_task_constructor_msgs/msg/stage_statistics.h
[67.164s] -- Installing: /home/ugv-c7/CodeWorkspace/UGV-Robot/ros2_humble_colcon_ws/install/moveit_task_constructor_msgs/include/moveit_task_constructor_msgs/moveit_task_constructor_msgs/msg/stage_description.h
[67.165s] -- Installing: /home/ugv-c7/CodeWorkspace/UGV-Robot/ros2_humble_colcon_ws/install/moveit_task_constructor_msgs/include/moveit_task_constructor_msgs/moveit_task_constructor_msgs/msg/sub_trajectory.h
[67.166s] -- Installing: /home/ugv-c7/CodeWorkspace/UGV-Robot/ros2_humble_colcon_ws/install/moveit_task_constructor_msgs/include/moveit_task_constructor_msgs/moveit_task_constructor_msgs/msg/task_description.h
[67.166s] -- Installing: /home/ugv-c7/CodeWorkspace/UGV-Robot/ros2_humble_colcon_ws/install/moveit_task_constructor_msgs/include/moveit_task_constructor_msgs/moveit_task_constructor_msgs/msg/trajectory_execution_info.h
[67.167s] -- Installing: /home/ugv-c7/CodeWorkspace/UGV-Robot/ros2_humble_colcon_ws/install/moveit_task_constructor_msgs/include/moveit_task_constructor_msgs/moveit_task_constructor_msgs/msg/property.h
[67.168s] -- Installing: /home/ugv-c7/CodeWorkspace/UGV-Robot/ros2_humble_colcon_ws/install/moveit_task_constructor_msgs/include/moveit_task_constructor_msgs/moveit_task_constructor_msgs/msg/task_statistics.h
[67.168s] -- Installing: /home/ugv-c7/CodeWorkspace/UGV-Robot/ros2_humble_colcon_ws/install/moveit_task_constructor_msgs/include/moveit_task_constructor_msgs/moveit_task_constructor_msgs/msg/solution_info.h
[67.169s] -- Installing: /home/ugv-c7/CodeWorkspace/UGV-Robot/ros2_humble_colcon_ws/install/moveit_task_constructor_msgs/include/moveit_task_constructor_msgs/moveit_task_constructor_msgs/msg/detail
[67.170s] -- Installing: /home/ugv-c7/CodeWorkspace/UGV-Robot/ros2_humble_colcon_ws/install/moveit_task_constructor_msgs/include/moveit_task_constructor_msgs/moveit_task_constructor_msgs/msg/detail/solution__functions.h
[67.170s] -- Installing: /home/ugv-c7/CodeWorkspace/UGV-Robot/ros2_humble_colcon_ws/install/moveit_task_constructor_msgs/include/moveit_task_constructor_msgs/moveit_task_constructor_msgs/msg/detail/sub_solution__functions.h
[67.171s] -- Installing: /home/ugv-c7/CodeWorkspace/UGV-Robot/ros2_humble_colcon_ws/install/moveit_task_constructor_msgs/include/moveit_task_constructor_msgs/moveit_task_constructor_msgs/msg/detail/property__type_support.h
[67.172s] -- Installing: /home/ugv-c7/CodeWorkspace/UGV-Robot/ros2_humble_colcon_ws/install/moveit_task_constructor_msgs/include/moveit_task_constructor_msgs/moveit_task_constructor_msgs/msg/detail/stage_statistics__functions.c
[67.172s] -- Installing: /home/ugv-c7/CodeWorkspace/UGV-Robot/ros2_humble_colcon_ws/install/moveit_task_constructor_msgs/include/moveit_task_constructor_msgs/moveit_task_constructor_msgs/msg/detail/stage_statistics__type_support.h
[67.173s] -- Installing: /home/ugv-c7/CodeWorkspace/UGV-Robot/ros2_humble_colcon_ws/install/moveit_task_constructor_msgs/include/moveit_task_constructor_msgs/moveit_task_constructor_msgs/msg/detail/trajectory_execution_info__type_support.h
[67.174s] -- Installing: /home/ugv-c7/CodeWorkspace/UGV-Robot/ros2_humble_colcon_ws/install/moveit_task_constructor_msgs/include/moveit_task_constructor_msgs/moveit_task_constructor_msgs/msg/detail/solution__struct.h
[67.174s] -- Installing: /home/ugv-c7/CodeWorkspace/UGV-Robot/ros2_humble_colcon_ws/install/moveit_task_constructor_msgs/include/moveit_task_constructor_msgs/moveit_task_constructor_msgs/msg/detail/task_description__type_support.h
[67.175s] -- Installing: /home/ugv-c7/CodeWorkspace/UGV-Robot/ros2_humble_colcon_ws/install/moveit_task_constructor_msgs/include/moveit_task_constructor_msgs/moveit_task_constructor_msgs/msg/detail/sub_solution__functions.c
[67.176s] -- Installing: /home/ugv-c7/CodeWorkspace/UGV-Robot/ros2_humble_colcon_ws/install/moveit_task_constructor_msgs/include/moveit_task_constructor_msgs/moveit_task_constructor_msgs/msg/detail/sub_solution__type_support.h
[67.176s] -- Installing: /home/ugv-c7/CodeWorkspace/UGV-Robot/ros2_humble_colcon_ws/install/moveit_task_constructor_msgs/include/moveit_task_constructor_msgs/moveit_task_constructor_msgs/msg/detail/solution_info__functions.c
[67.177s] -- Installing: /home/ugv-c7/CodeWorkspace/UGV-Robot/ros2_humble_colcon_ws/install/moveit_task_constructor_msgs/include/moveit_task_constructor_msgs/moveit_task_constructor_msgs/msg/detail/stage_description__functions.h
[67.178s] -- Installing: /home/ugv-c7/CodeWorkspace/UGV-Robot/ros2_humble_colcon_ws/install/moveit_task_constructor_msgs/include/moveit_task_constructor_msgs/moveit_task_constructor_msgs/msg/detail/stage_description__type_support.h
[67.178s] -- Installing: /home/ugv-c7/CodeWorkspace/UGV-Robot/ros2_humble_colcon_ws/install/moveit_task_constructor_msgs/include/moveit_task_constructor_msgs/moveit_task_constructor_msgs/msg/detail/stage_statistics__functions.h
[67.179s] -- Installing: /home/ugv-c7/CodeWorkspace/UGV-Robot/ros2_humble_colcon_ws/install/moveit_task_constructor_msgs/include/moveit_task_constructor_msgs/moveit_task_constructor_msgs/msg/detail/stage_description__struct.h
[67.180s] -- Installing: /home/ugv-c7/CodeWorkspace/UGV-Robot/ros2_humble_colcon_ws/install/moveit_task_constructor_msgs/include/moveit_task_constructor_msgs/moveit_task_constructor_msgs/msg/detail/task_statistics__functions.h
[67.180s] -- Installing: /home/ugv-c7/CodeWorkspace/UGV-Robot/ros2_humble_colcon_ws/install/moveit_task_constructor_msgs/include/moveit_task_constructor_msgs/moveit_task_constructor_msgs/msg/detail/property__functions.h
[67.181s] -- Installing: /home/ugv-c7/CodeWorkspace/UGV-Robot/ros2_humble_colcon_ws/install/moveit_task_constructor_msgs/include/moveit_task_constructor_msgs/moveit_task_constructor_msgs/msg/detail/solution_info__functions.h
[67.182s] -- Installing: /home/ugv-c7/CodeWorkspace/UGV-Robot/ros2_humble_colcon_ws/install/moveit_task_constructor_msgs/include/moveit_task_constructor_msgs/moveit_task_constructor_msgs/msg/detail/sub_trajectory__struct.h
[67.182s] -- Installing: /home/ugv-c7/CodeWorkspace/UGV-Robot/ros2_humble_colcon_ws/install/moveit_task_constructor_msgs/include/moveit_task_constructor_msgs/moveit_task_constructor_msgs/msg/detail/trajectory_execution_info__functions.c
[67.183s] -- Installing: /home/ugv-c7/CodeWorkspace/UGV-Robot/ros2_humble_colcon_ws/install/moveit_task_constructor_msgs/include/moveit_task_constructor_msgs/moveit_task_constructor_msgs/msg/detail/property__functions.c
[67.184s] -- Installing: /home/ugv-c7/CodeWorkspace/UGV-Robot/ros2_humble_colcon_ws/install/moveit_task_constructor_msgs/include/moveit_task_constructor_msgs/moveit_task_constructor_msgs/msg/detail/solution__type_support.h
[67.184s] -- Installing: /home/ugv-c7/CodeWorkspace/UGV-Robot/ros2_humble_colcon_ws/install/moveit_task_constructor_msgs/include/moveit_task_constructor_msgs/moveit_task_constructor_msgs/msg/detail/property__struct.h
[67.185s] -- Installing: /home/ugv-c7/CodeWorkspace/UGV-Robot/ros2_humble_colcon_ws/install/moveit_task_constructor_msgs/include/moveit_task_constructor_msgs/moveit_task_constructor_msgs/msg/detail/sub_trajectory__type_support.h
[67.186s] -- Installing: /home/ugv-c7/CodeWorkspace/UGV-Robot/ros2_humble_colcon_ws/install/moveit_task_constructor_msgs/include/moveit_task_constructor_msgs/moveit_task_constructor_msgs/msg/detail/task_statistics__struct.h
[67.186s] -- Installing: /home/ugv-c7/CodeWorkspace/UGV-Robot/ros2_humble_colcon_ws/install/moveit_task_constructor_msgs/include/moveit_task_constructor_msgs/moveit_task_constructor_msgs/msg/detail/solution_info__type_support.h
[67.187s] -- Installing: /home/ugv-c7/CodeWorkspace/UGV-Robot/ros2_humble_colcon_ws/install/moveit_task_constructor_msgs/include/moveit_task_constructor_msgs/moveit_task_constructor_msgs/msg/detail/stage_description__functions.c
[67.188s] -- Installing: /home/ugv-c7/CodeWorkspace/UGV-Robot/ros2_humble_colcon_ws/install/moveit_task_constructor_msgs/include/moveit_task_constructor_msgs/moveit_task_constructor_msgs/msg/detail/task_description__functions.h
[67.188s] -- Installing: /home/ugv-c7/CodeWorkspace/UGV-Robot/ros2_humble_colcon_ws/install/moveit_task_constructor_msgs/include/moveit_task_constructor_msgs/moveit_task_constructor_msgs/msg/detail/stage_statistics__struct.h
[67.189s] -- Installing: /home/ugv-c7/CodeWorkspace/UGV-Robot/ros2_humble_colcon_ws/install/moveit_task_constructor_msgs/include/moveit_task_constructor_msgs/moveit_task_constructor_msgs/msg/detail/task_description__functions.c
[67.190s] -- Installing: /home/ugv-c7/CodeWorkspace/UGV-Robot/ros2_humble_colcon_ws/install/moveit_task_constructor_msgs/include/moveit_task_constructor_msgs/moveit_task_constructor_msgs/msg/detail/task_statistics__functions.c
[67.190s] -- Installing: /home/ugv-c7/CodeWorkspace/UGV-Robot/ros2_humble_colcon_ws/install/moveit_task_constructor_msgs/include/moveit_task_constructor_msgs/moveit_task_constructor_msgs/msg/detail/task_statistics__type_support.h
[67.191s] -- Installing: /home/ugv-c7/CodeWorkspace/UGV-Robot/ros2_humble_colcon_ws/install/moveit_task_constructor_msgs/include/moveit_task_constructor_msgs/moveit_task_constructor_msgs/msg/detail/solution__functions.c
[67.192s] -- Installing: /home/ugv-c7/CodeWorkspace/UGV-Robot/ros2_humble_colcon_ws/install/moveit_task_constructor_msgs/include/moveit_task_constructor_msgs/moveit_task_constructor_msgs/msg/detail/sub_solution__struct.h
[67.192s] -- Installing: /home/ugv-c7/CodeWorkspace/UGV-Robot/ros2_humble_colcon_ws/install/moveit_task_constructor_msgs/include/moveit_task_constructor_msgs/moveit_task_constructor_msgs/msg/detail/sub_trajectory__functions.h
[67.193s] -- Installing: /home/ugv-c7/CodeWorkspace/UGV-Robot/ros2_humble_colcon_ws/install/moveit_task_constructor_msgs/include/moveit_task_constructor_msgs/moveit_task_constructor_msgs/msg/detail/trajectory_execution_info__struct.h
[67.194s] -- Installing: /home/ugv-c7/CodeWorkspace/UGV-Robot/ros2_humble_colcon_ws/install/moveit_task_constructor_msgs/include/moveit_task_constructor_msgs/moveit_task_constructor_msgs/msg/detail/sub_trajectory__functions.c
[67.195s] -- Installing: /home/ugv-c7/CodeWorkspace/UGV-Robot/ros2_humble_colcon_ws/install/moveit_task_constructor_msgs/include/moveit_task_constructor_msgs/moveit_task_constructor_msgs/msg/detail/task_description__struct.h
[67.195s] -- Installing: /home/ugv-c7/CodeWorkspace/UGV-Robot/ros2_humble_colcon_ws/install/moveit_task_constructor_msgs/include/moveit_task_constructor_msgs/moveit_task_constructor_msgs/msg/detail/solution_info__struct.h
[67.196s] -- Installing: /home/ugv-c7/CodeWorkspace/UGV-Robot/ros2_humble_colcon_ws/install/moveit_task_constructor_msgs/include/moveit_task_constructor_msgs/moveit_task_constructor_msgs/msg/detail/trajectory_execution_info__functions.h
[67.197s] -- Installing: /home/ugv-c7/CodeWorkspace/UGV-Robot/ros2_humble_colcon_ws/install/moveit_task_constructor_msgs/include/moveit_task_constructor_msgs/moveit_task_constructor_msgs/msg/solution.h
[67.197s] -- Installing: /home/ugv-c7/CodeWorkspace/UGV-Robot/ros2_humble_colcon_ws/install/moveit_task_constructor_msgs/include/moveit_task_constructor_msgs/moveit_task_constructor_msgs/srv
[67.198s] -- Installing: /home/ugv-c7/CodeWorkspace/UGV-Robot/ros2_humble_colcon_ws/install/moveit_task_constructor_msgs/include/moveit_task_constructor_msgs/moveit_task_constructor_msgs/srv/detail
[67.199s] -- Installing: /home/ugv-c7/CodeWorkspace/UGV-Robot/ros2_humble_colcon_ws/install/moveit_task_constructor_msgs/include/moveit_task_constructor_msgs/moveit_task_constructor_msgs/srv/detail/get_solution__type_support.h
[67.199s] -- Installing: /home/ugv-c7/CodeWorkspace/UGV-Robot/ros2_humble_colcon_ws/install/moveit_task_constructor_msgs/include/moveit_task_constructor_msgs/moveit_task_constructor_msgs/srv/detail/get_solution__functions.c
[67.200s] -- Installing: /home/ugv-c7/CodeWorkspace/UGV-Robot/ros2_humble_colcon_ws/install/moveit_task_constructor_msgs/include/moveit_task_constructor_msgs/moveit_task_constructor_msgs/srv/detail/get_solution__struct.h
[67.201s] -- Installing: /home/ugv-c7/CodeWorkspace/UGV-Robot/ros2_humble_colcon_ws/install/moveit_task_constructor_msgs/include/moveit_task_constructor_msgs/moveit_task_constructor_msgs/srv/detail/get_solution__functions.h
[67.201s] -- Installing: /home/ugv-c7/CodeWorkspace/UGV-Robot/ros2_humble_colcon_ws/install/moveit_task_constructor_msgs/include/moveit_task_constructor_msgs/moveit_task_constructor_msgs/srv/get_solution.h
[67.203s] -- Installing: /home/ugv-c7/CodeWorkspace/UGV-Robot/ros2_humble_colcon_ws/install/moveit_task_constructor_msgs/share/moveit_task_constructor_msgs/environment/library_path.sh
[67.203s] -- Installing: /home/ugv-c7/CodeWorkspace/UGV-Robot/ros2_humble_colcon_ws/install/moveit_task_constructor_msgs/share/moveit_task_constructor_msgs/environment/library_path.dsv
[67.204s] -- Installing: /home/ugv-c7/CodeWorkspace/UGV-Robot/ros2_humble_colcon_ws/install/moveit_task_constructor_msgs/lib/libmoveit_task_constructor_msgs__rosidl_generator_c.so
[67.206s] -- Set runtime path of "/home/ugv-c7/CodeWorkspace/UGV-Robot/ros2_humble_colcon_ws/install/moveit_task_constructor_msgs/lib/libmoveit_task_constructor_msgs__rosidl_generator_c.so" to ""
[67.207s] -- Up-to-date: /home/ugv-c7/CodeWorkspace/UGV-Robot/ros2_humble_colcon_ws/install/moveit_task_constructor_msgs/include/moveit_task_constructor_msgs/moveit_task_constructor_msgs
[67.207s] -- Up-to-date: /home/ugv-c7/CodeWorkspace/UGV-Robot/ros2_humble_colcon_ws/install/moveit_task_constructor_msgs/include/moveit_task_constructor_msgs/moveit_task_constructor_msgs/action
[67.208s] -- Up-to-date: /home/ugv-c7/CodeWorkspace/UGV-Robot/ros2_humble_colcon_ws/install/moveit_task_constructor_msgs/include/moveit_task_constructor_msgs/moveit_task_constructor_msgs/action/detail
[67.208s] -- Installing: /home/ugv-c7/CodeWorkspace/UGV-Robot/ros2_humble_colcon_ws/install/moveit_task_constructor_msgs/include/moveit_task_constructor_msgs/moveit_task_constructor_msgs/action/detail/execute_task_solution__rosidl_typesupport_fastrtps_c.h
[67.209s] -- Up-to-date: /home/ugv-c7/CodeWorkspace/UGV-Robot/ros2_humble_colcon_ws/install/moveit_task_constructor_msgs/include/moveit_task_constructor_msgs/moveit_task_constructor_msgs/msg
[67.210s] -- Up-to-date: /home/ugv-c7/CodeWorkspace/UGV-Robot/ros2_humble_colcon_ws/install/moveit_task_constructor_msgs/include/moveit_task_constructor_msgs/moveit_task_constructor_msgs/msg/detail
[67.210s] -- Installing: /home/ugv-c7/CodeWorkspace/UGV-Robot/ros2_humble_colcon_ws/install/moveit_task_constructor_msgs/include/moveit_task_constructor_msgs/moveit_task_constructor_msgs/msg/detail/sub_trajectory__rosidl_typesupport_fastrtps_c.h
[67.211s] -- Installing: /home/ugv-c7/CodeWorkspace/UGV-Robot/ros2_humble_colcon_ws/install/moveit_task_constructor_msgs/include/moveit_task_constructor_msgs/moveit_task_constructor_msgs/msg/detail/task_description__rosidl_typesupport_fastrtps_c.h
[67.212s] -- Installing: /home/ugv-c7/CodeWorkspace/UGV-Robot/ros2_humble_colcon_ws/install/moveit_task_constructor_msgs/include/moveit_task_constructor_msgs/moveit_task_constructor_msgs/msg/detail/solution__rosidl_typesupport_fastrtps_c.h
[67.212s] -- Installing: /home/ugv-c7/CodeWorkspace/UGV-Robot/ros2_humble_colcon_ws/install/moveit_task_constructor_msgs/include/moveit_task_constructor_msgs/moveit_task_constructor_msgs/msg/detail/stage_description__rosidl_typesupport_fastrtps_c.h
[67.213s] -- Installing: /home/ugv-c7/CodeWorkspace/UGV-Robot/ros2_humble_colcon_ws/install/moveit_task_constructor_msgs/include/moveit_task_constructor_msgs/moveit_task_constructor_msgs/msg/detail/stage_statistics__rosidl_typesupport_fastrtps_c.h
[67.214s] -- Installing: /home/ugv-c7/CodeWorkspace/UGV-Robot/ros2_humble_colcon_ws/install/moveit_task_constructor_msgs/include/moveit_task_constructor_msgs/moveit_task_constructor_msgs/msg/detail/trajectory_execution_info__rosidl_typesupport_fastrtps_c.h
[67.214s] -- Installing: /home/ugv-c7/CodeWorkspace/UGV-Robot/ros2_humble_colcon_ws/install/moveit_task_constructor_msgs/include/moveit_task_constructor_msgs/moveit_task_constructor_msgs/msg/detail/task_statistics__rosidl_typesupport_fastrtps_c.h
[67.215s] -- Installing: /home/ugv-c7/CodeWorkspace/UGV-Robot/ros2_humble_colcon_ws/install/moveit_task_constructor_msgs/include/moveit_task_constructor_msgs/moveit_task_constructor_msgs/msg/detail/solution_info__rosidl_typesupport_fastrtps_c.h
[67.216s] -- Installing: /home/ugv-c7/CodeWorkspace/UGV-Robot/ros2_humble_colcon_ws/install/moveit_task_constructor_msgs/include/moveit_task_constructor_msgs/moveit_task_constructor_msgs/msg/detail/property__rosidl_typesupport_fastrtps_c.h
[67.216s] -- Installing: /home/ugv-c7/CodeWorkspace/UGV-Robot/ros2_humble_colcon_ws/install/moveit_task_constructor_msgs/include/moveit_task_constructor_msgs/moveit_task_constructor_msgs/msg/detail/sub_solution__rosidl_typesupport_fastrtps_c.h
[67.217s] -- Installing: /home/ugv-c7/CodeWorkspace/UGV-Robot/ros2_humble_colcon_ws/install/moveit_task_constructor_msgs/include/moveit_task_constructor_msgs/moveit_task_constructor_msgs/msg/rosidl_typesupport_fastrtps_c__visibility_control.h
[67.218s] -- Up-to-date: /home/ugv-c7/CodeWorkspace/UGV-Robot/ros2_humble_colcon_ws/install/moveit_task_constructor_msgs/include/moveit_task_constructor_msgs/moveit_task_constructor_msgs/srv
[67.218s] -- Up-to-date: /home/ugv-c7/CodeWorkspace/UGV-Robot/ros2_humble_colcon_ws/install/moveit_task_constructor_msgs/include/moveit_task_constructor_msgs/moveit_task_constructor_msgs/srv/detail
[67.219s] -- Installing: /home/ugv-c7/CodeWorkspace/UGV-Robot/ros2_humble_colcon_ws/install/moveit_task_constructor_msgs/include/moveit_task_constructor_msgs/moveit_task_constructor_msgs/srv/detail/get_solution__rosidl_typesupport_fastrtps_c.h
[67.220s] -- Installing: /home/ugv-c7/CodeWorkspace/UGV-Robot/ros2_humble_colcon_ws/install/moveit_task_constructor_msgs/lib/libmoveit_task_constructor_msgs__rosidl_typesupport_fastrtps_c.so
[67.221s] -- Set runtime path of "/home/ugv-c7/CodeWorkspace/UGV-Robot/ros2_humble_colcon_ws/install/moveit_task_constructor_msgs/lib/libmoveit_task_constructor_msgs__rosidl_typesupport_fastrtps_c.so" to ""
[67.222s] -- Up-to-date: /home/ugv-c7/CodeWorkspace/UGV-Robot/ros2_humble_colcon_ws/install/moveit_task_constructor_msgs/include/moveit_task_constructor_msgs/moveit_task_constructor_msgs
[67.222s] -- Up-to-date: /home/ugv-c7/CodeWorkspace/UGV-Robot/ros2_humble_colcon_ws/install/moveit_task_constructor_msgs/include/moveit_task_constructor_msgs/moveit_task_constructor_msgs/action
[67.223s] -- Up-to-date: /home/ugv-c7/CodeWorkspace/UGV-Robot/ros2_humble_colcon_ws/install/moveit_task_constructor_msgs/include/moveit_task_constructor_msgs/moveit_task_constructor_msgs/action/detail
[67.224s] -- Installing: /home/ugv-c7/CodeWorkspace/UGV-Robot/ros2_humble_colcon_ws/install/moveit_task_constructor_msgs/include/moveit_task_constructor_msgs/moveit_task_constructor_msgs/action/detail/execute_task_solution__traits.hpp
[67.225s] -- Installing: /home/ugv-c7/CodeWorkspace/UGV-Robot/ros2_humble_colcon_ws/install/moveit_task_constructor_msgs/include/moveit_task_constructor_msgs/moveit_task_constructor_msgs/action/detail/execute_task_solution__builder.hpp
[67.226s] -- Installing: /home/ugv-c7/CodeWorkspace/UGV-Robot/ros2_humble_colcon_ws/install/moveit_task_constructor_msgs/include/moveit_task_constructor_msgs/moveit_task_constructor_msgs/action/detail/execute_task_solution__struct.hpp
[67.227s] -- Installing: /home/ugv-c7/CodeWorkspace/UGV-Robot/ros2_humble_colcon_ws/install/moveit_task_constructor_msgs/include/moveit_task_constructor_msgs/moveit_task_constructor_msgs/action/detail/execute_task_solution__type_support.hpp
[67.227s] -- Installing: /home/ugv-c7/CodeWorkspace/UGV-Robot/ros2_humble_colcon_ws/install/moveit_task_constructor_msgs/include/moveit_task_constructor_msgs/moveit_task_constructor_msgs/action/execute_task_solution.hpp
[67.228s] -- Up-to-date: /home/ugv-c7/CodeWorkspace/UGV-Robot/ros2_humble_colcon_ws/install/moveit_task_constructor_msgs/include/moveit_task_constructor_msgs/moveit_task_constructor_msgs/msg
[67.229s] -- Installing: /home/ugv-c7/CodeWorkspace/UGV-Robot/ros2_humble_colcon_ws/install/moveit_task_constructor_msgs/include/moveit_task_constructor_msgs/moveit_task_constructor_msgs/msg/stage_statistics.hpp
[67.229s] -- Installing: /home/ugv-c7/CodeWorkspace/UGV-Robot/ros2_humble_colcon_ws/install/moveit_task_constructor_msgs/include/moveit_task_constructor_msgs/moveit_task_constructor_msgs/msg/stage_description.hpp
[67.230s] -- Installing: /home/ugv-c7/CodeWorkspace/UGV-Robot/ros2_humble_colcon_ws/install/moveit_task_constructor_msgs/include/moveit_task_constructor_msgs/moveit_task_constructor_msgs/msg/trajectory_execution_info.hpp
[67.231s] -- Installing: /home/ugv-c7/CodeWorkspace/UGV-Robot/ros2_humble_colcon_ws/install/moveit_task_constructor_msgs/include/moveit_task_constructor_msgs/moveit_task_constructor_msgs/msg/sub_trajectory.hpp
[67.231s] -- Installing: /home/ugv-c7/CodeWorkspace/UGV-Robot/ros2_humble_colcon_ws/install/moveit_task_constructor_msgs/include/moveit_task_constructor_msgs/moveit_task_constructor_msgs/msg/rosidl_generator_cpp__visibility_control.hpp
[67.232s] -- Installing: /home/ugv-c7/CodeWorkspace/UGV-Robot/ros2_humble_colcon_ws/install/moveit_task_constructor_msgs/include/moveit_task_constructor_msgs/moveit_task_constructor_msgs/msg/task_description.hpp
[67.233s] -- Up-to-date: /home/ugv-c7/CodeWorkspace/UGV-Robot/ros2_humble_colcon_ws/install/moveit_task_constructor_msgs/include/moveit_task_constructor_msgs/moveit_task_constructor_msgs/msg/detail
[67.233s] -- Installing: /home/ugv-c7/CodeWorkspace/UGV-Robot/ros2_humble_colcon_ws/install/moveit_task_constructor_msgs/include/moveit_task_constructor_msgs/moveit_task_constructor_msgs/msg/detail/stage_statistics__builder.hpp
[67.234s] -- Installing: /home/ugv-c7/CodeWorkspace/UGV-Robot/ros2_humble_colcon_ws/install/moveit_task_constructor_msgs/include/moveit_task_constructor_msgs/moveit_task_constructor_msgs/msg/detail/solution_info__traits.hpp
[67.235s] -- Installing: /home/ugv-c7/CodeWorkspace/UGV-Robot/ros2_humble_colcon_ws/install/moveit_task_constructor_msgs/include/moveit_task_constructor_msgs/moveit_task_constructor_msgs/msg/detail/solution__struct.hpp
[67.235s] -- Installing: /home/ugv-c7/CodeWorkspace/UGV-Robot/ros2_humble_colcon_ws/install/moveit_task_constructor_msgs/include/moveit_task_constructor_msgs/moveit_task_constructor_msgs/msg/detail/stage_description__traits.hpp
[67.236s] -- Installing: /home/ugv-c7/CodeWorkspace/UGV-Robot/ros2_humble_colcon_ws/install/moveit_task_constructor_msgs/include/moveit_task_constructor_msgs/moveit_task_constructor_msgs/msg/detail/solution__traits.hpp
[67.237s] -- Installing: /home/ugv-c7/CodeWorkspace/UGV-Robot/ros2_humble_colcon_ws/install/moveit_task_constructor_msgs/include/moveit_task_constructor_msgs/moveit_task_constructor_msgs/msg/detail/trajectory_execution_info__struct.hpp
[67.237s] -- Installing: /home/ugv-c7/CodeWorkspace/UGV-Robot/ros2_humble_colcon_ws/install/moveit_task_constructor_msgs/include/moveit_task_constructor_msgs/moveit_task_constructor_msgs/msg/detail/stage_description__type_support.hpp
[67.238s] -- Installing: /home/ugv-c7/CodeWorkspace/UGV-Robot/ros2_humble_colcon_ws/install/moveit_task_constructor_msgs/include/moveit_task_constructor_msgs/moveit_task_constructor_msgs/msg/detail/solution__type_support.hpp
[67.239s] -- Installing: /home/ugv-c7/CodeWorkspace/UGV-Robot/ros2_humble_colcon_ws/install/moveit_task_constructor_msgs/include/moveit_task_constructor_msgs/moveit_task_constructor_msgs/msg/detail/stage_statistics__type_support.hpp
[67.239s] -- Installing: /home/ugv-c7/CodeWorkspace/UGV-Robot/ros2_humble_colcon_ws/install/moveit_task_constructor_msgs/include/moveit_task_constructor_msgs/moveit_task_constructor_msgs/msg/detail/task_description__type_support.hpp
[67.240s] -- Installing: /home/ugv-c7/CodeWorkspace/UGV-Robot/ros2_humble_colcon_ws/install/moveit_task_constructor_msgs/include/moveit_task_constructor_msgs/moveit_task_constructor_msgs/msg/detail/trajectory_execution_info__builder.hpp
[67.241s] -- Installing: /home/ugv-c7/CodeWorkspace/UGV-Robot/ros2_humble_colcon_ws/install/moveit_task_constructor_msgs/include/moveit_task_constructor_msgs/moveit_task_constructor_msgs/msg/detail/sub_trajectory__type_support.hpp
[67.241s] -- Installing: /home/ugv-c7/CodeWorkspace/UGV-Robot/ros2_humble_colcon_ws/install/moveit_task_constructor_msgs/include/moveit_task_constructor_msgs/moveit_task_constructor_msgs/msg/detail/task_statistics__type_support.hpp
[67.242s] -- Installing: /home/ugv-c7/CodeWorkspace/UGV-Robot/ros2_humble_colcon_ws/install/moveit_task_constructor_msgs/include/moveit_task_constructor_msgs/moveit_task_constructor_msgs/msg/detail/stage_description__builder.hpp
[67.243s] -- Installing: /home/ugv-c7/CodeWorkspace/UGV-Robot/ros2_humble_colcon_ws/install/moveit_task_constructor_msgs/include/moveit_task_constructor_msgs/moveit_task_constructor_msgs/msg/detail/task_description__struct.hpp
[67.243s] -- Installing: /home/ugv-c7/CodeWorkspace/UGV-Robot/ros2_humble_colcon_ws/install/moveit_task_constructor_msgs/include/moveit_task_constructor_msgs/moveit_task_constructor_msgs/msg/detail/trajectory_execution_info__type_support.hpp
[67.244s] -- Installing: /home/ugv-c7/CodeWorkspace/UGV-Robot/ros2_humble_colcon_ws/install/moveit_task_constructor_msgs/include/moveit_task_constructor_msgs/moveit_task_constructor_msgs/msg/detail/sub_solution__traits.hpp
[67.245s] -- Installing: /home/ugv-c7/CodeWorkspace/UGV-Robot/ros2_humble_colcon_ws/install/moveit_task_constructor_msgs/include/moveit_task_constructor_msgs/moveit_task_constructor_msgs/msg/detail/stage_description__struct.hpp
[67.245s] -- Installing: /home/ugv-c7/CodeWorkspace/UGV-Robot/ros2_humble_colcon_ws/install/moveit_task_constructor_msgs/include/moveit_task_constructor_msgs/moveit_task_constructor_msgs/msg/detail/solution_info__struct.hpp
[67.246s] -- Installing: /home/ugv-c7/CodeWorkspace/UGV-Robot/ros2_humble_colcon_ws/install/moveit_task_constructor_msgs/include/moveit_task_constructor_msgs/moveit_task_constructor_msgs/msg/detail/solution_info__type_support.hpp
[67.247s] -- Installing: /home/ugv-c7/CodeWorkspace/UGV-Robot/ros2_humble_colcon_ws/install/moveit_task_constructor_msgs/include/moveit_task_constructor_msgs/moveit_task_constructor_msgs/msg/detail/task_statistics__builder.hpp
[67.247s] -- Installing: /home/ugv-c7/CodeWorkspace/UGV-Robot/ros2_humble_colcon_ws/install/moveit_task_constructor_msgs/include/moveit_task_constructor_msgs/moveit_task_constructor_msgs/msg/detail/task_description__traits.hpp
[67.248s] -- Installing: /home/ugv-c7/CodeWorkspace/UGV-Robot/ros2_humble_colcon_ws/install/moveit_task_constructor_msgs/include/moveit_task_constructor_msgs/moveit_task_constructor_msgs/msg/detail/task_statistics__traits.hpp
[67.249s] -- Installing: /home/ugv-c7/CodeWorkspace/UGV-Robot/ros2_humble_colcon_ws/install/moveit_task_constructor_msgs/include/moveit_task_constructor_msgs/moveit_task_constructor_msgs/msg/detail/property__traits.hpp
[67.249s] -- Installing: /home/ugv-c7/CodeWorkspace/UGV-Robot/ros2_humble_colcon_ws/install/moveit_task_constructor_msgs/include/moveit_task_constructor_msgs/moveit_task_constructor_msgs/msg/detail/property__builder.hpp
[67.250s] -- Installing: /home/ugv-c7/CodeWorkspace/UGV-Robot/ros2_humble_colcon_ws/install/moveit_task_constructor_msgs/include/moveit_task_constructor_msgs/moveit_task_constructor_msgs/msg/detail/task_description__builder.hpp
[67.251s] -- Installing: /home/ugv-c7/CodeWorkspace/UGV-Robot/ros2_humble_colcon_ws/install/moveit_task_constructor_msgs/include/moveit_task_constructor_msgs/moveit_task_constructor_msgs/msg/detail/sub_solution__builder.hpp
[67.251s] -- Installing: /home/ugv-c7/CodeWorkspace/UGV-Robot/ros2_humble_colcon_ws/install/moveit_task_constructor_msgs/include/moveit_task_constructor_msgs/moveit_task_constructor_msgs/msg/detail/stage_statistics__struct.hpp
[67.252s] -- Installing: /home/ugv-c7/CodeWorkspace/UGV-Robot/ros2_humble_colcon_ws/install/moveit_task_constructor_msgs/include/moveit_task_constructor_msgs/moveit_task_constructor_msgs/msg/detail/sub_solution__type_support.hpp
[67.252s] -- Installing: /home/ugv-c7/CodeWorkspace/UGV-Robot/ros2_humble_colcon_ws/install/moveit_task_constructor_msgs/include/moveit_task_constructor_msgs/moveit_task_constructor_msgs/msg/detail/solution_info__builder.hpp
[67.253s] -- Installing: /home/ugv-c7/CodeWorkspace/UGV-Robot/ros2_humble_colcon_ws/install/moveit_task_constructor_msgs/include/moveit_task_constructor_msgs/moveit_task_constructor_msgs/msg/detail/sub_solution__struct.hpp
[67.254s] -- Installing: /home/ugv-c7/CodeWorkspace/UGV-Robot/ros2_humble_colcon_ws/install/moveit_task_constructor_msgs/include/moveit_task_constructor_msgs/moveit_task_constructor_msgs/msg/detail/solution__builder.hpp
[67.254s] -- Installing: /home/ugv-c7/CodeWorkspace/UGV-Robot/ros2_humble_colcon_ws/install/moveit_task_constructor_msgs/include/moveit_task_constructor_msgs/moveit_task_constructor_msgs/msg/detail/sub_trajectory__traits.hpp
[67.255s] -- Installing: /home/ugv-c7/CodeWorkspace/UGV-Robot/ros2_humble_colcon_ws/install/moveit_task_constructor_msgs/include/moveit_task_constructor_msgs/moveit_task_constructor_msgs/msg/detail/task_statistics__struct.hpp
[67.256s] -- Installing: /home/ugv-c7/CodeWorkspace/UGV-Robot/ros2_humble_colcon_ws/install/moveit_task_constructor_msgs/include/moveit_task_constructor_msgs/moveit_task_constructor_msgs/msg/detail/sub_trajectory__struct.hpp
[67.257s] -- Installing: /home/ugv-c7/CodeWorkspace/UGV-Robot/ros2_humble_colcon_ws/install/moveit_task_constructor_msgs/include/moveit_task_constructor_msgs/moveit_task_constructor_msgs/msg/detail/trajectory_execution_info__traits.hpp
[67.257s] -- Installing: /home/ugv-c7/CodeWorkspace/UGV-Robot/ros2_humble_colcon_ws/install/moveit_task_constructor_msgs/include/moveit_task_constructor_msgs/moveit_task_constructor_msgs/msg/detail/property__struct.hpp
[67.258s] -- Installing: /home/ugv-c7/CodeWorkspace/UGV-Robot/ros2_humble_colcon_ws/install/moveit_task_constructor_msgs/include/moveit_task_constructor_msgs/moveit_task_constructor_msgs/msg/detail/sub_trajectory__builder.hpp
[67.259s] -- Installing: /home/ugv-c7/CodeWorkspace/UGV-Robot/ros2_humble_colcon_ws/install/moveit_task_constructor_msgs/include/moveit_task_constructor_msgs/moveit_task_constructor_msgs/msg/detail/stage_statistics__traits.hpp
[67.259s] -- Installing: /home/ugv-c7/CodeWorkspace/UGV-Robot/ros2_humble_colcon_ws/install/moveit_task_constructor_msgs/include/moveit_task_constructor_msgs/moveit_task_constructor_msgs/msg/detail/property__type_support.hpp
[67.260s] -- Installing: /home/ugv-c7/CodeWorkspace/UGV-Robot/ros2_humble_colcon_ws/install/moveit_task_constructor_msgs/include/moveit_task_constructor_msgs/moveit_task_constructor_msgs/msg/task_statistics.hpp
[67.261s] -- Installing: /home/ugv-c7/CodeWorkspace/UGV-Robot/ros2_humble_colcon_ws/install/moveit_task_constructor_msgs/include/moveit_task_constructor_msgs/moveit_task_constructor_msgs/msg/property.hpp
[67.261s] -- Installing: /home/ugv-c7/CodeWorkspace/UGV-Robot/ros2_humble_colcon_ws/install/moveit_task_constructor_msgs/include/moveit_task_constructor_msgs/moveit_task_constructor_msgs/msg/solution_info.hpp
[67.262s] -- Installing: /home/ugv-c7/CodeWorkspace/UGV-Robot/ros2_humble_colcon_ws/install/moveit_task_constructor_msgs/include/moveit_task_constructor_msgs/moveit_task_constructor_msgs/msg/sub_solution.hpp
[67.262s] -- Installing: /home/ugv-c7/CodeWorkspace/UGV-Robot/ros2_humble_colcon_ws/install/moveit_task_constructor_msgs/include/moveit_task_constructor_msgs/moveit_task_constructor_msgs/msg/solution.hpp
[67.263s] -- Up-to-date: /home/ugv-c7/CodeWorkspace/UGV-Robot/ros2_humble_colcon_ws/install/moveit_task_constructor_msgs/include/moveit_task_constructor_msgs/moveit_task_constructor_msgs/srv
[67.264s] -- Up-to-date: /home/ugv-c7/CodeWorkspace/UGV-Robot/ros2_humble_colcon_ws/install/moveit_task_constructor_msgs/include/moveit_task_constructor_msgs/moveit_task_constructor_msgs/srv/detail
[67.264s] -- Installing: /home/ugv-c7/CodeWorkspace/UGV-Robot/ros2_humble_colcon_ws/install/moveit_task_constructor_msgs/include/moveit_task_constructor_msgs/moveit_task_constructor_msgs/srv/detail/get_solution__builder.hpp
[67.265s] -- Installing: /home/ugv-c7/CodeWorkspace/UGV-Robot/ros2_humble_colcon_ws/install/moveit_task_constructor_msgs/include/moveit_task_constructor_msgs/moveit_task_constructor_msgs/srv/detail/get_solution__struct.hpp
[67.265s] -- Installing: /home/ugv-c7/CodeWorkspace/UGV-Robot/ros2_humble_colcon_ws/install/moveit_task_constructor_msgs/include/moveit_task_constructor_msgs/moveit_task_constructor_msgs/srv/detail/get_solution__type_support.hpp
[67.266s] -- Installing: /home/ugv-c7/CodeWorkspace/UGV-Robot/ros2_humble_colcon_ws/install/moveit_task_constructor_msgs/include/moveit_task_constructor_msgs/moveit_task_constructor_msgs/srv/detail/get_solution__traits.hpp
[67.267s] -- Installing: /home/ugv-c7/CodeWorkspace/UGV-Robot/ros2_humble_colcon_ws/install/moveit_task_constructor_msgs/include/moveit_task_constructor_msgs/moveit_task_constructor_msgs/srv/get_solution.hpp
[67.268s] -- Up-to-date: /home/ugv-c7/CodeWorkspace/UGV-Robot/ros2_humble_colcon_ws/install/moveit_task_constructor_msgs/include/moveit_task_constructor_msgs/moveit_task_constructor_msgs
[67.268s] -- Up-to-date: /home/ugv-c7/CodeWorkspace/UGV-Robot/ros2_humble_colcon_ws/install/moveit_task_constructor_msgs/include/moveit_task_constructor_msgs/moveit_task_constructor_msgs/action
[67.269s] -- Up-to-date: /home/ugv-c7/CodeWorkspace/UGV-Robot/ros2_humble_colcon_ws/install/moveit_task_constructor_msgs/include/moveit_task_constructor_msgs/moveit_task_constructor_msgs/action/detail
[67.269s] -- Installing: /home/ugv-c7/CodeWorkspace/UGV-Robot/ros2_humble_colcon_ws/install/moveit_task_constructor_msgs/include/moveit_task_constructor_msgs/moveit_task_constructor_msgs/action/detail/dds_fastrtps
[67.270s] -- Installing: /home/ugv-c7/CodeWorkspace/UGV-Robot/ros2_humble_colcon_ws/install/moveit_task_constructor_msgs/include/moveit_task_constructor_msgs/moveit_task_constructor_msgs/action/detail/execute_task_solution__rosidl_typesupport_fastrtps_cpp.hpp
[67.270s] -- Up-to-date: /home/ugv-c7/CodeWorkspace/UGV-Robot/ros2_humble_colcon_ws/install/moveit_task_constructor_msgs/include/moveit_task_constructor_msgs/moveit_task_constructor_msgs/msg
[67.271s] -- Up-to-date: /home/ugv-c7/CodeWorkspace/UGV-Robot/ros2_humble_colcon_ws/install/moveit_task_constructor_msgs/include/moveit_task_constructor_msgs/moveit_task_constructor_msgs/msg/detail
[67.271s] -- Installing: /home/ugv-c7/CodeWorkspace/UGV-Robot/ros2_humble_colcon_ws/install/moveit_task_constructor_msgs/include/moveit_task_constructor_msgs/moveit_task_constructor_msgs/msg/detail/dds_fastrtps
[67.272s] -- Installing: /home/ugv-c7/CodeWorkspace/UGV-Robot/ros2_humble_colcon_ws/install/moveit_task_constructor_msgs/include/moveit_task_constructor_msgs/moveit_task_constructor_msgs/msg/detail/trajectory_execution_info__rosidl_typesupport_fastrtps_cpp.hpp
[67.273s] -- Installing: /home/ugv-c7/CodeWorkspace/UGV-Robot/ros2_humble_colcon_ws/install/moveit_task_constructor_msgs/include/moveit_task_constructor_msgs/moveit_task_constructor_msgs/msg/detail/stage_description__rosidl_typesupport_fastrtps_cpp.hpp
[67.273s] -- Installing: /home/ugv-c7/CodeWorkspace/UGV-Robot/ros2_humble_colcon_ws/install/moveit_task_constructor_msgs/include/moveit_task_constructor_msgs/moveit_task_constructor_msgs/msg/detail/stage_statistics__rosidl_typesupport_fastrtps_cpp.hpp
[67.274s] -- Installing: /home/ugv-c7/CodeWorkspace/UGV-Robot/ros2_humble_colcon_ws/install/moveit_task_constructor_msgs/include/moveit_task_constructor_msgs/moveit_task_constructor_msgs/msg/detail/solution_info__rosidl_typesupport_fastrtps_cpp.hpp
[67.274s] -- Installing: /home/ugv-c7/CodeWorkspace/UGV-Robot/ros2_humble_colcon_ws/install/moveit_task_constructor_msgs/include/moveit_task_constructor_msgs/moveit_task_constructor_msgs/msg/detail/task_description__rosidl_typesupport_fastrtps_cpp.hpp
[67.275s] -- Installing: /home/ugv-c7/CodeWorkspace/UGV-Robot/ros2_humble_colcon_ws/install/moveit_task_constructor_msgs/include/moveit_task_constructor_msgs/moveit_task_constructor_msgs/msg/detail/task_statistics__rosidl_typesupport_fastrtps_cpp.hpp
[67.276s] -- Installing: /home/ugv-c7/CodeWorkspace/UGV-Robot/ros2_humble_colcon_ws/install/moveit_task_constructor_msgs/include/moveit_task_constructor_msgs/moveit_task_constructor_msgs/msg/detail/sub_trajectory__rosidl_typesupport_fastrtps_cpp.hpp
[67.276s] -- Installing: /home/ugv-c7/CodeWorkspace/UGV-Robot/ros2_humble_colcon_ws/install/moveit_task_constructor_msgs/include/moveit_task_constructor_msgs/moveit_task_constructor_msgs/msg/detail/property__rosidl_typesupport_fastrtps_cpp.hpp
[67.277s] -- Installing: /home/ugv-c7/CodeWorkspace/UGV-Robot/ros2_humble_colcon_ws/install/moveit_task_constructor_msgs/include/moveit_task_constructor_msgs/moveit_task_constructor_msgs/msg/detail/sub_solution__rosidl_typesupport_fastrtps_cpp.hpp
[67.278s] -- Installing: /home/ugv-c7/CodeWorkspace/UGV-Robot/ros2_humble_colcon_ws/install/moveit_task_constructor_msgs/include/moveit_task_constructor_msgs/moveit_task_constructor_msgs/msg/detail/solution__rosidl_typesupport_fastrtps_cpp.hpp
[67.279s] -- Installing: /home/ugv-c7/CodeWorkspace/UGV-Robot/ros2_humble_colcon_ws/install/moveit_task_constructor_msgs/include/moveit_task_constructor_msgs/moveit_task_constructor_msgs/msg/rosidl_typesupport_fastrtps_cpp__visibility_control.h
[67.279s] -- Up-to-date: /home/ugv-c7/CodeWorkspace/UGV-Robot/ros2_humble_colcon_ws/install/moveit_task_constructor_msgs/include/moveit_task_constructor_msgs/moveit_task_constructor_msgs/srv
[67.280s] -- Up-to-date: /home/ugv-c7/CodeWorkspace/UGV-Robot/ros2_humble_colcon_ws/install/moveit_task_constructor_msgs/include/moveit_task_constructor_msgs/moveit_task_constructor_msgs/srv/detail
[67.280s] -- Installing: /home/ugv-c7/CodeWorkspace/UGV-Robot/ros2_humble_colcon_ws/install/moveit_task_constructor_msgs/include/moveit_task_constructor_msgs/moveit_task_constructor_msgs/srv/detail/dds_fastrtps
[67.281s] -- Installing: /home/ugv-c7/CodeWorkspace/UGV-Robot/ros2_humble_colcon_ws/install/moveit_task_constructor_msgs/include/moveit_task_constructor_msgs/moveit_task_constructor_msgs/srv/detail/get_solution__rosidl_typesupport_fastrtps_cpp.hpp
[67.282s] -- Installing: /home/ugv-c7/CodeWorkspace/UGV-Robot/ros2_humble_colcon_ws/install/moveit_task_constructor_msgs/lib/libmoveit_task_constructor_msgs__rosidl_typesupport_fastrtps_cpp.so
[67.285s] -- Set runtime path of "/home/ugv-c7/CodeWorkspace/UGV-Robot/ros2_humble_colcon_ws/install/moveit_task_constructor_msgs/lib/libmoveit_task_constructor_msgs__rosidl_typesupport_fastrtps_cpp.so" to ""
[67.286s] -- Up-to-date: /home/ugv-c7/CodeWorkspace/UGV-Robot/ros2_humble_colcon_ws/install/moveit_task_constructor_msgs/include/moveit_task_constructor_msgs/moveit_task_constructor_msgs
[67.287s] -- Up-to-date: /home/ugv-c7/CodeWorkspace/UGV-Robot/ros2_humble_colcon_ws/install/moveit_task_constructor_msgs/include/moveit_task_constructor_msgs/moveit_task_constructor_msgs/action
[67.287s] -- Up-to-date: /home/ugv-c7/CodeWorkspace/UGV-Robot/ros2_humble_colcon_ws/install/moveit_task_constructor_msgs/include/moveit_task_constructor_msgs/moveit_task_constructor_msgs/action/detail
[67.287s] -- Installing: /home/ugv-c7/CodeWorkspace/UGV-Robot/ros2_humble_colcon_ws/install/moveit_task_constructor_msgs/include/moveit_task_constructor_msgs/moveit_task_constructor_msgs/action/detail/execute_task_solution__type_support.c
[67.288s] -- Installing: /home/ugv-c7/CodeWorkspace/UGV-Robot/ros2_humble_colcon_ws/install/moveit_task_constructor_msgs/include/moveit_task_constructor_msgs/moveit_task_constructor_msgs/action/detail/execute_task_solution__rosidl_typesupport_introspection_c.h
[67.289s] -- Up-to-date: /home/ugv-c7/CodeWorkspace/UGV-Robot/ros2_humble_colcon_ws/install/moveit_task_constructor_msgs/include/moveit_task_constructor_msgs/moveit_task_constructor_msgs/msg
[67.289s] -- Up-to-date: /home/ugv-c7/CodeWorkspace/UGV-Robot/ros2_humble_colcon_ws/install/moveit_task_constructor_msgs/include/moveit_task_constructor_msgs/moveit_task_constructor_msgs/msg/detail
[67.290s] -- Installing: /home/ugv-c7/CodeWorkspace/UGV-Robot/ros2_humble_colcon_ws/install/moveit_task_constructor_msgs/include/moveit_task_constructor_msgs/moveit_task_constructor_msgs/msg/detail/stage_description__type_support.c
[67.291s] -- Installing: /home/ugv-c7/CodeWorkspace/UGV-Robot/ros2_humble_colcon_ws/install/moveit_task_constructor_msgs/include/moveit_task_constructor_msgs/moveit_task_constructor_msgs/msg/detail/solution__type_support.c
[67.292s] -- Installing: /home/ugv-c7/CodeWorkspace/UGV-Robot/ros2_humble_colcon_ws/install/moveit_task_constructor_msgs/include/moveit_task_constructor_msgs/moveit_task_constructor_msgs/msg/detail/trajectory_execution_info__rosidl_typesupport_introspection_c.h
[67.292s] -- Installing: /home/ugv-c7/CodeWorkspace/UGV-Robot/ros2_humble_colcon_ws/install/moveit_task_constructor_msgs/include/moveit_task_constructor_msgs/moveit_task_constructor_msgs/msg/detail/task_statistics__type_support.c
[67.293s] -- Installing: /home/ugv-c7/CodeWorkspace/UGV-Robot/ros2_humble_colcon_ws/install/moveit_task_constructor_msgs/include/moveit_task_constructor_msgs/moveit_task_constructor_msgs/msg/detail/property__rosidl_typesupport_introspection_c.h
[67.294s] -- Installing: /home/ugv-c7/CodeWorkspace/UGV-Robot/ros2_humble_colcon_ws/install/moveit_task_constructor_msgs/include/moveit_task_constructor_msgs/moveit_task_constructor_msgs/msg/detail/solution_info__rosidl_typesupport_introspection_c.h
[67.294s] -- Installing: /home/ugv-c7/CodeWorkspace/UGV-Robot/ros2_humble_colcon_ws/install/moveit_task_constructor_msgs/include/moveit_task_constructor_msgs/moveit_task_constructor_msgs/msg/detail/solution_info__type_support.c
[67.295s] -- Installing: /home/ugv-c7/CodeWorkspace/UGV-Robot/ros2_humble_colcon_ws/install/moveit_task_constructor_msgs/include/moveit_task_constructor_msgs/moveit_task_constructor_msgs/msg/detail/stage_description__rosidl_typesupport_introspection_c.h
[67.296s] -- Installing: /home/ugv-c7/CodeWorkspace/UGV-Robot/ros2_humble_colcon_ws/install/moveit_task_constructor_msgs/include/moveit_task_constructor_msgs/moveit_task_constructor_msgs/msg/detail/solution__rosidl_typesupport_introspection_c.h
[67.296s] -- Installing: /home/ugv-c7/CodeWorkspace/UGV-Robot/ros2_humble_colcon_ws/install/moveit_task_constructor_msgs/include/moveit_task_constructor_msgs/moveit_task_constructor_msgs/msg/detail/task_description__rosidl_typesupport_introspection_c.h
[67.297s] -- Installing: /home/ugv-c7/CodeWorkspace/UGV-Robot/ros2_humble_colcon_ws/install/moveit_task_constructor_msgs/include/moveit_task_constructor_msgs/moveit_task_constructor_msgs/msg/detail/task_description__type_support.c
[67.298s] -- Installing: /home/ugv-c7/CodeWorkspace/UGV-Robot/ros2_humble_colcon_ws/install/moveit_task_constructor_msgs/include/moveit_task_constructor_msgs/moveit_task_constructor_msgs/msg/detail/trajectory_execution_info__type_support.c
[67.298s] -- Installing: /home/ugv-c7/CodeWorkspace/UGV-Robot/ros2_humble_colcon_ws/install/moveit_task_constructor_msgs/include/moveit_task_constructor_msgs/moveit_task_constructor_msgs/msg/detail/sub_trajectory__rosidl_typesupport_introspection_c.h
[67.299s] -- Installing: /home/ugv-c7/CodeWorkspace/UGV-Robot/ros2_humble_colcon_ws/install/moveit_task_constructor_msgs/include/moveit_task_constructor_msgs/moveit_task_constructor_msgs/msg/detail/property__type_support.c
[67.300s] -- Installing: /home/ugv-c7/CodeWorkspace/UGV-Robot/ros2_humble_colcon_ws/install/moveit_task_constructor_msgs/include/moveit_task_constructor_msgs/moveit_task_constructor_msgs/msg/detail/sub_trajectory__type_support.c
[67.300s] -- Installing: /home/ugv-c7/CodeWorkspace/UGV-Robot/ros2_humble_colcon_ws/install/moveit_task_constructor_msgs/include/moveit_task_constructor_msgs/moveit_task_constructor_msgs/msg/detail/sub_solution__type_support.c
[67.301s] -- Installing: /home/ugv-c7/CodeWorkspace/UGV-Robot/ros2_humble_colcon_ws/install/moveit_task_constructor_msgs/include/moveit_task_constructor_msgs/moveit_task_constructor_msgs/msg/detail/task_statistics__rosidl_typesupport_introspection_c.h
[67.302s] -- Installing: /home/ugv-c7/CodeWorkspace/UGV-Robot/ros2_humble_colcon_ws/install/moveit_task_constructor_msgs/include/moveit_task_constructor_msgs/moveit_task_constructor_msgs/msg/detail/sub_solution__rosidl_typesupport_introspection_c.h
[67.303s] -- Installing: /home/ugv-c7/CodeWorkspace/UGV-Robot/ros2_humble_colcon_ws/install/moveit_task_constructor_msgs/include/moveit_task_constructor_msgs/moveit_task_constructor_msgs/msg/detail/stage_statistics__type_support.c
[67.303s] -- Installing: /home/ugv-c7/CodeWorkspace/UGV-Robot/ros2_humble_colcon_ws/install/moveit_task_constructor_msgs/include/moveit_task_constructor_msgs/moveit_task_constructor_msgs/msg/detail/stage_statistics__rosidl_typesupport_introspection_c.h
[67.304s] -- Installing: /home/ugv-c7/CodeWorkspace/UGV-Robot/ros2_humble_colcon_ws/install/moveit_task_constructor_msgs/include/moveit_task_constructor_msgs/moveit_task_constructor_msgs/msg/rosidl_typesupport_introspection_c__visibility_control.h
[67.305s] -- Up-to-date: /home/ugv-c7/CodeWorkspace/UGV-Robot/ros2_humble_colcon_ws/install/moveit_task_constructor_msgs/include/moveit_task_constructor_msgs/moveit_task_constructor_msgs/srv
[67.305s] -- Up-to-date: /home/ugv-c7/CodeWorkspace/UGV-Robot/ros2_humble_colcon_ws/install/moveit_task_constructor_msgs/include/moveit_task_constructor_msgs/moveit_task_constructor_msgs/srv/detail
[67.305s] -- Installing: /home/ugv-c7/CodeWorkspace/UGV-Robot/ros2_humble_colcon_ws/install/moveit_task_constructor_msgs/include/moveit_task_constructor_msgs/moveit_task_constructor_msgs/srv/detail/get_solution__type_support.c
[67.306s] -- Installing: /home/ugv-c7/CodeWorkspace/UGV-Robot/ros2_humble_colcon_ws/install/moveit_task_constructor_msgs/include/moveit_task_constructor_msgs/moveit_task_constructor_msgs/srv/detail/get_solution__rosidl_typesupport_introspection_c.h
[67.307s] -- Installing: /home/ugv-c7/CodeWorkspace/UGV-Robot/ros2_humble_colcon_ws/install/moveit_task_constructor_msgs/lib/libmoveit_task_constructor_msgs__rosidl_typesupport_introspection_c.so
[67.309s] -- Set runtime path of "/home/ugv-c7/CodeWorkspace/UGV-Robot/ros2_humble_colcon_ws/install/moveit_task_constructor_msgs/lib/libmoveit_task_constructor_msgs__rosidl_typesupport_introspection_c.so" to ""
[67.309s] -- Installing: /home/ugv-c7/CodeWorkspace/UGV-Robot/ros2_humble_colcon_ws/install/moveit_task_constructor_msgs/lib/libmoveit_task_constructor_msgs__rosidl_typesupport_c.so
[67.311s] -- Set runtime path of "/home/ugv-c7/CodeWorkspace/UGV-Robot/ros2_humble_colcon_ws/install/moveit_task_constructor_msgs/lib/libmoveit_task_constructor_msgs__rosidl_typesupport_c.so" to ""
[67.311s] -- Up-to-date: /home/ugv-c7/CodeWorkspace/UGV-Robot/ros2_humble_colcon_ws/install/moveit_task_constructor_msgs/include/moveit_task_constructor_msgs/moveit_task_constructor_msgs
[67.312s] -- Up-to-date: /home/ugv-c7/CodeWorkspace/UGV-Robot/ros2_humble_colcon_ws/install/moveit_task_constructor_msgs/include/moveit_task_constructor_msgs/moveit_task_constructor_msgs/action
[67.312s] -- Up-to-date: /home/ugv-c7/CodeWorkspace/UGV-Robot/ros2_humble_colcon_ws/install/moveit_task_constructor_msgs/include/moveit_task_constructor_msgs/moveit_task_constructor_msgs/action/detail
[67.312s] -- Installing: /home/ugv-c7/CodeWorkspace/UGV-Robot/ros2_humble_colcon_ws/install/moveit_task_constructor_msgs/include/moveit_task_constructor_msgs/moveit_task_constructor_msgs/action/detail/execute_task_solution__type_support.cpp
[67.313s] -- Installing: /home/ugv-c7/CodeWorkspace/UGV-Robot/ros2_humble_colcon_ws/install/moveit_task_constructor_msgs/include/moveit_task_constructor_msgs/moveit_task_constructor_msgs/action/detail/execute_task_solution__rosidl_typesupport_introspection_cpp.hpp
[67.314s] -- Up-to-date: /home/ugv-c7/CodeWorkspace/UGV-Robot/ros2_humble_colcon_ws/install/moveit_task_constructor_msgs/include/moveit_task_constructor_msgs/moveit_task_constructor_msgs/msg
[67.314s] -- Up-to-date: /home/ugv-c7/CodeWorkspace/UGV-Robot/ros2_humble_colcon_ws/install/moveit_task_constructor_msgs/include/moveit_task_constructor_msgs/moveit_task_constructor_msgs/msg/detail
[67.315s] -- Installing: /home/ugv-c7/CodeWorkspace/UGV-Robot/ros2_humble_colcon_ws/install/moveit_task_constructor_msgs/include/moveit_task_constructor_msgs/moveit_task_constructor_msgs/msg/detail/trajectory_execution_info__type_support.cpp
[67.316s] -- Installing: /home/ugv-c7/CodeWorkspace/UGV-Robot/ros2_humble_colcon_ws/install/moveit_task_constructor_msgs/include/moveit_task_constructor_msgs/moveit_task_constructor_msgs/msg/detail/sub_trajectory__type_support.cpp
[67.316s] -- Installing: /home/ugv-c7/CodeWorkspace/UGV-Robot/ros2_humble_colcon_ws/install/moveit_task_constructor_msgs/include/moveit_task_constructor_msgs/moveit_task_constructor_msgs/msg/detail/stage_statistics__rosidl_typesupport_introspection_cpp.hpp
[67.317s] -- Installing: /home/ugv-c7/CodeWorkspace/UGV-Robot/ros2_humble_colcon_ws/install/moveit_task_constructor_msgs/include/moveit_task_constructor_msgs/moveit_task_constructor_msgs/msg/detail/sub_trajectory__rosidl_typesupport_introspection_cpp.hpp
[67.318s] -- Installing: /home/ugv-c7/CodeWorkspace/UGV-Robot/ros2_humble_colcon_ws/install/moveit_task_constructor_msgs/include/moveit_task_constructor_msgs/moveit_task_constructor_msgs/msg/detail/property__rosidl_typesupport_introspection_cpp.hpp
[67.318s] -- Installing: /home/ugv-c7/CodeWorkspace/UGV-Robot/ros2_humble_colcon_ws/install/moveit_task_constructor_msgs/include/moveit_task_constructor_msgs/moveit_task_constructor_msgs/msg/detail/task_statistics__rosidl_typesupport_introspection_cpp.hpp
[67.319s] -- Installing: /home/ugv-c7/CodeWorkspace/UGV-Robot/ros2_humble_colcon_ws/install/moveit_task_constructor_msgs/include/moveit_task_constructor_msgs/moveit_task_constructor_msgs/msg/detail/solution__type_support.cpp
[67.320s] -- Installing: /home/ugv-c7/CodeWorkspace/UGV-Robot/ros2_humble_colcon_ws/install/moveit_task_constructor_msgs/include/moveit_task_constructor_msgs/moveit_task_constructor_msgs/msg/detail/stage_statistics__type_support.cpp
[67.320s] -- Installing: /home/ugv-c7/CodeWorkspace/UGV-Robot/ros2_humble_colcon_ws/install/moveit_task_constructor_msgs/include/moveit_task_constructor_msgs/moveit_task_constructor_msgs/msg/detail/solution__rosidl_typesupport_introspection_cpp.hpp
[67.321s] -- Installing: /home/ugv-c7/CodeWorkspace/UGV-Robot/ros2_humble_colcon_ws/install/moveit_task_constructor_msgs/include/moveit_task_constructor_msgs/moveit_task_constructor_msgs/msg/detail/sub_solution__rosidl_typesupport_introspection_cpp.hpp
[67.322s] -- Installing: /home/ugv-c7/CodeWorkspace/UGV-Robot/ros2_humble_colcon_ws/install/moveit_task_constructor_msgs/include/moveit_task_constructor_msgs/moveit_task_constructor_msgs/msg/detail/task_description__type_support.cpp
[67.322s] -- Installing: /home/ugv-c7/CodeWorkspace/UGV-Robot/ros2_humble_colcon_ws/install/moveit_task_constructor_msgs/include/moveit_task_constructor_msgs/moveit_task_constructor_msgs/msg/detail/task_statistics__type_support.cpp
[67.325s] -- Installing: /home/ugv-c7/CodeWorkspace/UGV-Robot/ros2_humble_colcon_ws/install/moveit_task_constructor_msgs/include/moveit_task_constructor_msgs/moveit_task_constructor_msgs/msg/detail/trajectory_execution_info__rosidl_typesupport_introspection_cpp.hpp
[67.325s] -- Installing: /home/ugv-c7/CodeWorkspace/UGV-Robot/ros2_humble_colcon_ws/install/moveit_task_constructor_msgs/include/moveit_task_constructor_msgs/moveit_task_constructor_msgs/msg/detail/stage_description__rosidl_typesupport_introspection_cpp.hpp
[67.326s] -- Installing: /home/ugv-c7/CodeWorkspace/UGV-Robot/ros2_humble_colcon_ws/install/moveit_task_constructor_msgs/include/moveit_task_constructor_msgs/moveit_task_constructor_msgs/msg/detail/property__type_support.cpp
[67.327s] -- Installing: /home/ugv-c7/CodeWorkspace/UGV-Robot/ros2_humble_colcon_ws/install/moveit_task_constructor_msgs/include/moveit_task_constructor_msgs/moveit_task_constructor_msgs/msg/detail/stage_description__type_support.cpp
[67.328s] -- Installing: /home/ugv-c7/CodeWorkspace/UGV-Robot/ros2_humble_colcon_ws/install/moveit_task_constructor_msgs/include/moveit_task_constructor_msgs/moveit_task_constructor_msgs/msg/detail/task_description__rosidl_typesupport_introspection_cpp.hpp
[67.328s] -- Installing: /home/ugv-c7/CodeWorkspace/UGV-Robot/ros2_humble_colcon_ws/install/moveit_task_constructor_msgs/include/moveit_task_constructor_msgs/moveit_task_constructor_msgs/msg/detail/solution_info__type_support.cpp
[67.329s] -- Installing: /home/ugv-c7/CodeWorkspace/UGV-Robot/ros2_humble_colcon_ws/install/moveit_task_constructor_msgs/include/moveit_task_constructor_msgs/moveit_task_constructor_msgs/msg/detail/sub_solution__type_support.cpp
[67.330s] -- Installing: /home/ugv-c7/CodeWorkspace/UGV-Robot/ros2_humble_colcon_ws/install/moveit_task_constructor_msgs/include/moveit_task_constructor_msgs/moveit_task_constructor_msgs/msg/detail/solution_info__rosidl_typesupport_introspection_cpp.hpp
[67.331s] -- Up-to-date: /home/ugv-c7/CodeWorkspace/UGV-Robot/ros2_humble_colcon_ws/install/moveit_task_constructor_msgs/include/moveit_task_constructor_msgs/moveit_task_constructor_msgs/srv
[67.331s] -- Up-to-date: /home/ugv-c7/CodeWorkspace/UGV-Robot/ros2_humble_colcon_ws/install/moveit_task_constructor_msgs/include/moveit_task_constructor_msgs/moveit_task_constructor_msgs/srv/detail
[67.331s] -- Installing: /home/ugv-c7/CodeWorkspace/UGV-Robot/ros2_humble_colcon_ws/install/moveit_task_constructor_msgs/include/moveit_task_constructor_msgs/moveit_task_constructor_msgs/srv/detail/get_solution__type_support.cpp
[67.332s] -- Installing: /home/ugv-c7/CodeWorkspace/UGV-Robot/ros2_humble_colcon_ws/install/moveit_task_constructor_msgs/include/moveit_task_constructor_msgs/moveit_task_constructor_msgs/srv/detail/get_solution__rosidl_typesupport_introspection_cpp.hpp
[67.333s] -- Installing: /home/ugv-c7/CodeWorkspace/UGV-Robot/ros2_humble_colcon_ws/install/moveit_task_constructor_msgs/lib/libmoveit_task_constructor_msgs__rosidl_typesupport_introspection_cpp.so
[67.339s] -- Set runtime path of "/home/ugv-c7/CodeWorkspace/UGV-Robot/ros2_humble_colcon_ws/install/moveit_task_constructor_msgs/lib/libmoveit_task_constructor_msgs__rosidl_typesupport_introspection_cpp.so" to ""
[67.340s] -- Installing: /home/ugv-c7/CodeWorkspace/UGV-Robot/ros2_humble_colcon_ws/install/moveit_task_constructor_msgs/lib/libmoveit_task_constructor_msgs__rosidl_typesupport_cpp.so
[67.341s] -- Set runtime path of "/home/ugv-c7/CodeWorkspace/UGV-Robot/ros2_humble_colcon_ws/install/moveit_task_constructor_msgs/lib/libmoveit_task_constructor_msgs__rosidl_typesupport_cpp.so" to ""
[67.342s] -- Installing: /home/ugv-c7/CodeWorkspace/UGV-Robot/ros2_humble_colcon_ws/install/moveit_task_constructor_msgs/share/moveit_task_constructor_msgs/environment/pythonpath.sh
[67.343s] -- Installing: /home/ugv-c7/CodeWorkspace/UGV-Robot/ros2_humble_colcon_ws/install/moveit_task_constructor_msgs/share/moveit_task_constructor_msgs/environment/pythonpath.dsv
[67.344s] -- Installing: /home/ugv-c7/CodeWorkspace/UGV-Robot/ros2_humble_colcon_ws/install/moveit_task_constructor_msgs/local/lib/python3.10/dist-packages/moveit_task_constructor_msgs-0.1.3-py3.10.egg-info
[67.344s] -- Installing: /home/ugv-c7/CodeWorkspace/UGV-Robot/ros2_humble_colcon_ws/install/moveit_task_constructor_msgs/local/lib/python3.10/dist-packages/moveit_task_constructor_msgs-0.1.3-py3.10.egg-info/top_level.txt
[67.345s] -- Installing: /home/ugv-c7/CodeWorkspace/UGV-Robot/ros2_humble_colcon_ws/install/moveit_task_constructor_msgs/local/lib/python3.10/dist-packages/moveit_task_constructor_msgs-0.1.3-py3.10.egg-info/SOURCES.txt
[67.346s] -- Installing: /home/ugv-c7/CodeWorkspace/UGV-Robot/ros2_humble_colcon_ws/install/moveit_task_constructor_msgs/local/lib/python3.10/dist-packages/moveit_task_constructor_msgs-0.1.3-py3.10.egg-info/PKG-INFO
[67.347s] -- Installing: /home/ugv-c7/CodeWorkspace/UGV-Robot/ros2_humble_colcon_ws/install/moveit_task_constructor_msgs/local/lib/python3.10/dist-packages/moveit_task_constructor_msgs-0.1.3-py3.10.egg-info/dependency_links.txt
[67.347s] -- Installing: /home/ugv-c7/CodeWorkspace/UGV-Robot/ros2_humble_colcon_ws/install/moveit_task_constructor_msgs/local/lib/python3.10/dist-packages/moveit_task_constructor_msgs
[67.348s] -- Installing: /home/ugv-c7/CodeWorkspace/UGV-Robot/ros2_humble_colcon_ws/install/moveit_task_constructor_msgs/local/lib/python3.10/dist-packages/moveit_task_constructor_msgs/action
[67.349s] -- Installing: /home/ugv-c7/CodeWorkspace/UGV-Robot/ros2_humble_colcon_ws/install/moveit_task_constructor_msgs/local/lib/python3.10/dist-packages/moveit_task_constructor_msgs/action/_execute_task_solution.py
[67.350s] -- Installing: /home/ugv-c7/CodeWorkspace/UGV-Robot/ros2_humble_colcon_ws/install/moveit_task_constructor_msgs/local/lib/python3.10/dist-packages/moveit_task_constructor_msgs/action/_execute_task_solution_s.c
[67.350s] -- Installing: /home/ugv-c7/CodeWorkspace/UGV-Robot/ros2_humble_colcon_ws/install/moveit_task_constructor_msgs/local/lib/python3.10/dist-packages/moveit_task_constructor_msgs/action/__init__.py
[67.351s] -- Installing: /home/ugv-c7/CodeWorkspace/UGV-Robot/ros2_humble_colcon_ws/install/moveit_task_constructor_msgs/local/lib/python3.10/dist-packages/moveit_task_constructor_msgs/moveit_task_constructor_msgs_s__rosidl_typesupport_introspection_c.cpython-310-aarch64-linux-gnu.so
[67.352s] -- Installing: /home/ugv-c7/CodeWorkspace/UGV-Robot/ros2_humble_colcon_ws/install/moveit_task_constructor_msgs/local/lib/python3.10/dist-packages/moveit_task_constructor_msgs/_moveit_task_constructor_msgs_s.ep.rosidl_typesupport_fastrtps_c.c
[67.353s] -- Installing: /home/ugv-c7/CodeWorkspace/UGV-Robot/ros2_humble_colcon_ws/install/moveit_task_constructor_msgs/local/lib/python3.10/dist-packages/moveit_task_constructor_msgs/_moveit_task_constructor_msgs_s.ep.rosidl_typesupport_introspection_c.c
[67.354s] -- Installing: /home/ugv-c7/CodeWorkspace/UGV-Robot/ros2_humble_colcon_ws/install/moveit_task_constructor_msgs/local/lib/python3.10/dist-packages/moveit_task_constructor_msgs/msg
[67.355s] -- Installing: /home/ugv-c7/CodeWorkspace/UGV-Robot/ros2_humble_colcon_ws/install/moveit_task_constructor_msgs/local/lib/python3.10/dist-packages/moveit_task_constructor_msgs/msg/_property.py
[67.355s] -- Installing: /home/ugv-c7/CodeWorkspace/UGV-Robot/ros2_humble_colcon_ws/install/moveit_task_constructor_msgs/local/lib/python3.10/dist-packages/moveit_task_constructor_msgs/msg/_task_description_s.c
[67.356s] -- Installing: /home/ugv-c7/CodeWorkspace/UGV-Robot/ros2_humble_colcon_ws/install/moveit_task_constructor_msgs/local/lib/python3.10/dist-packages/moveit_task_constructor_msgs/msg/_stage_statistics_s.c
[67.357s] -- Installing: /home/ugv-c7/CodeWorkspace/UGV-Robot/ros2_humble_colcon_ws/install/moveit_task_constructor_msgs/local/lib/python3.10/dist-packages/moveit_task_constructor_msgs/msg/_solution_s.c
[67.357s] -- Installing: /home/ugv-c7/CodeWorkspace/UGV-Robot/ros2_humble_colcon_ws/install/moveit_task_constructor_msgs/local/lib/python3.10/dist-packages/moveit_task_constructor_msgs/msg/_task_statistics.py
[67.358s] -- Installing: /home/ugv-c7/CodeWorkspace/UGV-Robot/ros2_humble_colcon_ws/install/moveit_task_constructor_msgs/local/lib/python3.10/dist-packages/moveit_task_constructor_msgs/msg/_solution_info_s.c
[67.359s] -- Installing: /home/ugv-c7/CodeWorkspace/UGV-Robot/ros2_humble_colcon_ws/install/moveit_task_constructor_msgs/local/lib/python3.10/dist-packages/moveit_task_constructor_msgs/msg/_solution.py
[67.359s] -- Installing: /home/ugv-c7/CodeWorkspace/UGV-Robot/ros2_humble_colcon_ws/install/moveit_task_constructor_msgs/local/lib/python3.10/dist-packages/moveit_task_constructor_msgs/msg/_property_s.c
[67.360s] -- Installing: /home/ugv-c7/CodeWorkspace/UGV-Robot/ros2_humble_colcon_ws/install/moveit_task_constructor_msgs/local/lib/python3.10/dist-packages/moveit_task_constructor_msgs/msg/_stage_description_s.c
[67.361s] -- Installing: /home/ugv-c7/CodeWorkspace/UGV-Robot/ros2_humble_colcon_ws/install/moveit_task_constructor_msgs/local/lib/python3.10/dist-packages/moveit_task_constructor_msgs/msg/_sub_solution_s.c
[67.361s] -- Installing: /home/ugv-c7/CodeWorkspace/UGV-Robot/ros2_humble_colcon_ws/install/moveit_task_constructor_msgs/local/lib/python3.10/dist-packages/moveit_task_constructor_msgs/msg/_solution_info.py
[67.362s] -- Installing: /home/ugv-c7/CodeWorkspace/UGV-Robot/ros2_humble_colcon_ws/install/moveit_task_constructor_msgs/local/lib/python3.10/dist-packages/moveit_task_constructor_msgs/msg/_sub_solution.py
[67.363s] -- Installing: /home/ugv-c7/CodeWorkspace/UGV-Robot/ros2_humble_colcon_ws/install/moveit_task_constructor_msgs/local/lib/python3.10/dist-packages/moveit_task_constructor_msgs/msg/_trajectory_execution_info_s.c
[67.364s] -- Installing: /home/ugv-c7/CodeWorkspace/UGV-Robot/ros2_humble_colcon_ws/install/moveit_task_constructor_msgs/local/lib/python3.10/dist-packages/moveit_task_constructor_msgs/msg/_sub_trajectory_s.c
[67.364s] -- Installing: /home/ugv-c7/CodeWorkspace/UGV-Robot/ros2_humble_colcon_ws/install/moveit_task_constructor_msgs/local/lib/python3.10/dist-packages/moveit_task_constructor_msgs/msg/_trajectory_execution_info.py
[67.365s] -- Installing: /home/ugv-c7/CodeWorkspace/UGV-Robot/ros2_humble_colcon_ws/install/moveit_task_constructor_msgs/local/lib/python3.10/dist-packages/moveit_task_constructor_msgs/msg/_stage_statistics.py
[67.366s] -- Installing: /home/ugv-c7/CodeWorkspace/UGV-Robot/ros2_humble_colcon_ws/install/moveit_task_constructor_msgs/local/lib/python3.10/dist-packages/moveit_task_constructor_msgs/msg/_sub_trajectory.py
[67.366s] -- Installing: /home/ugv-c7/CodeWorkspace/UGV-Robot/ros2_humble_colcon_ws/install/moveit_task_constructor_msgs/local/lib/python3.10/dist-packages/moveit_task_constructor_msgs/msg/_task_statistics_s.c
[67.367s] -- Installing: /home/ugv-c7/CodeWorkspace/UGV-Robot/ros2_humble_colcon_ws/install/moveit_task_constructor_msgs/local/lib/python3.10/dist-packages/moveit_task_constructor_msgs/msg/_task_description.py
[67.368s] -- Installing: /home/ugv-c7/CodeWorkspace/UGV-Robot/ros2_humble_colcon_ws/install/moveit_task_constructor_msgs/local/lib/python3.10/dist-packages/moveit_task_constructor_msgs/msg/__init__.py
[67.368s] -- Installing: /home/ugv-c7/CodeWorkspace/UGV-Robot/ros2_humble_colcon_ws/install/moveit_task_constructor_msgs/local/lib/python3.10/dist-packages/moveit_task_constructor_msgs/msg/_stage_description.py
[67.369s] -- Installing: /home/ugv-c7/CodeWorkspace/UGV-Robot/ros2_humble_colcon_ws/install/moveit_task_constructor_msgs/local/lib/python3.10/dist-packages/moveit_task_constructor_msgs/libmoveit_task_constructor_msgs__rosidl_generator_py.so
[67.370s] -- Installing: /home/ugv-c7/CodeWorkspace/UGV-Robot/ros2_humble_colcon_ws/install/moveit_task_constructor_msgs/local/lib/python3.10/dist-packages/moveit_task_constructor_msgs/_moveit_task_constructor_msgs_s.ep.rosidl_typesupport_c.c
[67.371s] -- Installing: /home/ugv-c7/CodeWorkspace/UGV-Robot/ros2_humble_colcon_ws/install/moveit_task_constructor_msgs/local/lib/python3.10/dist-packages/moveit_task_constructor_msgs/moveit_task_constructor_msgs_s__rosidl_typesupport_fastrtps_c.cpython-310-aarch64-linux-gnu.so
[67.372s] -- Installing: /home/ugv-c7/CodeWorkspace/UGV-Robot/ros2_humble_colcon_ws/install/moveit_task_constructor_msgs/local/lib/python3.10/dist-packages/moveit_task_constructor_msgs/moveit_task_constructor_msgs_s__rosidl_typesupport_c.cpython-310-aarch64-linux-gnu.so
[67.373s] -- Installing: /home/ugv-c7/CodeWorkspace/UGV-Robot/ros2_humble_colcon_ws/install/moveit_task_constructor_msgs/local/lib/python3.10/dist-packages/moveit_task_constructor_msgs/srv
[67.373s] -- Installing: /home/ugv-c7/CodeWorkspace/UGV-Robot/ros2_humble_colcon_ws/install/moveit_task_constructor_msgs/local/lib/python3.10/dist-packages/moveit_task_constructor_msgs/srv/_get_solution.py
[67.374s] -- Installing: /home/ugv-c7/CodeWorkspace/UGV-Robot/ros2_humble_colcon_ws/install/moveit_task_constructor_msgs/local/lib/python3.10/dist-packages/moveit_task_constructor_msgs/srv/_get_solution_s.c
[67.375s] -- Installing: /home/ugv-c7/CodeWorkspace/UGV-Robot/ros2_humble_colcon_ws/install/moveit_task_constructor_msgs/local/lib/python3.10/dist-packages/moveit_task_constructor_msgs/srv/__init__.py
[67.375s] -- Installing: /home/ugv-c7/CodeWorkspace/UGV-Robot/ros2_humble_colcon_ws/install/moveit_task_constructor_msgs/local/lib/python3.10/dist-packages/moveit_task_constructor_msgs/__init__.py
[67.525s] Listing '/home/ugv-c7/CodeWorkspace/UGV-Robot/ros2_humble_colcon_ws/install/moveit_task_constructor_msgs/local/lib/python3.10/dist-packages/moveit_task_constructor_msgs'...
[67.527s] Compiling '/home/ugv-c7/CodeWorkspace/UGV-Robot/ros2_humble_colcon_ws/install/moveit_task_constructor_msgs/local/lib/python3.10/dist-packages/moveit_task_constructor_msgs/__init__.py'...
[67.527s] Listing '/home/ugv-c7/CodeWorkspace/UGV-Robot/ros2_humble_colcon_ws/install/moveit_task_constructor_msgs/local/lib/python3.10/dist-packages/moveit_task_constructor_msgs/action'...
[67.527s] Compiling '/home/ugv-c7/CodeWorkspace/UGV-Robot/ros2_humble_colcon_ws/install/moveit_task_constructor_msgs/local/lib/python3.10/dist-packages/moveit_task_constructor_msgs/action/__init__.py'...
[67.528s] Compiling '/home/ugv-c7/CodeWorkspace/UGV-Robot/ros2_humble_colcon_ws/install/moveit_task_constructor_msgs/local/lib/python3.10/dist-packages/moveit_task_constructor_msgs/action/_execute_task_solution.py'...
[67.528s] Listing '/home/ugv-c7/CodeWorkspace/UGV-Robot/ros2_humble_colcon_ws/install/moveit_task_constructor_msgs/local/lib/python3.10/dist-packages/moveit_task_constructor_msgs/msg'...
[67.528s] Compiling '/home/ugv-c7/CodeWorkspace/UGV-Robot/ros2_humble_colcon_ws/install/moveit_task_constructor_msgs/local/lib/python3.10/dist-packages/moveit_task_constructor_msgs/msg/__init__.py'...
[67.528s] Compiling '/home/ugv-c7/CodeWorkspace/UGV-Robot/ros2_humble_colcon_ws/install/moveit_task_constructor_msgs/local/lib/python3.10/dist-packages/moveit_task_constructor_msgs/msg/_property.py'...
[67.528s] Compiling '/home/ugv-c7/CodeWorkspace/UGV-Robot/ros2_humble_colcon_ws/install/moveit_task_constructor_msgs/local/lib/python3.10/dist-packages/moveit_task_constructor_msgs/msg/_solution.py'...
[67.528s] Compiling '/home/ugv-c7/CodeWorkspace/UGV-Robot/ros2_humble_colcon_ws/install/moveit_task_constructor_msgs/local/lib/python3.10/dist-packages/moveit_task_constructor_msgs/msg/_solution_info.py'...
[67.528s] Compiling '/home/ugv-c7/CodeWorkspace/UGV-Robot/ros2_humble_colcon_ws/install/moveit_task_constructor_msgs/local/lib/python3.10/dist-packages/moveit_task_constructor_msgs/msg/_stage_description.py'...
[67.529s] Compiling '/home/ugv-c7/CodeWorkspace/UGV-Robot/ros2_humble_colcon_ws/install/moveit_task_constructor_msgs/local/lib/python3.10/dist-packages/moveit_task_constructor_msgs/msg/_stage_statistics.py'...
[67.529s] Compiling '/home/ugv-c7/CodeWorkspace/UGV-Robot/ros2_humble_colcon_ws/install/moveit_task_constructor_msgs/local/lib/python3.10/dist-packages/moveit_task_constructor_msgs/msg/_sub_solution.py'...
[67.529s] Compiling '/home/ugv-c7/CodeWorkspace/UGV-Robot/ros2_humble_colcon_ws/install/moveit_task_constructor_msgs/local/lib/python3.10/dist-packages/moveit_task_constructor_msgs/msg/_sub_trajectory.py'...
[67.529s] Compiling '/home/ugv-c7/CodeWorkspace/UGV-Robot/ros2_humble_colcon_ws/install/moveit_task_constructor_msgs/local/lib/python3.10/dist-packages/moveit_task_constructor_msgs/msg/_task_description.py'...
[67.529s] Compiling '/home/ugv-c7/CodeWorkspace/UGV-Robot/ros2_humble_colcon_ws/install/moveit_task_constructor_msgs/local/lib/python3.10/dist-packages/moveit_task_constructor_msgs/msg/_task_statistics.py'...
[67.529s] Compiling '/home/ugv-c7/CodeWorkspace/UGV-Robot/ros2_humble_colcon_ws/install/moveit_task_constructor_msgs/local/lib/python3.10/dist-packages/moveit_task_constructor_msgs/msg/_trajectory_execution_info.py'...
[67.529s] Listing '/home/ugv-c7/CodeWorkspace/UGV-Robot/ros2_humble_colcon_ws/install/moveit_task_constructor_msgs/local/lib/python3.10/dist-packages/moveit_task_constructor_msgs/srv'...
[67.529s] Compiling '/home/ugv-c7/CodeWorkspace/UGV-Robot/ros2_humble_colcon_ws/install/moveit_task_constructor_msgs/local/lib/python3.10/dist-packages/moveit_task_constructor_msgs/srv/__init__.py'...
[67.530s] Compiling '/home/ugv-c7/CodeWorkspace/UGV-Robot/ros2_humble_colcon_ws/install/moveit_task_constructor_msgs/local/lib/python3.10/dist-packages/moveit_task_constructor_msgs/srv/_get_solution.py'...
[67.557s] -- Installing: /home/ugv-c7/CodeWorkspace/UGV-Robot/ros2_humble_colcon_ws/install/moveit_task_constructor_msgs/local/lib/python3.10/dist-packages/moveit_task_constructor_msgs/moveit_task_constructor_msgs_s__rosidl_typesupport_fastrtps_c.cpython-310-aarch64-linux-gnu.so
[67.557s] -- Set runtime path of "/home/ugv-c7/CodeWorkspace/UGV-Robot/ros2_humble_colcon_ws/install/moveit_task_constructor_msgs/local/lib/python3.10/dist-packages/moveit_task_constructor_msgs/moveit_task_constructor_msgs_s__rosidl_typesupport_fastrtps_c.cpython-310-aarch64-linux-gnu.so" to ""
[67.558s] -- Installing: /home/ugv-c7/CodeWorkspace/UGV-Robot/ros2_humble_colcon_ws/install/moveit_task_constructor_msgs/local/lib/python3.10/dist-packages/moveit_task_constructor_msgs/moveit_task_constructor_msgs_s__rosidl_typesupport_introspection_c.cpython-310-aarch64-linux-gnu.so
[67.558s] -- Set runtime path of "/home/ugv-c7/CodeWorkspace/UGV-Robot/ros2_humble_colcon_ws/install/moveit_task_constructor_msgs/local/lib/python3.10/dist-packages/moveit_task_constructor_msgs/moveit_task_constructor_msgs_s__rosidl_typesupport_introspection_c.cpython-310-aarch64-linux-gnu.so" to ""
[67.559s] -- Installing: /home/ugv-c7/CodeWorkspace/UGV-Robot/ros2_humble_colcon_ws/install/moveit_task_constructor_msgs/local/lib/python3.10/dist-packages/moveit_task_constructor_msgs/moveit_task_constructor_msgs_s__rosidl_typesupport_c.cpython-310-aarch64-linux-gnu.so
[67.560s] -- Set runtime path of "/home/ugv-c7/CodeWorkspace/UGV-Robot/ros2_humble_colcon_ws/install/moveit_task_constructor_msgs/local/lib/python3.10/dist-packages/moveit_task_constructor_msgs/moveit_task_constructor_msgs_s__rosidl_typesupport_c.cpython-310-aarch64-linux-gnu.so" to ""
[67.561s] -- Installing: /home/ugv-c7/CodeWorkspace/UGV-Robot/ros2_humble_colcon_ws/install/moveit_task_constructor_msgs/lib/libmoveit_task_constructor_msgs__rosidl_generator_py.so
[67.562s] -- Set runtime path of "/home/ugv-c7/CodeWorkspace/UGV-Robot/ros2_humble_colcon_ws/install/moveit_task_constructor_msgs/lib/libmoveit_task_constructor_msgs__rosidl_generator_py.so" to ""
[67.563s] -- Installing: /home/ugv-c7/CodeWorkspace/UGV-Robot/ros2_humble_colcon_ws/install/moveit_task_constructor_msgs/share/moveit_task_constructor_msgs/msg/Property.idl
[67.563s] -- Installing: /home/ugv-c7/CodeWorkspace/UGV-Robot/ros2_humble_colcon_ws/install/moveit_task_constructor_msgs/share/moveit_task_constructor_msgs/msg/Solution.idl
[67.564s] -- Installing: /home/ugv-c7/CodeWorkspace/UGV-Robot/ros2_humble_colcon_ws/install/moveit_task_constructor_msgs/share/moveit_task_constructor_msgs/msg/SolutionInfo.idl
[67.565s] -- Installing: /home/ugv-c7/CodeWorkspace/UGV-Robot/ros2_humble_colcon_ws/install/moveit_task_constructor_msgs/share/moveit_task_constructor_msgs/msg/StageDescription.idl
[67.566s] -- Installing: /home/ugv-c7/CodeWorkspace/UGV-Robot/ros2_humble_colcon_ws/install/moveit_task_constructor_msgs/share/moveit_task_constructor_msgs/msg/StageStatistics.idl
[67.567s] -- Installing: /home/ugv-c7/CodeWorkspace/UGV-Robot/ros2_humble_colcon_ws/install/moveit_task_constructor_msgs/share/moveit_task_constructor_msgs/msg/SubSolution.idl
[67.567s] -- Installing: /home/ugv-c7/CodeWorkspace/UGV-Robot/ros2_humble_colcon_ws/install/moveit_task_constructor_msgs/share/moveit_task_constructor_msgs/msg/SubTrajectory.idl
[67.568s] -- Installing: /home/ugv-c7/CodeWorkspace/UGV-Robot/ros2_humble_colcon_ws/install/moveit_task_constructor_msgs/share/moveit_task_constructor_msgs/msg/TaskDescription.idl
[67.569s] -- Installing: /home/ugv-c7/CodeWorkspace/UGV-Robot/ros2_humble_colcon_ws/install/moveit_task_constructor_msgs/share/moveit_task_constructor_msgs/msg/TaskStatistics.idl
[67.570s] -- Installing: /home/ugv-c7/CodeWorkspace/UGV-Robot/ros2_humble_colcon_ws/install/moveit_task_constructor_msgs/share/moveit_task_constructor_msgs/msg/TrajectoryExecutionInfo.idl
[67.571s] -- Installing: /home/ugv-c7/CodeWorkspace/UGV-Robot/ros2_humble_colcon_ws/install/moveit_task_constructor_msgs/share/moveit_task_constructor_msgs/srv/GetSolution.idl
[67.572s] -- Installing: /home/ugv-c7/CodeWorkspace/UGV-Robot/ros2_humble_colcon_ws/install/moveit_task_constructor_msgs/share/moveit_task_constructor_msgs/action/ExecuteTaskSolution.idl
[67.573s] -- Installing: /home/ugv-c7/CodeWorkspace/UGV-Robot/ros2_humble_colcon_ws/install/moveit_task_constructor_msgs/share/moveit_task_constructor_msgs/msg/Property.msg
[67.574s] -- Installing: /home/ugv-c7/CodeWorkspace/UGV-Robot/ros2_humble_colcon_ws/install/moveit_task_constructor_msgs/share/moveit_task_constructor_msgs/msg/Solution.msg
[67.575s] -- Installing: /home/ugv-c7/CodeWorkspace/UGV-Robot/ros2_humble_colcon_ws/install/moveit_task_constructor_msgs/share/moveit_task_constructor_msgs/msg/SolutionInfo.msg
[67.575s] -- Installing: /home/ugv-c7/CodeWorkspace/UGV-Robot/ros2_humble_colcon_ws/install/moveit_task_constructor_msgs/share/moveit_task_constructor_msgs/msg/StageDescription.msg
[67.576s] -- Installing: /home/ugv-c7/CodeWorkspace/UGV-Robot/ros2_humble_colcon_ws/install/moveit_task_constructor_msgs/share/moveit_task_constructor_msgs/msg/StageStatistics.msg
[67.577s] -- Installing: /home/ugv-c7/CodeWorkspace/UGV-Robot/ros2_humble_colcon_ws/install/moveit_task_constructor_msgs/share/moveit_task_constructor_msgs/msg/SubSolution.msg
[67.578s] -- Installing: /home/ugv-c7/CodeWorkspace/UGV-Robot/ros2_humble_colcon_ws/install/moveit_task_constructor_msgs/share/moveit_task_constructor_msgs/msg/SubTrajectory.msg
[67.579s] -- Installing: /home/ugv-c7/CodeWorkspace/UGV-Robot/ros2_humble_colcon_ws/install/moveit_task_constructor_msgs/share/moveit_task_constructor_msgs/msg/TaskDescription.msg
[67.580s] -- Installing: /home/ugv-c7/CodeWorkspace/UGV-Robot/ros2_humble_colcon_ws/install/moveit_task_constructor_msgs/share/moveit_task_constructor_msgs/msg/TaskStatistics.msg
[67.580s] -- Installing: /home/ugv-c7/CodeWorkspace/UGV-Robot/ros2_humble_colcon_ws/install/moveit_task_constructor_msgs/share/moveit_task_constructor_msgs/msg/TrajectoryExecutionInfo.msg
[67.581s] -- Installing: /home/ugv-c7/CodeWorkspace/UGV-Robot/ros2_humble_colcon_ws/install/moveit_task_constructor_msgs/share/moveit_task_constructor_msgs/srv/GetSolution.srv
[67.582s] -- Installing: /home/ugv-c7/CodeWorkspace/UGV-Robot/ros2_humble_colcon_ws/install/moveit_task_constructor_msgs/share/moveit_task_constructor_msgs/srv/GetSolution_Request.msg
[67.583s] -- Installing: /home/ugv-c7/CodeWorkspace/UGV-Robot/ros2_humble_colcon_ws/install/moveit_task_constructor_msgs/share/moveit_task_constructor_msgs/srv/GetSolution_Response.msg
[67.584s] -- Installing: /home/ugv-c7/CodeWorkspace/UGV-Robot/ros2_humble_colcon_ws/install/moveit_task_constructor_msgs/share/moveit_task_constructor_msgs/action/ExecuteTaskSolution.action
[67.585s] -- Installing: /home/ugv-c7/CodeWorkspace/UGV-Robot/ros2_humble_colcon_ws/install/moveit_task_constructor_msgs/share/ament_index/resource_index/package_run_dependencies/moveit_task_constructor_msgs
[67.586s] -- Installing: /home/ugv-c7/CodeWorkspace/UGV-Robot/ros2_humble_colcon_ws/install/moveit_task_constructor_msgs/share/ament_index/resource_index/parent_prefix_path/moveit_task_constructor_msgs
[67.587s] -- Installing: /home/ugv-c7/CodeWorkspace/UGV-Robot/ros2_humble_colcon_ws/install/moveit_task_constructor_msgs/share/moveit_task_constructor_msgs/environment/ament_prefix_path.sh
[67.588s] -- Installing: /home/ugv-c7/CodeWorkspace/UGV-Robot/ros2_humble_colcon_ws/install/moveit_task_constructor_msgs/share/moveit_task_constructor_msgs/environment/ament_prefix_path.dsv
[67.589s] -- Installing: /home/ugv-c7/CodeWorkspace/UGV-Robot/ros2_humble_colcon_ws/install/moveit_task_constructor_msgs/share/moveit_task_constructor_msgs/environment/path.sh
[67.589s] -- Installing: /home/ugv-c7/CodeWorkspace/UGV-Robot/ros2_humble_colcon_ws/install/moveit_task_constructor_msgs/share/moveit_task_constructor_msgs/environment/path.dsv
[67.590s] -- Installing: /home/ugv-c7/CodeWorkspace/UGV-Robot/ros2_humble_colcon_ws/install/moveit_task_constructor_msgs/share/moveit_task_constructor_msgs/local_setup.bash
[67.591s] -- Installing: /home/ugv-c7/CodeWorkspace/UGV-Robot/ros2_humble_colcon_ws/install/moveit_task_constructor_msgs/share/moveit_task_constructor_msgs/local_setup.sh
[67.592s] -- Installing: /home/ugv-c7/CodeWorkspace/UGV-Robot/ros2_humble_colcon_ws/install/moveit_task_constructor_msgs/share/moveit_task_constructor_msgs/local_setup.zsh
[67.593s] -- Installing: /home/ugv-c7/CodeWorkspace/UGV-Robot/ros2_humble_colcon_ws/install/moveit_task_constructor_msgs/share/moveit_task_constructor_msgs/local_setup.dsv
[67.594s] -- Installing: /home/ugv-c7/CodeWorkspace/UGV-Robot/ros2_humble_colcon_ws/install/moveit_task_constructor_msgs/share/moveit_task_constructor_msgs/package.dsv
[67.595s] -- Installing: /home/ugv-c7/CodeWorkspace/UGV-Robot/ros2_humble_colcon_ws/install/moveit_task_constructor_msgs/share/ament_index/resource_index/packages/moveit_task_constructor_msgs
[67.596s] -- Installing: /home/ugv-c7/CodeWorkspace/UGV-Robot/ros2_humble_colcon_ws/install/moveit_task_constructor_msgs/share/moveit_task_constructor_msgs/cmake/export_moveit_task_constructor_msgs__rosidl_generator_cExport.cmake
[67.597s] -- Installing: /home/ugv-c7/CodeWorkspace/UGV-Robot/ros2_humble_colcon_ws/install/moveit_task_constructor_msgs/share/moveit_task_constructor_msgs/cmake/export_moveit_task_constructor_msgs__rosidl_generator_cExport-noconfig.cmake
[67.597s] -- Installing: /home/ugv-c7/CodeWorkspace/UGV-Robot/ros2_humble_colcon_ws/install/moveit_task_constructor_msgs/share/moveit_task_constructor_msgs/cmake/export_moveit_task_constructor_msgs__rosidl_typesupport_fastrtps_cExport.cmake
[67.598s] -- Installing: /home/ugv-c7/CodeWorkspace/UGV-Robot/ros2_humble_colcon_ws/install/moveit_task_constructor_msgs/share/moveit_task_constructor_msgs/cmake/export_moveit_task_constructor_msgs__rosidl_typesupport_fastrtps_cExport-noconfig.cmake
[67.599s] -- Installing: /home/ugv-c7/CodeWorkspace/UGV-Robot/ros2_humble_colcon_ws/install/moveit_task_constructor_msgs/share/moveit_task_constructor_msgs/cmake/export_moveit_task_constructor_msgs__rosidl_generator_cppExport.cmake
[67.600s] -- Installing: /home/ugv-c7/CodeWorkspace/UGV-Robot/ros2_humble_colcon_ws/install/moveit_task_constructor_msgs/share/moveit_task_constructor_msgs/cmake/export_moveit_task_constructor_msgs__rosidl_typesupport_fastrtps_cppExport.cmake
[67.601s] -- Installing: /home/ugv-c7/CodeWorkspace/UGV-Robot/ros2_humble_colcon_ws/install/moveit_task_constructor_msgs/share/moveit_task_constructor_msgs/cmake/export_moveit_task_constructor_msgs__rosidl_typesupport_fastrtps_cppExport-noconfig.cmake
[67.602s] -- Installing: /home/ugv-c7/CodeWorkspace/UGV-Robot/ros2_humble_colcon_ws/install/moveit_task_constructor_msgs/share/moveit_task_constructor_msgs/cmake/moveit_task_constructor_msgs__rosidl_typesupport_introspection_cExport.cmake
[67.603s] -- Installing: /home/ugv-c7/CodeWorkspace/UGV-Robot/ros2_humble_colcon_ws/install/moveit_task_constructor_msgs/share/moveit_task_constructor_msgs/cmake/moveit_task_constructor_msgs__rosidl_typesupport_introspection_cExport-noconfig.cmake
[67.604s] -- Installing: /home/ugv-c7/CodeWorkspace/UGV-Robot/ros2_humble_colcon_ws/install/moveit_task_constructor_msgs/share/moveit_task_constructor_msgs/cmake/moveit_task_constructor_msgs__rosidl_typesupport_cExport.cmake
[67.605s] -- Installing: /home/ugv-c7/CodeWorkspace/UGV-Robot/ros2_humble_colcon_ws/install/moveit_task_constructor_msgs/share/moveit_task_constructor_msgs/cmake/moveit_task_constructor_msgs__rosidl_typesupport_cExport-noconfig.cmake
[67.606s] -- Installing: /home/ugv-c7/CodeWorkspace/UGV-Robot/ros2_humble_colcon_ws/install/moveit_task_constructor_msgs/share/moveit_task_constructor_msgs/cmake/moveit_task_constructor_msgs__rosidl_typesupport_introspection_cppExport.cmake
[67.607s] -- Installing: /home/ugv-c7/CodeWorkspace/UGV-Robot/ros2_humble_colcon_ws/install/moveit_task_constructor_msgs/share/moveit_task_constructor_msgs/cmake/moveit_task_constructor_msgs__rosidl_typesupport_introspection_cppExport-noconfig.cmake
[67.607s] -- Installing: /home/ugv-c7/CodeWorkspace/UGV-Robot/ros2_humble_colcon_ws/install/moveit_task_constructor_msgs/share/moveit_task_constructor_msgs/cmake/moveit_task_constructor_msgs__rosidl_typesupport_cppExport.cmake
[67.608s] -- Installing: /home/ugv-c7/CodeWorkspace/UGV-Robot/ros2_humble_colcon_ws/install/moveit_task_constructor_msgs/share/moveit_task_constructor_msgs/cmake/moveit_task_constructor_msgs__rosidl_typesupport_cppExport-noconfig.cmake
[67.609s] -- Installing: /home/ugv-c7/CodeWorkspace/UGV-Robot/ros2_humble_colcon_ws/install/moveit_task_constructor_msgs/share/moveit_task_constructor_msgs/cmake/export_moveit_task_constructor_msgs__rosidl_generator_pyExport.cmake
[67.610s] -- Installing: /home/ugv-c7/CodeWorkspace/UGV-Robot/ros2_humble_colcon_ws/install/moveit_task_constructor_msgs/share/moveit_task_constructor_msgs/cmake/export_moveit_task_constructor_msgs__rosidl_generator_pyExport-noconfig.cmake
[67.611s] -- Installing: /home/ugv-c7/CodeWorkspace/UGV-Robot/ros2_humble_colcon_ws/install/moveit_task_constructor_msgs/share/moveit_task_constructor_msgs/cmake/rosidl_cmake-extras.cmake
[67.612s] -- Installing: /home/ugv-c7/CodeWorkspace/UGV-Robot/ros2_humble_colcon_ws/install/moveit_task_constructor_msgs/share/moveit_task_constructor_msgs/cmake/ament_cmake_export_dependencies-extras.cmake
[67.613s] -- Installing: /home/ugv-c7/CodeWorkspace/UGV-Robot/ros2_humble_colcon_ws/install/moveit_task_constructor_msgs/share/moveit_task_constructor_msgs/cmake/ament_cmake_export_include_directories-extras.cmake
[67.614s] -- Installing: /home/ugv-c7/CodeWorkspace/UGV-Robot/ros2_humble_colcon_ws/install/moveit_task_constructor_msgs/share/moveit_task_constructor_msgs/cmake/ament_cmake_export_libraries-extras.cmake
[67.615s] -- Installing: /home/ugv-c7/CodeWorkspace/UGV-Robot/ros2_humble_colcon_ws/install/moveit_task_constructor_msgs/share/moveit_task_constructor_msgs/cmake/ament_cmake_export_targets-extras.cmake
[67.615s] -- Installing: /home/ugv-c7/CodeWorkspace/UGV-Robot/ros2_humble_colcon_ws/install/moveit_task_constructor_msgs/share/moveit_task_constructor_msgs/cmake/rosidl_cmake_export_typesupport_targets-extras.cmake
[67.616s] -- Installing: /home/ugv-c7/CodeWorkspace/UGV-Robot/ros2_humble_colcon_ws/install/moveit_task_constructor_msgs/share/moveit_task_constructor_msgs/cmake/rosidl_cmake_export_typesupport_libraries-extras.cmake
[67.617s] -- Installing: /home/ugv-c7/CodeWorkspace/UGV-Robot/ros2_humble_colcon_ws/install/moveit_task_constructor_msgs/share/moveit_task_constructor_msgs/cmake/moveit_task_constructor_msgsConfig.cmake
[67.618s] -- Installing: /home/ugv-c7/CodeWorkspace/UGV-Robot/ros2_humble_colcon_ws/install/moveit_task_constructor_msgs/share/moveit_task_constructor_msgs/cmake/moveit_task_constructor_msgsConfig-version.cmake
[67.619s] -- Installing: /home/ugv-c7/CodeWorkspace/UGV-Robot/ros2_humble_colcon_ws/install/moveit_task_constructor_msgs/share/moveit_task_constructor_msgs/package.xml
[67.636s] Invoked command in '/home/ugv-c7/CodeWorkspace/UGV-Robot/ros2_humble_colcon_ws/build/moveit_task_constructor_msgs' returned '0': CMAKE_PREFIX_PATH=${CMAKE_PREFIX_PATH}:/home/ugv-c7/CodeWorkspace/UGV-Robot/ros2_humble_colcon_ws/install/py_pub_sub:/opt/ros/humble /usr/bin/cmake --install /home/ugv-c7/CodeWorkspace/UGV-Robot/ros2_humble_colcon_ws/build/moveit_task_constructor_msgs
