2025-04-17 14:14:56,431 INFO  Logger.cs: 70 - 
--------------------------------------------------------------------------------
2025-04-17 14:14:56,460 INFO  Logger.cs: 71 - Logging commencing for SW2URDF exporter
2025-04-17 14:14:56,460 INFO  Logger.cs: 73 - Commit version 1.6.0-4-g7f85cfe
2025-04-17 14:14:56,460 INFO  Logger.cs: 74 - Build version 1.6.7995.38578
2025-04-17 14:14:56,462 INFO  SwAddin.cs: 192 - Attempting to connect to SW
2025-04-17 14:14:56,462 INFO  SwAddin.cs: 197 - Setting up callbacks
2025-04-17 14:14:56,464 INFO  SwAddin.cs: 201 - Setting up command manager
2025-04-17 14:14:56,464 INFO  SwAddin.cs: 204 - Adding command manager
2025-04-17 14:14:56,466 INFO  SwAddin.cs: 263 - Adding Assembly export to file menu
2025-04-17 14:14:56,466 INFO  SwAddin.cs: 272 - Adding Part export to file menu
2025-04-17 14:14:56,466 INFO  SwAddin.cs: 210 - Adding event handlers
2025-04-17 14:14:56,469 INFO  SwAddin.cs: 217 - Connecting plugin to SolidWorks
2025-04-17 14:15:37,394 INFO  SwAddin.cs: 294 - Assembly export called for file Assembly.SLDASM
2025-04-17 14:15:38,913 INFO  SwAddin.cs: 313 - Saving assembly
2025-04-17 14:15:40,534 INFO  SwAddin.cs: 316 - Opening property manager
2025-04-17 14:15:40,534 INFO  ExportHelperExtension.cs: 1125 - Retrieving features of type [CoordSys] from Assembly.SLDASM
2025-04-17 14:15:40,534 INFO  ExportHelperExtension.cs: 1136 - Found 297 in Assembly.SLDASM
2025-04-17 14:15:40,534 INFO  ExportHelperExtension.cs: 1145 - Found 8 features of type [CoordSys] in Assembly.SLDASM
2025-04-17 14:15:40,534 INFO  ExportHelperExtension.cs: 1148 - Proceeding through assembly components
2025-04-17 14:15:40,550 INFO  ExportHelperExtension.cs: 1160 - 56 components to check
2025-04-17 14:15:40,550 INFO  ExportHelperExtension.cs: 1125 - Retrieving features of type [CoordSys] from Back Frame Piece-1
2025-04-17 14:15:40,550 INFO  ExportHelperExtension.cs: 1136 - Found 42 in Back Frame Piece-1
2025-04-17 14:15:40,550 INFO  ExportHelperExtension.cs: 1145 - Found 0 features of type [CoordSys] in Back Frame Piece-1
2025-04-17 14:15:40,550 INFO  ExportHelperExtension.cs: 1125 - Retrieving features of type [CoordSys] from End Cap-9
2025-04-17 14:15:40,550 INFO  ExportHelperExtension.cs: 1136 - Found 40 in End Cap-9
2025-04-17 14:15:40,550 INFO  ExportHelperExtension.cs: 1145 - Found 0 features of type [CoordSys] in End Cap-9
2025-04-17 14:15:40,550 INFO  ExportHelperExtension.cs: 1125 - Retrieving features of type [CoordSys] from Middle Front Bar-1
2025-04-17 14:15:40,550 INFO  ExportHelperExtension.cs: 1136 - Found 34 in Middle Front Bar-1
2025-04-17 14:15:40,550 INFO  ExportHelperExtension.cs: 1145 - Found 0 features of type [CoordSys] in Middle Front Bar-1
2025-04-17 14:15:40,550 INFO  ExportHelperExtension.cs: 1125 - Retrieving features of type [CoordSys] from Electronics Board Sides-2
2025-04-17 14:15:40,550 INFO  ExportHelperExtension.cs: 1136 - Found 40 in Electronics Board Sides-2
2025-04-17 14:15:40,550 INFO  ExportHelperExtension.cs: 1145 - Found 0 features of type [CoordSys] in Electronics Board Sides-2
2025-04-17 14:15:40,550 INFO  ExportHelperExtension.cs: 1125 - Retrieving features of type [CoordSys] from End Cap-11
2025-04-17 14:15:40,550 INFO  ExportHelperExtension.cs: 1136 - Found 40 in End Cap-11
2025-04-17 14:15:40,550 INFO  ExportHelperExtension.cs: 1145 - Found 0 features of type [CoordSys] in End Cap-11
2025-04-17 14:15:40,550 INFO  ExportHelperExtension.cs: 1125 - Retrieving features of type [CoordSys] from End Cap-12
2025-04-17 14:15:40,550 INFO  ExportHelperExtension.cs: 1136 - Found 40 in End Cap-12
2025-04-17 14:15:40,550 INFO  ExportHelperExtension.cs: 1145 - Found 0 features of type [CoordSys] in End Cap-12
2025-04-17 14:15:40,550 INFO  ExportHelperExtension.cs: 1125 - Retrieving features of type [CoordSys] from End Cap-10
2025-04-17 14:15:40,550 INFO  ExportHelperExtension.cs: 1136 - Found 40 in End Cap-10
2025-04-17 14:15:40,550 INFO  ExportHelperExtension.cs: 1145 - Found 0 features of type [CoordSys] in End Cap-10
2025-04-17 14:15:40,550 INFO  ExportHelperExtension.cs: 1125 - Retrieving features of type [CoordSys] from Tslot Battery Holder Bars-1
2025-04-17 14:15:40,550 INFO  ExportHelperExtension.cs: 1136 - Found 40 in Tslot Battery Holder Bars-1
2025-04-17 14:15:40,550 INFO  ExportHelperExtension.cs: 1145 - Found 0 features of type [CoordSys] in Tslot Battery Holder Bars-1
2025-04-17 14:15:40,550 INFO  ExportHelperExtension.cs: 1125 - Retrieving features of type [CoordSys] from Middle Front Bar-2
2025-04-17 14:15:40,550 INFO  ExportHelperExtension.cs: 1136 - Found 34 in Middle Front Bar-2
2025-04-17 14:15:40,550 INFO  ExportHelperExtension.cs: 1145 - Found 0 features of type [CoordSys] in Middle Front Bar-2
2025-04-17 14:15:40,550 INFO  ExportHelperExtension.cs: 1125 - Retrieving features of type [CoordSys] from Electronics Board Sides-1
2025-04-17 14:15:40,550 INFO  ExportHelperExtension.cs: 1136 - Found 40 in Electronics Board Sides-1
2025-04-17 14:15:40,550 INFO  ExportHelperExtension.cs: 1145 - Found 0 features of type [CoordSys] in Electronics Board Sides-1
2025-04-17 14:15:40,550 INFO  ExportHelperExtension.cs: 1125 - Retrieving features of type [CoordSys] from Back Rail-2
2025-04-17 14:15:40,550 INFO  ExportHelperExtension.cs: 1136 - Found 39 in Back Rail-2
2025-04-17 14:15:40,550 INFO  ExportHelperExtension.cs: 1145 - Found 0 features of type [CoordSys] in Back Rail-2
2025-04-17 14:15:40,550 INFO  ExportHelperExtension.cs: 1125 - Retrieving features of type [CoordSys] from Electronics Board Standoffs-1
2025-04-17 14:15:40,550 INFO  ExportHelperExtension.cs: 1136 - Found 40 in Electronics Board Standoffs-1
2025-04-17 14:15:40,550 INFO  ExportHelperExtension.cs: 1145 - Found 0 features of type [CoordSys] in Electronics Board Standoffs-1
2025-04-17 14:15:40,565 INFO  ExportHelperExtension.cs: 1125 - Retrieving features of type [CoordSys] from Bearing block-5
2025-04-17 14:15:40,565 INFO  ExportHelperExtension.cs: 1136 - Found 28 in Bearing block-5
2025-04-17 14:15:40,565 INFO  ExportHelperExtension.cs: 1145 - Found 0 features of type [CoordSys] in Bearing block-5
2025-04-17 14:15:40,565 INFO  ExportHelperExtension.cs: 1125 - Retrieving features of type [CoordSys] from Tslot Battery Holder Bars-3
2025-04-17 14:15:40,565 INFO  ExportHelperExtension.cs: 1136 - Found 40 in Tslot Battery Holder Bars-3
2025-04-17 14:15:40,565 INFO  ExportHelperExtension.cs: 1145 - Found 0 features of type [CoordSys] in Tslot Battery Holder Bars-3
2025-04-17 14:15:40,565 INFO  ExportHelperExtension.cs: 1125 - Retrieving features of type [CoordSys] from Tslot Battery Holder Bars-2
2025-04-17 14:15:40,565 INFO  ExportHelperExtension.cs: 1136 - Found 40 in Tslot Battery Holder Bars-2
2025-04-17 14:15:40,565 INFO  ExportHelperExtension.cs: 1145 - Found 0 features of type [CoordSys] in Tslot Battery Holder Bars-2
2025-04-17 14:15:40,565 INFO  ExportHelperExtension.cs: 1125 - Retrieving features of type [CoordSys] from Back Rail-3
2025-04-17 14:15:40,998 INFO  ExportHelperExtension.cs: 1136 - Found 39 in Back Rail-3
2025-04-17 14:15:40,998 INFO  ExportHelperExtension.cs: 1145 - Found 0 features of type [CoordSys] in Back Rail-3
2025-04-17 14:15:40,998 INFO  ExportHelperExtension.cs: 1125 - Retrieving features of type [CoordSys] from Electronics Board Standoffs-3
2025-04-17 14:15:40,998 INFO  ExportHelperExtension.cs: 1136 - Found 40 in Electronics Board Standoffs-3
2025-04-17 14:15:40,998 INFO  ExportHelperExtension.cs: 1145 - Found 0 features of type [CoordSys] in Electronics Board Standoffs-3
2025-04-17 14:15:40,998 INFO  ExportHelperExtension.cs: 1125 - Retrieving features of type [CoordSys] from Electronics Board Standoffs-2
2025-04-17 14:15:40,998 INFO  ExportHelperExtension.cs: 1136 - Found 40 in Electronics Board Standoffs-2
2025-04-17 14:15:40,998 INFO  ExportHelperExtension.cs: 1145 - Found 0 features of type [CoordSys] in Electronics Board Standoffs-2
2025-04-17 14:15:40,998 INFO  ExportHelperExtension.cs: 1125 - Retrieving features of type [CoordSys] from Electronics Board Standoffs-4
2025-04-17 14:15:40,998 INFO  ExportHelperExtension.cs: 1136 - Found 40 in Electronics Board Standoffs-4
2025-04-17 14:15:40,998 INFO  ExportHelperExtension.cs: 1145 - Found 0 features of type [CoordSys] in Electronics Board Standoffs-4
2025-04-17 14:15:40,998 INFO  ExportHelperExtension.cs: 1125 - Retrieving features of type [CoordSys] from Bearing block-1
2025-04-17 14:15:40,998 INFO  ExportHelperExtension.cs: 1136 - Found 28 in Bearing block-1
2025-04-17 14:15:40,998 INFO  ExportHelperExtension.cs: 1145 - Found 0 features of type [CoordSys] in Bearing block-1
2025-04-17 14:15:40,998 INFO  ExportHelperExtension.cs: 1125 - Retrieving features of type [CoordSys] from 5in Colson Wheel-1
2025-04-17 14:15:40,998 INFO  ExportHelperExtension.cs: 1136 - Found 36 in 5in Colson Wheel-1
2025-04-17 14:15:40,998 INFO  ExportHelperExtension.cs: 1145 - Found 0 features of type [CoordSys] in 5in Colson Wheel-1
2025-04-17 14:15:40,998 INFO  ExportHelperExtension.cs: 1125 - Retrieving features of type [CoordSys] from Bearing block-2
2025-04-17 14:15:40,998 INFO  ExportHelperExtension.cs: 1136 - Found 28 in Bearing block-2
2025-04-17 14:15:40,998 INFO  ExportHelperExtension.cs: 1145 - Found 0 features of type [CoordSys] in Bearing block-2
2025-04-17 14:15:40,998 INFO  ExportHelperExtension.cs: 1125 - Retrieving features of type [CoordSys] from Bearing block-3
2025-04-17 14:15:40,998 INFO  ExportHelperExtension.cs: 1136 - Found 28 in Bearing block-3
2025-04-17 14:15:40,998 INFO  ExportHelperExtension.cs: 1145 - Found 0 features of type [CoordSys] in Bearing block-3
2025-04-17 14:15:40,998 INFO  ExportHelperExtension.cs: 1125 - Retrieving features of type [CoordSys] from Bearing block-4
2025-04-17 14:15:40,998 INFO  ExportHelperExtension.cs: 1136 - Found 28 in Bearing block-4
2025-04-17 14:15:41,008 INFO  ExportHelperExtension.cs: 1145 - Found 0 features of type [CoordSys] in Bearing block-4
2025-04-17 14:15:41,008 INFO  ExportHelperExtension.cs: 1125 - Retrieving features of type [CoordSys] from Gearbox2-1
2025-04-17 14:15:41,008 INFO  ExportHelperExtension.cs: 1136 - Found 83 in Gearbox2-1
2025-04-17 14:15:41,008 INFO  ExportHelperExtension.cs: 1145 - Found 0 features of type [CoordSys] in Gearbox2-1
2025-04-17 14:15:41,008 INFO  ExportHelperExtension.cs: 1125 - Retrieving features of type [CoordSys] from Colson hex wheel hub-1
2025-04-17 14:15:41,008 INFO  ExportHelperExtension.cs: 1136 - Found 38 in Colson hex wheel hub-1
2025-04-17 14:15:41,008 INFO  ExportHelperExtension.cs: 1145 - Found 0 features of type [CoordSys] in Colson hex wheel hub-1
2025-04-17 14:15:41,008 INFO  ExportHelperExtension.cs: 1125 - Retrieving features of type [CoordSys] from Tslot Battery Holder Bars-4
2025-04-17 14:15:41,008 INFO  ExportHelperExtension.cs: 1136 - Found 40 in Tslot Battery Holder Bars-4
2025-04-17 14:15:41,008 INFO  ExportHelperExtension.cs: 1145 - Found 0 features of type [CoordSys] in Tslot Battery Holder Bars-4
2025-04-17 14:15:41,008 INFO  ExportHelperExtension.cs: 1125 - Retrieving features of type [CoordSys] from WCP Cam-4
2025-04-17 14:15:41,008 INFO  ExportHelperExtension.cs: 1136 - Found 36 in WCP Cam-4
2025-04-17 14:15:41,008 INFO  ExportHelperExtension.cs: 1145 - Found 0 features of type [CoordSys] in WCP Cam-4
2025-04-17 14:15:41,008 INFO  ExportHelperExtension.cs: 1125 - Retrieving features of type [CoordSys] from Colson hex wheel hub-2
2025-04-17 14:15:41,008 INFO  ExportHelperExtension.cs: 1136 - Found 38 in Colson hex wheel hub-2
2025-04-17 14:15:41,008 INFO  ExportHelperExtension.cs: 1145 - Found 0 features of type [CoordSys] in Colson hex wheel hub-2
2025-04-17 14:15:41,008 INFO  ExportHelperExtension.cs: 1125 - Retrieving features of type [CoordSys] from Hex Ball Bearing-3
2025-04-17 14:15:41,008 INFO  ExportHelperExtension.cs: 1136 - Found 36 in Hex Ball Bearing-3
2025-04-17 14:15:41,008 INFO  ExportHelperExtension.cs: 1145 - Found 0 features of type [CoordSys] in Hex Ball Bearing-3
2025-04-17 14:15:41,008 INFO  ExportHelperExtension.cs: 1125 - Retrieving features of type [CoordSys] from New 12V battery-2
2025-04-17 14:15:41,008 INFO  ExportHelperExtension.cs: 1136 - Found 25 in New 12V battery-2
2025-04-17 14:15:41,008 INFO  ExportHelperExtension.cs: 1145 - Found 0 features of type [CoordSys] in New 12V battery-2
2025-04-17 14:15:41,008 INFO  ExportHelperExtension.cs: 1125 - Retrieving features of type [CoordSys] from WCP Cam-3
2025-04-17 14:15:41,008 INFO  ExportHelperExtension.cs: 1136 - Found 36 in WCP Cam-3
2025-04-17 14:15:41,008 INFO  ExportHelperExtension.cs: 1145 - Found 0 features of type [CoordSys] in WCP Cam-3
2025-04-17 14:15:41,008 INFO  ExportHelperExtension.cs: 1125 - Retrieving features of type [CoordSys] from Hex Ball Bearing-1
2025-04-17 14:15:41,008 INFO  ExportHelperExtension.cs: 1136 - Found 36 in Hex Ball Bearing-1
2025-04-17 14:15:41,008 INFO  ExportHelperExtension.cs: 1145 - Found 0 features of type [CoordSys] in Hex Ball Bearing-1
2025-04-17 14:15:41,008 INFO  ExportHelperExtension.cs: 1125 - Retrieving features of type [CoordSys] from 5in Colson Wheel-2
2025-04-17 14:15:41,008 INFO  ExportHelperExtension.cs: 1136 - Found 36 in 5in Colson Wheel-2
2025-04-17 14:15:41,008 INFO  ExportHelperExtension.cs: 1145 - Found 0 features of type [CoordSys] in 5in Colson Wheel-2
2025-04-17 14:15:41,008 INFO  ExportHelperExtension.cs: 1125 - Retrieving features of type [CoordSys] from Bearing block-6
2025-04-17 14:15:41,008 INFO  ExportHelperExtension.cs: 1136 - Found 28 in Bearing block-6
2025-04-17 14:15:41,008 INFO  ExportHelperExtension.cs: 1145 - Found 0 features of type [CoordSys] in Bearing block-6
2025-04-17 14:15:41,008 INFO  ExportHelperExtension.cs: 1125 - Retrieving features of type [CoordSys] from Gearbox2-2
2025-04-17 14:15:41,008 INFO  ExportHelperExtension.cs: 1136 - Found 83 in Gearbox2-2
2025-04-17 14:15:41,008 INFO  ExportHelperExtension.cs: 1145 - Found 0 features of type [CoordSys] in Gearbox2-2
2025-04-17 14:15:41,008 INFO  ExportHelperExtension.cs: 1125 - Retrieving features of type [CoordSys] from WCP Cam-1
2025-04-17 14:15:41,008 INFO  ExportHelperExtension.cs: 1136 - Found 36 in WCP Cam-1
2025-04-17 14:15:41,008 INFO  ExportHelperExtension.cs: 1145 - Found 0 features of type [CoordSys] in WCP Cam-1
2025-04-17 14:15:41,008 INFO  ExportHelperExtension.cs: 1125 - Retrieving features of type [CoordSys] from WCP Cam-2
2025-04-17 14:15:41,008 INFO  ExportHelperExtension.cs: 1136 - Found 36 in WCP Cam-2
2025-04-17 14:15:41,008 INFO  ExportHelperExtension.cs: 1145 - Found 0 features of type [CoordSys] in WCP Cam-2
2025-04-17 14:15:41,008 INFO  ExportHelperExtension.cs: 1125 - Retrieving features of type [CoordSys] from Side Piece-1
2025-04-17 14:15:41,024 INFO  ExportHelperExtension.cs: 1136 - Found 48 in Side Piece-1
2025-04-17 14:15:41,024 INFO  ExportHelperExtension.cs: 1145 - Found 0 features of type [CoordSys] in Side Piece-1
2025-04-17 14:15:41,024 INFO  ExportHelperExtension.cs: 1125 - Retrieving features of type [CoordSys] from End Cap-3
2025-04-17 14:15:41,024 INFO  ExportHelperExtension.cs: 1136 - Found 40 in End Cap-3
2025-04-17 14:15:41,024 INFO  ExportHelperExtension.cs: 1145 - Found 0 features of type [CoordSys] in End Cap-3
2025-04-17 14:15:41,024 INFO  ExportHelperExtension.cs: 1125 - Retrieving features of type [CoordSys] from End Cap-1
2025-04-17 14:15:41,024 INFO  ExportHelperExtension.cs: 1136 - Found 40 in End Cap-1
2025-04-17 14:15:41,024 INFO  ExportHelperExtension.cs: 1145 - Found 0 features of type [CoordSys] in End Cap-1
2025-04-17 14:15:41,024 INFO  ExportHelperExtension.cs: 1125 - Retrieving features of type [CoordSys] from End Cap-2
2025-04-17 14:15:41,024 INFO  ExportHelperExtension.cs: 1136 - Found 40 in End Cap-2
2025-04-17 14:15:41,024 INFO  ExportHelperExtension.cs: 1145 - Found 0 features of type [CoordSys] in End Cap-2
2025-04-17 14:15:41,024 INFO  ExportHelperExtension.cs: 1125 - Retrieving features of type [CoordSys] from Side Wheel Assembly-1
2025-04-17 14:15:41,024 INFO  ExportHelperExtension.cs: 1136 - Found 38 in Side Wheel Assembly-1
2025-04-17 14:15:41,024 INFO  ExportHelperExtension.cs: 1145 - Found 0 features of type [CoordSys] in Side Wheel Assembly-1
2025-04-17 14:15:41,024 INFO  ExportHelperExtension.cs: 1125 - Retrieving features of type [CoordSys] from Wheel Assembly Back-1
2025-04-17 14:15:41,024 INFO  ExportHelperExtension.cs: 1136 - Found 40 in Wheel Assembly Back-1
2025-04-17 14:15:41,024 INFO  ExportHelperExtension.cs: 1145 - Found 0 features of type [CoordSys] in Wheel Assembly Back-1
2025-04-17 14:15:41,024 INFO  ExportHelperExtension.cs: 1125 - Retrieving features of type [CoordSys] from End Cap-8
2025-04-17 14:15:41,024 INFO  ExportHelperExtension.cs: 1136 - Found 40 in End Cap-8
2025-04-17 14:15:41,024 INFO  ExportHelperExtension.cs: 1145 - Found 0 features of type [CoordSys] in End Cap-8
2025-04-17 14:15:41,024 INFO  ExportHelperExtension.cs: 1125 - Retrieving features of type [CoordSys] from Middle T-Slot Piece-1
2025-04-17 14:15:41,024 INFO  ExportHelperExtension.cs: 1136 - Found 51 in Middle T-Slot Piece-1
2025-04-17 14:15:41,024 INFO  ExportHelperExtension.cs: 1145 - Found 0 features of type [CoordSys] in Middle T-Slot Piece-1
2025-04-17 14:15:41,024 INFO  ExportHelperExtension.cs: 1125 - Retrieving features of type [CoordSys] from Back Center Beam-1
2025-04-17 14:15:41,024 INFO  ExportHelperExtension.cs: 1136 - Found 41 in Back Center Beam-1
2025-04-17 14:15:41,024 INFO  ExportHelperExtension.cs: 1145 - Found 0 features of type [CoordSys] in Back Center Beam-1
2025-04-17 14:15:41,024 INFO  ExportHelperExtension.cs: 1125 - Retrieving features of type [CoordSys] from End Cap-6
2025-04-17 14:15:41,024 INFO  ExportHelperExtension.cs: 1136 - Found 40 in End Cap-6
2025-04-17 14:15:41,024 INFO  ExportHelperExtension.cs: 1145 - Found 0 features of type [CoordSys] in End Cap-6
2025-04-17 14:15:41,024 INFO  ExportHelperExtension.cs: 1125 - Retrieving features of type [CoordSys] from Side Wheel Assembly-3
2025-04-17 14:15:41,024 INFO  ExportHelperExtension.cs: 1136 - Found 38 in Side Wheel Assembly-3
2025-04-17 14:15:41,024 INFO  ExportHelperExtension.cs: 1145 - Found 0 features of type [CoordSys] in Side Wheel Assembly-3
2025-04-17 14:15:41,024 INFO  ExportHelperExtension.cs: 1125 - Retrieving features of type [CoordSys] from Front Frame Piece-1
2025-04-17 14:15:41,024 INFO  ExportHelperExtension.cs: 1136 - Found 38 in Front Frame Piece-1
2025-04-17 14:15:41,024 INFO  ExportHelperExtension.cs: 1145 - Found 0 features of type [CoordSys] in Front Frame Piece-1
2025-04-17 14:15:41,024 INFO  ExportHelperExtension.cs: 1125 - Retrieving features of type [CoordSys] from End Cap-4
2025-04-17 14:15:41,024 INFO  ExportHelperExtension.cs: 1136 - Found 40 in End Cap-4
2025-04-17 14:15:41,024 INFO  ExportHelperExtension.cs: 1145 - Found 0 features of type [CoordSys] in End Cap-4
2025-04-17 14:15:41,024 INFO  ExportHelperExtension.cs: 1125 - Retrieving features of type [CoordSys] from Side Piece-2
2025-04-17 14:15:41,024 INFO  ExportHelperExtension.cs: 1136 - Found 48 in Side Piece-2
2025-04-17 14:15:41,024 INFO  ExportHelperExtension.cs: 1145 - Found 0 features of type [CoordSys] in Side Piece-2
2025-04-17 14:15:41,024 INFO  ExportHelperExtension.cs: 1125 - Retrieving features of type [CoordSys] from Front Center Beam-1
2025-04-17 14:15:41,024 INFO  ExportHelperExtension.cs: 1136 - Found 44 in Front Center Beam-1
2025-04-17 14:15:41,024 INFO  ExportHelperExtension.cs: 1145 - Found 0 features of type [CoordSys] in Front Center Beam-1
2025-04-17 14:15:41,024 INFO  ExportHelperExtension.cs: 1125 - Retrieving features of type [CoordSys] from Wheel Assembly Back-2
2025-04-17 14:15:41,024 INFO  ExportHelperExtension.cs: 1136 - Found 40 in Wheel Assembly Back-2
2025-04-17 14:15:41,040 INFO  ExportHelperExtension.cs: 1145 - Found 0 features of type [CoordSys] in Wheel Assembly Back-2
2025-04-17 14:15:41,040 INFO  ExportHelperExtension.cs: 1125 - Retrieving features of type [CoordSys] from End Cap-7
2025-04-17 14:15:41,040 INFO  ExportHelperExtension.cs: 1136 - Found 40 in End Cap-7
2025-04-17 14:15:41,040 INFO  ExportHelperExtension.cs: 1145 - Found 0 features of type [CoordSys] in End Cap-7
2025-04-17 14:15:41,040 INFO  ExportHelperExtension.cs: 1125 - Retrieving features of type [CoordSys] from End Cap-5
2025-04-17 14:15:41,040 INFO  ExportHelperExtension.cs: 1136 - Found 40 in End Cap-5
2025-04-17 14:15:41,040 INFO  ExportHelperExtension.cs: 1145 - Found 0 features of type [CoordSys] in End Cap-5
2025-04-17 14:15:41,040 INFO  ExportHelperExtension.cs: 1125 - Retrieving features of type [RefAxis] from Assembly.SLDASM
2025-04-17 14:15:41,040 INFO  ExportHelperExtension.cs: 1136 - Found 297 in Assembly.SLDASM
2025-04-17 14:15:41,040 INFO  ExportHelperExtension.cs: 1145 - Found 3 features of type [RefAxis] in Assembly.SLDASM
2025-04-17 14:15:41,040 INFO  ExportHelperExtension.cs: 1148 - Proceeding through assembly components
2025-04-17 14:15:41,040 INFO  ExportHelperExtension.cs: 1160 - 56 components to check
2025-04-17 14:15:41,040 INFO  ExportHelperExtension.cs: 1125 - Retrieving features of type [RefAxis] from Back Frame Piece-1
2025-04-17 14:15:41,040 INFO  ExportHelperExtension.cs: 1136 - Found 42 in Back Frame Piece-1
2025-04-17 14:15:41,040 INFO  ExportHelperExtension.cs: 1145 - Found 0 features of type [RefAxis] in Back Frame Piece-1
2025-04-17 14:15:41,040 INFO  ExportHelperExtension.cs: 1125 - Retrieving features of type [RefAxis] from End Cap-9
2025-04-17 14:15:41,040 INFO  ExportHelperExtension.cs: 1136 - Found 40 in End Cap-9
2025-04-17 14:15:41,040 INFO  ExportHelperExtension.cs: 1145 - Found 0 features of type [RefAxis] in End Cap-9
2025-04-17 14:15:41,040 INFO  ExportHelperExtension.cs: 1125 - Retrieving features of type [RefAxis] from Middle Front Bar-1
2025-04-17 14:15:41,040 INFO  ExportHelperExtension.cs: 1136 - Found 34 in Middle Front Bar-1
2025-04-17 14:15:41,040 INFO  ExportHelperExtension.cs: 1145 - Found 0 features of type [RefAxis] in Middle Front Bar-1
2025-04-17 14:15:41,040 INFO  ExportHelperExtension.cs: 1125 - Retrieving features of type [RefAxis] from Electronics Board Sides-2
2025-04-17 14:15:41,040 INFO  ExportHelperExtension.cs: 1136 - Found 40 in Electronics Board Sides-2
2025-04-17 14:15:41,040 INFO  ExportHelperExtension.cs: 1145 - Found 0 features of type [RefAxis] in Electronics Board Sides-2
2025-04-17 14:15:41,040 INFO  ExportHelperExtension.cs: 1125 - Retrieving features of type [RefAxis] from End Cap-11
2025-04-17 14:15:41,040 INFO  ExportHelperExtension.cs: 1136 - Found 40 in End Cap-11
2025-04-17 14:15:41,040 INFO  ExportHelperExtension.cs: 1145 - Found 0 features of type [RefAxis] in End Cap-11
2025-04-17 14:15:41,040 INFO  ExportHelperExtension.cs: 1125 - Retrieving features of type [RefAxis] from End Cap-12
2025-04-17 14:15:41,040 INFO  ExportHelperExtension.cs: 1136 - Found 40 in End Cap-12
2025-04-17 14:15:41,040 INFO  ExportHelperExtension.cs: 1145 - Found 0 features of type [RefAxis] in End Cap-12
2025-04-17 14:15:41,040 INFO  ExportHelperExtension.cs: 1125 - Retrieving features of type [RefAxis] from End Cap-10
2025-04-17 14:15:41,040 INFO  ExportHelperExtension.cs: 1136 - Found 40 in End Cap-10
2025-04-17 14:15:41,040 INFO  ExportHelperExtension.cs: 1145 - Found 0 features of type [RefAxis] in End Cap-10
2025-04-17 14:15:41,040 INFO  ExportHelperExtension.cs: 1125 - Retrieving features of type [RefAxis] from Tslot Battery Holder Bars-1
2025-04-17 14:15:41,040 INFO  ExportHelperExtension.cs: 1136 - Found 40 in Tslot Battery Holder Bars-1
2025-04-17 14:15:41,040 INFO  ExportHelperExtension.cs: 1145 - Found 0 features of type [RefAxis] in Tslot Battery Holder Bars-1
2025-04-17 14:15:41,040 INFO  ExportHelperExtension.cs: 1125 - Retrieving features of type [RefAxis] from Middle Front Bar-2
2025-04-17 14:15:41,040 INFO  ExportHelperExtension.cs: 1136 - Found 34 in Middle Front Bar-2
2025-04-17 14:15:41,040 INFO  ExportHelperExtension.cs: 1145 - Found 0 features of type [RefAxis] in Middle Front Bar-2
2025-04-17 14:15:41,062 INFO  ExportHelperExtension.cs: 1125 - Retrieving features of type [RefAxis] from Electronics Board Sides-1
2025-04-17 14:15:41,072 INFO  ExportHelperExtension.cs: 1136 - Found 40 in Electronics Board Sides-1
2025-04-17 14:15:41,072 INFO  ExportHelperExtension.cs: 1145 - Found 0 features of type [RefAxis] in Electronics Board Sides-1
2025-04-17 14:15:41,072 INFO  ExportHelperExtension.cs: 1125 - Retrieving features of type [RefAxis] from Back Rail-2
2025-04-17 14:15:41,072 INFO  ExportHelperExtension.cs: 1136 - Found 39 in Back Rail-2
2025-04-17 14:15:41,072 INFO  ExportHelperExtension.cs: 1145 - Found 0 features of type [RefAxis] in Back Rail-2
2025-04-17 14:15:41,072 INFO  ExportHelperExtension.cs: 1125 - Retrieving features of type [RefAxis] from Electronics Board Standoffs-1
2025-04-17 14:15:41,072 INFO  ExportHelperExtension.cs: 1136 - Found 40 in Electronics Board Standoffs-1
2025-04-17 14:15:41,072 INFO  ExportHelperExtension.cs: 1145 - Found 0 features of type [RefAxis] in Electronics Board Standoffs-1
2025-04-17 14:15:41,072 INFO  ExportHelperExtension.cs: 1125 - Retrieving features of type [RefAxis] from Bearing block-5
2025-04-17 14:15:41,072 INFO  ExportHelperExtension.cs: 1136 - Found 28 in Bearing block-5
2025-04-17 14:15:41,072 INFO  ExportHelperExtension.cs: 1145 - Found 0 features of type [RefAxis] in Bearing block-5
2025-04-17 14:15:41,072 INFO  ExportHelperExtension.cs: 1125 - Retrieving features of type [RefAxis] from Tslot Battery Holder Bars-3
2025-04-17 14:15:41,072 INFO  ExportHelperExtension.cs: 1136 - Found 40 in Tslot Battery Holder Bars-3
2025-04-17 14:15:41,072 INFO  ExportHelperExtension.cs: 1145 - Found 0 features of type [RefAxis] in Tslot Battery Holder Bars-3
2025-04-17 14:15:41,072 INFO  ExportHelperExtension.cs: 1125 - Retrieving features of type [RefAxis] from Tslot Battery Holder Bars-2
2025-04-17 14:15:41,072 INFO  ExportHelperExtension.cs: 1136 - Found 40 in Tslot Battery Holder Bars-2
2025-04-17 14:15:41,072 INFO  ExportHelperExtension.cs: 1145 - Found 0 features of type [RefAxis] in Tslot Battery Holder Bars-2
2025-04-17 14:15:41,072 INFO  ExportHelperExtension.cs: 1125 - Retrieving features of type [RefAxis] from Back Rail-3
2025-04-17 14:15:41,072 INFO  ExportHelperExtension.cs: 1136 - Found 39 in Back Rail-3
2025-04-17 14:15:41,072 INFO  ExportHelperExtension.cs: 1145 - Found 0 features of type [RefAxis] in Back Rail-3
2025-04-17 14:15:41,072 INFO  ExportHelperExtension.cs: 1125 - Retrieving features of type [RefAxis] from Electronics Board Standoffs-3
2025-04-17 14:15:41,072 INFO  ExportHelperExtension.cs: 1136 - Found 40 in Electronics Board Standoffs-3
2025-04-17 14:15:41,072 INFO  ExportHelperExtension.cs: 1145 - Found 0 features of type [RefAxis] in Electronics Board Standoffs-3
2025-04-17 14:15:41,072 INFO  ExportHelperExtension.cs: 1125 - Retrieving features of type [RefAxis] from Electronics Board Standoffs-2
2025-04-17 14:15:41,072 INFO  ExportHelperExtension.cs: 1136 - Found 40 in Electronics Board Standoffs-2
2025-04-17 14:15:41,072 INFO  ExportHelperExtension.cs: 1145 - Found 0 features of type [RefAxis] in Electronics Board Standoffs-2
2025-04-17 14:15:41,072 INFO  ExportHelperExtension.cs: 1125 - Retrieving features of type [RefAxis] from Electronics Board Standoffs-4
2025-04-17 14:15:41,072 INFO  ExportHelperExtension.cs: 1136 - Found 40 in Electronics Board Standoffs-4
2025-04-17 14:15:41,072 INFO  ExportHelperExtension.cs: 1145 - Found 0 features of type [RefAxis] in Electronics Board Standoffs-4
2025-04-17 14:15:41,072 INFO  ExportHelperExtension.cs: 1125 - Retrieving features of type [RefAxis] from Bearing block-1
2025-04-17 14:15:41,072 INFO  ExportHelperExtension.cs: 1136 - Found 28 in Bearing block-1
2025-04-17 14:15:41,072 INFO  ExportHelperExtension.cs: 1145 - Found 0 features of type [RefAxis] in Bearing block-1
2025-04-17 14:15:41,072 INFO  ExportHelperExtension.cs: 1125 - Retrieving features of type [RefAxis] from 5in Colson Wheel-1
2025-04-17 14:15:41,072 INFO  ExportHelperExtension.cs: 1136 - Found 36 in 5in Colson Wheel-1
2025-04-17 14:15:41,072 INFO  ExportHelperExtension.cs: 1145 - Found 0 features of type [RefAxis] in 5in Colson Wheel-1
2025-04-17 14:15:41,072 INFO  ExportHelperExtension.cs: 1125 - Retrieving features of type [RefAxis] from Bearing block-2
2025-04-17 14:15:41,072 INFO  ExportHelperExtension.cs: 1136 - Found 28 in Bearing block-2
2025-04-17 14:15:41,072 INFO  ExportHelperExtension.cs: 1145 - Found 0 features of type [RefAxis] in Bearing block-2
2025-04-17 14:15:41,072 INFO  ExportHelperExtension.cs: 1125 - Retrieving features of type [RefAxis] from Bearing block-3
2025-04-17 14:15:41,072 INFO  ExportHelperExtension.cs: 1136 - Found 28 in Bearing block-3
2025-04-17 14:15:41,072 INFO  ExportHelperExtension.cs: 1145 - Found 0 features of type [RefAxis] in Bearing block-3
2025-04-17 14:15:41,072 INFO  ExportHelperExtension.cs: 1125 - Retrieving features of type [RefAxis] from Bearing block-4
2025-04-17 14:15:41,072 INFO  ExportHelperExtension.cs: 1136 - Found 28 in Bearing block-4
2025-04-17 14:15:41,072 INFO  ExportHelperExtension.cs: 1145 - Found 0 features of type [RefAxis] in Bearing block-4
2025-04-17 14:15:41,072 INFO  ExportHelperExtension.cs: 1125 - Retrieving features of type [RefAxis] from Gearbox2-1
2025-04-17 14:15:41,087 INFO  ExportHelperExtension.cs: 1136 - Found 83 in Gearbox2-1
2025-04-17 14:15:41,087 INFO  ExportHelperExtension.cs: 1145 - Found 0 features of type [RefAxis] in Gearbox2-1
2025-04-17 14:15:41,087 INFO  ExportHelperExtension.cs: 1125 - Retrieving features of type [RefAxis] from Colson hex wheel hub-1
2025-04-17 14:15:41,087 INFO  ExportHelperExtension.cs: 1136 - Found 38 in Colson hex wheel hub-1
2025-04-17 14:15:41,087 INFO  ExportHelperExtension.cs: 1145 - Found 0 features of type [RefAxis] in Colson hex wheel hub-1
2025-04-17 14:15:41,087 INFO  ExportHelperExtension.cs: 1125 - Retrieving features of type [RefAxis] from Tslot Battery Holder Bars-4
2025-04-17 14:15:41,087 INFO  ExportHelperExtension.cs: 1136 - Found 40 in Tslot Battery Holder Bars-4
2025-04-17 14:15:41,087 INFO  ExportHelperExtension.cs: 1145 - Found 0 features of type [RefAxis] in Tslot Battery Holder Bars-4
2025-04-17 14:15:41,087 INFO  ExportHelperExtension.cs: 1125 - Retrieving features of type [RefAxis] from WCP Cam-4
2025-04-17 14:15:41,087 INFO  ExportHelperExtension.cs: 1136 - Found 36 in WCP Cam-4
2025-04-17 14:15:41,087 INFO  ExportHelperExtension.cs: 1145 - Found 0 features of type [RefAxis] in WCP Cam-4
2025-04-17 14:15:41,087 INFO  ExportHelperExtension.cs: 1125 - Retrieving features of type [RefAxis] from Colson hex wheel hub-2
2025-04-17 14:15:41,087 INFO  ExportHelperExtension.cs: 1136 - Found 38 in Colson hex wheel hub-2
2025-04-17 14:15:41,087 INFO  ExportHelperExtension.cs: 1145 - Found 0 features of type [RefAxis] in Colson hex wheel hub-2
2025-04-17 14:15:41,087 INFO  ExportHelperExtension.cs: 1125 - Retrieving features of type [RefAxis] from Hex Ball Bearing-3
2025-04-17 14:15:41,087 INFO  ExportHelperExtension.cs: 1136 - Found 36 in Hex Ball Bearing-3
2025-04-17 14:15:41,087 INFO  ExportHelperExtension.cs: 1145 - Found 0 features of type [RefAxis] in Hex Ball Bearing-3
2025-04-17 14:15:41,087 INFO  ExportHelperExtension.cs: 1125 - Retrieving features of type [RefAxis] from New 12V battery-2
2025-04-17 14:15:41,087 INFO  ExportHelperExtension.cs: 1136 - Found 25 in New 12V battery-2
2025-04-17 14:15:41,087 INFO  ExportHelperExtension.cs: 1145 - Found 0 features of type [RefAxis] in New 12V battery-2
2025-04-17 14:15:41,087 INFO  ExportHelperExtension.cs: 1125 - Retrieving features of type [RefAxis] from WCP Cam-3
2025-04-17 14:15:41,087 INFO  ExportHelperExtension.cs: 1136 - Found 36 in WCP Cam-3
2025-04-17 14:15:41,087 INFO  ExportHelperExtension.cs: 1145 - Found 0 features of type [RefAxis] in WCP Cam-3
2025-04-17 14:15:41,087 INFO  ExportHelperExtension.cs: 1125 - Retrieving features of type [RefAxis] from Hex Ball Bearing-1
2025-04-17 14:15:41,087 INFO  ExportHelperExtension.cs: 1136 - Found 36 in Hex Ball Bearing-1
2025-04-17 14:15:41,087 INFO  ExportHelperExtension.cs: 1145 - Found 0 features of type [RefAxis] in Hex Ball Bearing-1
2025-04-17 14:15:41,087 INFO  ExportHelperExtension.cs: 1125 - Retrieving features of type [RefAxis] from 5in Colson Wheel-2
2025-04-17 14:15:41,087 INFO  ExportHelperExtension.cs: 1136 - Found 36 in 5in Colson Wheel-2
2025-04-17 14:15:41,087 INFO  ExportHelperExtension.cs: 1145 - Found 0 features of type [RefAxis] in 5in Colson Wheel-2
2025-04-17 14:15:41,087 INFO  ExportHelperExtension.cs: 1125 - Retrieving features of type [RefAxis] from Bearing block-6
2025-04-17 14:15:41,087 INFO  ExportHelperExtension.cs: 1136 - Found 28 in Bearing block-6
2025-04-17 14:15:41,098 INFO  ExportHelperExtension.cs: 1145 - Found 0 features of type [RefAxis] in Bearing block-6
2025-04-17 14:15:41,098 INFO  ExportHelperExtension.cs: 1125 - Retrieving features of type [RefAxis] from Gearbox2-2
2025-04-17 14:15:41,098 INFO  ExportHelperExtension.cs: 1136 - Found 83 in Gearbox2-2
2025-04-17 14:15:41,098 INFO  ExportHelperExtension.cs: 1145 - Found 0 features of type [RefAxis] in Gearbox2-2
2025-04-17 14:15:41,098 INFO  ExportHelperExtension.cs: 1125 - Retrieving features of type [RefAxis] from WCP Cam-1
2025-04-17 14:15:41,098 INFO  ExportHelperExtension.cs: 1136 - Found 36 in WCP Cam-1
2025-04-17 14:15:41,098 INFO  ExportHelperExtension.cs: 1145 - Found 0 features of type [RefAxis] in WCP Cam-1
2025-04-17 14:15:41,098 INFO  ExportHelperExtension.cs: 1125 - Retrieving features of type [RefAxis] from WCP Cam-2
2025-04-17 14:15:41,098 INFO  ExportHelperExtension.cs: 1136 - Found 36 in WCP Cam-2
2025-04-17 14:15:41,098 INFO  ExportHelperExtension.cs: 1145 - Found 0 features of type [RefAxis] in WCP Cam-2
2025-04-17 14:15:41,098 INFO  ExportHelperExtension.cs: 1125 - Retrieving features of type [RefAxis] from Side Piece-1
2025-04-17 14:15:41,098 INFO  ExportHelperExtension.cs: 1136 - Found 48 in Side Piece-1
2025-04-17 14:15:41,098 INFO  ExportHelperExtension.cs: 1145 - Found 0 features of type [RefAxis] in Side Piece-1
2025-04-17 14:15:41,098 INFO  ExportHelperExtension.cs: 1125 - Retrieving features of type [RefAxis] from End Cap-3
2025-04-17 14:15:41,103 INFO  ExportHelperExtension.cs: 1136 - Found 40 in End Cap-3
2025-04-17 14:15:41,103 INFO  ExportHelperExtension.cs: 1145 - Found 0 features of type [RefAxis] in End Cap-3
2025-04-17 14:15:41,103 INFO  ExportHelperExtension.cs: 1125 - Retrieving features of type [RefAxis] from End Cap-1
2025-04-17 14:15:41,103 INFO  ExportHelperExtension.cs: 1136 - Found 40 in End Cap-1
2025-04-17 14:15:41,103 INFO  ExportHelperExtension.cs: 1145 - Found 0 features of type [RefAxis] in End Cap-1
2025-04-17 14:15:41,103 INFO  ExportHelperExtension.cs: 1125 - Retrieving features of type [RefAxis] from End Cap-2
2025-04-17 14:15:41,103 INFO  ExportHelperExtension.cs: 1136 - Found 40 in End Cap-2
2025-04-17 14:15:41,103 INFO  ExportHelperExtension.cs: 1145 - Found 0 features of type [RefAxis] in End Cap-2
2025-04-17 14:15:41,103 INFO  ExportHelperExtension.cs: 1125 - Retrieving features of type [RefAxis] from Side Wheel Assembly-1
2025-04-17 14:15:41,103 INFO  ExportHelperExtension.cs: 1136 - Found 38 in Side Wheel Assembly-1
2025-04-17 14:15:41,103 INFO  ExportHelperExtension.cs: 1145 - Found 0 features of type [RefAxis] in Side Wheel Assembly-1
2025-04-17 14:15:41,103 INFO  ExportHelperExtension.cs: 1125 - Retrieving features of type [RefAxis] from Wheel Assembly Back-1
2025-04-17 14:15:41,103 INFO  ExportHelperExtension.cs: 1136 - Found 40 in Wheel Assembly Back-1
2025-04-17 14:15:41,103 INFO  ExportHelperExtension.cs: 1145 - Found 0 features of type [RefAxis] in Wheel Assembly Back-1
2025-04-17 14:15:41,103 INFO  ExportHelperExtension.cs: 1125 - Retrieving features of type [RefAxis] from End Cap-8
2025-04-17 14:15:41,103 INFO  ExportHelperExtension.cs: 1136 - Found 40 in End Cap-8
2025-04-17 14:15:41,103 INFO  ExportHelperExtension.cs: 1145 - Found 0 features of type [RefAxis] in End Cap-8
2025-04-17 14:15:41,103 INFO  ExportHelperExtension.cs: 1125 - Retrieving features of type [RefAxis] from Middle T-Slot Piece-1
2025-04-17 14:15:41,103 INFO  ExportHelperExtension.cs: 1136 - Found 51 in Middle T-Slot Piece-1
2025-04-17 14:15:41,103 INFO  ExportHelperExtension.cs: 1145 - Found 0 features of type [RefAxis] in Middle T-Slot Piece-1
2025-04-17 14:15:41,103 INFO  ExportHelperExtension.cs: 1125 - Retrieving features of type [RefAxis] from Back Center Beam-1
2025-04-17 14:15:41,103 INFO  ExportHelperExtension.cs: 1136 - Found 41 in Back Center Beam-1
2025-04-17 14:15:41,103 INFO  ExportHelperExtension.cs: 1145 - Found 0 features of type [RefAxis] in Back Center Beam-1
2025-04-17 14:15:41,103 INFO  ExportHelperExtension.cs: 1125 - Retrieving features of type [RefAxis] from End Cap-6
2025-04-17 14:15:41,103 INFO  ExportHelperExtension.cs: 1136 - Found 40 in End Cap-6
2025-04-17 14:15:41,103 INFO  ExportHelperExtension.cs: 1145 - Found 0 features of type [RefAxis] in End Cap-6
2025-04-17 14:15:41,103 INFO  ExportHelperExtension.cs: 1125 - Retrieving features of type [RefAxis] from Side Wheel Assembly-3
2025-04-17 14:15:41,103 INFO  ExportHelperExtension.cs: 1136 - Found 38 in Side Wheel Assembly-3
2025-04-17 14:15:41,103 INFO  ExportHelperExtension.cs: 1145 - Found 0 features of type [RefAxis] in Side Wheel Assembly-3
2025-04-17 14:15:41,103 INFO  ExportHelperExtension.cs: 1125 - Retrieving features of type [RefAxis] from Front Frame Piece-1
2025-04-17 14:15:41,103 INFO  ExportHelperExtension.cs: 1136 - Found 38 in Front Frame Piece-1
2025-04-17 14:15:41,103 INFO  ExportHelperExtension.cs: 1145 - Found 0 features of type [RefAxis] in Front Frame Piece-1
2025-04-17 14:15:41,103 INFO  ExportHelperExtension.cs: 1125 - Retrieving features of type [RefAxis] from End Cap-4
2025-04-17 14:15:41,103 INFO  ExportHelperExtension.cs: 1136 - Found 40 in End Cap-4
2025-04-17 14:15:41,103 INFO  ExportHelperExtension.cs: 1145 - Found 0 features of type [RefAxis] in End Cap-4
2025-04-17 14:15:41,103 INFO  ExportHelperExtension.cs: 1125 - Retrieving features of type [RefAxis] from Side Piece-2
2025-04-17 14:15:41,103 INFO  ExportHelperExtension.cs: 1136 - Found 48 in Side Piece-2
2025-04-17 14:15:41,103 INFO  ExportHelperExtension.cs: 1145 - Found 0 features of type [RefAxis] in Side Piece-2
2025-04-17 14:15:41,103 INFO  ExportHelperExtension.cs: 1125 - Retrieving features of type [RefAxis] from Front Center Beam-1
2025-04-17 14:15:41,103 INFO  ExportHelperExtension.cs: 1136 - Found 44 in Front Center Beam-1
2025-04-17 14:15:41,103 INFO  ExportHelperExtension.cs: 1145 - Found 0 features of type [RefAxis] in Front Center Beam-1
2025-04-17 14:15:41,103 INFO  ExportHelperExtension.cs: 1125 - Retrieving features of type [RefAxis] from Wheel Assembly Back-2
2025-04-17 14:15:41,103 INFO  ExportHelperExtension.cs: 1136 - Found 40 in Wheel Assembly Back-2
2025-04-17 14:15:41,103 INFO  ExportHelperExtension.cs: 1145 - Found 0 features of type [RefAxis] in Wheel Assembly Back-2
2025-04-17 14:15:41,103 INFO  ExportHelperExtension.cs: 1125 - Retrieving features of type [RefAxis] from End Cap-7
2025-04-17 14:15:41,119 INFO  ExportHelperExtension.cs: 1136 - Found 40 in End Cap-7
2025-04-17 14:15:41,119 INFO  ExportHelperExtension.cs: 1145 - Found 0 features of type [RefAxis] in End Cap-7
2025-04-17 14:15:41,119 INFO  ExportHelperExtension.cs: 1125 - Retrieving features of type [RefAxis] from End Cap-5
2025-04-17 14:15:41,119 INFO  ExportHelperExtension.cs: 1136 - Found 40 in End Cap-5
2025-04-17 14:15:41,119 INFO  ExportHelperExtension.cs: 1145 - Found 0 features of type [RefAxis] in End Cap-5
2025-04-17 14:15:43,050 INFO  SwAddin.cs: 339 - Loading config tree
2025-04-17 14:15:43,082 INFO  ConfigurationSerialization.cs: 276 - URDF Configuration found
<Link z:Id="i1" xmlns="http://schemas.datacontract.org/2004/07/SW2URDF" xmlns:i="http://www.w3.org/2001/XMLSchema-instance" xmlns:z="http://schemas.microsoft.com/2003/10/Serialization/"><Attributes><Attribute z:Id="i2"><AttributeType>name</AttributeType><IsRequired>true</IsRequired><Value i:type="a:string" xmlns:a="http://www.w3.org/2001/XMLSchema">drivetrain_base_link</Value></Attribute></Attributes><ChildElements><URDFElement z:Id="i3" i:type="Inertial"><Attributes/><ChildElements><URDFElement z:Id="i4" i:type="Origin"><Attributes><Attribute z:Id="i5"><AttributeType>xyz</AttributeType><IsRequired>true</IsRequired><Value i:type="a:ArrayOfdouble" xmlns:a="http://schemas.microsoft.com/2003/10/Serialization/Arrays"><a:double>0.25893</a:double><a:double>-0.48948</a:double><a:double>0.13065</a:double></Value></Attribute><Attribute z:Id="i6"><AttributeType>rpy</AttributeType><IsRequired>true</IsRequired><Value i:type="a:ArrayOfdouble" xmlns:a="http://schemas.microsoft.com/2003/10/Serialization/Arrays"><a:double>0</a:double><a:double>0</a:double><a:double>0</a:double></Value></Attribute></Attributes><ChildElements/><ElementName>origin</ElementName><required>false</required><RPYAttribute z:Ref="i6"/><XYZAttribute z:Ref="i5"/><isCustomized>false</isCustomized></URDFElement><URDFElement z:Id="i7" i:type="Mass"><Attributes><Attribute z:Id="i8"><AttributeType>value</AttributeType><IsRequired>true</IsRequired><Value i:type="a:double" xmlns:a="http://www.w3.org/2001/XMLSchema">16.826</Value></Attribute></Attributes><ChildElements/><ElementName>mass</ElementName><required>false</required><ValueAttribute z:Ref="i8"/></URDFElement><URDFElement z:Id="i9" i:type="Inertia"><Attributes><Attribute z:Id="i10"><AttributeType>ixx</AttributeType><IsRequired>true</IsRequired><Value i:type="a:double" xmlns:a="http://www.w3.org/2001/XMLSchema">0.096739</Value></Attribute><Attribute z:Id="i11"><AttributeType>ixy</AttributeType><IsRequired>true</IsRequired><Value i:type="a:double" xmlns:a="http://www.w3.org/2001/XMLSchema">1.888E-07</Value></Attribute><Attribute z:Id="i12"><AttributeType>ixz</AttributeType><IsRequired>true</IsRequired><Value i:type="a:double" xmlns:a="http://www.w3.org/2001/XMLSchema">9.5052E-10</Value></Attribute><Attribute z:Id="i13"><AttributeType>iyy</AttributeType><IsRequired>true</IsRequired><Value i:type="a:double" xmlns:a="http://www.w3.org/2001/XMLSchema">0.18186</Value></Attribute><Attribute z:Id="i14"><AttributeType>iyz</AttributeType><IsRequired>true</IsRequired><Value i:type="a:double" xmlns:a="http://www.w3.org/2001/XMLSchema">-7.282E-08</Value></Attribute><Attribute z:Id="i15"><AttributeType>izz</AttributeType><IsRequired>true</IsRequired><Value i:type="a:double" xmlns:a="http://www.w3.org/2001/XMLSchema">0.17921</Value></Attribute></Attributes><ChildElements/><ElementName>inertia</ElementName><required>false</required><IxxAttribute z:Ref="i10"/><IxyAttribute z:Ref="i11"/><IxzAttribute z:Ref="i12"/><IyyAttribute z:Ref="i13"/><IyzAttribute z:Ref="i14"/><IzzAttribute z:Ref="i15"/></URDFElement></ChildElements><ElementName>inertial</ElementName><required>false</required><Inertia z:Ref="i9"/><Mass z:Ref="i7"/><Origin z:Ref="i4"/></URDFElement><URDFElement z:Id="i16" i:type="Visual"><Attributes/><ChildElements><URDFElement z:Id="i17" i:type="Origin"><Attributes><Attribute z:Id="i18"><AttributeType>xyz</AttributeType><IsRequired>true</IsRequired><Value i:type="a:ArrayOfdouble" xmlns:a="http://schemas.microsoft.com/2003/10/Serialization/Arrays"><a:double>0</a:double><a:double>0</a:double><a:double>0</a:double></Value></Attribute><Attribute z:Id="i19"><AttributeType>rpy</AttributeType><IsRequired>true</IsRequired><Value i:type="a:ArrayOfdouble" xmlns:a="http://schemas.microsoft.com/2003/10/Serialization/Arrays"><a:double>0</a:double><a:double>0</a:double><a:double>0</a:double></Value></Attribute></Attributes><ChildElements/><ElementName>origin</ElementName><required>false</required><RPYAttribute z:Ref="i19"/><XYZAttribute z:Ref="i18"/><isCustomized>false</isCustomized></URDFElement><URDFElement z:Id="i20" i:type="Geometry"><Attributes/><ChildElements><URDFElement z:Id="i21" i:type="Mesh"><Attributes><Attribute z:Id="i22"><AttributeType>filename</AttributeType><IsRequired>true</IsRequired><Value i:nil="true"/></Attribute></Attributes><ChildElements/><ElementName>mesh</ElementName><required>false</required><FilenameAttribute z:Ref="i22"/></URDFElement></ChildElements><ElementName>geometry</ElementName><required>true</required><Mesh z:Ref="i21"/></URDFElement><URDFElement z:Id="i23" i:type="Material"><Attributes><Attribute z:Id="i24"><AttributeType>name</AttributeType><IsRequired>true</IsRequired><Value i:type="a:string" xmlns:a="http://www.w3.org/2001/XMLSchema"/></Attribute></Attributes><ChildElements><URDFElement z:Id="i25" i:type="Color"><Attributes><Attribute z:Id="i26"><AttributeType>rgba</AttributeType><IsRequired>true</IsRequired><Value i:type="a:ArrayOfdouble" xmlns:a="http://schemas.microsoft.com/2003/10/Serialization/Arrays"><a:double>0.75294</a:double><a:double>0.75294</a:double><a:double>0.75294</a:double><a:double>1</a:double></Value></Attribute></Attributes><ChildElements/><ElementName>color</ElementName><required>false</required><RGBAAttribute z:Ref="i26"/></URDFElement><URDFElement z:Id="i27" i:type="Texture"><Attributes><Attribute z:Id="i28"><AttributeType>filename</AttributeType><IsRequired>true</IsRequired><Value i:nil="true"/></Attribute></Attributes><ChildElements/><ElementName>texture</ElementName><required>false</required><FilenameAttribute z:Ref="i28"/><wFilename/></URDFElement></ChildElements><ElementName>material</ElementName><required>false</required><Color z:Ref="i25"/><NameAttribute z:Ref="i24"/><Texture z:Ref="i27"/></URDFElement></ChildElements><ElementName>visual</ElementName><required>false</required><Geometry z:Ref="i20"/><Material z:Ref="i23"/><Origin z:Ref="i17"/></URDFElement><URDFElement z:Id="i29" i:type="Collision"><Attributes/><ChildElements><URDFElement z:Id="i30" i:type="Origin"><Attributes><Attribute z:Id="i31"><AttributeType>xyz</AttributeType><IsRequired>true</IsRequired><Value i:type="a:ArrayOfdouble" xmlns:a="http://schemas.microsoft.com/2003/10/Serialization/Arrays"><a:double>0</a:double><a:double>0</a:double><a:double>0</a:double></Value></Attribute><Attribute z:Id="i32"><AttributeType>rpy</AttributeType><IsRequired>true</IsRequired><Value i:type="a:ArrayOfdouble" xmlns:a="http://schemas.microsoft.com/2003/10/Serialization/Arrays"><a:double>0</a:double><a:double>0</a:double><a:double>0</a:double></Value></Attribute></Attributes><ChildElements/><ElementName>origin</ElementName><required>false</required><RPYAttribute z:Ref="i32"/><XYZAttribute z:Ref="i31"/><isCustomized>false</isCustomized></URDFElement><URDFElement z:Id="i33" i:type="Geometry"><Attributes/><ChildElements><URDFElement z:Id="i34" i:type="Mesh"><Attributes><Attribute z:Id="i35"><AttributeType>filename</AttributeType><IsRequired>true</IsRequired><Value i:nil="true"/></Attribute></Attributes><ChildElements/><ElementName>mesh</ElementName><required>false</required><FilenameAttribute z:Ref="i35"/></URDFElement></ChildElements><ElementName>geometry</ElementName><required>true</required><Mesh z:Ref="i34"/></URDFElement></ChildElements><ElementName>collision</ElementName><required>false</required><Geometry z:Ref="i33"/><Origin z:Ref="i30"/></URDFElement><URDFElement z:Id="i36" i:type="Joint"><Attributes><Attribute z:Id="i37"><AttributeType>name</AttributeType><IsRequired>true</IsRequired><Value i:type="a:string" xmlns:a="http://www.w3.org/2001/XMLSchema"/></Attribute><Attribute z:Id="i38"><AttributeType>type</AttributeType><IsRequired>true</IsRequired><Value i:type="a:string" xmlns:a="http://www.w3.org/2001/XMLSchema"/></Attribute></Attributes><ChildElements><URDFElement z:Id="i39" i:type="Origin"><Attributes><Attribute z:Id="i40"><AttributeType>xyz</AttributeType><IsRequired>true</IsRequired><Value i:type="a:ArrayOfdouble" xmlns:a="http://schemas.microsoft.com/2003/10/Serialization/Arrays"><a:double>0</a:double><a:double>0</a:double><a:double>0</a:double></Value></Attribute><Attribute z:Id="i41"><AttributeType>rpy</AttributeType><IsRequired>true</IsRequired><Value i:type="a:ArrayOfdouble" xmlns:a="http://schemas.microsoft.com/2003/10/Serialization/Arrays"><a:double>0</a:double><a:double>0</a:double><a:double>0</a:double></Value></Attribute></Attributes><ChildElements/><ElementName>origin</ElementName><required>false</required><RPYAttribute z:Ref="i41"/><XYZAttribute z:Ref="i40"/><isCustomized>false</isCustomized></URDFElement><URDFElement z:Id="i42" i:type="ParentLink"><Attributes><Attribute z:Id="i43"><AttributeType>link</AttributeType><IsRequired>true</IsRequired><Value i:type="a:string" xmlns:a="http://www.w3.org/2001/XMLSchema"/></Attribute></Attributes><ChildElements/><ElementName>parent</ElementName><required>true</required><NameAttribute z:Ref="i43"/></URDFElement><URDFElement z:Id="i44" i:type="ChildLink"><Attributes><Attribute z:Id="i45"><AttributeType>link</AttributeType><IsRequired>true</IsRequired><Value i:type="a:string" xmlns:a="http://www.w3.org/2001/XMLSchema"/></Attribute></Attributes><ChildElements/><ElementName>child</ElementName><required>true</required><NameAttribute z:Ref="i45"/></URDFElement><URDFElement z:Id="i46" i:type="Axis"><Attributes><Attribute z:Id="i47"><AttributeType>xyz</AttributeType><IsRequired>true</IsRequired><Value i:type="a:ArrayOfdouble" xmlns:a="http://schemas.microsoft.com/2003/10/Serialization/Arrays"><a:double>0</a:double><a:double>0</a:double><a:double>0</a:double></Value></Attribute></Attributes><ChildElements/><ElementName>axis</ElementName><required>false</required><XYZAttribute z:Ref="i47"/></URDFElement><URDFElement z:Id="i48" i:type="Limit"><Attributes><Attribute z:Id="i49"><AttributeType>lower</AttributeType><IsRequired>false</IsRequired><Value i:nil="true"/></Attribute><Attribute z:Id="i50"><AttributeType>upper</AttributeType><IsRequired>false</IsRequired><Value i:nil="true"/></Attribute><Attribute z:Id="i51"><AttributeType>effort</AttributeType><IsRequired>true</IsRequired><Value i:nil="true"/></Attribute><Attribute z:Id="i52"><AttributeType>velocity</AttributeType><IsRequired>true</IsRequired><Value i:nil="true"/></Attribute></Attributes><ChildElements/><ElementName>limit</ElementName><required>false</required><EffortAttribute z:Ref="i51"/><LowerAttribute z:Ref="i49"/><UpperAttribute z:Ref="i50"/><VelocityAttribute z:Ref="i52"/></URDFElement><URDFElement z:Id="i53" i:type="Calibration"><Attributes><Attribute z:Id="i54"><AttributeType>rising</AttributeType><IsRequired>false</IsRequired><Value i:nil="true"/></Attribute><Attribute z:Id="i55"><AttributeType>falling</AttributeType><IsRequired>false</IsRequired><Value i:nil="true"/></Attribute></Attributes><ChildElements/><ElementName>calibration</ElementName><required>false</required><FallingAttribute z:Ref="i55"/><RisingAttribute z:Ref="i54"/></URDFElement><URDFElement z:Id="i56" i:type="Dynamics"><Attributes><Attribute z:Id="i57"><AttributeType>damping</AttributeType><IsRequired>false</IsRequired><Value i:nil="true"/></Attribute><Attribute z:Id="i58"><AttributeType>friction</AttributeType><IsRequired>false</IsRequired><Value i:nil="true"/></Attribute></Attributes><ChildElements/><ElementName>dynamics</ElementName><required>false</required><DampingAttribute z:Ref="i57"/><FrictionAttribute z:Ref="i58"/></URDFElement><URDFElement z:Id="i59" i:type="SafetyController"><Attributes><Attribute z:Id="i60"><AttributeType>soft_upper_limit</AttributeType><IsRequired>false</IsRequired><Value i:nil="true"/></Attribute><Attribute z:Id="i61"><AttributeType>soft_lower_limit</AttributeType><IsRequired>false</IsRequired><Value i:nil="true"/></Attribute><Attribute z:Id="i62"><AttributeType>k_position</AttributeType><IsRequired>false</IsRequired><Value i:nil="true"/></Attribute><Attribute z:Id="i63"><AttributeType>k_velocity</AttributeType><IsRequired>true</IsRequired><Value i:nil="true"/></Attribute></Attributes><ChildElements/><ElementName>safety_controller</ElementName><required>false</required><KPositionAttribute z:Ref="i62"/><KVelocityAttribute z:Ref="i63"/><SoftLowerAttribute z:Ref="i61"/><SoftUpperAttribute z:Ref="i60"/></URDFElement><URDFElement z:Id="i64" i:type="Mimic"><Attributes><Attribute z:Id="i65"><AttributeType>joint</AttributeType><IsRequired>true</IsRequired><Value i:nil="true"/></Attribute><Attribute z:Id="i66"><AttributeType>multiplier</AttributeType><IsRequired>false</IsRequired><Value i:nil="true"/></Attribute><Attribute z:Id="i67"><AttributeType>offset</AttributeType><IsRequired>false</IsRequired><Value i:nil="true"/></Attribute></Attributes><ChildElements/><ElementName>mimic</ElementName><required>false</required><JointNameAttribute z:Ref="i65"/><MultiplierAttribute z:Ref="i66"/><OffsetAttribute z:Ref="i67"/></URDFElement></ChildElements><ElementName>joint</ElementName><required>false</required><Axis z:Ref="i46"/><AxisName/><Calibration z:Ref="i53"/><Child z:Ref="i44"/><CoordinateSystemName>Coordinate System2</CoordinateSystemName><Dynamics z:Ref="i56"/><Limit z:Ref="i48"/><Mimic z:Ref="i64"/><NameAttribute z:Ref="i37"/><Origin z:Ref="i39"/><Parent z:Ref="i42"/><Safety z:Ref="i59"/><TypeAttribute z:Ref="i38"/></URDFElement></ChildElements><ElementName>link</ElementName><required>true</required><Children><Link z:Id="i68"><Attributes><Attribute z:Id="i69"><AttributeType>name</AttributeType><IsRequired>true</IsRequired><Value i:type="a:string" xmlns:a="http://www.w3.org/2001/XMLSchema">left_wheel</Value></Attribute></Attributes><ChildElements><URDFElement z:Id="i70" i:type="Inertial"><Attributes/><ChildElements><URDFElement z:Id="i71" i:type="Origin"><Attributes><Attribute z:Id="i72"><AttributeType>xyz</AttributeType><IsRequired>true</IsRequired><Value i:type="a:ArrayOfdouble" xmlns:a="http://schemas.microsoft.com/2003/10/Serialization/Arrays"><a:double>1.3885E-08</a:double><a:double>-4.7617E-10</a:double><a:double>-8.5336E-12</a:double></Value></Attribute><Attribute z:Id="i73"><AttributeType>rpy</AttributeType><IsRequired>true</IsRequired><Value i:type="a:ArrayOfdouble" xmlns:a="http://schemas.microsoft.com/2003/10/Serialization/Arrays"><a:double>0</a:double><a:double>0</a:double><a:double>0</a:double></Value></Attribute></Attributes><ChildElements/><ElementName>origin</ElementName><required>false</required><RPYAttribute z:Ref="i73"/><XYZAttribute z:Ref="i72"/><isCustomized>false</isCustomized></URDFElement><URDFElement z:Id="i74" i:type="Mass"><Attributes><Attribute z:Id="i75"><AttributeType>value</AttributeType><IsRequired>true</IsRequired><Value i:type="a:double" xmlns:a="http://www.w3.org/2001/XMLSchema">0.36704</Value></Attribute></Attributes><ChildElements/><ElementName>mass</ElementName><required>false</required><ValueAttribute z:Ref="i75"/></URDFElement><URDFElement z:Id="i76" i:type="Inertia"><Attributes><Attribute z:Id="i77"><AttributeType>ixx</AttributeType><IsRequired>true</IsRequired><Value i:type="a:double" xmlns:a="http://www.w3.org/2001/XMLSchema">0.00082344</Value></Attribute><Attribute z:Id="i78"><AttributeType>ixy</AttributeType><IsRequired>true</IsRequired><Value i:type="a:double" xmlns:a="http://www.w3.org/2001/XMLSchema">4.2918E-12</Value></Attribute><Attribute z:Id="i79"><AttributeType>ixz</AttributeType><IsRequired>true</IsRequired><Value i:type="a:double" xmlns:a="http://www.w3.org/2001/XMLSchema">1.5551E-13</Value></Attribute><Attribute z:Id="i80"><AttributeType>iyy</AttributeType><IsRequired>true</IsRequired><Value i:type="a:double" xmlns:a="http://www.w3.org/2001/XMLSchema">0.0004503</Value></Attribute><Attribute z:Id="i81"><AttributeType>iyz</AttributeType><IsRequired>true</IsRequired><Value i:type="a:double" xmlns:a="http://www.w3.org/2001/XMLSchema">2.6527E-10</Value></Attribute><Attribute z:Id="i82"><AttributeType>izz</AttributeType><IsRequired>true</IsRequired><Value i:type="a:double" xmlns:a="http://www.w3.org/2001/XMLSchema">0.0004503</Value></Attribute></Attributes><ChildElements/><ElementName>inertia</ElementName><required>false</required><IxxAttribute z:Ref="i77"/><IxyAttribute z:Ref="i78"/><IxzAttribute z:Ref="i79"/><IyyAttribute z:Ref="i80"/><IyzAttribute z:Ref="i81"/><IzzAttribute z:Ref="i82"/></URDFElement></ChildElements><ElementName>inertial</ElementName><required>false</required><Inertia z:Ref="i76"/><Mass z:Ref="i74"/><Origin z:Ref="i71"/></URDFElement><URDFElement z:Id="i83" i:type="Visual"><Attributes/><ChildElements><URDFElement z:Id="i84" i:type="Origin"><Attributes><Attribute z:Id="i85"><AttributeType>xyz</AttributeType><IsRequired>true</IsRequired><Value i:type="a:ArrayOfdouble" xmlns:a="http://schemas.microsoft.com/2003/10/Serialization/Arrays"><a:double>0</a:double><a:double>0</a:double><a:double>0</a:double></Value></Attribute><Attribute z:Id="i86"><AttributeType>rpy</AttributeType><IsRequired>true</IsRequired><Value i:type="a:ArrayOfdouble" xmlns:a="http://schemas.microsoft.com/2003/10/Serialization/Arrays"><a:double>0</a:double><a:double>0</a:double><a:double>0</a:double></Value></Attribute></Attributes><ChildElements/><ElementName>origin</ElementName><required>false</required><RPYAttribute z:Ref="i86"/><XYZAttribute z:Ref="i85"/><isCustomized>false</isCustomized></URDFElement><URDFElement z:Id="i87" i:type="Geometry"><Attributes/><ChildElements><URDFElement z:Id="i88" i:type="Mesh"><Attributes><Attribute z:Id="i89"><AttributeType>filename</AttributeType><IsRequired>true</IsRequired><Value i:nil="true"/></Attribute></Attributes><ChildElements/><ElementName>mesh</ElementName><required>false</required><FilenameAttribute z:Ref="i89"/></URDFElement></ChildElements><ElementName>geometry</ElementName><required>true</required><Mesh z:Ref="i88"/></URDFElement><URDFElement z:Id="i90" i:type="Material"><Attributes><Attribute z:Id="i91"><AttributeType>name</AttributeType><IsRequired>true</IsRequired><Value i:type="a:string" xmlns:a="http://www.w3.org/2001/XMLSchema"/></Attribute></Attributes><ChildElements><URDFElement z:Id="i92" i:type="Color"><Attributes><Attribute z:Id="i93"><AttributeType>rgba</AttributeType><IsRequired>true</IsRequired><Value i:type="a:ArrayOfdouble" xmlns:a="http://schemas.microsoft.com/2003/10/Serialization/Arrays"><a:double>0.79216</a:double><a:double>0.81961</a:double><a:double>0.93333</a:double><a:double>1</a:double></Value></Attribute></Attributes><ChildElements/><ElementName>color</ElementName><required>false</required><RGBAAttribute z:Ref="i93"/></URDFElement><URDFElement z:Id="i94" i:type="Texture"><Attributes><Attribute z:Id="i95"><AttributeType>filename</AttributeType><IsRequired>true</IsRequired><Value i:nil="true"/></Attribute></Attributes><ChildElements/><ElementName>texture</ElementName><required>false</required><FilenameAttribute z:Ref="i95"/><wFilename/></URDFElement></ChildElements><ElementName>material</ElementName><required>false</required><Color z:Ref="i92"/><NameAttribute z:Ref="i91"/><Texture z:Ref="i94"/></URDFElement></ChildElements><ElementName>visual</ElementName><required>false</required><Geometry z:Ref="i87"/><Material z:Ref="i90"/><Origin z:Ref="i84"/></URDFElement><URDFElement z:Id="i96" i:type="Collision"><Attributes/><ChildElements><URDFElement z:Id="i97" i:type="Origin"><Attributes><Attribute z:Id="i98"><AttributeType>xyz</AttributeType><IsRequired>true</IsRequired><Value i:type="a:ArrayOfdouble" xmlns:a="http://schemas.microsoft.com/2003/10/Serialization/Arrays"><a:double>0</a:double><a:double>0</a:double><a:double>0</a:double></Value></Attribute><Attribute z:Id="i99"><AttributeType>rpy</AttributeType><IsRequired>true</IsRequired><Value i:type="a:ArrayOfdouble" xmlns:a="http://schemas.microsoft.com/2003/10/Serialization/Arrays"><a:double>0</a:double><a:double>0</a:double><a:double>0</a:double></Value></Attribute></Attributes><ChildElements/><ElementName>origin</ElementName><required>false</required><RPYAttribute z:Ref="i99"/><XYZAttribute z:Ref="i98"/><isCustomized>false</isCustomized></URDFElement><URDFElement z:Id="i100" i:type="Geometry"><Attributes/><ChildElements><URDFElement z:Id="i101" i:type="Mesh"><Attributes><Attribute z:Id="i102"><AttributeType>filename</AttributeType><IsRequired>true</IsRequired><Value i:nil="true"/></Attribute></Attributes><ChildElements/><ElementName>mesh</ElementName><required>false</required><FilenameAttribute z:Ref="i102"/></URDFElement></ChildElements><ElementName>geometry</ElementName><required>true</required><Mesh z:Ref="i101"/></URDFElement></ChildElements><ElementName>collision</ElementName><required>false</required><Geometry z:Ref="i100"/><Origin z:Ref="i97"/></URDFElement><URDFElement z:Id="i103" i:type="Joint"><Attributes><Attribute z:Id="i104"><AttributeType>name</AttributeType><IsRequired>true</IsRequired><Value i:type="a:string" xmlns:a="http://www.w3.org/2001/XMLSchema">left_wheel_joint</Value></Attribute><Attribute z:Id="i105"><AttributeType>type</AttributeType><IsRequired>true</IsRequired><Value i:type="a:string" xmlns:a="http://www.w3.org/2001/XMLSchema">continuous</Value></Attribute></Attributes><ChildElements><URDFElement z:Id="i106" i:type="Origin"><Attributes><Attribute z:Id="i107"><AttributeType>xyz</AttributeType><IsRequired>true</IsRequired><Value i:type="a:ArrayOfdouble" xmlns:a="http://schemas.microsoft.com/2003/10/Serialization/Arrays"><a:double>-0.026657</a:double><a:double>-0.33398</a:double><a:double>0.025404</a:double></Value></Attribute><Attribute z:Id="i108"><AttributeType>rpy</AttributeType><IsRequired>true</IsRequired><Value i:type="a:ArrayOfdouble" xmlns:a="http://schemas.microsoft.com/2003/10/Serialization/Arrays"><a:double>0</a:double><a:double>0</a:double><a:double>0</a:double></Value></Attribute></Attributes><ChildElements/><ElementName>origin</ElementName><required>false</required><RPYAttribute z:Ref="i108"/><XYZAttribute z:Ref="i107"/><isCustomized>false</isCustomized></URDFElement><URDFElement z:Id="i109" i:type="ParentLink"><Attributes><Attribute z:Id="i110"><AttributeType>link</AttributeType><IsRequired>true</IsRequired><Value i:type="a:string" xmlns:a="http://www.w3.org/2001/XMLSchema">drivetrain_base_link</Value></Attribute></Attributes><ChildElements/><ElementName>parent</ElementName><required>true</required><NameAttribute z:Ref="i110"/></URDFElement><URDFElement z:Id="i111" i:type="ChildLink"><Attributes><Attribute z:Id="i112"><AttributeType>link</AttributeType><IsRequired>true</IsRequired><Value i:type="a:string" xmlns:a="http://www.w3.org/2001/XMLSchema">left_wheel</Value></Attribute></Attributes><ChildElements/><ElementName>child</ElementName><required>true</required><NameAttribute z:Ref="i112"/></URDFElement><URDFElement z:Id="i113" i:type="Axis"><Attributes><Attribute z:Id="i114"><AttributeType>xyz</AttributeType><IsRequired>true</IsRequired><Value i:type="a:ArrayOfdouble" xmlns:a="http://schemas.microsoft.com/2003/10/Serialization/Arrays"><a:double>1</a:double><a:double>0</a:double><a:double>0</a:double></Value></Attribute></Attributes><ChildElements/><ElementName>axis</ElementName><required>false</required><XYZAttribute z:Ref="i114"/></URDFElement><URDFElement z:Id="i115" i:type="Limit"><Attributes><Attribute z:Id="i116"><AttributeType>lower</AttributeType><IsRequired>false</IsRequired><Value i:nil="true"/></Attribute><Attribute z:Id="i117"><AttributeType>upper</AttributeType><IsRequired>false</IsRequired><Value i:nil="true"/></Attribute><Attribute z:Id="i118"><AttributeType>effort</AttributeType><IsRequired>true</IsRequired><Value i:nil="true"/></Attribute><Attribute z:Id="i119"><AttributeType>velocity</AttributeType><IsRequired>true</IsRequired><Value i:nil="true"/></Attribute></Attributes><ChildElements/><ElementName>limit</ElementName><required>false</required><EffortAttribute z:Ref="i118"/><LowerAttribute z:Ref="i116"/><UpperAttribute z:Ref="i117"/><VelocityAttribute z:Ref="i119"/></URDFElement><URDFElement z:Id="i120" i:type="Calibration"><Attributes><Attribute z:Id="i121"><AttributeType>rising</AttributeType><IsRequired>false</IsRequired><Value i:nil="true"/></Attribute><Attribute z:Id="i122"><AttributeType>falling</AttributeType><IsRequired>false</IsRequired><Value i:nil="true"/></Attribute></Attributes><ChildElements/><ElementName>calibration</ElementName><required>false</required><FallingAttribute z:Ref="i122"/><RisingAttribute z:Ref="i121"/></URDFElement><URDFElement z:Id="i123" i:type="Dynamics"><Attributes><Attribute z:Id="i124"><AttributeType>damping</AttributeType><IsRequired>false</IsRequired><Value i:nil="true"/></Attribute><Attribute z:Id="i125"><AttributeType>friction</AttributeType><IsRequired>false</IsRequired><Value i:nil="true"/></Attribute></Attributes><ChildElements/><ElementName>dynamics</ElementName><required>false</required><DampingAttribute z:Ref="i124"/><FrictionAttribute z:Ref="i125"/></URDFElement><URDFElement z:Id="i126" i:type="SafetyController"><Attributes><Attribute z:Id="i127"><AttributeType>soft_upper_limit</AttributeType><IsRequired>false</IsRequired><Value i:nil="true"/></Attribute><Attribute z:Id="i128"><AttributeType>soft_lower_limit</AttributeType><IsRequired>false</IsRequired><Value i:nil="true"/></Attribute><Attribute z:Id="i129"><AttributeType>k_position</AttributeType><IsRequired>false</IsRequired><Value i:nil="true"/></Attribute><Attribute z:Id="i130"><AttributeType>k_velocity</AttributeType><IsRequired>true</IsRequired><Value i:nil="true"/></Attribute></Attributes><ChildElements/><ElementName>safety_controller</ElementName><required>false</required><KPositionAttribute z:Ref="i129"/><KVelocityAttribute z:Ref="i130"/><SoftLowerAttribute z:Ref="i128"/><SoftUpperAttribute z:Ref="i127"/></URDFElement><URDFElement z:Id="i131" i:type="Mimic"><Attributes><Attribute z:Id="i132"><AttributeType>joint</AttributeType><IsRequired>true</IsRequired><Value i:nil="true"/></Attribute><Attribute z:Id="i133"><AttributeType>multiplier</AttributeType><IsRequired>false</IsRequired><Value i:nil="true"/></Attribute><Attribute z:Id="i134"><AttributeType>offset</AttributeType><IsRequired>false</IsRequired><Value i:nil="true"/></Attribute></Attributes><ChildElements/><ElementName>mimic</ElementName><required>false</required><JointNameAttribute z:Ref="i132"/><MultiplierAttribute z:Ref="i133"/><OffsetAttribute z:Ref="i134"/></URDFElement></ChildElements><ElementName>joint</ElementName><required>false</required><Axis z:Ref="i113"/><AxisName>Axis1</AxisName><Calibration z:Ref="i120"/><Child z:Ref="i111"/><CoordinateSystemName>Origin_left_wheel_joint</CoordinateSystemName><Dynamics z:Ref="i123"/><Limit z:Ref="i115"/><Mimic z:Ref="i131"/><NameAttribute z:Ref="i104"/><Origin z:Ref="i106"/><Parent z:Ref="i109"/><Safety z:Ref="i126"/><TypeAttribute z:Ref="i105"/></URDFElement></ChildElements><ElementName>link</ElementName><required>true</required><Children/><Collision z:Ref="i96"/><Inertial z:Ref="i70"/><Joint z:Ref="i103"/><NameAttribute z:Ref="i69"/><Parent z:Ref="i1"/><STLQualityFine>false</STLQualityFine><SWComponentPIDs xmlns:a="http://schemas.microsoft.com/2003/10/Serialization/Arrays"><a:base64Binary>gD4AAAUAAAD//v8bNQBpAG4AIABDAG8AbABzAG8AbgAgAFcAaABlAGUAbAAtADIAQABBAHMAcwBlAG0AYgBsAHkABAAAABAAAAABAAAAAQAAAPMBAAA=</a:base64Binary></SWComponentPIDs><SWMainComponentPID i:nil="true"/><Visual z:Ref="i83"/><isFixedFrame>false</isFixedFrame><isIncomplete>false</isIncomplete></Link><Link z:Id="i135"><Attributes><Attribute z:Id="i136"><AttributeType>name</AttributeType><IsRequired>true</IsRequired><Value i:type="a:string" xmlns:a="http://www.w3.org/2001/XMLSchema">right_wheel</Value></Attribute></Attributes><ChildElements><URDFElement z:Id="i137" i:type="Inertial"><Attributes/><ChildElements><URDFElement z:Id="i138" i:type="Origin"><Attributes><Attribute z:Id="i139"><AttributeType>xyz</AttributeType><IsRequired>true</IsRequired><Value i:type="a:ArrayOfdouble" xmlns:a="http://schemas.microsoft.com/2003/10/Serialization/Arrays"><a:double>1.3884633331961993E-08</a:double><a:double>4.1069683764938247E-10</a:double><a:double>2.4111057594922158E-10</a:double></Value></Attribute><Attribute z:Id="i140"><AttributeType>rpy</AttributeType><IsRequired>true</IsRequired><Value i:type="a:ArrayOfdouble" xmlns:a="http://schemas.microsoft.com/2003/10/Serialization/Arrays"><a:double>0</a:double><a:double>0</a:double><a:double>0</a:double></Value></Attribute></Attributes><ChildElements/><ElementName>origin</ElementName><required>false</required><RPYAttribute z:Ref="i140"/><XYZAttribute z:Ref="i139"/><isCustomized>false</isCustomized></URDFElement><URDFElement z:Id="i141" i:type="Mass"><Attributes><Attribute z:Id="i142"><AttributeType>value</AttributeType><IsRequired>true</IsRequired><Value i:type="a:double" xmlns:a="http://www.w3.org/2001/XMLSchema">0.36703715427522754</Value></Attribute></Attributes><ChildElements/><ElementName>mass</ElementName><required>false</required><ValueAttribute z:Ref="i142"/></URDFElement><URDFElement z:Id="i143" i:type="Inertia"><Attributes><Attribute z:Id="i144"><AttributeType>ixx</AttributeType><IsRequired>true</IsRequired><Value i:type="a:double" xmlns:a="http://www.w3.org/2001/XMLSchema">0.00082344418606391156</Value></Attribute><Attribute z:Id="i145"><AttributeType>ixy</AttributeType><IsRequired>true</IsRequired><Value i:type="a:double" xmlns:a="http://www.w3.org/2001/XMLSchema">-3.66312406869814E-12</Value></Attribute><Attribute z:Id="i146"><AttributeType>ixz</AttributeType><IsRequired>true</IsRequired><Value i:type="a:double" xmlns:a="http://www.w3.org/2001/XMLSchema">-2.2416588791464881E-12</Value></Attribute><Attribute z:Id="i147"><AttributeType>iyy</AttributeType><IsRequired>true</IsRequired><Value i:type="a:double" xmlns:a="http://www.w3.org/2001/XMLSchema">0.00045030410615588313</Value></Attribute><Attribute z:Id="i148"><AttributeType>iyz</AttributeType><IsRequired>true</IsRequired><Value i:type="a:double" xmlns:a="http://www.w3.org/2001/XMLSchema">9.6159084744828517E-10</Value></Attribute><Attribute z:Id="i149"><AttributeType>izz</AttributeType><IsRequired>true</IsRequired><Value i:type="a:double" xmlns:a="http://www.w3.org/2001/XMLSchema">0.00045030356086439994</Value></Attribute></Attributes><ChildElements/><ElementName>inertia</ElementName><required>false</required><IxxAttribute z:Ref="i144"/><IxyAttribute z:Ref="i145"/><IxzAttribute z:Ref="i146"/><IyyAttribute z:Ref="i147"/><IyzAttribute z:Ref="i148"/><IzzAttribute z:Ref="i149"/></URDFElement></ChildElements><ElementName>inertial</ElementName><required>false</required><Inertia z:Ref="i143"/><Mass z:Ref="i141"/><Origin z:Ref="i138"/></URDFElement><URDFElement z:Id="i150" i:type="Visual"><Attributes/><ChildElements><URDFElement z:Id="i151" i:type="Origin"><Attributes><Attribute z:Id="i152"><AttributeType>xyz</AttributeType><IsRequired>true</IsRequired><Value i:type="a:ArrayOfdouble" xmlns:a="http://schemas.microsoft.com/2003/10/Serialization/Arrays"><a:double>0</a:double><a:double>0</a:double><a:double>0</a:double></Value></Attribute><Attribute z:Id="i153"><AttributeType>rpy</AttributeType><IsRequired>true</IsRequired><Value i:type="a:ArrayOfdouble" xmlns:a="http://schemas.microsoft.com/2003/10/Serialization/Arrays"><a:double>0</a:double><a:double>0</a:double><a:double>0</a:double></Value></Attribute></Attributes><ChildElements/><ElementName>origin</ElementName><required>false</required><RPYAttribute z:Ref="i153"/><XYZAttribute z:Ref="i152"/><isCustomized>false</isCustomized></URDFElement><URDFElement z:Id="i154" i:type="Geometry"><Attributes/><ChildElements><URDFElement z:Id="i155" i:type="Mesh"><Attributes><Attribute z:Id="i156"><AttributeType>filename</AttributeType><IsRequired>true</IsRequired><Value i:nil="true"/></Attribute></Attributes><ChildElements/><ElementName>mesh</ElementName><required>false</required><FilenameAttribute z:Ref="i156"/></URDFElement></ChildElements><ElementName>geometry</ElementName><required>true</required><Mesh z:Ref="i155"/></URDFElement><URDFElement z:Id="i157" i:type="Material"><Attributes><Attribute z:Id="i158"><AttributeType>name</AttributeType><IsRequired>true</IsRequired><Value i:type="a:string" xmlns:a="http://www.w3.org/2001/XMLSchema"/></Attribute></Attributes><ChildElements><URDFElement z:Id="i159" i:type="Color"><Attributes><Attribute z:Id="i160"><AttributeType>rgba</AttributeType><IsRequired>true</IsRequired><Value i:type="a:ArrayOfdouble" xmlns:a="http://schemas.microsoft.com/2003/10/Serialization/Arrays"><a:double>0.792156862745098</a:double><a:double>0.81960784313725488</a:double><a:double>0.93333333333333335</a:double><a:double>1</a:double></Value></Attribute></Attributes><ChildElements/><ElementName>color</ElementName><required>false</required><RGBAAttribute z:Ref="i160"/></URDFElement><URDFElement z:Id="i161" i:type="Texture"><Attributes><Attribute z:Id="i162"><AttributeType>filename</AttributeType><IsRequired>true</IsRequired><Value i:nil="true"/></Attribute></Attributes><ChildElements/><ElementName>texture</ElementName><required>false</required><FilenameAttribute z:Ref="i162"/><wFilename/></URDFElement></ChildElements><ElementName>material</ElementName><required>false</required><Color z:Ref="i159"/><NameAttribute z:Ref="i158"/><Texture z:Ref="i161"/></URDFElement></ChildElements><ElementName>visual</ElementName><required>false</required><Geometry z:Ref="i154"/><Material z:Ref="i157"/><Origin z:Ref="i151"/></URDFElement><URDFElement z:Id="i163" i:type="Collision"><Attributes/><ChildElements><URDFElement z:Id="i164" i:type="Origin"><Attributes><Attribute z:Id="i165"><AttributeType>xyz</AttributeType><IsRequired>true</IsRequired><Value i:type="a:ArrayOfdouble" xmlns:a="http://schemas.microsoft.com/2003/10/Serialization/Arrays"><a:double>0</a:double><a:double>0</a:double><a:double>0</a:double></Value></Attribute><Attribute z:Id="i166"><AttributeType>rpy</AttributeType><IsRequired>true</IsRequired><Value i:type="a:ArrayOfdouble" xmlns:a="http://schemas.microsoft.com/2003/10/Serialization/Arrays"><a:double>0</a:double><a:double>0</a:double><a:double>0</a:double></Value></Attribute></Attributes><ChildElements/><ElementName>origin</ElementName><required>false</required><RPYAttribute z:Ref="i166"/><XYZAttribute z:Ref="i165"/><isCustomized>false</isCustomized></URDFElement><URDFElement z:Id="i167" i:type="Geometry"><Attributes/><ChildElements><URDFElement z:Id="i168" i:type="Mesh"><Attributes><Attribute z:Id="i169"><AttributeType>filename</AttributeType><IsRequired>true</IsRequired><Value i:nil="true"/></Attribute></Attributes><ChildElements/><ElementName>mesh</ElementName><required>false</required><FilenameAttribute z:Ref="i169"/></URDFElement></ChildElements><ElementName>geometry</ElementName><required>true</required><Mesh z:Ref="i168"/></URDFElement></ChildElements><ElementName>collision</ElementName><required>false</required><Geometry z:Ref="i167"/><Origin z:Ref="i164"/></URDFElement><URDFElement z:Id="i170" i:type="Joint"><Attributes><Attribute z:Id="i171"><AttributeType>name</AttributeType><IsRequired>true</IsRequired><Value i:type="a:string" xmlns:a="http://www.w3.org/2001/XMLSchema">right_wheel_joint</Value></Attribute><Attribute z:Id="i172"><AttributeType>type</AttributeType><IsRequired>true</IsRequired><Value i:type="a:string" xmlns:a="http://www.w3.org/2001/XMLSchema">continuous</Value></Attribute></Attributes><ChildElements><URDFElement z:Id="i173" i:type="Origin"><Attributes><Attribute z:Id="i174"><AttributeType>xyz</AttributeType><IsRequired>true</IsRequired><Value i:type="a:ArrayOfdouble" xmlns:a="http://schemas.microsoft.com/2003/10/Serialization/Arrays"><a:double>0.53466</a:double><a:double>-0.33397</a:double><a:double>0.025369</a:double></Value></Attribute><Attribute z:Id="i175"><AttributeType>rpy</AttributeType><IsRequired>true</IsRequired><Value i:type="a:ArrayOfdouble" xmlns:a="http://schemas.microsoft.com/2003/10/Serialization/Arrays"><a:double>0</a:double><a:double>0</a:double><a:double>0</a:double></Value></Attribute></Attributes><ChildElements/><ElementName>origin</ElementName><required>false</required><RPYAttribute z:Ref="i175"/><XYZAttribute z:Ref="i174"/><isCustomized>false</isCustomized></URDFElement><URDFElement z:Id="i176" i:type="ParentLink"><Attributes><Attribute z:Id="i177"><AttributeType>link</AttributeType><IsRequired>true</IsRequired><Value i:type="a:string" xmlns:a="http://www.w3.org/2001/XMLSchema">drivetrain_base_link</Value></Attribute></Attributes><ChildElements/><ElementName>parent</ElementName><required>true</required><NameAttribute z:Ref="i177"/></URDFElement><URDFElement z:Id="i178" i:type="ChildLink"><Attributes><Attribute z:Id="i179"><AttributeType>link</AttributeType><IsRequired>true</IsRequired><Value i:type="a:string" xmlns:a="http://www.w3.org/2001/XMLSchema">right_wheel</Value></Attribute></Attributes><ChildElements/><ElementName>child</ElementName><required>true</required><NameAttribute z:Ref="i179"/></URDFElement><URDFElement z:Id="i180" i:type="Axis"><Attributes><Attribute z:Id="i181"><AttributeType>xyz</AttributeType><IsRequired>true</IsRequired><Value i:type="a:ArrayOfdouble" xmlns:a="http://schemas.microsoft.com/2003/10/Serialization/Arrays"><a:double>1</a:double><a:double>0</a:double><a:double>0</a:double></Value></Attribute></Attributes><ChildElements/><ElementName>axis</ElementName><required>false</required><XYZAttribute z:Ref="i181"/></URDFElement><URDFElement z:Id="i182" i:type="Limit"><Attributes><Attribute z:Id="i183"><AttributeType>lower</AttributeType><IsRequired>false</IsRequired><Value i:nil="true"/></Attribute><Attribute z:Id="i184"><AttributeType>upper</AttributeType><IsRequired>false</IsRequired><Value i:nil="true"/></Attribute><Attribute z:Id="i185"><AttributeType>effort</AttributeType><IsRequired>true</IsRequired><Value i:nil="true"/></Attribute><Attribute z:Id="i186"><AttributeType>velocity</AttributeType><IsRequired>true</IsRequired><Value i:nil="true"/></Attribute></Attributes><ChildElements/><ElementName>limit</ElementName><required>false</required><EffortAttribute z:Ref="i185"/><LowerAttribute z:Ref="i183"/><UpperAttribute z:Ref="i184"/><VelocityAttribute z:Ref="i186"/></URDFElement><URDFElement z:Id="i187" i:type="Calibration"><Attributes><Attribute z:Id="i188"><AttributeType>rising</AttributeType><IsRequired>false</IsRequired><Value i:nil="true"/></Attribute><Attribute z:Id="i189"><AttributeType>falling</AttributeType><IsRequired>false</IsRequired><Value i:nil="true"/></Attribute></Attributes><ChildElements/><ElementName>calibration</ElementName><required>false</required><FallingAttribute z:Ref="i189"/><RisingAttribute z:Ref="i188"/></URDFElement><URDFElement z:Id="i190" i:type="Dynamics"><Attributes><Attribute z:Id="i191"><AttributeType>damping</AttributeType><IsRequired>false</IsRequired><Value i:nil="true"/></Attribute><Attribute z:Id="i192"><AttributeType>friction</AttributeType><IsRequired>false</IsRequired><Value i:nil="true"/></Attribute></Attributes><ChildElements/><ElementName>dynamics</ElementName><required>false</required><DampingAttribute z:Ref="i191"/><FrictionAttribute z:Ref="i192"/></URDFElement><URDFElement z:Id="i193" i:type="SafetyController"><Attributes><Attribute z:Id="i194"><AttributeType>soft_upper_limit</AttributeType><IsRequired>false</IsRequired><Value i:nil="true"/></Attribute><Attribute z:Id="i195"><AttributeType>soft_lower_limit</AttributeType><IsRequired>false</IsRequired><Value i:nil="true"/></Attribute><Attribute z:Id="i196"><AttributeType>k_position</AttributeType><IsRequired>false</IsRequired><Value i:nil="true"/></Attribute><Attribute z:Id="i197"><AttributeType>k_velocity</AttributeType><IsRequired>true</IsRequired><Value i:nil="true"/></Attribute></Attributes><ChildElements/><ElementName>safety_controller</ElementName><required>false</required><KPositionAttribute z:Ref="i196"/><KVelocityAttribute z:Ref="i197"/><SoftLowerAttribute z:Ref="i195"/><SoftUpperAttribute z:Ref="i194"/></URDFElement><URDFElement z:Id="i198" i:type="Mimic"><Attributes><Attribute z:Id="i199"><AttributeType>joint</AttributeType><IsRequired>true</IsRequired><Value i:nil="true"/></Attribute><Attribute z:Id="i200"><AttributeType>multiplier</AttributeType><IsRequired>false</IsRequired><Value i:nil="true"/></Attribute><Attribute z:Id="i201"><AttributeType>offset</AttributeType><IsRequired>false</IsRequired><Value i:nil="true"/></Attribute></Attributes><ChildElements/><ElementName>mimic</ElementName><required>false</required><JointNameAttribute z:Ref="i199"/><MultiplierAttribute z:Ref="i200"/><OffsetAttribute z:Ref="i201"/></URDFElement></ChildElements><ElementName>joint</ElementName><required>false</required><Axis z:Ref="i180"/><AxisName>Axis1</AxisName><Calibration z:Ref="i187"/><Child z:Ref="i178"/><CoordinateSystemName>Origin_right_wheel_joint</CoordinateSystemName><Dynamics z:Ref="i190"/><Limit z:Ref="i182"/><Mimic z:Ref="i198"/><NameAttribute z:Ref="i171"/><Origin z:Ref="i173"/><Parent z:Ref="i176"/><Safety z:Ref="i193"/><TypeAttribute z:Ref="i172"/></URDFElement></ChildElements><ElementName>link</ElementName><required>true</required><Children/><Collision z:Ref="i163"/><Inertial z:Ref="i137"/><Joint z:Ref="i170"/><NameAttribute z:Ref="i136"/><Parent z:Ref="i1"/><STLQualityFine>false</STLQualityFine><SWComponentPIDs xmlns:a="http://schemas.microsoft.com/2003/10/Serialization/Arrays"><a:base64Binary>gD4AAAUAAAD//v8bNQBpAG4AIABDAG8AbABzAG8AbgAgAFcAaABlAGUAbAAtADEAQABBAHMAcwBlAG0AYgBsAHkABAAAABAAAAABAAAAAQAAALEBAAA=</a:base64Binary></SWComponentPIDs><SWMainComponentPID i:nil="true"/><Visual z:Ref="i150"/><isFixedFrame>false</isFixedFrame><isIncomplete>false</isIncomplete></Link><Link z:Id="i202"><Attributes><Attribute z:Id="i203"><AttributeType>name</AttributeType><IsRequired>true</IsRequired><Value i:type="a:string" xmlns:a="http://www.w3.org/2001/XMLSchema">left_front_wheel</Value></Attribute></Attributes><ChildElements><URDFElement z:Id="i204" i:type="Inertial"><Attributes/><ChildElements><URDFElement z:Id="i205" i:type="Origin"><Attributes><Attribute z:Id="i206"><AttributeType>xyz</AttributeType><IsRequired>true</IsRequired><Value i:type="a:ArrayOfdouble" xmlns:a="http://schemas.microsoft.com/2003/10/Serialization/Arrays"><a:double>-4.7411E-10</a:double><a:double>-2.275E-11</a:double><a:double>1.3885E-08</a:double></Value></Attribute><Attribute z:Id="i207"><AttributeType>rpy</AttributeType><IsRequired>true</IsRequired><Value i:type="a:ArrayOfdouble" xmlns:a="http://schemas.microsoft.com/2003/10/Serialization/Arrays"><a:double>0</a:double><a:double>0</a:double><a:double>0</a:double></Value></Attribute></Attributes><ChildElements/><ElementName>origin</ElementName><required>false</required><RPYAttribute z:Ref="i207"/><XYZAttribute z:Ref="i206"/><isCustomized>false</isCustomized></URDFElement><URDFElement z:Id="i208" i:type="Mass"><Attributes><Attribute z:Id="i209"><AttributeType>value</AttributeType><IsRequired>true</IsRequired><Value i:type="a:double" xmlns:a="http://www.w3.org/2001/XMLSchema">0.36704</Value></Attribute></Attributes><ChildElements/><ElementName>mass</ElementName><required>false</required><ValueAttribute z:Ref="i209"/></URDFElement><URDFElement z:Id="i210" i:type="Inertia"><Attributes><Attribute z:Id="i211"><AttributeType>ixx</AttributeType><IsRequired>true</IsRequired><Value i:type="a:double" xmlns:a="http://www.w3.org/2001/XMLSchema">0.0004503</Value></Attribute><Attribute z:Id="i212"><AttributeType>ixy</AttributeType><IsRequired>true</IsRequired><Value i:type="a:double" xmlns:a="http://www.w3.org/2001/XMLSchema">2.9831E-10</Value></Attribute><Attribute z:Id="i213"><AttributeType>ixz</AttributeType><IsRequired>true</IsRequired><Value i:type="a:double" xmlns:a="http://www.w3.org/2001/XMLSchema">4.2885E-12</Value></Attribute><Attribute z:Id="i214"><AttributeType>iyy</AttributeType><IsRequired>true</IsRequired><Value i:type="a:double" xmlns:a="http://www.w3.org/2001/XMLSchema">0.0004503</Value></Attribute><Attribute z:Id="i215"><AttributeType>iyz</AttributeType><IsRequired>true</IsRequired><Value i:type="a:double" xmlns:a="http://www.w3.org/2001/XMLSchema">2.2942E-13</Value></Attribute><Attribute z:Id="i216"><AttributeType>izz</AttributeType><IsRequired>true</IsRequired><Value i:type="a:double" xmlns:a="http://www.w3.org/2001/XMLSchema">0.00082344</Value></Attribute></Attributes><ChildElements/><ElementName>inertia</ElementName><required>false</required><IxxAttribute z:Ref="i211"/><IxyAttribute z:Ref="i212"/><IxzAttribute z:Ref="i213"/><IyyAttribute z:Ref="i214"/><IyzAttribute z:Ref="i215"/><IzzAttribute z:Ref="i216"/></URDFElement></ChildElements><ElementName>inertial</ElementName><required>false</required><Inertia z:Ref="i210"/><Mass z:Ref="i208"/><Origin z:Ref="i205"/></URDFElement><URDFElement z:Id="i217" i:type="Visual"><Attributes/><ChildElements><URDFElement z:Id="i218" i:type="Origin"><Attributes><Attribute z:Id="i219"><AttributeType>xyz</AttributeType><IsRequired>true</IsRequired><Value i:type="a:ArrayOfdouble" xmlns:a="http://schemas.microsoft.com/2003/10/Serialization/Arrays"><a:double>0</a:double><a:double>0</a:double><a:double>0</a:double></Value></Attribute><Attribute z:Id="i220"><AttributeType>rpy</AttributeType><IsRequired>true</IsRequired><Value i:type="a:ArrayOfdouble" xmlns:a="http://schemas.microsoft.com/2003/10/Serialization/Arrays"><a:double>0</a:double><a:double>0</a:double><a:double>0</a:double></Value></Attribute></Attributes><ChildElements/><ElementName>origin</ElementName><required>false</required><RPYAttribute z:Ref="i220"/><XYZAttribute z:Ref="i219"/><isCustomized>false</isCustomized></URDFElement><URDFElement z:Id="i221" i:type="Geometry"><Attributes/><ChildElements><URDFElement z:Id="i222" i:type="Mesh"><Attributes><Attribute z:Id="i223"><AttributeType>filename</AttributeType><IsRequired>true</IsRequired><Value i:nil="true"/></Attribute></Attributes><ChildElements/><ElementName>mesh</ElementName><required>false</required><FilenameAttribute z:Ref="i223"/></URDFElement></ChildElements><ElementName>geometry</ElementName><required>true</required><Mesh z:Ref="i222"/></URDFElement><URDFElement z:Id="i224" i:type="Material"><Attributes><Attribute z:Id="i225"><AttributeType>name</AttributeType><IsRequired>true</IsRequired><Value i:type="a:string" xmlns:a="http://www.w3.org/2001/XMLSchema"/></Attribute></Attributes><ChildElements><URDFElement z:Id="i226" i:type="Color"><Attributes><Attribute z:Id="i227"><AttributeType>rgba</AttributeType><IsRequired>true</IsRequired><Value i:type="a:ArrayOfdouble" xmlns:a="http://schemas.microsoft.com/2003/10/Serialization/Arrays"><a:double>0.79216</a:double><a:double>0.81961</a:double><a:double>0.93333</a:double><a:double>1</a:double></Value></Attribute></Attributes><ChildElements/><ElementName>color</ElementName><required>false</required><RGBAAttribute z:Ref="i227"/></URDFElement><URDFElement z:Id="i228" i:type="Texture"><Attributes><Attribute z:Id="i229"><AttributeType>filename</AttributeType><IsRequired>true</IsRequired><Value i:nil="true"/></Attribute></Attributes><ChildElements/><ElementName>texture</ElementName><required>false</required><FilenameAttribute z:Ref="i229"/><wFilename/></URDFElement></ChildElements><ElementName>material</ElementName><required>false</required><Color z:Ref="i226"/><NameAttribute z:Ref="i225"/><Texture z:Ref="i228"/></URDFElement></ChildElements><ElementName>visual</ElementName><required>false</required><Geometry z:Ref="i221"/><Material z:Ref="i224"/><Origin z:Ref="i218"/></URDFElement><URDFElement z:Id="i230" i:type="Collision"><Attributes/><ChildElements><URDFElement z:Id="i231" i:type="Origin"><Attributes><Attribute z:Id="i232"><AttributeType>xyz</AttributeType><IsRequired>true</IsRequired><Value i:type="a:ArrayOfdouble" xmlns:a="http://schemas.microsoft.com/2003/10/Serialization/Arrays"><a:double>0</a:double><a:double>0</a:double><a:double>0</a:double></Value></Attribute><Attribute z:Id="i233"><AttributeType>rpy</AttributeType><IsRequired>true</IsRequired><Value i:type="a:ArrayOfdouble" xmlns:a="http://schemas.microsoft.com/2003/10/Serialization/Arrays"><a:double>0</a:double><a:double>0</a:double><a:double>0</a:double></Value></Attribute></Attributes><ChildElements/><ElementName>origin</ElementName><required>false</required><RPYAttribute z:Ref="i233"/><XYZAttribute z:Ref="i232"/><isCustomized>false</isCustomized></URDFElement><URDFElement z:Id="i234" i:type="Geometry"><Attributes/><ChildElements><URDFElement z:Id="i235" i:type="Mesh"><Attributes><Attribute z:Id="i236"><AttributeType>filename</AttributeType><IsRequired>true</IsRequired><Value i:nil="true"/></Attribute></Attributes><ChildElements/><ElementName>mesh</ElementName><required>false</required><FilenameAttribute z:Ref="i236"/></URDFElement></ChildElements><ElementName>geometry</ElementName><required>true</required><Mesh z:Ref="i235"/></URDFElement></ChildElements><ElementName>collision</ElementName><required>false</required><Geometry z:Ref="i234"/><Origin z:Ref="i231"/></URDFElement><URDFElement z:Id="i237" i:type="Joint"><Attributes><Attribute z:Id="i238"><AttributeType>name</AttributeType><IsRequired>true</IsRequired><Value i:type="a:string" xmlns:a="http://www.w3.org/2001/XMLSchema">left_front_wheel_joint</Value></Attribute><Attribute z:Id="i239"><AttributeType>type</AttributeType><IsRequired>true</IsRequired><Value i:type="a:string" xmlns:a="http://www.w3.org/2001/XMLSchema">continuous</Value></Attribute></Attributes><ChildElements><URDFElement z:Id="i240" i:type="Origin"><Attributes><Attribute z:Id="i241"><AttributeType>xyz</AttributeType><IsRequired>true</IsRequired><Value i:type="a:ArrayOfdouble" xmlns:a="http://schemas.microsoft.com/2003/10/Serialization/Arrays"><a:double>-0.017386</a:double><a:double>-0.10541</a:double><a:double>0.0254</a:double></Value></Attribute><Attribute z:Id="i242"><AttributeType>rpy</AttributeType><IsRequired>true</IsRequired><Value i:type="a:ArrayOfdouble" xmlns:a="http://schemas.microsoft.com/2003/10/Serialization/Arrays"><a:double>-1.5708</a:double><a:double>1.2843</a:double><a:double>1.5708</a:double></Value></Attribute></Attributes><ChildElements/><ElementName>origin</ElementName><required>false</required><RPYAttribute z:Ref="i242"/><XYZAttribute z:Ref="i241"/><isCustomized>false</isCustomized></URDFElement><URDFElement z:Id="i243" i:type="ParentLink"><Attributes><Attribute z:Id="i244"><AttributeType>link</AttributeType><IsRequired>true</IsRequired><Value i:type="a:string" xmlns:a="http://www.w3.org/2001/XMLSchema">drivetrain_base_link</Value></Attribute></Attributes><ChildElements/><ElementName>parent</ElementName><required>true</required><NameAttribute z:Ref="i244"/></URDFElement><URDFElement z:Id="i245" i:type="ChildLink"><Attributes><Attribute z:Id="i246"><AttributeType>link</AttributeType><IsRequired>true</IsRequired><Value i:type="a:string" xmlns:a="http://www.w3.org/2001/XMLSchema">left_front_wheel</Value></Attribute></Attributes><ChildElements/><ElementName>child</ElementName><required>true</required><NameAttribute z:Ref="i246"/></URDFElement><URDFElement z:Id="i247" i:type="Axis"><Attributes><Attribute z:Id="i248"><AttributeType>xyz</AttributeType><IsRequired>true</IsRequired><Value i:type="a:ArrayOfdouble" xmlns:a="http://schemas.microsoft.com/2003/10/Serialization/Arrays"><a:double>0</a:double><a:double>0</a:double><a:double>0</a:double></Value></Attribute></Attributes><ChildElements/><ElementName>axis</ElementName><required>false</required><XYZAttribute z:Ref="i248"/></URDFElement><URDFElement z:Id="i249" i:type="Limit"><Attributes><Attribute z:Id="i250"><AttributeType>lower</AttributeType><IsRequired>false</IsRequired><Value i:nil="true"/></Attribute><Attribute z:Id="i251"><AttributeType>upper</AttributeType><IsRequired>false</IsRequired><Value i:nil="true"/></Attribute><Attribute z:Id="i252"><AttributeType>effort</AttributeType><IsRequired>true</IsRequired><Value i:nil="true"/></Attribute><Attribute z:Id="i253"><AttributeType>velocity</AttributeType><IsRequired>true</IsRequired><Value i:nil="true"/></Attribute></Attributes><ChildElements/><ElementName>limit</ElementName><required>false</required><EffortAttribute z:Ref="i252"/><LowerAttribute z:Ref="i250"/><UpperAttribute z:Ref="i251"/><VelocityAttribute z:Ref="i253"/></URDFElement><URDFElement z:Id="i254" i:type="Calibration"><Attributes><Attribute z:Id="i255"><AttributeType>rising</AttributeType><IsRequired>false</IsRequired><Value i:nil="true"/></Attribute><Attribute z:Id="i256"><AttributeType>falling</AttributeType><IsRequired>false</IsRequired><Value i:nil="true"/></Attribute></Attributes><ChildElements/><ElementName>calibration</ElementName><required>false</required><FallingAttribute z:Ref="i256"/><RisingAttribute z:Ref="i255"/></URDFElement><URDFElement z:Id="i257" i:type="Dynamics"><Attributes><Attribute z:Id="i258"><AttributeType>damping</AttributeType><IsRequired>false</IsRequired><Value i:nil="true"/></Attribute><Attribute z:Id="i259"><AttributeType>friction</AttributeType><IsRequired>false</IsRequired><Value i:nil="true"/></Attribute></Attributes><ChildElements/><ElementName>dynamics</ElementName><required>false</required><DampingAttribute z:Ref="i258"/><FrictionAttribute z:Ref="i259"/></URDFElement><URDFElement z:Id="i260" i:type="SafetyController"><Attributes><Attribute z:Id="i261"><AttributeType>soft_upper_limit</AttributeType><IsRequired>false</IsRequired><Value i:nil="true"/></Attribute><Attribute z:Id="i262"><AttributeType>soft_lower_limit</AttributeType><IsRequired>false</IsRequired><Value i:nil="true"/></Attribute><Attribute z:Id="i263"><AttributeType>k_position</AttributeType><IsRequired>false</IsRequired><Value i:nil="true"/></Attribute><Attribute z:Id="i264"><AttributeType>k_velocity</AttributeType><IsRequired>true</IsRequired><Value i:nil="true"/></Attribute></Attributes><ChildElements/><ElementName>safety_controller</ElementName><required>false</required><KPositionAttribute z:Ref="i263"/><KVelocityAttribute z:Ref="i264"/><SoftLowerAttribute z:Ref="i262"/><SoftUpperAttribute z:Ref="i261"/></URDFElement><URDFElement z:Id="i265" i:type="Mimic"><Attributes><Attribute z:Id="i266"><AttributeType>joint</AttributeType><IsRequired>true</IsRequired><Value i:nil="true"/></Attribute><Attribute z:Id="i267"><AttributeType>multiplier</AttributeType><IsRequired>false</IsRequired><Value i:nil="true"/></Attribute><Attribute z:Id="i268"><AttributeType>offset</AttributeType><IsRequired>false</IsRequired><Value i:nil="true"/></Attribute></Attributes><ChildElements/><ElementName>mimic</ElementName><required>false</required><JointNameAttribute z:Ref="i266"/><MultiplierAttribute z:Ref="i267"/><OffsetAttribute z:Ref="i268"/></URDFElement></ChildElements><ElementName>joint</ElementName><required>false</required><Axis z:Ref="i247"/><AxisName>front_axis</AxisName><Calibration z:Ref="i254"/><Child z:Ref="i245"/><CoordinateSystemName>Origin_left_front_wheel_joint</CoordinateSystemName><Dynamics z:Ref="i257"/><Limit z:Ref="i249"/><Mimic z:Ref="i265"/><NameAttribute z:Ref="i238"/><Origin z:Ref="i240"/><Parent z:Ref="i243"/><Safety z:Ref="i260"/><TypeAttribute z:Ref="i239"/></URDFElement></ChildElements><ElementName>link</ElementName><required>true</required><Children/><Collision z:Ref="i230"/><Inertial z:Ref="i204"/><Joint z:Ref="i237"/><NameAttribute z:Ref="i203"/><Parent z:Ref="i1"/><STLQualityFine>false</STLQualityFine><SWComponentPIDs xmlns:a="http://schemas.microsoft.com/2003/10/Serialization/Arrays"><a:base64Binary>gD4AAAUAAAD//v9FUwBpAGQAZQAgAFcAaABlAGUAbAAgAEEAcwBzAGUAbQBiAGwAeQAtADEAQABBAHMAcwBlAG0AYgBsAHkALwA1AGkAbgAgAEMAbwBsAHMAbwBuACAAVwBoAGUAZQBsAC0AMQBAAFMAaQBkAGUAIABXAGgAZQBlAGwAIABBAHMAcwBlAG0AYgBsAHkABAAAABAAAAABAAAAAgAAABgAAAAZAAAA</a:base64Binary></SWComponentPIDs><SWMainComponentPID i:nil="true"/><Visual z:Ref="i217"/><isFixedFrame>false</isFixedFrame><isIncomplete>false</isIncomplete></Link><Link z:Id="i269"><Attributes><Attribute z:Id="i270"><AttributeType>name</AttributeType><IsRequired>true</IsRequired><Value i:type="a:string" xmlns:a="http://www.w3.org/2001/XMLSchema">right_front_wheel</Value></Attribute></Attributes><ChildElements><URDFElement z:Id="i271" i:type="Inertial"><Attributes/><ChildElements><URDFElement z:Id="i272" i:type="Origin"><Attributes><Attribute z:Id="i273"><AttributeType>xyz</AttributeType><IsRequired>true</IsRequired><Value i:type="a:ArrayOfdouble" xmlns:a="http://schemas.microsoft.com/2003/10/Serialization/Arrays"><a:double>-4.7594772567549626E-10</a:double><a:double>-1.6735113295140991E-11</a:double><a:double>1.3884633442984295E-08</a:double></Value></Attribute><Attribute z:Id="i274"><AttributeType>rpy</AttributeType><IsRequired>true</IsRequired><Value i:type="a:ArrayOfdouble" xmlns:a="http://schemas.microsoft.com/2003/10/Serialization/Arrays"><a:double>0</a:double><a:double>0</a:double><a:double>0</a:double></Value></Attribute></Attributes><ChildElements/><ElementName>origin</ElementName><required>false</required><RPYAttribute z:Ref="i274"/><XYZAttribute z:Ref="i273"/><isCustomized>false</isCustomized></URDFElement><URDFElement z:Id="i275" i:type="Mass"><Attributes><Attribute z:Id="i276"><AttributeType>value</AttributeType><IsRequired>true</IsRequired><Value i:type="a:double" xmlns:a="http://www.w3.org/2001/XMLSchema">0.36703715427522737</Value></Attribute></Attributes><ChildElements/><ElementName>mass</ElementName><required>false</required><ValueAttribute z:Ref="i276"/></URDFElement><URDFElement z:Id="i277" i:type="Inertia"><Attributes><Attribute z:Id="i278"><AttributeType>ixx</AttributeType><IsRequired>true</IsRequired><Value i:type="a:double" xmlns:a="http://www.w3.org/2001/XMLSchema">0.00045030478745143094</Value></Attribute><Attribute z:Id="i279"><AttributeType>ixy</AttributeType><IsRequired>true</IsRequired><Value i:type="a:double" xmlns:a="http://www.w3.org/2001/XMLSchema">2.9830969313672517E-10</Value></Attribute><Attribute z:Id="i280"><AttributeType>ixz</AttributeType><IsRequired>true</IsRequired><Value i:type="a:double" xmlns:a="http://www.w3.org/2001/XMLSchema">4.2884591446136684E-12</Value></Attribute><Attribute z:Id="i281"><AttributeType>iyy</AttributeType><IsRequired>true</IsRequired><Value i:type="a:double" xmlns:a="http://www.w3.org/2001/XMLSchema">0.00045030287956884861</Value></Attribute><Attribute z:Id="i282"><AttributeType>iyz</AttributeType><IsRequired>true</IsRequired><Value i:type="a:double" xmlns:a="http://www.w3.org/2001/XMLSchema">2.29417854323459E-13</Value></Attribute><Attribute z:Id="i283"><AttributeType>izz</AttributeType><IsRequired>true</IsRequired><Value i:type="a:double" xmlns:a="http://www.w3.org/2001/XMLSchema">0.0008234441860639082</Value></Attribute></Attributes><ChildElements/><ElementName>inertia</ElementName><required>false</required><IxxAttribute z:Ref="i278"/><IxyAttribute z:Ref="i279"/><IxzAttribute z:Ref="i280"/><IyyAttribute z:Ref="i281"/><IyzAttribute z:Ref="i282"/><IzzAttribute z:Ref="i283"/></URDFElement></ChildElements><ElementName>inertial</ElementName><required>false</required><Inertia z:Ref="i277"/><Mass z:Ref="i275"/><Origin z:Ref="i272"/></URDFElement><URDFElement z:Id="i284" i:type="Visual"><Attributes/><ChildElements><URDFElement z:Id="i285" i:type="Origin"><Attributes><Attribute z:Id="i286"><AttributeType>xyz</AttributeType><IsRequired>true</IsRequired><Value i:type="a:ArrayOfdouble" xmlns:a="http://schemas.microsoft.com/2003/10/Serialization/Arrays"><a:double>0</a:double><a:double>0</a:double><a:double>0</a:double></Value></Attribute><Attribute z:Id="i287"><AttributeType>rpy</AttributeType><IsRequired>true</IsRequired><Value i:type="a:ArrayOfdouble" xmlns:a="http://schemas.microsoft.com/2003/10/Serialization/Arrays"><a:double>0</a:double><a:double>0</a:double><a:double>0</a:double></Value></Attribute></Attributes><ChildElements/><ElementName>origin</ElementName><required>false</required><RPYAttribute z:Ref="i287"/><XYZAttribute z:Ref="i286"/><isCustomized>false</isCustomized></URDFElement><URDFElement z:Id="i288" i:type="Geometry"><Attributes/><ChildElements><URDFElement z:Id="i289" i:type="Mesh"><Attributes><Attribute z:Id="i290"><AttributeType>filename</AttributeType><IsRequired>true</IsRequired><Value i:nil="true"/></Attribute></Attributes><ChildElements/><ElementName>mesh</ElementName><required>false</required><FilenameAttribute z:Ref="i290"/></URDFElement></ChildElements><ElementName>geometry</ElementName><required>true</required><Mesh z:Ref="i289"/></URDFElement><URDFElement z:Id="i291" i:type="Material"><Attributes><Attribute z:Id="i292"><AttributeType>name</AttributeType><IsRequired>true</IsRequired><Value i:type="a:string" xmlns:a="http://www.w3.org/2001/XMLSchema"/></Attribute></Attributes><ChildElements><URDFElement z:Id="i293" i:type="Color"><Attributes><Attribute z:Id="i294"><AttributeType>rgba</AttributeType><IsRequired>true</IsRequired><Value i:type="a:ArrayOfdouble" xmlns:a="http://schemas.microsoft.com/2003/10/Serialization/Arrays"><a:double>0.792156862745098</a:double><a:double>0.81960784313725488</a:double><a:double>0.93333333333333335</a:double><a:double>1</a:double></Value></Attribute></Attributes><ChildElements/><ElementName>color</ElementName><required>false</required><RGBAAttribute z:Ref="i294"/></URDFElement><URDFElement z:Id="i295" i:type="Texture"><Attributes><Attribute z:Id="i296"><AttributeType>filename</AttributeType><IsRequired>true</IsRequired><Value i:nil="true"/></Attribute></Attributes><ChildElements/><ElementName>texture</ElementName><required>false</required><FilenameAttribute z:Ref="i296"/><wFilename/></URDFElement></ChildElements><ElementName>material</ElementName><required>false</required><Color z:Ref="i293"/><NameAttribute z:Ref="i292"/><Texture z:Ref="i295"/></URDFElement></ChildElements><ElementName>visual</ElementName><required>false</required><Geometry z:Ref="i288"/><Material z:Ref="i291"/><Origin z:Ref="i285"/></URDFElement><URDFElement z:Id="i297" i:type="Collision"><Attributes/><ChildElements><URDFElement z:Id="i298" i:type="Origin"><Attributes><Attribute z:Id="i299"><AttributeType>xyz</AttributeType><IsRequired>true</IsRequired><Value i:type="a:ArrayOfdouble" xmlns:a="http://schemas.microsoft.com/2003/10/Serialization/Arrays"><a:double>0</a:double><a:double>0</a:double><a:double>0</a:double></Value></Attribute><Attribute z:Id="i300"><AttributeType>rpy</AttributeType><IsRequired>true</IsRequired><Value i:type="a:ArrayOfdouble" xmlns:a="http://schemas.microsoft.com/2003/10/Serialization/Arrays"><a:double>0</a:double><a:double>0</a:double><a:double>0</a:double></Value></Attribute></Attributes><ChildElements/><ElementName>origin</ElementName><required>false</required><RPYAttribute z:Ref="i300"/><XYZAttribute z:Ref="i299"/><isCustomized>false</isCustomized></URDFElement><URDFElement z:Id="i301" i:type="Geometry"><Attributes/><ChildElements><URDFElement z:Id="i302" i:type="Mesh"><Attributes><Attribute z:Id="i303"><AttributeType>filename</AttributeType><IsRequired>true</IsRequired><Value i:nil="true"/></Attribute></Attributes><ChildElements/><ElementName>mesh</ElementName><required>false</required><FilenameAttribute z:Ref="i303"/></URDFElement></ChildElements><ElementName>geometry</ElementName><required>true</required><Mesh z:Ref="i302"/></URDFElement></ChildElements><ElementName>collision</ElementName><required>false</required><Geometry z:Ref="i301"/><Origin z:Ref="i298"/></URDFElement><URDFElement z:Id="i304" i:type="Joint"><Attributes><Attribute z:Id="i305"><AttributeType>name</AttributeType><IsRequired>true</IsRequired><Value i:type="a:string" xmlns:a="http://www.w3.org/2001/XMLSchema">right_front_wheel_joint</Value></Attribute><Attribute z:Id="i306"><AttributeType>type</AttributeType><IsRequired>true</IsRequired><Value i:type="a:string" xmlns:a="http://www.w3.org/2001/XMLSchema">continuous</Value></Attribute></Attributes><ChildElements><URDFElement z:Id="i307" i:type="Origin"><Attributes><Attribute z:Id="i308"><AttributeType>xyz</AttributeType><IsRequired>true</IsRequired><Value i:type="a:ArrayOfdouble" xmlns:a="http://schemas.microsoft.com/2003/10/Serialization/Arrays"><a:double>0.52539</a:double><a:double>-0.10541</a:double><a:double>0.0254</a:double></Value></Attribute><Attribute z:Id="i309"><AttributeType>rpy</AttributeType><IsRequired>true</IsRequired><Value i:type="a:ArrayOfdouble" xmlns:a="http://schemas.microsoft.com/2003/10/Serialization/Arrays"><a:double>-1.5708</a:double><a:double>1.1377</a:double><a:double>-1.5708</a:double></Value></Attribute></Attributes><ChildElements/><ElementName>origin</ElementName><required>false</required><RPYAttribute z:Ref="i309"/><XYZAttribute z:Ref="i308"/><isCustomized>false</isCustomized></URDFElement><URDFElement z:Id="i310" i:type="ParentLink"><Attributes><Attribute z:Id="i311"><AttributeType>link</AttributeType><IsRequired>true</IsRequired><Value i:type="a:string" xmlns:a="http://www.w3.org/2001/XMLSchema">drivetrain_base_link</Value></Attribute></Attributes><ChildElements/><ElementName>parent</ElementName><required>true</required><NameAttribute z:Ref="i311"/></URDFElement><URDFElement z:Id="i312" i:type="ChildLink"><Attributes><Attribute z:Id="i313"><AttributeType>link</AttributeType><IsRequired>true</IsRequired><Value i:type="a:string" xmlns:a="http://www.w3.org/2001/XMLSchema">right_front_wheel</Value></Attribute></Attributes><ChildElements/><ElementName>child</ElementName><required>true</required><NameAttribute z:Ref="i313"/></URDFElement><URDFElement z:Id="i314" i:type="Axis"><Attributes><Attribute z:Id="i315"><AttributeType>xyz</AttributeType><IsRequired>true</IsRequired><Value i:type="a:ArrayOfdouble" xmlns:a="http://schemas.microsoft.com/2003/10/Serialization/Arrays"><a:double>0</a:double><a:double>0</a:double><a:double>0</a:double></Value></Attribute></Attributes><ChildElements/><ElementName>axis</ElementName><required>false</required><XYZAttribute z:Ref="i315"/></URDFElement><URDFElement z:Id="i316" i:type="Limit"><Attributes><Attribute z:Id="i317"><AttributeType>lower</AttributeType><IsRequired>false</IsRequired><Value i:nil="true"/></Attribute><Attribute z:Id="i318"><AttributeType>upper</AttributeType><IsRequired>false</IsRequired><Value i:nil="true"/></Attribute><Attribute z:Id="i319"><AttributeType>effort</AttributeType><IsRequired>true</IsRequired><Value i:nil="true"/></Attribute><Attribute z:Id="i320"><AttributeType>velocity</AttributeType><IsRequired>true</IsRequired><Value i:nil="true"/></Attribute></Attributes><ChildElements/><ElementName>limit</ElementName><required>false</required><EffortAttribute z:Ref="i319"/><LowerAttribute z:Ref="i317"/><UpperAttribute z:Ref="i318"/><VelocityAttribute z:Ref="i320"/></URDFElement><URDFElement z:Id="i321" i:type="Calibration"><Attributes><Attribute z:Id="i322"><AttributeType>rising</AttributeType><IsRequired>false</IsRequired><Value i:nil="true"/></Attribute><Attribute z:Id="i323"><AttributeType>falling</AttributeType><IsRequired>false</IsRequired><Value i:nil="true"/></Attribute></Attributes><ChildElements/><ElementName>calibration</ElementName><required>false</required><FallingAttribute z:Ref="i323"/><RisingAttribute z:Ref="i322"/></URDFElement><URDFElement z:Id="i324" i:type="Dynamics"><Attributes><Attribute z:Id="i325"><AttributeType>damping</AttributeType><IsRequired>false</IsRequired><Value i:nil="true"/></Attribute><Attribute z:Id="i326"><AttributeType>friction</AttributeType><IsRequired>false</IsRequired><Value i:nil="true"/></Attribute></Attributes><ChildElements/><ElementName>dynamics</ElementName><required>false</required><DampingAttribute z:Ref="i325"/><FrictionAttribute z:Ref="i326"/></URDFElement><URDFElement z:Id="i327" i:type="SafetyController"><Attributes><Attribute z:Id="i328"><AttributeType>soft_upper_limit</AttributeType><IsRequired>false</IsRequired><Value i:nil="true"/></Attribute><Attribute z:Id="i329"><AttributeType>soft_lower_limit</AttributeType><IsRequired>false</IsRequired><Value i:nil="true"/></Attribute><Attribute z:Id="i330"><AttributeType>k_position</AttributeType><IsRequired>false</IsRequired><Value i:nil="true"/></Attribute><Attribute z:Id="i331"><AttributeType>k_velocity</AttributeType><IsRequired>true</IsRequired><Value i:nil="true"/></Attribute></Attributes><ChildElements/><ElementName>safety_controller</ElementName><required>false</required><KPositionAttribute z:Ref="i330"/><KVelocityAttribute z:Ref="i331"/><SoftLowerAttribute z:Ref="i329"/><SoftUpperAttribute z:Ref="i328"/></URDFElement><URDFElement z:Id="i332" i:type="Mimic"><Attributes><Attribute z:Id="i333"><AttributeType>joint</AttributeType><IsRequired>true</IsRequired><Value i:nil="true"/></Attribute><Attribute z:Id="i334"><AttributeType>multiplier</AttributeType><IsRequired>false</IsRequired><Value i:nil="true"/></Attribute><Attribute z:Id="i335"><AttributeType>offset</AttributeType><IsRequired>false</IsRequired><Value i:nil="true"/></Attribute></Attributes><ChildElements/><ElementName>mimic</ElementName><required>false</required><JointNameAttribute z:Ref="i333"/><MultiplierAttribute z:Ref="i334"/><OffsetAttribute z:Ref="i335"/></URDFElement></ChildElements><ElementName>joint</ElementName><required>false</required><Axis z:Ref="i314"/><AxisName>front_axis</AxisName><Calibration z:Ref="i321"/><Child z:Ref="i312"/><CoordinateSystemName>Origin_right_front_wheel_joint</CoordinateSystemName><Dynamics z:Ref="i324"/><Limit z:Ref="i316"/><Mimic z:Ref="i332"/><NameAttribute z:Ref="i305"/><Origin z:Ref="i307"/><Parent z:Ref="i310"/><Safety z:Ref="i327"/><TypeAttribute z:Ref="i306"/></URDFElement></ChildElements><ElementName>link</ElementName><required>true</required><Children/><Collision z:Ref="i297"/><Inertial z:Ref="i271"/><Joint z:Ref="i304"/><NameAttribute z:Ref="i270"/><Parent z:Ref="i1"/><STLQualityFine>false</STLQualityFine><SWComponentPIDs xmlns:a="http://schemas.microsoft.com/2003/10/Serialization/Arrays"><a:base64Binary>gD4AAAUAAAD//v9FUwBpAGQAZQAgAFcAaABlAGUAbAAgAEEAcwBzAGUAbQBiAGwAeQAtADMAQABBAHMAcwBlAG0AYgBsAHkALwA1AGkAbgAgAEMAbwBsAHMAbwBuACAAVwBoAGUAZQBsAC0AMQBAAFMAaQBkAGUAIABXAGgAZQBlAGwAIABBAHMAcwBlAG0AYgBsAHkABAAAABAAAAABAAAAAgAAADwAAAAZAAAA</a:base64Binary></SWComponentPIDs><SWMainComponentPID i:nil="true"/><Visual z:Ref="i284"/><isFixedFrame>false</isFixedFrame><isIncomplete>false</isIncomplete></Link><Link z:Id="i336"><Attributes><Attribute z:Id="i337"><AttributeType>name</AttributeType><IsRequired>true</IsRequired><Value i:type="a:string" xmlns:a="http://www.w3.org/2001/XMLSchema">left_back_wheel</Value></Attribute></Attributes><ChildElements><URDFElement z:Id="i338" i:type="Inertial"><Attributes/><ChildElements><URDFElement z:Id="i339" i:type="Origin"><Attributes><Attribute z:Id="i340"><AttributeType>xyz</AttributeType><IsRequired>true</IsRequired><Value i:type="a:ArrayOfdouble" xmlns:a="http://schemas.microsoft.com/2003/10/Serialization/Arrays"><a:double>-4.7594728158628641E-10</a:double><a:double>-1.6734946761687297E-11</a:double><a:double>1.38846336650289E-08</a:double></Value></Attribute><Attribute z:Id="i341"><AttributeType>rpy</AttributeType><IsRequired>true</IsRequired><Value i:type="a:ArrayOfdouble" xmlns:a="http://schemas.microsoft.com/2003/10/Serialization/Arrays"><a:double>0</a:double><a:double>0</a:double><a:double>0</a:double></Value></Attribute></Attributes><ChildElements/><ElementName>origin</ElementName><required>false</required><RPYAttribute z:Ref="i341"/><XYZAttribute z:Ref="i340"/><isCustomized>false</isCustomized></URDFElement><URDFElement z:Id="i342" i:type="Mass"><Attributes><Attribute z:Id="i343"><AttributeType>value</AttributeType><IsRequired>true</IsRequired><Value i:type="a:double" xmlns:a="http://www.w3.org/2001/XMLSchema">0.36703715427522726</Value></Attribute></Attributes><ChildElements/><ElementName>mass</ElementName><required>false</required><ValueAttribute z:Ref="i343"/></URDFElement><URDFElement z:Id="i344" i:type="Inertia"><Attributes><Attribute z:Id="i345"><AttributeType>ixx</AttributeType><IsRequired>true</IsRequired><Value i:type="a:double" xmlns:a="http://www.w3.org/2001/XMLSchema">0.00045030478745143176</Value></Attribute><Attribute z:Id="i346"><AttributeType>ixy</AttributeType><IsRequired>true</IsRequired><Value i:type="a:double" xmlns:a="http://www.w3.org/2001/XMLSchema">2.9830969352974846E-10</Value></Attribute><Attribute z:Id="i347"><AttributeType>ixz</AttributeType><IsRequired>true</IsRequired><Value i:type="a:double" xmlns:a="http://www.w3.org/2001/XMLSchema">4.2884586780088341E-12</Value></Attribute><Attribute z:Id="i348"><AttributeType>iyy</AttributeType><IsRequired>true</IsRequired><Value i:type="a:double" xmlns:a="http://www.w3.org/2001/XMLSchema">0.00045030287956884996</Value></Attribute><Attribute z:Id="i349"><AttributeType>iyz</AttributeType><IsRequired>true</IsRequired><Value i:type="a:double" xmlns:a="http://www.w3.org/2001/XMLSchema">2.2941834906617317E-13</Value></Attribute><Attribute z:Id="i350"><AttributeType>izz</AttributeType><IsRequired>true</IsRequired><Value i:type="a:double" xmlns:a="http://www.w3.org/2001/XMLSchema">0.00082344418606391037</Value></Attribute></Attributes><ChildElements/><ElementName>inertia</ElementName><required>false</required><IxxAttribute z:Ref="i345"/><IxyAttribute z:Ref="i346"/><IxzAttribute z:Ref="i347"/><IyyAttribute z:Ref="i348"/><IyzAttribute z:Ref="i349"/><IzzAttribute z:Ref="i350"/></URDFElement></ChildElements><ElementName>inertial</ElementName><required>false</required><Inertia z:Ref="i344"/><Mass z:Ref="i342"/><Origin z:Ref="i339"/></URDFElement><URDFElement z:Id="i351" i:type="Visual"><Attributes/><ChildElements><URDFElement z:Id="i352" i:type="Origin"><Attributes><Attribute z:Id="i353"><AttributeType>xyz</AttributeType><IsRequired>true</IsRequired><Value i:type="a:ArrayOfdouble" xmlns:a="http://schemas.microsoft.com/2003/10/Serialization/Arrays"><a:double>0</a:double><a:double>0</a:double><a:double>0</a:double></Value></Attribute><Attribute z:Id="i354"><AttributeType>rpy</AttributeType><IsRequired>true</IsRequired><Value i:type="a:ArrayOfdouble" xmlns:a="http://schemas.microsoft.com/2003/10/Serialization/Arrays"><a:double>0</a:double><a:double>0</a:double><a:double>0</a:double></Value></Attribute></Attributes><ChildElements/><ElementName>origin</ElementName><required>false</required><RPYAttribute z:Ref="i354"/><XYZAttribute z:Ref="i353"/><isCustomized>false</isCustomized></URDFElement><URDFElement z:Id="i355" i:type="Geometry"><Attributes/><ChildElements><URDFElement z:Id="i356" i:type="Mesh"><Attributes><Attribute z:Id="i357"><AttributeType>filename</AttributeType><IsRequired>true</IsRequired><Value i:nil="true"/></Attribute></Attributes><ChildElements/><ElementName>mesh</ElementName><required>false</required><FilenameAttribute z:Ref="i357"/></URDFElement></ChildElements><ElementName>geometry</ElementName><required>true</required><Mesh z:Ref="i356"/></URDFElement><URDFElement z:Id="i358" i:type="Material"><Attributes><Attribute z:Id="i359"><AttributeType>name</AttributeType><IsRequired>true</IsRequired><Value i:type="a:string" xmlns:a="http://www.w3.org/2001/XMLSchema"/></Attribute></Attributes><ChildElements><URDFElement z:Id="i360" i:type="Color"><Attributes><Attribute z:Id="i361"><AttributeType>rgba</AttributeType><IsRequired>true</IsRequired><Value i:type="a:ArrayOfdouble" xmlns:a="http://schemas.microsoft.com/2003/10/Serialization/Arrays"><a:double>0.792156862745098</a:double><a:double>0.81960784313725488</a:double><a:double>0.93333333333333335</a:double><a:double>1</a:double></Value></Attribute></Attributes><ChildElements/><ElementName>color</ElementName><required>false</required><RGBAAttribute z:Ref="i361"/></URDFElement><URDFElement z:Id="i362" i:type="Texture"><Attributes><Attribute z:Id="i363"><AttributeType>filename</AttributeType><IsRequired>true</IsRequired><Value i:nil="true"/></Attribute></Attributes><ChildElements/><ElementName>texture</ElementName><required>false</required><FilenameAttribute z:Ref="i363"/><wFilename/></URDFElement></ChildElements><ElementName>material</ElementName><required>false</required><Color z:Ref="i360"/><NameAttribute z:Ref="i359"/><Texture z:Ref="i362"/></URDFElement></ChildElements><ElementName>visual</ElementName><required>false</required><Geometry z:Ref="i355"/><Material z:Ref="i358"/><Origin z:Ref="i352"/></URDFElement><URDFElement z:Id="i364" i:type="Collision"><Attributes/><ChildElements><URDFElement z:Id="i365" i:type="Origin"><Attributes><Attribute z:Id="i366"><AttributeType>xyz</AttributeType><IsRequired>true</IsRequired><Value i:type="a:ArrayOfdouble" xmlns:a="http://schemas.microsoft.com/2003/10/Serialization/Arrays"><a:double>0</a:double><a:double>0</a:double><a:double>0</a:double></Value></Attribute><Attribute z:Id="i367"><AttributeType>rpy</AttributeType><IsRequired>true</IsRequired><Value i:type="a:ArrayOfdouble" xmlns:a="http://schemas.microsoft.com/2003/10/Serialization/Arrays"><a:double>0</a:double><a:double>0</a:double><a:double>0</a:double></Value></Attribute></Attributes><ChildElements/><ElementName>origin</ElementName><required>false</required><RPYAttribute z:Ref="i367"/><XYZAttribute z:Ref="i366"/><isCustomized>false</isCustomized></URDFElement><URDFElement z:Id="i368" i:type="Geometry"><Attributes/><ChildElements><URDFElement z:Id="i369" i:type="Mesh"><Attributes><Attribute z:Id="i370"><AttributeType>filename</AttributeType><IsRequired>true</IsRequired><Value i:nil="true"/></Attribute></Attributes><ChildElements/><ElementName>mesh</ElementName><required>false</required><FilenameAttribute z:Ref="i370"/></URDFElement></ChildElements><ElementName>geometry</ElementName><required>true</required><Mesh z:Ref="i369"/></URDFElement></ChildElements><ElementName>collision</ElementName><required>false</required><Geometry z:Ref="i368"/><Origin z:Ref="i365"/></URDFElement><URDFElement z:Id="i371" i:type="Joint"><Attributes><Attribute z:Id="i372"><AttributeType>name</AttributeType><IsRequired>true</IsRequired><Value i:type="a:string" xmlns:a="http://www.w3.org/2001/XMLSchema">left_back_wheel_joint</Value></Attribute><Attribute z:Id="i373"><AttributeType>type</AttributeType><IsRequired>true</IsRequired><Value i:type="a:string" xmlns:a="http://www.w3.org/2001/XMLSchema">continuous</Value></Attribute></Attributes><ChildElements><URDFElement z:Id="i374" i:type="Origin"><Attributes><Attribute z:Id="i375"><AttributeType>xyz</AttributeType><IsRequired>true</IsRequired><Value i:type="a:ArrayOfdouble" xmlns:a="http://schemas.microsoft.com/2003/10/Serialization/Arrays"><a:double>-0.017386</a:double><a:double>-0.56261</a:double><a:double>0.0254</a:double></Value></Attribute><Attribute z:Id="i376"><AttributeType>rpy</AttributeType><IsRequired>true</IsRequired><Value i:type="a:ArrayOfdouble" xmlns:a="http://schemas.microsoft.com/2003/10/Serialization/Arrays"><a:double>1.5708</a:double><a:double>-0.59697</a:double><a:double>-1.5708</a:double></Value></Attribute></Attributes><ChildElements/><ElementName>origin</ElementName><required>false</required><RPYAttribute z:Ref="i376"/><XYZAttribute z:Ref="i375"/><isCustomized>false</isCustomized></URDFElement><URDFElement z:Id="i377" i:type="ParentLink"><Attributes><Attribute z:Id="i378"><AttributeType>link</AttributeType><IsRequired>true</IsRequired><Value i:type="a:string" xmlns:a="http://www.w3.org/2001/XMLSchema">drivetrain_base_link</Value></Attribute></Attributes><ChildElements/><ElementName>parent</ElementName><required>true</required><NameAttribute z:Ref="i378"/></URDFElement><URDFElement z:Id="i379" i:type="ChildLink"><Attributes><Attribute z:Id="i380"><AttributeType>link</AttributeType><IsRequired>true</IsRequired><Value i:type="a:string" xmlns:a="http://www.w3.org/2001/XMLSchema">left_back_wheel</Value></Attribute></Attributes><ChildElements/><ElementName>child</ElementName><required>true</required><NameAttribute z:Ref="i380"/></URDFElement><URDFElement z:Id="i381" i:type="Axis"><Attributes><Attribute z:Id="i382"><AttributeType>xyz</AttributeType><IsRequired>true</IsRequired><Value i:type="a:ArrayOfdouble" xmlns:a="http://schemas.microsoft.com/2003/10/Serialization/Arrays"><a:double>0</a:double><a:double>0</a:double><a:double>0</a:double></Value></Attribute></Attributes><ChildElements/><ElementName>axis</ElementName><required>false</required><XYZAttribute z:Ref="i382"/></URDFElement><URDFElement z:Id="i383" i:type="Limit"><Attributes><Attribute z:Id="i384"><AttributeType>lower</AttributeType><IsRequired>false</IsRequired><Value i:nil="true"/></Attribute><Attribute z:Id="i385"><AttributeType>upper</AttributeType><IsRequired>false</IsRequired><Value i:nil="true"/></Attribute><Attribute z:Id="i386"><AttributeType>effort</AttributeType><IsRequired>true</IsRequired><Value i:nil="true"/></Attribute><Attribute z:Id="i387"><AttributeType>velocity</AttributeType><IsRequired>true</IsRequired><Value i:nil="true"/></Attribute></Attributes><ChildElements/><ElementName>limit</ElementName><required>false</required><EffortAttribute z:Ref="i386"/><LowerAttribute z:Ref="i384"/><UpperAttribute z:Ref="i385"/><VelocityAttribute z:Ref="i387"/></URDFElement><URDFElement z:Id="i388" i:type="Calibration"><Attributes><Attribute z:Id="i389"><AttributeType>rising</AttributeType><IsRequired>false</IsRequired><Value i:nil="true"/></Attribute><Attribute z:Id="i390"><AttributeType>falling</AttributeType><IsRequired>false</IsRequired><Value i:nil="true"/></Attribute></Attributes><ChildElements/><ElementName>calibration</ElementName><required>false</required><FallingAttribute z:Ref="i390"/><RisingAttribute z:Ref="i389"/></URDFElement><URDFElement z:Id="i391" i:type="Dynamics"><Attributes><Attribute z:Id="i392"><AttributeType>damping</AttributeType><IsRequired>false</IsRequired><Value i:nil="true"/></Attribute><Attribute z:Id="i393"><AttributeType>friction</AttributeType><IsRequired>false</IsRequired><Value i:nil="true"/></Attribute></Attributes><ChildElements/><ElementName>dynamics</ElementName><required>false</required><DampingAttribute z:Ref="i392"/><FrictionAttribute z:Ref="i393"/></URDFElement><URDFElement z:Id="i394" i:type="SafetyController"><Attributes><Attribute z:Id="i395"><AttributeType>soft_upper_limit</AttributeType><IsRequired>false</IsRequired><Value i:nil="true"/></Attribute><Attribute z:Id="i396"><AttributeType>soft_lower_limit</AttributeType><IsRequired>false</IsRequired><Value i:nil="true"/></Attribute><Attribute z:Id="i397"><AttributeType>k_position</AttributeType><IsRequired>false</IsRequired><Value i:nil="true"/></Attribute><Attribute z:Id="i398"><AttributeType>k_velocity</AttributeType><IsRequired>true</IsRequired><Value i:nil="true"/></Attribute></Attributes><ChildElements/><ElementName>safety_controller</ElementName><required>false</required><KPositionAttribute z:Ref="i397"/><KVelocityAttribute z:Ref="i398"/><SoftLowerAttribute z:Ref="i396"/><SoftUpperAttribute z:Ref="i395"/></URDFElement><URDFElement z:Id="i399" i:type="Mimic"><Attributes><Attribute z:Id="i400"><AttributeType>joint</AttributeType><IsRequired>true</IsRequired><Value i:nil="true"/></Attribute><Attribute z:Id="i401"><AttributeType>multiplier</AttributeType><IsRequired>false</IsRequired><Value i:nil="true"/></Attribute><Attribute z:Id="i402"><AttributeType>offset</AttributeType><IsRequired>false</IsRequired><Value i:nil="true"/></Attribute></Attributes><ChildElements/><ElementName>mimic</ElementName><required>false</required><JointNameAttribute z:Ref="i400"/><MultiplierAttribute z:Ref="i401"/><OffsetAttribute z:Ref="i402"/></URDFElement></ChildElements><ElementName>joint</ElementName><required>false</required><Axis z:Ref="i381"/><AxisName>back_axis</AxisName><Calibration z:Ref="i388"/><Child z:Ref="i379"/><CoordinateSystemName>Origin_left_back_wheel_joint</CoordinateSystemName><Dynamics z:Ref="i391"/><Limit z:Ref="i383"/><Mimic z:Ref="i399"/><NameAttribute z:Ref="i372"/><Origin z:Ref="i374"/><Parent z:Ref="i377"/><Safety z:Ref="i394"/><TypeAttribute z:Ref="i373"/></URDFElement></ChildElements><ElementName>link</ElementName><required>true</required><Children/><Collision z:Ref="i364"/><Inertial z:Ref="i338"/><Joint z:Ref="i371"/><NameAttribute z:Ref="i337"/><Parent z:Ref="i1"/><STLQualityFine>false</STLQualityFine><SWComponentPIDs xmlns:a="http://schemas.microsoft.com/2003/10/Serialization/Arrays"><a:base64Binary>gD4AAAUAAAD//v9FVwBoAGUAZQBsACAAQQBzAHMAZQBtAGIAbAB5ACAAQgBhAGMAawAtADEAQABBAHMAcwBlAG0AYgBsAHkALwA1AGkAbgAgAEMAbwBsAHMAbwBuACAAVwBoAGUAZQBsAC0AMQBAAFcAaABlAGUAbAAgAEEAcwBzAGUAbQBiAGwAeQAgAEIAYQBjAGsABAAAABAAAAABAAAAAgAAACUAAAAZAAAA</a:base64Binary></SWComponentPIDs><SWMainComponentPID i:nil="true"/><Visual z:Ref="i351"/><isFixedFrame>false</isFixedFrame><isIncomplete>false</isIncomplete></Link><Link z:Id="i403"><Attributes><Attribute z:Id="i404"><AttributeType>name</AttributeType><IsRequired>true</IsRequired><Value i:type="a:string" xmlns:a="http://www.w3.org/2001/XMLSchema">right_back_wheel</Value></Attribute></Attributes><ChildElements><URDFElement z:Id="i405" i:type="Inertial"><Attributes/><ChildElements><URDFElement z:Id="i406" i:type="Origin"><Attributes><Attribute z:Id="i407"><AttributeType>xyz</AttributeType><IsRequired>true</IsRequired><Value i:type="a:ArrayOfdouble" xmlns:a="http://schemas.microsoft.com/2003/10/Serialization/Arrays"><a:double>-4.759476146531938E-10</a:double><a:double>-1.673505778398976E-11</a:double><a:double>1.3884633331961993E-08</a:double></Value></Attribute><Attribute z:Id="i408"><AttributeType>rpy</AttributeType><IsRequired>true</IsRequired><Value i:type="a:ArrayOfdouble" xmlns:a="http://schemas.microsoft.com/2003/10/Serialization/Arrays"><a:double>0</a:double><a:double>0</a:double><a:double>0</a:double></Value></Attribute></Attributes><ChildElements/><ElementName>origin</ElementName><required>false</required><RPYAttribute z:Ref="i408"/><XYZAttribute z:Ref="i407"/><isCustomized>false</isCustomized></URDFElement><URDFElement z:Id="i409" i:type="Mass"><Attributes><Attribute z:Id="i410"><AttributeType>value</AttributeType><IsRequired>true</IsRequired><Value i:type="a:double" xmlns:a="http://www.w3.org/2001/XMLSchema">0.36703715427522832</Value></Attribute></Attributes><ChildElements/><ElementName>mass</ElementName><required>false</required><ValueAttribute z:Ref="i410"/></URDFElement><URDFElement z:Id="i411" i:type="Inertia"><Attributes><Attribute z:Id="i412"><AttributeType>ixx</AttributeType><IsRequired>true</IsRequired><Value i:type="a:double" xmlns:a="http://www.w3.org/2001/XMLSchema">0.000450304787451433</Value></Attribute><Attribute z:Id="i413"><AttributeType>ixy</AttributeType><IsRequired>true</IsRequired><Value i:type="a:double" xmlns:a="http://www.w3.org/2001/XMLSchema">2.9830969281146452E-10</Value></Attribute><Attribute z:Id="i414"><AttributeType>ixz</AttributeType><IsRequired>true</IsRequired><Value i:type="a:double" xmlns:a="http://www.w3.org/2001/XMLSchema">4.2884584257201835E-12</Value></Attribute><Attribute z:Id="i415"><AttributeType>iyy</AttributeType><IsRequired>true</IsRequired><Value i:type="a:double" xmlns:a="http://www.w3.org/2001/XMLSchema">0.00045030287956885078</Value></Attribute><Attribute z:Id="i416"><AttributeType>iyz</AttributeType><IsRequired>true</IsRequired><Value i:type="a:double" xmlns:a="http://www.w3.org/2001/XMLSchema">2.2941805489071237E-13</Value></Attribute><Attribute z:Id="i417"><AttributeType>izz</AttributeType><IsRequired>true</IsRequired><Value i:type="a:double" xmlns:a="http://www.w3.org/2001/XMLSchema">0.00082344418606391243</Value></Attribute></Attributes><ChildElements/><ElementName>inertia</ElementName><required>false</required><IxxAttribute z:Ref="i412"/><IxyAttribute z:Ref="i413"/><IxzAttribute z:Ref="i414"/><IyyAttribute z:Ref="i415"/><IyzAttribute z:Ref="i416"/><IzzAttribute z:Ref="i417"/></URDFElement></ChildElements><ElementName>inertial</ElementName><required>false</required><Inertia z:Ref="i411"/><Mass z:Ref="i409"/><Origin z:Ref="i406"/></URDFElement><URDFElement z:Id="i418" i:type="Visual"><Attributes/><ChildElements><URDFElement z:Id="i419" i:type="Origin"><Attributes><Attribute z:Id="i420"><AttributeType>xyz</AttributeType><IsRequired>true</IsRequired><Value i:type="a:ArrayOfdouble" xmlns:a="http://schemas.microsoft.com/2003/10/Serialization/Arrays"><a:double>0</a:double><a:double>0</a:double><a:double>0</a:double></Value></Attribute><Attribute z:Id="i421"><AttributeType>rpy</AttributeType><IsRequired>true</IsRequired><Value i:type="a:ArrayOfdouble" xmlns:a="http://schemas.microsoft.com/2003/10/Serialization/Arrays"><a:double>0</a:double><a:double>0</a:double><a:double>0</a:double></Value></Attribute></Attributes><ChildElements/><ElementName>origin</ElementName><required>false</required><RPYAttribute z:Ref="i421"/><XYZAttribute z:Ref="i420"/><isCustomized>false</isCustomized></URDFElement><URDFElement z:Id="i422" i:type="Geometry"><Attributes/><ChildElements><URDFElement z:Id="i423" i:type="Mesh"><Attributes><Attribute z:Id="i424"><AttributeType>filename</AttributeType><IsRequired>true</IsRequired><Value i:nil="true"/></Attribute></Attributes><ChildElements/><ElementName>mesh</ElementName><required>false</required><FilenameAttribute z:Ref="i424"/></URDFElement></ChildElements><ElementName>geometry</ElementName><required>true</required><Mesh z:Ref="i423"/></URDFElement><URDFElement z:Id="i425" i:type="Material"><Attributes><Attribute z:Id="i426"><AttributeType>name</AttributeType><IsRequired>true</IsRequired><Value i:type="a:string" xmlns:a="http://www.w3.org/2001/XMLSchema"/></Attribute></Attributes><ChildElements><URDFElement z:Id="i427" i:type="Color"><Attributes><Attribute z:Id="i428"><AttributeType>rgba</AttributeType><IsRequired>true</IsRequired><Value i:type="a:ArrayOfdouble" xmlns:a="http://schemas.microsoft.com/2003/10/Serialization/Arrays"><a:double>0.792156862745098</a:double><a:double>0.81960784313725488</a:double><a:double>0.93333333333333335</a:double><a:double>1</a:double></Value></Attribute></Attributes><ChildElements/><ElementName>color</ElementName><required>false</required><RGBAAttribute z:Ref="i428"/></URDFElement><URDFElement z:Id="i429" i:type="Texture"><Attributes><Attribute z:Id="i430"><AttributeType>filename</AttributeType><IsRequired>true</IsRequired><Value i:nil="true"/></Attribute></Attributes><ChildElements/><ElementName>texture</ElementName><required>false</required><FilenameAttribute z:Ref="i430"/><wFilename/></URDFElement></ChildElements><ElementName>material</ElementName><required>false</required><Color z:Ref="i427"/><NameAttribute z:Ref="i426"/><Texture z:Ref="i429"/></URDFElement></ChildElements><ElementName>visual</ElementName><required>false</required><Geometry z:Ref="i422"/><Material z:Ref="i425"/><Origin z:Ref="i419"/></URDFElement><URDFElement z:Id="i431" i:type="Collision"><Attributes/><ChildElements><URDFElement z:Id="i432" i:type="Origin"><Attributes><Attribute z:Id="i433"><AttributeType>xyz</AttributeType><IsRequired>true</IsRequired><Value i:type="a:ArrayOfdouble" xmlns:a="http://schemas.microsoft.com/2003/10/Serialization/Arrays"><a:double>0</a:double><a:double>0</a:double><a:double>0</a:double></Value></Attribute><Attribute z:Id="i434"><AttributeType>rpy</AttributeType><IsRequired>true</IsRequired><Value i:type="a:ArrayOfdouble" xmlns:a="http://schemas.microsoft.com/2003/10/Serialization/Arrays"><a:double>0</a:double><a:double>0</a:double><a:double>0</a:double></Value></Attribute></Attributes><ChildElements/><ElementName>origin</ElementName><required>false</required><RPYAttribute z:Ref="i434"/><XYZAttribute z:Ref="i433"/><isCustomized>false</isCustomized></URDFElement><URDFElement z:Id="i435" i:type="Geometry"><Attributes/><ChildElements><URDFElement z:Id="i436" i:type="Mesh"><Attributes><Attribute z:Id="i437"><AttributeType>filename</AttributeType><IsRequired>true</IsRequired><Value i:nil="true"/></Attribute></Attributes><ChildElements/><ElementName>mesh</ElementName><required>false</required><FilenameAttribute z:Ref="i437"/></URDFElement></ChildElements><ElementName>geometry</ElementName><required>true</required><Mesh z:Ref="i436"/></URDFElement></ChildElements><ElementName>collision</ElementName><required>false</required><Geometry z:Ref="i435"/><Origin z:Ref="i432"/></URDFElement><URDFElement z:Id="i438" i:type="Joint"><Attributes><Attribute z:Id="i439"><AttributeType>name</AttributeType><IsRequired>true</IsRequired><Value i:type="a:string" xmlns:a="http://www.w3.org/2001/XMLSchema">right_back_wheel_joint</Value></Attribute><Attribute z:Id="i440"><AttributeType>type</AttributeType><IsRequired>true</IsRequired><Value i:type="a:string" xmlns:a="http://www.w3.org/2001/XMLSchema">continuous</Value></Attribute></Attributes><ChildElements><URDFElement z:Id="i441" i:type="Origin"><Attributes><Attribute z:Id="i442"><AttributeType>xyz</AttributeType><IsRequired>true</IsRequired><Value i:type="a:ArrayOfdouble" xmlns:a="http://schemas.microsoft.com/2003/10/Serialization/Arrays"><a:double>0.52539</a:double><a:double>-0.56261</a:double><a:double>0.0254</a:double></Value></Attribute><Attribute z:Id="i443"><AttributeType>rpy</AttributeType><IsRequired>true</IsRequired><Value i:type="a:ArrayOfdouble" xmlns:a="http://schemas.microsoft.com/2003/10/Serialization/Arrays"><a:double>1.5708</a:double><a:double>0.90051</a:double><a:double>1.5708</a:double></Value></Attribute></Attributes><ChildElements/><ElementName>origin</ElementName><required>false</required><RPYAttribute z:Ref="i443"/><XYZAttribute z:Ref="i442"/><isCustomized>false</isCustomized></URDFElement><URDFElement z:Id="i444" i:type="ParentLink"><Attributes><Attribute z:Id="i445"><AttributeType>link</AttributeType><IsRequired>true</IsRequired><Value i:type="a:string" xmlns:a="http://www.w3.org/2001/XMLSchema">drivetrain_base_link</Value></Attribute></Attributes><ChildElements/><ElementName>parent</ElementName><required>true</required><NameAttribute z:Ref="i445"/></URDFElement><URDFElement z:Id="i446" i:type="ChildLink"><Attributes><Attribute z:Id="i447"><AttributeType>link</AttributeType><IsRequired>true</IsRequired><Value i:type="a:string" xmlns:a="http://www.w3.org/2001/XMLSchema">right_back_wheel</Value></Attribute></Attributes><ChildElements/><ElementName>child</ElementName><required>true</required><NameAttribute z:Ref="i447"/></URDFElement><URDFElement z:Id="i448" i:type="Axis"><Attributes><Attribute z:Id="i449"><AttributeType>xyz</AttributeType><IsRequired>true</IsRequired><Value i:type="a:ArrayOfdouble" xmlns:a="http://schemas.microsoft.com/2003/10/Serialization/Arrays"><a:double>0</a:double><a:double>0</a:double><a:double>0</a:double></Value></Attribute></Attributes><ChildElements/><ElementName>axis</ElementName><required>false</required><XYZAttribute z:Ref="i449"/></URDFElement><URDFElement z:Id="i450" i:type="Limit"><Attributes><Attribute z:Id="i451"><AttributeType>lower</AttributeType><IsRequired>false</IsRequired><Value i:nil="true"/></Attribute><Attribute z:Id="i452"><AttributeType>upper</AttributeType><IsRequired>false</IsRequired><Value i:nil="true"/></Attribute><Attribute z:Id="i453"><AttributeType>effort</AttributeType><IsRequired>true</IsRequired><Value i:nil="true"/></Attribute><Attribute z:Id="i454"><AttributeType>velocity</AttributeType><IsRequired>true</IsRequired><Value i:nil="true"/></Attribute></Attributes><ChildElements/><ElementName>limit</ElementName><required>false</required><EffortAttribute z:Ref="i453"/><LowerAttribute z:Ref="i451"/><UpperAttribute z:Ref="i452"/><VelocityAttribute z:Ref="i454"/></URDFElement><URDFElement z:Id="i455" i:type="Calibration"><Attributes><Attribute z:Id="i456"><AttributeType>rising</AttributeType><IsRequired>false</IsRequired><Value i:nil="true"/></Attribute><Attribute z:Id="i457"><AttributeType>falling</AttributeType><IsRequired>false</IsRequired><Value i:nil="true"/></Attribute></Attributes><ChildElements/><ElementName>calibration</ElementName><required>false</required><FallingAttribute z:Ref="i457"/><RisingAttribute z:Ref="i456"/></URDFElement><URDFElement z:Id="i458" i:type="Dynamics"><Attributes><Attribute z:Id="i459"><AttributeType>damping</AttributeType><IsRequired>false</IsRequired><Value i:nil="true"/></Attribute><Attribute z:Id="i460"><AttributeType>friction</AttributeType><IsRequired>false</IsRequired><Value i:nil="true"/></Attribute></Attributes><ChildElements/><ElementName>dynamics</ElementName><required>false</required><DampingAttribute z:Ref="i459"/><FrictionAttribute z:Ref="i460"/></URDFElement><URDFElement z:Id="i461" i:type="SafetyController"><Attributes><Attribute z:Id="i462"><AttributeType>soft_upper_limit</AttributeType><IsRequired>false</IsRequired><Value i:nil="true"/></Attribute><Attribute z:Id="i463"><AttributeType>soft_lower_limit</AttributeType><IsRequired>false</IsRequired><Value i:nil="true"/></Attribute><Attribute z:Id="i464"><AttributeType>k_position</AttributeType><IsRequired>false</IsRequired><Value i:nil="true"/></Attribute><Attribute z:Id="i465"><AttributeType>k_velocity</AttributeType><IsRequired>true</IsRequired><Value i:nil="true"/></Attribute></Attributes><ChildElements/><ElementName>safety_controller</ElementName><required>false</required><KPositionAttribute z:Ref="i464"/><KVelocityAttribute z:Ref="i465"/><SoftLowerAttribute z:Ref="i463"/><SoftUpperAttribute z:Ref="i462"/></URDFElement><URDFElement z:Id="i466" i:type="Mimic"><Attributes><Attribute z:Id="i467"><AttributeType>joint</AttributeType><IsRequired>true</IsRequired><Value i:nil="true"/></Attribute><Attribute z:Id="i468"><AttributeType>multiplier</AttributeType><IsRequired>false</IsRequired><Value i:nil="true"/></Attribute><Attribute z:Id="i469"><AttributeType>offset</AttributeType><IsRequired>false</IsRequired><Value i:nil="true"/></Attribute></Attributes><ChildElements/><ElementName>mimic</ElementName><required>false</required><JointNameAttribute z:Ref="i467"/><MultiplierAttribute z:Ref="i468"/><OffsetAttribute z:Ref="i469"/></URDFElement></ChildElements><ElementName>joint</ElementName><required>false</required><Axis z:Ref="i448"/><AxisName>back_axis</AxisName><Calibration z:Ref="i455"/><Child z:Ref="i446"/><CoordinateSystemName>Origin_right_back_wheel_joint</CoordinateSystemName><Dynamics z:Ref="i458"/><Limit z:Ref="i450"/><Mimic z:Ref="i466"/><NameAttribute z:Ref="i439"/><Origin z:Ref="i441"/><Parent z:Ref="i444"/><Safety z:Ref="i461"/><TypeAttribute z:Ref="i440"/></URDFElement></ChildElements><ElementName>link</ElementName><required>true</required><Children/><Collision z:Ref="i431"/><Inertial z:Ref="i405"/><Joint z:Ref="i438"/><NameAttribute z:Ref="i404"/><Parent z:Ref="i1"/><STLQualityFine>false</STLQualityFine><SWComponentPIDs xmlns:a="http://schemas.microsoft.com/2003/10/Serialization/Arrays"><a:base64Binary>gD4AAAUAAAD//v9FVwBoAGUAZQBsACAAQQBzAHMAZQBtAGIAbAB5ACAAQgBhAGMAawAtADIAQABBAHMAcwBlAG0AYgBsAHkALwA1AGkAbgAgAEMAbwBsAHMAbwBuACAAVwBoAGUAZQBsAC0AMQBAAFcAaABlAGUAbAAgAEEAcwBzAGUAbQBiAGwAeQAgAEIAYQBjAGsABAAAABAAAAABAAAAAgAAAEIAAAAZAAAA</a:base64Binary></SWComponentPIDs><SWMainComponentPID i:nil="true"/><Visual z:Ref="i418"/><isFixedFrame>false</isFixedFrame><isIncomplete>false</isIncomplete></Link></Children><Collision z:Ref="i29"/><Inertial z:Ref="i3"/><Joint z:Ref="i36"/><NameAttribute z:Ref="i2"/><Parent i:nil="true"/><STLQualityFine>false</STLQualityFine><SWComponentPIDs xmlns:a="http://schemas.microsoft.com/2003/10/Serialization/Arrays"><a:base64Binary>gD4AAAUAAAD//v8VUwBpAGQAZQAgAFAAaQBlAGMAZQAtADEAQABBAHMAcwBlAG0AYgBsAHkABAAAABAAAAABAAAAAQAAABkAAAA=</a:base64Binary><a:base64Binary>gD4AAAUAAAD//v8VUwBpAGQAZQAgAFAAaQBlAGMAZQAtADIAQABBAHMAcwBlAG0AYgBsAHkABAAAABAAAAABAAAAAQAAADsAAAA=</a:base64Binary><a:base64Binary>gD4AAAUAAAD//v8cRgByAG8AbgB0ACAAQwBlAG4AdABlAHIAIABCAGUAYQBtAC0AMQBAAEEAcwBzAGUAbQBiAGwAeQAEAAAAEAAAAAEAAAABAAAAVQAAAA==</a:base64Binary><a:base64Binary>gD4AAAUAAAD//v8bQgBhAGMAawAgAEMAZQBuAHQAZQByACAAQgBlAGEAbQAtADEAQABBAHMAcwBlAG0AYgBsAHkABAAAABAAAAABAAAAAQAAAGIAAAA=</a:base64Binary><a:base64Binary>gD4AAAUAAAD//v8eTQBpAGQAZABsAGUAIABUAC0AUwBsAG8AdAAgAFAAaQBlAGMAZQAtADEAQABBAHMAcwBlAG0AYgBsAHkABAAAABAAAAABAAAAAQAAAHcAAAA=</a:base64Binary><a:base64Binary>gD4AAAUAAAD//v8cRgByAG8AbgB0ACAARgByAGEAbQBlACAAUABpAGUAYwBlAC0AMQBAAEEAcwBzAGUAbQBiAGwAeQAEAAAAEAAAAAEAAAABAAAAgQAAAA==</a:base64Binary><a:base64Binary>gD4AAAUAAAD//v8bQgBhAGMAawAgAEYAcgBhAG0AZQAgAFAAaQBlAGMAZQAtADEAQABBAHMAcwBlAG0AYgBsAHkABAAAABAAAAABAAAAAQAAAI4AAAA=</a:base64Binary><a:base64Binary>gD4AAAUAAAD//v8bTQBpAGQAZABsAGUAIABGAHIAbwBuAHQAIABCAGEAcgAtADEAQABBAHMAcwBlAG0AYgBsAHkABAAAABAAAAABAAAAAQAAAJ0AAAA=</a:base64Binary><a:base64Binary>gD4AAAUAAAD//v8bTQBpAGQAZABsAGUAIABGAHIAbwBuAHQAIABCAGEAcgAtADIAQABBAHMAcwBlAG0AYgBsAHkABAAAABAAAAABAAAAAQAAAJ8AAAA=</a:base64Binary><a:base64Binary>gD4AAAUAAAD//v8TRQBuAGQAIABDAGEAcAAtADEAMgBAAEEAcwBzAGUAbQBiAGwAeQAEAAAAEAAAAAEAAAABAAAAoQAAAA==</a:base64Binary><a:base64Binary>gD4AAAUAAAD//v8TRQBuAGQAIABDAGEAcAAtADEAMQBAAEEAcwBzAGUAbQBiAGwAeQAEAAAAEAAAAAEAAAABAAAAoAAAAA==</a:base64Binary><a:base64Binary>gD4AAAUAAAD//v8TRQBuAGQAIABDAGEAcAAtADEAMABAAEEAcwBzAGUAbQBiAGwAeQAEAAAAEAAAAAEAAAABAAAAngAAAA==</a:base64Binary><a:base64Binary>gD4AAAUAAAD//v8SRQBuAGQAIABDAGEAcAAtADkAQABBAHMAcwBlAG0AYgBsAHkABAAAABAAAAABAAAAAQAAAJwAAAA=</a:base64Binary><a:base64Binary>gD4AAAUAAAD//v8SRQBuAGQAIABDAGEAcAAtADgAQABBAHMAcwBlAG0AYgBsAHkABAAAABAAAAABAAAAAQAAAGQAAAA=</a:base64Binary><a:base64Binary>gD4AAAUAAAD//v8SRQBuAGQAIABDAGEAcAAtADcAQABBAHMAcwBlAG0AYgBsAHkABAAAABAAAAABAAAAAQAAAGMAAAA=</a:base64Binary><a:base64Binary>gD4AAAUAAAD//v8SRQBuAGQAIABDAGEAcAAtADYAQABBAHMAcwBlAG0AYgBsAHkABAAAABAAAAABAAAAAQAAAFcAAAA=</a:base64Binary><a:base64Binary>gD4AAAUAAAD//v8SRQBuAGQAIABDAGEAcAAtADUAQABBAHMAcwBlAG0AYgBsAHkABAAAABAAAAABAAAAAQAAAFYAAAA=</a:base64Binary><a:base64Binary>gD4AAAUAAAD//v8SRQBuAGQAIABDAGEAcAAtADQAQABBAHMAcwBlAG0AYgBsAHkABAAAABAAAAABAAAAAQAAADkAAAA=</a:base64Binary><a:base64Binary>gD4AAAUAAAD//v8SRQBuAGQAIABDAGEAcAAtADMAQABBAHMAcwBlAG0AYgBsAHkABAAAABAAAAABAAAAAQAAADgAAAA=</a:base64Binary><a:base64Binary>gD4AAAUAAAD//v8SRQBuAGQAIABDAGEAcAAtADIAQABBAHMAcwBlAG0AYgBsAHkABAAAABAAAAABAAAAAQAAAC0AAAA=</a:base64Binary><a:base64Binary>gD4AAAUAAAD//v8SRQBuAGQAIABDAGEAcAAtADEAQABBAHMAcwBlAG0AYgBsAHkABAAAABAAAAABAAAAAQAAACwAAAA=</a:base64Binary><a:base64Binary>gD4AAAUAAAD//v8kVABzAGwAbwB0ACAAQgBhAHQAdABlAHIAeQAgAEgAbwBsAGQAZQByACAAQgBhAHIAcwAtADEAQABBAHMAcwBlAG0AYgBsAHkABAAAABAAAAABAAAAAQAAADcBAAA=</a:base64Binary><a:base64Binary>gD4AAAUAAAD//v8kVABzAGwAbwB0ACAAQgBhAHQAdABlAHIAeQAgAEgAbwBsAGQAZQByACAAQgBhAHIAcwAtADIAQABBAHMAcwBlAG0AYgBsAHkABAAAABAAAAABAAAAAQAAADgBAAA=</a:base64Binary><a:base64Binary>gD4AAAUAAAD//v8kVABzAGwAbwB0ACAAQgBhAHQAdABlAHIAeQAgAEgAbwBsAGQAZQByACAAQgBhAHIAcwAtADMAQABBAHMAcwBlAG0AYgBsAHkABAAAABAAAAABAAAAAQAAADkBAAA=</a:base64Binary><a:base64Binary>gD4AAAUAAAD//v8iRQBsAGUAYwB0AHIAbwBuAGkAYwBzACAAQgBvAGEAcgBkACAAUwBpAGQAZQBzAC0AMQBAAEEAcwBzAGUAbQBiAGwAeQAEAAAAEAAAAAEAAAABAAAAWQEAAA==</a:base64Binary><a:base64Binary>gD4AAAUAAAD//v8iRQBsAGUAYwB0AHIAbwBuAGkAYwBzACAAQgBvAGEAcgBkACAAUwBpAGQAZQBzAC0AMgBAAEEAcwBzAGUAbQBiAGwAeQAEAAAAEAAAAAEAAAABAAAAWgEAAA==</a:base64Binary><a:base64Binary>gD4AAAUAAAD//v8UQgBhAGMAawAgAFIAYQBpAGwALQAyAEAAQQBzAHMAZQBtAGIAbAB5AAQAAAAQAAAAAQAAAAEAAABcAQAA</a:base64Binary><a:base64Binary>gD4AAAUAAAD//v8UQgBhAGMAawAgAFIAYQBpAGwALQAzAEAAQQBzAHMAZQBtAGIAbAB5AAQAAAAQAAAAAQAAAAEAAABdAQAA</a:base64Binary><a:base64Binary>gD4AAAUAAAD//v8mRQBsAGUAYwB0AHIAbwBuAGkAYwBzACAAQgBvAGEAcgBkACAAUwB0AGEAbgBkAG8AZgBmAHMALQAxAEAAQQBzAHMAZQBtAGIAbAB5AAQAAAAQAAAAAQAAAAEAAAB3AQAA</a:base64Binary><a:base64Binary>gD4AAAUAAAD//v8mRQBsAGUAYwB0AHIAbwBuAGkAYwBzACAAQgBvAGEAcgBkACAAUwB0AGEAbgBkAG8AZgBmAHMALQAyAEAAQQBzAHMAZQBtAGIAbAB5AAQAAAAQAAAAAQAAAAEAAAB4AQAA</a:base64Binary><a:base64Binary>gD4AAAUAAAD//v8mRQBsAGUAYwB0AHIAbwBuAGkAYwBzACAAQgBvAGEAcgBkACAAUwB0AGEAbgBkAG8AZgBmAHMALQAzAEAAQQBzAHMAZQBtAGIAbAB5AAQAAAAQAAAAAQAAAAEAAAB5AQAA</a:base64Binary><a:base64Binary>gD4AAAUAAAD//v8mRQBsAGUAYwB0AHIAbwBuAGkAYwBzACAAQgBvAGEAcgBkACAAUwB0AGEAbgBkAG8AZgBmAHMALQA0AEAAQQBzAHMAZQBtAGIAbAB5AAQAAAAQAAAAAQAAAAEAAAB6AQAA</a:base64Binary><a:base64Binary>gD4AAAUAAAD//v8aTgBlAHcAIAAxADIAVgAgAGIAYQB0AHQAZQByAHkALQAyAEAAQQBzAHMAZQBtAGIAbAB5AAQAAAAQAAAAAQAAAAEAAAAqAgAA</a:base64Binary><a:base64Binary>gD4AAAUAAAD//v8TRwBlAGEAcgBiAG8AeAAyAC0AMQBAAEEAcwBzAGUAbQBiAGwAeQAEAAAAEAAAAAEAAAABAAAAQQIAAA==</a:base64Binary><a:base64Binary>gD4AAAUAAAD//v8TRwBlAGEAcgBiAG8AeAAyAC0AMgBAAEEAcwBzAGUAbQBiAGwAeQAEAAAAEAAAAAEAAAABAAAAWwIAAA==</a:base64Binary><a:base64Binary>gD4AAAUAAAD//v8fQwBvAGwAcwBvAG4AIABoAGUAeAAgAHcAaABlAGUAbAAgAGgAdQBiAC0AMgBAAEEAcwBzAGUAbQBiAGwAeQAEAAAAEAAAAAEAAAABAAAAYAIAAA==</a:base64Binary><a:base64Binary>gD4AAAUAAAD//v8fQwBvAGwAcwBvAG4AIABoAGUAeAAgAHcAaABlAGUAbAAgAGgAdQBiAC0AMQBAAEEAcwBzAGUAbQBiAGwAeQAEAAAAEAAAAAEAAAABAAAASgIAAA==</a:base64Binary><a:base64Binary>gD4AAAUAAAD//v8kVABzAGwAbwB0ACAAQgBhAHQAdABlAHIAeQAgAEgAbwBsAGQAZQByACAAQgBhAHIAcwAtADQAQABBAHMAcwBlAG0AYgBsAHkABAAAABAAAAABAAAAAQAAAHcCAAA=</a:base64Binary><a:base64Binary>gD4AAAUAAAD//v9KVwBoAGUAZQBsACAAQQBzAHMAZQBtAGIAbAB5ACAAQgBhAGMAawAtADIAQABBAHMAcwBlAG0AYgBsAHkALwBLAGUAeQBlAGQAIABzAGgAYQBmAHQAIAB3AGgAZQBlAGwAIABoAHUAYgAtADEAQABXAGgAZQBlAGwAIABBAHMAcwBlAG0AYgBsAHkAIABCAGEAYwBrAAQAAAAQAAAAAQAAAAIAAABCAAAAGgAAAA==</a:base64Binary><a:base64Binary>gD4AAAUAAAD//v9KUwBpAGQAZQAgAFcAaABlAGUAbAAgAEEAcwBzAGUAbQBiAGwAeQAtADMAQABBAHMAcwBlAG0AYgBsAHkALwBLAGUAeQBlAGQAIABzAGgAYQBmAHQAIAB3AGgAZQBlAGwAIABoAHUAYgAtADEAQABTAGkAZABlACAAVwBoAGUAZQBsACAAQQBzAHMAZQBtAGIAbAB5AAQAAAAQAAAAAQAAAAIAAAA8AAAAGgAAAA==</a:base64Binary><a:base64Binary>gD4AAAUAAAD//v9GUwBpAGQAZQAgAFcAaABlAGUAbAAgAEEAcwBzAGUAbQBiAGwAeQAtADEAQABBAHMAcwBlAG0AYgBsAHkALwBLAGUAeQBlAGQAIABTAGgAYQBmAHQAIABTAGkAZABlAHMALQAxAEAAUwBpAGQAZQAgAFcAaABlAGUAbAAgAEEAcwBzAGUAbQBiAGwAeQAEAAAAEAAAAAEAAAACAAAAGAAAABgAAAA=</a:base64Binary><a:base64Binary>gD4AAAUAAAD//v9KVwBoAGUAZQBsACAAQQBzAHMAZQBtAGIAbAB5ACAAQgBhAGMAawAtADEAQABBAHMAcwBlAG0AYgBsAHkALwBLAGUAeQBlAGQAIABzAGgAYQBmAHQAIAB3AGgAZQBlAGwAIABoAHUAYgAtADEAQABXAGgAZQBlAGwAIABBAHMAcwBlAG0AYgBsAHkAIABCAGEAYwBrAAQAAAAQAAAAAQAAAAIAAAAlAAAAGgAAAA==</a:base64Binary><a:base64Binary>gD4AAAUAAAD//v9KUwBpAGQAZQAgAFcAaABlAGUAbAAgAEEAcwBzAGUAbQBiAGwAeQAtADEAQABBAHMAcwBlAG0AYgBsAHkALwBLAGUAeQBlAGQAIABzAGgAYQBmAHQAIAB3AGgAZQBlAGwAIABoAHUAYgAtADEAQABTAGkAZABlACAAVwBoAGUAZQBsACAAQQBzAHMAZQBtAGIAbAB5AAQAAAAQAAAAAQAAAAIAAAAYAAAAGgAAAA==</a:base64Binary><a:base64Binary>gD4AAAUAAAD//v9FVwBoAGUAZQBsACAAQQBzAHMAZQBtAGIAbAB5ACAAQgBhAGMAawAtADEAQABBAHMAcwBlAG0AYgBsAHkALwBLAGUAeQBlAGQAIABTAGgAYQBmAHQAIABCAGEAYwBrAC0AMQBAAFcAaABlAGUAbAAgAEEAcwBzAGUAbQBiAGwAeQAgAEIAYQBjAGsABAAAABAAAAABAAAAAgAAACUAAAAYAAAA</a:base64Binary><a:base64Binary>gD4AAAUAAAD//v9GUwBpAGQAZQAgAFcAaABlAGUAbAAgAEEAcwBzAGUAbQBiAGwAeQAtADMAQABBAHMAcwBlAG0AYgBsAHkALwBLAGUAeQBlAGQAIABTAGgAYQBmAHQAIABTAGkAZABlAHMALQAxAEAAUwBpAGQAZQAgAFcAaABlAGUAbAAgAEEAcwBzAGUAbQBiAGwAeQAEAAAAEAAAAAEAAAACAAAAPAAAABgAAAA=</a:base64Binary><a:base64Binary>gD4AAAUAAAD//v9FVwBoAGUAZQBsACAAQQBzAHMAZQBtAGIAbAB5ACAAQgBhAGMAawAtADIAQABBAHMAcwBlAG0AYgBsAHkALwBLAGUAeQBlAGQAIABTAGgAYQBmAHQAIABCAGEAYwBrAC0AMQBAAFcAaABlAGUAbAAgAEEAcwBzAGUAbQBiAGwAeQAgAEIAYQBjAGsABAAAABAAAAABAAAAAgAAAEIAAAAYAAAA</a:base64Binary></SWComponentPIDs><SWMainComponentPID i:nil="true"/><Visual z:Ref="i16"/><isFixedFrame>false</isFixedFrame><isIncomplete>false</isIncomplete></Link>
2025-04-17 14:15:43,145 INFO  LinkNode.cs: 35 - Building node drivetrain_base_link
2025-04-17 14:15:43,145 INFO  LinkNode.cs: 35 - Building node left_wheel
2025-04-17 14:15:43,145 INFO  LinkNode.cs: 35 - Building node right_wheel
2025-04-17 14:15:43,145 INFO  LinkNode.cs: 35 - Building node left_front_wheel
2025-04-17 14:15:43,145 INFO  LinkNode.cs: 35 - Building node right_front_wheel
2025-04-17 14:15:43,145 INFO  LinkNode.cs: 35 - Building node left_back_wheel
2025-04-17 14:15:43,145 INFO  LinkNode.cs: 35 - Building node right_back_wheel
2025-04-17 14:15:43,145 INFO  CommonSwOperations.cs: 221 - Loading SolidWorks components for drivetrain_base_link from C:\Users\joeys\OneDrive\Documents\UGV_SolidWorks\Drivetrain 2\Assembly.SLDASM
2025-04-17 14:15:43,145 INFO  CommonSwOperations.cs: 245 - Loading component with PID ?>     ???S i d e   P i e c e - 1 @ A s s e m b l y                
2025-04-17 14:15:43,145 INFO  CommonSwOperations.cs: 254 - Successfully loaded component C:\Users\joeys\OneDrive\Documents\UGV_SolidWorks\Drivetrain 2\Side Piece.SLDPRT
2025-04-17 14:15:43,145 INFO  CommonSwOperations.cs: 245 - Loading component with PID ?>     ???S i d e   P i e c e - 2 @ A s s e m b l y             ;   
2025-04-17 14:15:43,145 INFO  CommonSwOperations.cs: 254 - Successfully loaded component C:\Users\joeys\OneDrive\Documents\UGV_SolidWorks\Drivetrain 2\Side Piece.SLDPRT
2025-04-17 14:15:43,145 INFO  CommonSwOperations.cs: 245 - Loading component with PID ?>     ???F r o n t   C e n t e r   B e a m - 1 @ A s s e m b l y             U   
2025-04-17 14:15:43,145 INFO  CommonSwOperations.cs: 254 - Successfully loaded component C:\Users\joeys\OneDrive\Documents\UGV_SolidWorks\Drivetrain 2\Front Center Beam.SLDPRT
2025-04-17 14:15:43,145 INFO  CommonSwOperations.cs: 245 - Loading component with PID ?>     ???B a c k   C e n t e r   B e a m - 1 @ A s s e m b l y             b   
2025-04-17 14:15:43,145 INFO  CommonSwOperations.cs: 254 - Successfully loaded component C:\Users\joeys\OneDrive\Documents\UGV_SolidWorks\Drivetrain 2\Back Center Beam.SLDPRT
2025-04-17 14:15:43,145 INFO  CommonSwOperations.cs: 245 - Loading component with PID ?>     ???M i d d l e   T - S l o t   P i e c e - 1 @ A s s e m b l y             w   
2025-04-17 14:15:43,145 INFO  CommonSwOperations.cs: 254 - Successfully loaded component C:\Users\joeys\OneDrive\Documents\UGV_SolidWorks\Drivetrain 2\Middle T-Slot Piece.SLDPRT
2025-04-17 14:15:43,145 INFO  CommonSwOperations.cs: 245 - Loading component with PID ?>     ???F r o n t   F r a m e   P i e c e - 1 @ A s s e m b l y             ?   
2025-04-17 14:15:43,145 INFO  CommonSwOperations.cs: 254 - Successfully loaded component C:\Users\joeys\OneDrive\Documents\UGV_SolidWorks\Drivetrain 2\Front Frame Piece.SLDPRT
2025-04-17 14:15:43,145 INFO  CommonSwOperations.cs: 245 - Loading component with PID ?>     ???B a c k   F r a m e   P i e c e - 1 @ A s s e m b l y             ?   
2025-04-17 14:15:43,145 INFO  CommonSwOperations.cs: 254 - Successfully loaded component C:\Users\joeys\OneDrive\Documents\UGV_SolidWorks\Drivetrain 2\Back Frame Piece.SLDPRT
2025-04-17 14:15:43,145 INFO  CommonSwOperations.cs: 245 - Loading component with PID ?>     ???M i d d l e   F r o n t   B a r - 1 @ A s s e m b l y             ?   
2025-04-17 14:15:43,145 INFO  CommonSwOperations.cs: 254 - Successfully loaded component C:\Users\joeys\OneDrive\Documents\UGV_SolidWorks\Drivetrain 2\Middle Front Bar.SLDPRT
2025-04-17 14:15:43,145 INFO  CommonSwOperations.cs: 245 - Loading component with PID ?>     ???M i d d l e   F r o n t   B a r - 2 @ A s s e m b l y             ?   
2025-04-17 14:15:43,145 INFO  CommonSwOperations.cs: 254 - Successfully loaded component C:\Users\joeys\OneDrive\Documents\UGV_SolidWorks\Drivetrain 2\Middle Front Bar.SLDPRT
2025-04-17 14:15:43,145 INFO  CommonSwOperations.cs: 245 - Loading component with PID ?>     ???E n d   C a p - 1 2 @ A s s e m b l y             ?   
2025-04-17 14:15:43,145 INFO  CommonSwOperations.cs: 254 - Successfully loaded component C:\Users\joeys\OneDrive\Documents\UGV_SolidWorks\Drivetrain 2\End Cap.SLDPRT
2025-04-17 14:15:43,145 INFO  CommonSwOperations.cs: 245 - Loading component with PID ?>     ???E n d   C a p - 1 1 @ A s s e m b l y             ?   
2025-04-17 14:15:43,145 INFO  CommonSwOperations.cs: 254 - Successfully loaded component C:\Users\joeys\OneDrive\Documents\UGV_SolidWorks\Drivetrain 2\End Cap.SLDPRT
2025-04-17 14:15:43,145 INFO  CommonSwOperations.cs: 245 - Loading component with PID ?>     ???E n d   C a p - 1 0 @ A s s e m b l y             ?   
2025-04-17 14:15:43,145 INFO  CommonSwOperations.cs: 254 - Successfully loaded component C:\Users\joeys\OneDrive\Documents\UGV_SolidWorks\Drivetrain 2\End Cap.SLDPRT
2025-04-17 14:15:43,145 INFO  CommonSwOperations.cs: 245 - Loading component with PID ?>     ???E n d   C a p - 9 @ A s s e m b l y             ?   
2025-04-17 14:15:43,145 INFO  CommonSwOperations.cs: 254 - Successfully loaded component C:\Users\joeys\OneDrive\Documents\UGV_SolidWorks\Drivetrain 2\End Cap.SLDPRT
2025-04-17 14:15:43,145 INFO  CommonSwOperations.cs: 245 - Loading component with PID ?>     ???E n d   C a p - 8 @ A s s e m b l y             d   
2025-04-17 14:15:43,145 INFO  CommonSwOperations.cs: 254 - Successfully loaded component C:\Users\joeys\OneDrive\Documents\UGV_SolidWorks\Drivetrain 2\End Cap.SLDPRT
2025-04-17 14:15:43,145 INFO  CommonSwOperations.cs: 245 - Loading component with PID ?>     ???E n d   C a p - 7 @ A s s e m b l y             c   
2025-04-17 14:15:43,145 INFO  CommonSwOperations.cs: 254 - Successfully loaded component C:\Users\joeys\OneDrive\Documents\UGV_SolidWorks\Drivetrain 2\End Cap.SLDPRT
2025-04-17 14:15:43,145 INFO  CommonSwOperations.cs: 245 - Loading component with PID ?>     ???E n d   C a p - 6 @ A s s e m b l y             W   
2025-04-17 14:15:43,145 INFO  CommonSwOperations.cs: 254 - Successfully loaded component C:\Users\joeys\OneDrive\Documents\UGV_SolidWorks\Drivetrain 2\End Cap.SLDPRT
2025-04-17 14:15:43,145 INFO  CommonSwOperations.cs: 245 - Loading component with PID ?>     ???E n d   C a p - 5 @ A s s e m b l y             V   
2025-04-17 14:15:43,145 INFO  CommonSwOperations.cs: 254 - Successfully loaded component C:\Users\joeys\OneDrive\Documents\UGV_SolidWorks\Drivetrain 2\End Cap.SLDPRT
2025-04-17 14:15:43,145 INFO  CommonSwOperations.cs: 245 - Loading component with PID ?>     ???E n d   C a p - 4 @ A s s e m b l y             9   
2025-04-17 14:15:43,145 INFO  CommonSwOperations.cs: 254 - Successfully loaded component C:\Users\joeys\OneDrive\Documents\UGV_SolidWorks\Drivetrain 2\End Cap.SLDPRT
2025-04-17 14:15:43,161 INFO  CommonSwOperations.cs: 245 - Loading component with PID ?>     ???E n d   C a p - 3 @ A s s e m b l y             8   
2025-04-17 14:15:43,161 INFO  CommonSwOperations.cs: 254 - Successfully loaded component C:\Users\joeys\OneDrive\Documents\UGV_SolidWorks\Drivetrain 2\End Cap.SLDPRT
2025-04-17 14:15:43,161 INFO  CommonSwOperations.cs: 245 - Loading component with PID ?>     ???E n d   C a p - 2 @ A s s e m b l y             -   
2025-04-17 14:15:43,161 INFO  CommonSwOperations.cs: 254 - Successfully loaded component C:\Users\joeys\OneDrive\Documents\UGV_SolidWorks\Drivetrain 2\End Cap.SLDPRT
2025-04-17 14:15:43,161 INFO  CommonSwOperations.cs: 245 - Loading component with PID ?>     ???E n d   C a p - 1 @ A s s e m b l y             ,   
2025-04-17 14:15:43,161 INFO  CommonSwOperations.cs: 254 - Successfully loaded component C:\Users\joeys\OneDrive\Documents\UGV_SolidWorks\Drivetrain 2\End Cap.SLDPRT
2025-04-17 14:15:43,161 INFO  CommonSwOperations.cs: 245 - Loading component with PID ?>     ???$T s l o t   B a t t e r y   H o l d e r   B a r s - 1 @ A s s e m b l y             7  
2025-04-17 14:15:43,161 INFO  CommonSwOperations.cs: 254 - Successfully loaded component C:\Users\joeys\OneDrive\Documents\UGV_SolidWorks\Drivetrain 2\Tslot Battery Holder Bars.SLDPRT
2025-04-17 14:15:43,161 INFO  CommonSwOperations.cs: 245 - Loading component with PID ?>     ???$T s l o t   B a t t e r y   H o l d e r   B a r s - 2 @ A s s e m b l y             8  
2025-04-17 14:15:43,161 INFO  CommonSwOperations.cs: 254 - Successfully loaded component C:\Users\joeys\OneDrive\Documents\UGV_SolidWorks\Drivetrain 2\Tslot Battery Holder Bars.SLDPRT
2025-04-17 14:15:43,161 INFO  CommonSwOperations.cs: 245 - Loading component with PID ?>     ???$T s l o t   B a t t e r y   H o l d e r   B a r s - 3 @ A s s e m b l y             9  
2025-04-17 14:15:43,161 INFO  CommonSwOperations.cs: 254 - Successfully loaded component C:\Users\joeys\OneDrive\Documents\UGV_SolidWorks\Drivetrain 2\Tslot Battery Holder Bars.SLDPRT
2025-04-17 14:15:43,161 INFO  CommonSwOperations.cs: 245 - Loading component with PID ?>     ???"E l e c t r o n i c s   B o a r d   S i d e s - 1 @ A s s e m b l y             Y  
2025-04-17 14:15:43,161 INFO  CommonSwOperations.cs: 254 - Successfully loaded component C:\Users\joeys\OneDrive\Documents\UGV_SolidWorks\Drivetrain 2\Electronics Board Sides.SLDPRT
2025-04-17 14:15:43,161 INFO  CommonSwOperations.cs: 245 - Loading component with PID ?>     ???"E l e c t r o n i c s   B o a r d   S i d e s - 2 @ A s s e m b l y             Z  
2025-04-17 14:15:43,161 INFO  CommonSwOperations.cs: 254 - Successfully loaded component C:\Users\joeys\OneDrive\Documents\UGV_SolidWorks\Drivetrain 2\Electronics Board Sides.SLDPRT
2025-04-17 14:15:43,161 INFO  CommonSwOperations.cs: 245 - Loading component with PID ?>     ???B a c k   R a i l - 2 @ A s s e m b l y             \  
2025-04-17 14:15:43,161 INFO  CommonSwOperations.cs: 254 - Successfully loaded component C:\Users\joeys\OneDrive\Documents\UGV_SolidWorks\Drivetrain 2\Back Rail.SLDPRT
2025-04-17 14:15:43,161 INFO  CommonSwOperations.cs: 245 - Loading component with PID ?>     ???B a c k   R a i l - 3 @ A s s e m b l y             ]  
2025-04-17 14:15:43,161 INFO  CommonSwOperations.cs: 254 - Successfully loaded component C:\Users\joeys\OneDrive\Documents\UGV_SolidWorks\Drivetrain 2\Back Rail.SLDPRT
2025-04-17 14:15:43,161 INFO  CommonSwOperations.cs: 245 - Loading component with PID ?>     ???&E l e c t r o n i c s   B o a r d   S t a n d o f f s - 1 @ A s s e m b l y             w  
2025-04-17 14:15:43,161 INFO  CommonSwOperations.cs: 254 - Successfully loaded component C:\Users\joeys\OneDrive\Documents\UGV_SolidWorks\Drivetrain 2\Electronics Board Standoffs.SLDPRT
2025-04-17 14:15:43,161 INFO  CommonSwOperations.cs: 245 - Loading component with PID ?>     ???&E l e c t r o n i c s   B o a r d   S t a n d o f f s - 2 @ A s s e m b l y             x  
2025-04-17 14:15:43,161 INFO  CommonSwOperations.cs: 254 - Successfully loaded component C:\Users\joeys\OneDrive\Documents\UGV_SolidWorks\Drivetrain 2\Electronics Board Standoffs.SLDPRT
2025-04-17 14:15:43,161 INFO  CommonSwOperations.cs: 245 - Loading component with PID ?>     ???&E l e c t r o n i c s   B o a r d   S t a n d o f f s - 3 @ A s s e m b l y             y  
2025-04-17 14:15:43,161 INFO  CommonSwOperations.cs: 254 - Successfully loaded component C:\Users\joeys\OneDrive\Documents\UGV_SolidWorks\Drivetrain 2\Electronics Board Standoffs.SLDPRT
2025-04-17 14:15:43,161 INFO  CommonSwOperations.cs: 245 - Loading component with PID ?>     ???&E l e c t r o n i c s   B o a r d   S t a n d o f f s - 4 @ A s s e m b l y             z  
2025-04-17 14:15:43,161 INFO  CommonSwOperations.cs: 254 - Successfully loaded component C:\Users\joeys\OneDrive\Documents\UGV_SolidWorks\Drivetrain 2\Electronics Board Standoffs.SLDPRT
2025-04-17 14:15:43,161 INFO  CommonSwOperations.cs: 245 - Loading component with PID ?>     ???N e w   1 2 V   b a t t e r y - 2 @ A s s e m b l y             *  
2025-04-17 14:15:43,161 INFO  CommonSwOperations.cs: 254 - Successfully loaded component C:\Users\joeys\OneDrive\Documents\UGV_SolidWorks\Drivetrain 2\New 12V battery.SLDPRT
2025-04-17 14:15:43,161 INFO  CommonSwOperations.cs: 245 - Loading component with PID ?>     ???G e a r b o x 2 - 1 @ A s s e m b l y             A  
2025-04-17 14:15:43,161 INFO  CommonSwOperations.cs: 254 - Successfully loaded component C:\Users\joeys\OneDrive\Documents\UGV_SolidWorks\Drivetrain 2\Gearbox2.SLDASM
2025-04-17 14:15:43,161 INFO  CommonSwOperations.cs: 245 - Loading component with PID ?>     ???G e a r b o x 2 - 2 @ A s s e m b l y             [  
2025-04-17 14:15:43,161 INFO  CommonSwOperations.cs: 254 - Successfully loaded component C:\Users\joeys\OneDrive\Documents\UGV_SolidWorks\Drivetrain 2\Gearbox2.SLDASM
2025-04-17 14:15:43,161 INFO  CommonSwOperations.cs: 245 - Loading component with PID ?>     ???C o l s o n   h e x   w h e e l   h u b - 2 @ A s s e m b l y             `  
2025-04-17 14:15:43,161 INFO  CommonSwOperations.cs: 254 - Successfully loaded component C:\Users\joeys\OneDrive\Documents\UGV_SolidWorks\Drivetrain 2\Colson hex wheel hub.SLDPRT
2025-04-17 14:15:43,161 INFO  CommonSwOperations.cs: 245 - Loading component with PID ?>     ???C o l s o n   h e x   w h e e l   h u b - 1 @ A s s e m b l y             J  
2025-04-17 14:15:43,161 INFO  CommonSwOperations.cs: 254 - Successfully loaded component C:\Users\joeys\OneDrive\Documents\UGV_SolidWorks\Drivetrain 2\Colson hex wheel hub.SLDPRT
2025-04-17 14:15:43,161 INFO  CommonSwOperations.cs: 245 - Loading component with PID ?>     ???$T s l o t   B a t t e r y   H o l d e r   B a r s - 4 @ A s s e m b l y             w  
2025-04-17 14:15:43,161 INFO  CommonSwOperations.cs: 254 - Successfully loaded component C:\Users\joeys\OneDrive\Documents\UGV_SolidWorks\Drivetrain 2\Tslot Battery Holder Bars.SLDPRT
2025-04-17 14:15:43,161 INFO  CommonSwOperations.cs: 245 - Loading component with PID ?>     ???JW h e e l   A s s e m b l y   B a c k - 2 @ A s s e m b l y / K e y e d   s h a f t   w h e e l   h u b - 1 @ W h e e l   A s s e m b l y   B a c k             B      
2025-04-17 14:15:43,161 INFO  CommonSwOperations.cs: 254 - Successfully loaded component C:\Users\joeys\OneDrive\Documents\UGV_SolidWorks\Drivetrain 2\Keyed shaft wheel hub.SLDPRT
2025-04-17 14:15:43,161 INFO  CommonSwOperations.cs: 245 - Loading component with PID ?>     ???JS i d e   W h e e l   A s s e m b l y - 3 @ A s s e m b l y / K e y e d   s h a f t   w h e e l   h u b - 1 @ S i d e   W h e e l   A s s e m b l y             <      
2025-04-17 14:15:43,161 INFO  CommonSwOperations.cs: 254 - Successfully loaded component C:\Users\joeys\OneDrive\Documents\UGV_SolidWorks\Drivetrain 2\Keyed shaft wheel hub.SLDPRT
2025-04-17 14:15:43,161 INFO  CommonSwOperations.cs: 245 - Loading component with PID ?>     ???FS i d e   W h e e l   A s s e m b l y - 1 @ A s s e m b l y / K e y e d   S h a f t   S i d e s - 1 @ S i d e   W h e e l   A s s e m b l y                   
2025-04-17 14:15:43,161 INFO  CommonSwOperations.cs: 254 - Successfully loaded component C:\Users\joeys\OneDrive\Documents\UGV_SolidWorks\Drivetrain 2\Keyed Shaft Sides.SLDPRT
2025-04-17 14:15:43,161 INFO  CommonSwOperations.cs: 245 - Loading component with PID ?>     ???JW h e e l   A s s e m b l y   B a c k - 1 @ A s s e m b l y / K e y e d   s h a f t   w h e e l   h u b - 1 @ W h e e l   A s s e m b l y   B a c k             %      
2025-04-17 14:15:43,161 INFO  CommonSwOperations.cs: 254 - Successfully loaded component C:\Users\joeys\OneDrive\Documents\UGV_SolidWorks\Drivetrain 2\Keyed shaft wheel hub.SLDPRT
2025-04-17 14:15:43,161 INFO  CommonSwOperations.cs: 245 - Loading component with PID ?>     ???JS i d e   W h e e l   A s s e m b l y - 1 @ A s s e m b l y / K e y e d   s h a f t   w h e e l   h u b - 1 @ S i d e   W h e e l   A s s e m b l y                   
2025-04-17 14:15:43,161 INFO  CommonSwOperations.cs: 254 - Successfully loaded component C:\Users\joeys\OneDrive\Documents\UGV_SolidWorks\Drivetrain 2\Keyed shaft wheel hub.SLDPRT
2025-04-17 14:15:43,161 INFO  CommonSwOperations.cs: 245 - Loading component with PID ?>     ???EW h e e l   A s s e m b l y   B a c k - 1 @ A s s e m b l y / K e y e d   S h a f t   B a c k - 1 @ W h e e l   A s s e m b l y   B a c k             %      
2025-04-17 14:15:43,161 INFO  CommonSwOperations.cs: 254 - Successfully loaded component C:\Users\joeys\OneDrive\Documents\UGV_SolidWorks\Drivetrain 2\Keyed Shaft Back.SLDPRT
2025-04-17 14:15:43,161 INFO  CommonSwOperations.cs: 245 - Loading component with PID ?>     ???FS i d e   W h e e l   A s s e m b l y - 3 @ A s s e m b l y / K e y e d   S h a f t   S i d e s - 1 @ S i d e   W h e e l   A s s e m b l y             <      
2025-04-17 14:15:43,176 INFO  CommonSwOperations.cs: 254 - Successfully loaded component C:\Users\joeys\OneDrive\Documents\UGV_SolidWorks\Drivetrain 2\Keyed Shaft Sides.SLDPRT
2025-04-17 14:15:43,176 INFO  CommonSwOperations.cs: 245 - Loading component with PID ?>     ???EW h e e l   A s s e m b l y   B a c k - 2 @ A s s e m b l y / K e y e d   S h a f t   B a c k - 1 @ W h e e l   A s s e m b l y   B a c k             B      
2025-04-17 14:15:43,176 INFO  CommonSwOperations.cs: 254 - Successfully loaded component C:\Users\joeys\OneDrive\Documents\UGV_SolidWorks\Drivetrain 2\Keyed Shaft Back.SLDPRT
2025-04-17 14:15:43,176 INFO  CommonSwOperations.cs: 230 - Loaded 46 components for link drivetrain_base_link
2025-04-17 14:15:43,176 INFO  CommonSwOperations.cs: 221 - Loading SolidWorks components for left_wheel from C:\Users\joeys\OneDrive\Documents\UGV_SolidWorks\Drivetrain 2\Assembly.SLDASM
2025-04-17 14:15:43,176 INFO  CommonSwOperations.cs: 245 - Loading component with PID ?>     ???5 i n   C o l s o n   W h e e l - 2 @ A s s e m b l y             ?  
2025-04-17 14:15:43,176 INFO  CommonSwOperations.cs: 254 - Successfully loaded component C:\Users\joeys\OneDrive\Documents\UGV_SolidWorks\Drivetrain 2\5in Colson Wheel.SLDPRT
2025-04-17 14:15:43,176 INFO  CommonSwOperations.cs: 230 - Loaded 1 components for link left_wheel
2025-04-17 14:15:43,176 INFO  CommonSwOperations.cs: 221 - Loading SolidWorks components for right_wheel from C:\Users\joeys\OneDrive\Documents\UGV_SolidWorks\Drivetrain 2\Assembly.SLDASM
2025-04-17 14:15:43,176 INFO  CommonSwOperations.cs: 245 - Loading component with PID ?>     ???5 i n   C o l s o n   W h e e l - 1 @ A s s e m b l y             ?  
2025-04-17 14:15:43,176 INFO  CommonSwOperations.cs: 254 - Successfully loaded component C:\Users\joeys\OneDrive\Documents\UGV_SolidWorks\Drivetrain 2\5in Colson Wheel.SLDPRT
2025-04-17 14:15:43,176 INFO  CommonSwOperations.cs: 230 - Loaded 1 components for link right_wheel
2025-04-17 14:15:43,176 INFO  CommonSwOperations.cs: 221 - Loading SolidWorks components for left_front_wheel from C:\Users\joeys\OneDrive\Documents\UGV_SolidWorks\Drivetrain 2\Assembly.SLDASM
2025-04-17 14:15:43,176 INFO  CommonSwOperations.cs: 245 - Loading component with PID ?>     ???ES i d e   W h e e l   A s s e m b l y - 1 @ A s s e m b l y / 5 i n   C o l s o n   W h e e l - 1 @ S i d e   W h e e l   A s s e m b l y                   
2025-04-17 14:15:43,493 INFO  CommonSwOperations.cs: 254 - Successfully loaded component C:\Users\joeys\OneDrive\Documents\UGV_SolidWorks\Drivetrain 2\5in Colson Wheel.SLDPRT
2025-04-17 14:15:43,493 INFO  CommonSwOperations.cs: 230 - Loaded 1 components for link left_front_wheel
2025-04-17 14:15:43,493 INFO  CommonSwOperations.cs: 221 - Loading SolidWorks components for right_front_wheel from C:\Users\joeys\OneDrive\Documents\UGV_SolidWorks\Drivetrain 2\Assembly.SLDASM
2025-04-17 14:15:43,493 INFO  CommonSwOperations.cs: 245 - Loading component with PID ?>     ???ES i d e   W h e e l   A s s e m b l y - 3 @ A s s e m b l y / 5 i n   C o l s o n   W h e e l - 1 @ S i d e   W h e e l   A s s e m b l y             <      
2025-04-17 14:15:43,502 INFO  CommonSwOperations.cs: 254 - Successfully loaded component C:\Users\joeys\OneDrive\Documents\UGV_SolidWorks\Drivetrain 2\5in Colson Wheel.SLDPRT
2025-04-17 14:15:43,502 INFO  CommonSwOperations.cs: 230 - Loaded 1 components for link right_front_wheel
2025-04-17 14:15:43,502 INFO  CommonSwOperations.cs: 221 - Loading SolidWorks components for left_back_wheel from C:\Users\joeys\OneDrive\Documents\UGV_SolidWorks\Drivetrain 2\Assembly.SLDASM
2025-04-17 14:15:43,502 INFO  CommonSwOperations.cs: 245 - Loading component with PID ?>     ???EW h e e l   A s s e m b l y   B a c k - 1 @ A s s e m b l y / 5 i n   C o l s o n   W h e e l - 1 @ W h e e l   A s s e m b l y   B a c k             %      
2025-04-17 14:15:43,502 INFO  CommonSwOperations.cs: 254 - Successfully loaded component C:\Users\joeys\OneDrive\Documents\UGV_SolidWorks\Drivetrain 2\5in Colson Wheel.SLDPRT
2025-04-17 14:15:43,502 INFO  CommonSwOperations.cs: 230 - Loaded 1 components for link left_back_wheel
2025-04-17 14:15:43,502 INFO  CommonSwOperations.cs: 221 - Loading SolidWorks components for right_back_wheel from C:\Users\joeys\OneDrive\Documents\UGV_SolidWorks\Drivetrain 2\Assembly.SLDASM
2025-04-17 14:15:43,502 INFO  CommonSwOperations.cs: 245 - Loading component with PID ?>     ???EW h e e l   A s s e m b l y   B a c k - 2 @ A s s e m b l y / 5 i n   C o l s o n   W h e e l - 1 @ W h e e l   A s s e m b l y   B a c k             B      
2025-04-17 14:15:43,502 INFO  CommonSwOperations.cs: 254 - Successfully loaded component C:\Users\joeys\OneDrive\Documents\UGV_SolidWorks\Drivetrain 2\5in Colson Wheel.SLDPRT
2025-04-17 14:15:43,502 INFO  CommonSwOperations.cs: 230 - Loaded 1 components for link right_back_wheel
2025-04-17 14:15:44,269 INFO  SwAddin.cs: 344 - Showing property manager
2025-04-17 14:16:39,756 INFO  ExportPropertyManager.cs: 422 - Configuration saved
2025-04-17 14:16:39,756 INFO  ConfigurationSerialization.cs: 276 - URDF Configuration found
<Link z:Id="i1" xmlns="http://schemas.datacontract.org/2004/07/SW2URDF" xmlns:i="http://www.w3.org/2001/XMLSchema-instance" xmlns:z="http://schemas.microsoft.com/2003/10/Serialization/"><Attributes><Attribute z:Id="i2"><AttributeType>name</AttributeType><IsRequired>true</IsRequired><Value i:type="a:string" xmlns:a="http://www.w3.org/2001/XMLSchema">drivetrain_base_link</Value></Attribute></Attributes><ChildElements><URDFElement z:Id="i3" i:type="Inertial"><Attributes/><ChildElements><URDFElement z:Id="i4" i:type="Origin"><Attributes><Attribute z:Id="i5"><AttributeType>xyz</AttributeType><IsRequired>true</IsRequired><Value i:type="a:ArrayOfdouble" xmlns:a="http://schemas.microsoft.com/2003/10/Serialization/Arrays"><a:double>0.25893</a:double><a:double>-0.48948</a:double><a:double>0.13065</a:double></Value></Attribute><Attribute z:Id="i6"><AttributeType>rpy</AttributeType><IsRequired>true</IsRequired><Value i:type="a:ArrayOfdouble" xmlns:a="http://schemas.microsoft.com/2003/10/Serialization/Arrays"><a:double>0</a:double><a:double>0</a:double><a:double>0</a:double></Value></Attribute></Attributes><ChildElements/><ElementName>origin</ElementName><required>false</required><RPYAttribute z:Ref="i6"/><XYZAttribute z:Ref="i5"/><isCustomized>false</isCustomized></URDFElement><URDFElement z:Id="i7" i:type="Mass"><Attributes><Attribute z:Id="i8"><AttributeType>value</AttributeType><IsRequired>true</IsRequired><Value i:type="a:double" xmlns:a="http://www.w3.org/2001/XMLSchema">16.826</Value></Attribute></Attributes><ChildElements/><ElementName>mass</ElementName><required>false</required><ValueAttribute z:Ref="i8"/></URDFElement><URDFElement z:Id="i9" i:type="Inertia"><Attributes><Attribute z:Id="i10"><AttributeType>ixx</AttributeType><IsRequired>true</IsRequired><Value i:type="a:double" xmlns:a="http://www.w3.org/2001/XMLSchema">0.096739</Value></Attribute><Attribute z:Id="i11"><AttributeType>ixy</AttributeType><IsRequired>true</IsRequired><Value i:type="a:double" xmlns:a="http://www.w3.org/2001/XMLSchema">1.888E-07</Value></Attribute><Attribute z:Id="i12"><AttributeType>ixz</AttributeType><IsRequired>true</IsRequired><Value i:type="a:double" xmlns:a="http://www.w3.org/2001/XMLSchema">9.5052E-10</Value></Attribute><Attribute z:Id="i13"><AttributeType>iyy</AttributeType><IsRequired>true</IsRequired><Value i:type="a:double" xmlns:a="http://www.w3.org/2001/XMLSchema">0.18186</Value></Attribute><Attribute z:Id="i14"><AttributeType>iyz</AttributeType><IsRequired>true</IsRequired><Value i:type="a:double" xmlns:a="http://www.w3.org/2001/XMLSchema">-7.282E-08</Value></Attribute><Attribute z:Id="i15"><AttributeType>izz</AttributeType><IsRequired>true</IsRequired><Value i:type="a:double" xmlns:a="http://www.w3.org/2001/XMLSchema">0.17921</Value></Attribute></Attributes><ChildElements/><ElementName>inertia</ElementName><required>false</required><IxxAttribute z:Ref="i10"/><IxyAttribute z:Ref="i11"/><IxzAttribute z:Ref="i12"/><IyyAttribute z:Ref="i13"/><IyzAttribute z:Ref="i14"/><IzzAttribute z:Ref="i15"/></URDFElement></ChildElements><ElementName>inertial</ElementName><required>false</required><Inertia z:Ref="i9"/><Mass z:Ref="i7"/><Origin z:Ref="i4"/></URDFElement><URDFElement z:Id="i16" i:type="Visual"><Attributes/><ChildElements><URDFElement z:Id="i17" i:type="Origin"><Attributes><Attribute z:Id="i18"><AttributeType>xyz</AttributeType><IsRequired>true</IsRequired><Value i:type="a:ArrayOfdouble" xmlns:a="http://schemas.microsoft.com/2003/10/Serialization/Arrays"><a:double>0</a:double><a:double>0</a:double><a:double>0</a:double></Value></Attribute><Attribute z:Id="i19"><AttributeType>rpy</AttributeType><IsRequired>true</IsRequired><Value i:type="a:ArrayOfdouble" xmlns:a="http://schemas.microsoft.com/2003/10/Serialization/Arrays"><a:double>0</a:double><a:double>0</a:double><a:double>0</a:double></Value></Attribute></Attributes><ChildElements/><ElementName>origin</ElementName><required>false</required><RPYAttribute z:Ref="i19"/><XYZAttribute z:Ref="i18"/><isCustomized>false</isCustomized></URDFElement><URDFElement z:Id="i20" i:type="Geometry"><Attributes/><ChildElements><URDFElement z:Id="i21" i:type="Mesh"><Attributes><Attribute z:Id="i22"><AttributeType>filename</AttributeType><IsRequired>true</IsRequired><Value i:nil="true"/></Attribute></Attributes><ChildElements/><ElementName>mesh</ElementName><required>false</required><FilenameAttribute z:Ref="i22"/></URDFElement></ChildElements><ElementName>geometry</ElementName><required>true</required><Mesh z:Ref="i21"/></URDFElement><URDFElement z:Id="i23" i:type="Material"><Attributes><Attribute z:Id="i24"><AttributeType>name</AttributeType><IsRequired>true</IsRequired><Value i:type="a:string" xmlns:a="http://www.w3.org/2001/XMLSchema"/></Attribute></Attributes><ChildElements><URDFElement z:Id="i25" i:type="Color"><Attributes><Attribute z:Id="i26"><AttributeType>rgba</AttributeType><IsRequired>true</IsRequired><Value i:type="a:ArrayOfdouble" xmlns:a="http://schemas.microsoft.com/2003/10/Serialization/Arrays"><a:double>0.75294</a:double><a:double>0.75294</a:double><a:double>0.75294</a:double><a:double>1</a:double></Value></Attribute></Attributes><ChildElements/><ElementName>color</ElementName><required>false</required><RGBAAttribute z:Ref="i26"/></URDFElement><URDFElement z:Id="i27" i:type="Texture"><Attributes><Attribute z:Id="i28"><AttributeType>filename</AttributeType><IsRequired>true</IsRequired><Value i:nil="true"/></Attribute></Attributes><ChildElements/><ElementName>texture</ElementName><required>false</required><FilenameAttribute z:Ref="i28"/><wFilename/></URDFElement></ChildElements><ElementName>material</ElementName><required>false</required><Color z:Ref="i25"/><NameAttribute z:Ref="i24"/><Texture z:Ref="i27"/></URDFElement></ChildElements><ElementName>visual</ElementName><required>false</required><Geometry z:Ref="i20"/><Material z:Ref="i23"/><Origin z:Ref="i17"/></URDFElement><URDFElement z:Id="i29" i:type="Collision"><Attributes/><ChildElements><URDFElement z:Id="i30" i:type="Origin"><Attributes><Attribute z:Id="i31"><AttributeType>xyz</AttributeType><IsRequired>true</IsRequired><Value i:type="a:ArrayOfdouble" xmlns:a="http://schemas.microsoft.com/2003/10/Serialization/Arrays"><a:double>0</a:double><a:double>0</a:double><a:double>0</a:double></Value></Attribute><Attribute z:Id="i32"><AttributeType>rpy</AttributeType><IsRequired>true</IsRequired><Value i:type="a:ArrayOfdouble" xmlns:a="http://schemas.microsoft.com/2003/10/Serialization/Arrays"><a:double>0</a:double><a:double>0</a:double><a:double>0</a:double></Value></Attribute></Attributes><ChildElements/><ElementName>origin</ElementName><required>false</required><RPYAttribute z:Ref="i32"/><XYZAttribute z:Ref="i31"/><isCustomized>false</isCustomized></URDFElement><URDFElement z:Id="i33" i:type="Geometry"><Attributes/><ChildElements><URDFElement z:Id="i34" i:type="Mesh"><Attributes><Attribute z:Id="i35"><AttributeType>filename</AttributeType><IsRequired>true</IsRequired><Value i:nil="true"/></Attribute></Attributes><ChildElements/><ElementName>mesh</ElementName><required>false</required><FilenameAttribute z:Ref="i35"/></URDFElement></ChildElements><ElementName>geometry</ElementName><required>true</required><Mesh z:Ref="i34"/></URDFElement></ChildElements><ElementName>collision</ElementName><required>false</required><Geometry z:Ref="i33"/><Origin z:Ref="i30"/></URDFElement><URDFElement z:Id="i36" i:type="Joint"><Attributes><Attribute z:Id="i37"><AttributeType>name</AttributeType><IsRequired>true</IsRequired><Value i:type="a:string" xmlns:a="http://www.w3.org/2001/XMLSchema"/></Attribute><Attribute z:Id="i38"><AttributeType>type</AttributeType><IsRequired>true</IsRequired><Value i:type="a:string" xmlns:a="http://www.w3.org/2001/XMLSchema"/></Attribute></Attributes><ChildElements><URDFElement z:Id="i39" i:type="Origin"><Attributes><Attribute z:Id="i40"><AttributeType>xyz</AttributeType><IsRequired>true</IsRequired><Value i:type="a:ArrayOfdouble" xmlns:a="http://schemas.microsoft.com/2003/10/Serialization/Arrays"><a:double>0</a:double><a:double>0</a:double><a:double>0</a:double></Value></Attribute><Attribute z:Id="i41"><AttributeType>rpy</AttributeType><IsRequired>true</IsRequired><Value i:type="a:ArrayOfdouble" xmlns:a="http://schemas.microsoft.com/2003/10/Serialization/Arrays"><a:double>0</a:double><a:double>0</a:double><a:double>0</a:double></Value></Attribute></Attributes><ChildElements/><ElementName>origin</ElementName><required>false</required><RPYAttribute z:Ref="i41"/><XYZAttribute z:Ref="i40"/><isCustomized>false</isCustomized></URDFElement><URDFElement z:Id="i42" i:type="ParentLink"><Attributes><Attribute z:Id="i43"><AttributeType>link</AttributeType><IsRequired>true</IsRequired><Value i:type="a:string" xmlns:a="http://www.w3.org/2001/XMLSchema"/></Attribute></Attributes><ChildElements/><ElementName>parent</ElementName><required>true</required><NameAttribute z:Ref="i43"/></URDFElement><URDFElement z:Id="i44" i:type="ChildLink"><Attributes><Attribute z:Id="i45"><AttributeType>link</AttributeType><IsRequired>true</IsRequired><Value i:type="a:string" xmlns:a="http://www.w3.org/2001/XMLSchema"/></Attribute></Attributes><ChildElements/><ElementName>child</ElementName><required>true</required><NameAttribute z:Ref="i45"/></URDFElement><URDFElement z:Id="i46" i:type="Axis"><Attributes><Attribute z:Id="i47"><AttributeType>xyz</AttributeType><IsRequired>true</IsRequired><Value i:type="a:ArrayOfdouble" xmlns:a="http://schemas.microsoft.com/2003/10/Serialization/Arrays"><a:double>0</a:double><a:double>0</a:double><a:double>0</a:double></Value></Attribute></Attributes><ChildElements/><ElementName>axis</ElementName><required>false</required><XYZAttribute z:Ref="i47"/></URDFElement><URDFElement z:Id="i48" i:type="Limit"><Attributes><Attribute z:Id="i49"><AttributeType>lower</AttributeType><IsRequired>false</IsRequired><Value i:nil="true"/></Attribute><Attribute z:Id="i50"><AttributeType>upper</AttributeType><IsRequired>false</IsRequired><Value i:nil="true"/></Attribute><Attribute z:Id="i51"><AttributeType>effort</AttributeType><IsRequired>true</IsRequired><Value i:nil="true"/></Attribute><Attribute z:Id="i52"><AttributeType>velocity</AttributeType><IsRequired>true</IsRequired><Value i:nil="true"/></Attribute></Attributes><ChildElements/><ElementName>limit</ElementName><required>false</required><EffortAttribute z:Ref="i51"/><LowerAttribute z:Ref="i49"/><UpperAttribute z:Ref="i50"/><VelocityAttribute z:Ref="i52"/></URDFElement><URDFElement z:Id="i53" i:type="Calibration"><Attributes><Attribute z:Id="i54"><AttributeType>rising</AttributeType><IsRequired>false</IsRequired><Value i:nil="true"/></Attribute><Attribute z:Id="i55"><AttributeType>falling</AttributeType><IsRequired>false</IsRequired><Value i:nil="true"/></Attribute></Attributes><ChildElements/><ElementName>calibration</ElementName><required>false</required><FallingAttribute z:Ref="i55"/><RisingAttribute z:Ref="i54"/></URDFElement><URDFElement z:Id="i56" i:type="Dynamics"><Attributes><Attribute z:Id="i57"><AttributeType>damping</AttributeType><IsRequired>false</IsRequired><Value i:nil="true"/></Attribute><Attribute z:Id="i58"><AttributeType>friction</AttributeType><IsRequired>false</IsRequired><Value i:nil="true"/></Attribute></Attributes><ChildElements/><ElementName>dynamics</ElementName><required>false</required><DampingAttribute z:Ref="i57"/><FrictionAttribute z:Ref="i58"/></URDFElement><URDFElement z:Id="i59" i:type="SafetyController"><Attributes><Attribute z:Id="i60"><AttributeType>soft_upper_limit</AttributeType><IsRequired>false</IsRequired><Value i:nil="true"/></Attribute><Attribute z:Id="i61"><AttributeType>soft_lower_limit</AttributeType><IsRequired>false</IsRequired><Value i:nil="true"/></Attribute><Attribute z:Id="i62"><AttributeType>k_position</AttributeType><IsRequired>false</IsRequired><Value i:nil="true"/></Attribute><Attribute z:Id="i63"><AttributeType>k_velocity</AttributeType><IsRequired>true</IsRequired><Value i:nil="true"/></Attribute></Attributes><ChildElements/><ElementName>safety_controller</ElementName><required>false</required><KPositionAttribute z:Ref="i62"/><KVelocityAttribute z:Ref="i63"/><SoftLowerAttribute z:Ref="i61"/><SoftUpperAttribute z:Ref="i60"/></URDFElement><URDFElement z:Id="i64" i:type="Mimic"><Attributes><Attribute z:Id="i65"><AttributeType>joint</AttributeType><IsRequired>true</IsRequired><Value i:nil="true"/></Attribute><Attribute z:Id="i66"><AttributeType>multiplier</AttributeType><IsRequired>false</IsRequired><Value i:nil="true"/></Attribute><Attribute z:Id="i67"><AttributeType>offset</AttributeType><IsRequired>false</IsRequired><Value i:nil="true"/></Attribute></Attributes><ChildElements/><ElementName>mimic</ElementName><required>false</required><JointNameAttribute z:Ref="i65"/><MultiplierAttribute z:Ref="i66"/><OffsetAttribute z:Ref="i67"/></URDFElement></ChildElements><ElementName>joint</ElementName><required>false</required><Axis z:Ref="i46"/><AxisName/><Calibration z:Ref="i53"/><Child z:Ref="i44"/><CoordinateSystemName>Coordinate System2</CoordinateSystemName><Dynamics z:Ref="i56"/><Limit z:Ref="i48"/><Mimic z:Ref="i64"/><NameAttribute z:Ref="i37"/><Origin z:Ref="i39"/><Parent z:Ref="i42"/><Safety z:Ref="i59"/><TypeAttribute z:Ref="i38"/></URDFElement></ChildElements><ElementName>link</ElementName><required>true</required><Children><Link z:Id="i68"><Attributes><Attribute z:Id="i69"><AttributeType>name</AttributeType><IsRequired>true</IsRequired><Value i:type="a:string" xmlns:a="http://www.w3.org/2001/XMLSchema">left_wheel</Value></Attribute></Attributes><ChildElements><URDFElement z:Id="i70" i:type="Inertial"><Attributes/><ChildElements><URDFElement z:Id="i71" i:type="Origin"><Attributes><Attribute z:Id="i72"><AttributeType>xyz</AttributeType><IsRequired>true</IsRequired><Value i:type="a:ArrayOfdouble" xmlns:a="http://schemas.microsoft.com/2003/10/Serialization/Arrays"><a:double>1.3885E-08</a:double><a:double>-4.7617E-10</a:double><a:double>-8.5336E-12</a:double></Value></Attribute><Attribute z:Id="i73"><AttributeType>rpy</AttributeType><IsRequired>true</IsRequired><Value i:type="a:ArrayOfdouble" xmlns:a="http://schemas.microsoft.com/2003/10/Serialization/Arrays"><a:double>0</a:double><a:double>0</a:double><a:double>0</a:double></Value></Attribute></Attributes><ChildElements/><ElementName>origin</ElementName><required>false</required><RPYAttribute z:Ref="i73"/><XYZAttribute z:Ref="i72"/><isCustomized>false</isCustomized></URDFElement><URDFElement z:Id="i74" i:type="Mass"><Attributes><Attribute z:Id="i75"><AttributeType>value</AttributeType><IsRequired>true</IsRequired><Value i:type="a:double" xmlns:a="http://www.w3.org/2001/XMLSchema">0.36704</Value></Attribute></Attributes><ChildElements/><ElementName>mass</ElementName><required>false</required><ValueAttribute z:Ref="i75"/></URDFElement><URDFElement z:Id="i76" i:type="Inertia"><Attributes><Attribute z:Id="i77"><AttributeType>ixx</AttributeType><IsRequired>true</IsRequired><Value i:type="a:double" xmlns:a="http://www.w3.org/2001/XMLSchema">0.00082344</Value></Attribute><Attribute z:Id="i78"><AttributeType>ixy</AttributeType><IsRequired>true</IsRequired><Value i:type="a:double" xmlns:a="http://www.w3.org/2001/XMLSchema">4.2918E-12</Value></Attribute><Attribute z:Id="i79"><AttributeType>ixz</AttributeType><IsRequired>true</IsRequired><Value i:type="a:double" xmlns:a="http://www.w3.org/2001/XMLSchema">1.5551E-13</Value></Attribute><Attribute z:Id="i80"><AttributeType>iyy</AttributeType><IsRequired>true</IsRequired><Value i:type="a:double" xmlns:a="http://www.w3.org/2001/XMLSchema">0.0004503</Value></Attribute><Attribute z:Id="i81"><AttributeType>iyz</AttributeType><IsRequired>true</IsRequired><Value i:type="a:double" xmlns:a="http://www.w3.org/2001/XMLSchema">2.6527E-10</Value></Attribute><Attribute z:Id="i82"><AttributeType>izz</AttributeType><IsRequired>true</IsRequired><Value i:type="a:double" xmlns:a="http://www.w3.org/2001/XMLSchema">0.0004503</Value></Attribute></Attributes><ChildElements/><ElementName>inertia</ElementName><required>false</required><IxxAttribute z:Ref="i77"/><IxyAttribute z:Ref="i78"/><IxzAttribute z:Ref="i79"/><IyyAttribute z:Ref="i80"/><IyzAttribute z:Ref="i81"/><IzzAttribute z:Ref="i82"/></URDFElement></ChildElements><ElementName>inertial</ElementName><required>false</required><Inertia z:Ref="i76"/><Mass z:Ref="i74"/><Origin z:Ref="i71"/></URDFElement><URDFElement z:Id="i83" i:type="Visual"><Attributes/><ChildElements><URDFElement z:Id="i84" i:type="Origin"><Attributes><Attribute z:Id="i85"><AttributeType>xyz</AttributeType><IsRequired>true</IsRequired><Value i:type="a:ArrayOfdouble" xmlns:a="http://schemas.microsoft.com/2003/10/Serialization/Arrays"><a:double>0</a:double><a:double>0</a:double><a:double>0</a:double></Value></Attribute><Attribute z:Id="i86"><AttributeType>rpy</AttributeType><IsRequired>true</IsRequired><Value i:type="a:ArrayOfdouble" xmlns:a="http://schemas.microsoft.com/2003/10/Serialization/Arrays"><a:double>0</a:double><a:double>0</a:double><a:double>0</a:double></Value></Attribute></Attributes><ChildElements/><ElementName>origin</ElementName><required>false</required><RPYAttribute z:Ref="i86"/><XYZAttribute z:Ref="i85"/><isCustomized>false</isCustomized></URDFElement><URDFElement z:Id="i87" i:type="Geometry"><Attributes/><ChildElements><URDFElement z:Id="i88" i:type="Mesh"><Attributes><Attribute z:Id="i89"><AttributeType>filename</AttributeType><IsRequired>true</IsRequired><Value i:nil="true"/></Attribute></Attributes><ChildElements/><ElementName>mesh</ElementName><required>false</required><FilenameAttribute z:Ref="i89"/></URDFElement></ChildElements><ElementName>geometry</ElementName><required>true</required><Mesh z:Ref="i88"/></URDFElement><URDFElement z:Id="i90" i:type="Material"><Attributes><Attribute z:Id="i91"><AttributeType>name</AttributeType><IsRequired>true</IsRequired><Value i:type="a:string" xmlns:a="http://www.w3.org/2001/XMLSchema"/></Attribute></Attributes><ChildElements><URDFElement z:Id="i92" i:type="Color"><Attributes><Attribute z:Id="i93"><AttributeType>rgba</AttributeType><IsRequired>true</IsRequired><Value i:type="a:ArrayOfdouble" xmlns:a="http://schemas.microsoft.com/2003/10/Serialization/Arrays"><a:double>0.79216</a:double><a:double>0.81961</a:double><a:double>0.93333</a:double><a:double>1</a:double></Value></Attribute></Attributes><ChildElements/><ElementName>color</ElementName><required>false</required><RGBAAttribute z:Ref="i93"/></URDFElement><URDFElement z:Id="i94" i:type="Texture"><Attributes><Attribute z:Id="i95"><AttributeType>filename</AttributeType><IsRequired>true</IsRequired><Value i:nil="true"/></Attribute></Attributes><ChildElements/><ElementName>texture</ElementName><required>false</required><FilenameAttribute z:Ref="i95"/><wFilename/></URDFElement></ChildElements><ElementName>material</ElementName><required>false</required><Color z:Ref="i92"/><NameAttribute z:Ref="i91"/><Texture z:Ref="i94"/></URDFElement></ChildElements><ElementName>visual</ElementName><required>false</required><Geometry z:Ref="i87"/><Material z:Ref="i90"/><Origin z:Ref="i84"/></URDFElement><URDFElement z:Id="i96" i:type="Collision"><Attributes/><ChildElements><URDFElement z:Id="i97" i:type="Origin"><Attributes><Attribute z:Id="i98"><AttributeType>xyz</AttributeType><IsRequired>true</IsRequired><Value i:type="a:ArrayOfdouble" xmlns:a="http://schemas.microsoft.com/2003/10/Serialization/Arrays"><a:double>0</a:double><a:double>0</a:double><a:double>0</a:double></Value></Attribute><Attribute z:Id="i99"><AttributeType>rpy</AttributeType><IsRequired>true</IsRequired><Value i:type="a:ArrayOfdouble" xmlns:a="http://schemas.microsoft.com/2003/10/Serialization/Arrays"><a:double>0</a:double><a:double>0</a:double><a:double>0</a:double></Value></Attribute></Attributes><ChildElements/><ElementName>origin</ElementName><required>false</required><RPYAttribute z:Ref="i99"/><XYZAttribute z:Ref="i98"/><isCustomized>false</isCustomized></URDFElement><URDFElement z:Id="i100" i:type="Geometry"><Attributes/><ChildElements><URDFElement z:Id="i101" i:type="Mesh"><Attributes><Attribute z:Id="i102"><AttributeType>filename</AttributeType><IsRequired>true</IsRequired><Value i:nil="true"/></Attribute></Attributes><ChildElements/><ElementName>mesh</ElementName><required>false</required><FilenameAttribute z:Ref="i102"/></URDFElement></ChildElements><ElementName>geometry</ElementName><required>true</required><Mesh z:Ref="i101"/></URDFElement></ChildElements><ElementName>collision</ElementName><required>false</required><Geometry z:Ref="i100"/><Origin z:Ref="i97"/></URDFElement><URDFElement z:Id="i103" i:type="Joint"><Attributes><Attribute z:Id="i104"><AttributeType>name</AttributeType><IsRequired>true</IsRequired><Value i:type="a:string" xmlns:a="http://www.w3.org/2001/XMLSchema">left_wheel_joint</Value></Attribute><Attribute z:Id="i105"><AttributeType>type</AttributeType><IsRequired>true</IsRequired><Value i:type="a:string" xmlns:a="http://www.w3.org/2001/XMLSchema">continuous</Value></Attribute></Attributes><ChildElements><URDFElement z:Id="i106" i:type="Origin"><Attributes><Attribute z:Id="i107"><AttributeType>xyz</AttributeType><IsRequired>true</IsRequired><Value i:type="a:ArrayOfdouble" xmlns:a="http://schemas.microsoft.com/2003/10/Serialization/Arrays"><a:double>-0.026657</a:double><a:double>-0.33398</a:double><a:double>0.025404</a:double></Value></Attribute><Attribute z:Id="i108"><AttributeType>rpy</AttributeType><IsRequired>true</IsRequired><Value i:type="a:ArrayOfdouble" xmlns:a="http://schemas.microsoft.com/2003/10/Serialization/Arrays"><a:double>0</a:double><a:double>0</a:double><a:double>0</a:double></Value></Attribute></Attributes><ChildElements/><ElementName>origin</ElementName><required>false</required><RPYAttribute z:Ref="i108"/><XYZAttribute z:Ref="i107"/><isCustomized>false</isCustomized></URDFElement><URDFElement z:Id="i109" i:type="ParentLink"><Attributes><Attribute z:Id="i110"><AttributeType>link</AttributeType><IsRequired>true</IsRequired><Value i:type="a:string" xmlns:a="http://www.w3.org/2001/XMLSchema">drivetrain_base_link</Value></Attribute></Attributes><ChildElements/><ElementName>parent</ElementName><required>true</required><NameAttribute z:Ref="i110"/></URDFElement><URDFElement z:Id="i111" i:type="ChildLink"><Attributes><Attribute z:Id="i112"><AttributeType>link</AttributeType><IsRequired>true</IsRequired><Value i:type="a:string" xmlns:a="http://www.w3.org/2001/XMLSchema">left_wheel</Value></Attribute></Attributes><ChildElements/><ElementName>child</ElementName><required>true</required><NameAttribute z:Ref="i112"/></URDFElement><URDFElement z:Id="i113" i:type="Axis"><Attributes><Attribute z:Id="i114"><AttributeType>xyz</AttributeType><IsRequired>true</IsRequired><Value i:type="a:ArrayOfdouble" xmlns:a="http://schemas.microsoft.com/2003/10/Serialization/Arrays"><a:double>1</a:double><a:double>0</a:double><a:double>0</a:double></Value></Attribute></Attributes><ChildElements/><ElementName>axis</ElementName><required>false</required><XYZAttribute z:Ref="i114"/></URDFElement><URDFElement z:Id="i115" i:type="Limit"><Attributes><Attribute z:Id="i116"><AttributeType>lower</AttributeType><IsRequired>false</IsRequired><Value i:nil="true"/></Attribute><Attribute z:Id="i117"><AttributeType>upper</AttributeType><IsRequired>false</IsRequired><Value i:nil="true"/></Attribute><Attribute z:Id="i118"><AttributeType>effort</AttributeType><IsRequired>true</IsRequired><Value i:nil="true"/></Attribute><Attribute z:Id="i119"><AttributeType>velocity</AttributeType><IsRequired>true</IsRequired><Value i:nil="true"/></Attribute></Attributes><ChildElements/><ElementName>limit</ElementName><required>false</required><EffortAttribute z:Ref="i118"/><LowerAttribute z:Ref="i116"/><UpperAttribute z:Ref="i117"/><VelocityAttribute z:Ref="i119"/></URDFElement><URDFElement z:Id="i120" i:type="Calibration"><Attributes><Attribute z:Id="i121"><AttributeType>rising</AttributeType><IsRequired>false</IsRequired><Value i:nil="true"/></Attribute><Attribute z:Id="i122"><AttributeType>falling</AttributeType><IsRequired>false</IsRequired><Value i:nil="true"/></Attribute></Attributes><ChildElements/><ElementName>calibration</ElementName><required>false</required><FallingAttribute z:Ref="i122"/><RisingAttribute z:Ref="i121"/></URDFElement><URDFElement z:Id="i123" i:type="Dynamics"><Attributes><Attribute z:Id="i124"><AttributeType>damping</AttributeType><IsRequired>false</IsRequired><Value i:nil="true"/></Attribute><Attribute z:Id="i125"><AttributeType>friction</AttributeType><IsRequired>false</IsRequired><Value i:nil="true"/></Attribute></Attributes><ChildElements/><ElementName>dynamics</ElementName><required>false</required><DampingAttribute z:Ref="i124"/><FrictionAttribute z:Ref="i125"/></URDFElement><URDFElement z:Id="i126" i:type="SafetyController"><Attributes><Attribute z:Id="i127"><AttributeType>soft_upper_limit</AttributeType><IsRequired>false</IsRequired><Value i:nil="true"/></Attribute><Attribute z:Id="i128"><AttributeType>soft_lower_limit</AttributeType><IsRequired>false</IsRequired><Value i:nil="true"/></Attribute><Attribute z:Id="i129"><AttributeType>k_position</AttributeType><IsRequired>false</IsRequired><Value i:nil="true"/></Attribute><Attribute z:Id="i130"><AttributeType>k_velocity</AttributeType><IsRequired>true</IsRequired><Value i:nil="true"/></Attribute></Attributes><ChildElements/><ElementName>safety_controller</ElementName><required>false</required><KPositionAttribute z:Ref="i129"/><KVelocityAttribute z:Ref="i130"/><SoftLowerAttribute z:Ref="i128"/><SoftUpperAttribute z:Ref="i127"/></URDFElement><URDFElement z:Id="i131" i:type="Mimic"><Attributes><Attribute z:Id="i132"><AttributeType>joint</AttributeType><IsRequired>true</IsRequired><Value i:nil="true"/></Attribute><Attribute z:Id="i133"><AttributeType>multiplier</AttributeType><IsRequired>false</IsRequired><Value i:nil="true"/></Attribute><Attribute z:Id="i134"><AttributeType>offset</AttributeType><IsRequired>false</IsRequired><Value i:nil="true"/></Attribute></Attributes><ChildElements/><ElementName>mimic</ElementName><required>false</required><JointNameAttribute z:Ref="i132"/><MultiplierAttribute z:Ref="i133"/><OffsetAttribute z:Ref="i134"/></URDFElement></ChildElements><ElementName>joint</ElementName><required>false</required><Axis z:Ref="i113"/><AxisName>Axis1</AxisName><Calibration z:Ref="i120"/><Child z:Ref="i111"/><CoordinateSystemName>Origin_left_wheel_joint</CoordinateSystemName><Dynamics z:Ref="i123"/><Limit z:Ref="i115"/><Mimic z:Ref="i131"/><NameAttribute z:Ref="i104"/><Origin z:Ref="i106"/><Parent z:Ref="i109"/><Safety z:Ref="i126"/><TypeAttribute z:Ref="i105"/></URDFElement></ChildElements><ElementName>link</ElementName><required>true</required><Children/><Collision z:Ref="i96"/><Inertial z:Ref="i70"/><Joint z:Ref="i103"/><NameAttribute z:Ref="i69"/><Parent z:Ref="i1"/><STLQualityFine>false</STLQualityFine><SWComponentPIDs xmlns:a="http://schemas.microsoft.com/2003/10/Serialization/Arrays"><a:base64Binary>gD4AAAUAAAD//v8bNQBpAG4AIABDAG8AbABzAG8AbgAgAFcAaABlAGUAbAAtADIAQABBAHMAcwBlAG0AYgBsAHkABAAAABAAAAABAAAAAQAAAPMBAAA=</a:base64Binary></SWComponentPIDs><SWMainComponentPID i:nil="true"/><Visual z:Ref="i83"/><isFixedFrame>false</isFixedFrame><isIncomplete>false</isIncomplete></Link><Link z:Id="i135"><Attributes><Attribute z:Id="i136"><AttributeType>name</AttributeType><IsRequired>true</IsRequired><Value i:type="a:string" xmlns:a="http://www.w3.org/2001/XMLSchema">right_wheel</Value></Attribute></Attributes><ChildElements><URDFElement z:Id="i137" i:type="Inertial"><Attributes/><ChildElements><URDFElement z:Id="i138" i:type="Origin"><Attributes><Attribute z:Id="i139"><AttributeType>xyz</AttributeType><IsRequired>true</IsRequired><Value i:type="a:ArrayOfdouble" xmlns:a="http://schemas.microsoft.com/2003/10/Serialization/Arrays"><a:double>1.3884633331961993E-08</a:double><a:double>4.1069683764938247E-10</a:double><a:double>2.4111057594922158E-10</a:double></Value></Attribute><Attribute z:Id="i140"><AttributeType>rpy</AttributeType><IsRequired>true</IsRequired><Value i:type="a:ArrayOfdouble" xmlns:a="http://schemas.microsoft.com/2003/10/Serialization/Arrays"><a:double>0</a:double><a:double>0</a:double><a:double>0</a:double></Value></Attribute></Attributes><ChildElements/><ElementName>origin</ElementName><required>false</required><RPYAttribute z:Ref="i140"/><XYZAttribute z:Ref="i139"/><isCustomized>false</isCustomized></URDFElement><URDFElement z:Id="i141" i:type="Mass"><Attributes><Attribute z:Id="i142"><AttributeType>value</AttributeType><IsRequired>true</IsRequired><Value i:type="a:double" xmlns:a="http://www.w3.org/2001/XMLSchema">0.36703715427522754</Value></Attribute></Attributes><ChildElements/><ElementName>mass</ElementName><required>false</required><ValueAttribute z:Ref="i142"/></URDFElement><URDFElement z:Id="i143" i:type="Inertia"><Attributes><Attribute z:Id="i144"><AttributeType>ixx</AttributeType><IsRequired>true</IsRequired><Value i:type="a:double" xmlns:a="http://www.w3.org/2001/XMLSchema">0.00082344418606391156</Value></Attribute><Attribute z:Id="i145"><AttributeType>ixy</AttributeType><IsRequired>true</IsRequired><Value i:type="a:double" xmlns:a="http://www.w3.org/2001/XMLSchema">-3.66312406869814E-12</Value></Attribute><Attribute z:Id="i146"><AttributeType>ixz</AttributeType><IsRequired>true</IsRequired><Value i:type="a:double" xmlns:a="http://www.w3.org/2001/XMLSchema">-2.2416588791464881E-12</Value></Attribute><Attribute z:Id="i147"><AttributeType>iyy</AttributeType><IsRequired>true</IsRequired><Value i:type="a:double" xmlns:a="http://www.w3.org/2001/XMLSchema">0.00045030410615588313</Value></Attribute><Attribute z:Id="i148"><AttributeType>iyz</AttributeType><IsRequired>true</IsRequired><Value i:type="a:double" xmlns:a="http://www.w3.org/2001/XMLSchema">9.6159084744828517E-10</Value></Attribute><Attribute z:Id="i149"><AttributeType>izz</AttributeType><IsRequired>true</IsRequired><Value i:type="a:double" xmlns:a="http://www.w3.org/2001/XMLSchema">0.00045030356086439994</Value></Attribute></Attributes><ChildElements/><ElementName>inertia</ElementName><required>false</required><IxxAttribute z:Ref="i144"/><IxyAttribute z:Ref="i145"/><IxzAttribute z:Ref="i146"/><IyyAttribute z:Ref="i147"/><IyzAttribute z:Ref="i148"/><IzzAttribute z:Ref="i149"/></URDFElement></ChildElements><ElementName>inertial</ElementName><required>false</required><Inertia z:Ref="i143"/><Mass z:Ref="i141"/><Origin z:Ref="i138"/></URDFElement><URDFElement z:Id="i150" i:type="Visual"><Attributes/><ChildElements><URDFElement z:Id="i151" i:type="Origin"><Attributes><Attribute z:Id="i152"><AttributeType>xyz</AttributeType><IsRequired>true</IsRequired><Value i:type="a:ArrayOfdouble" xmlns:a="http://schemas.microsoft.com/2003/10/Serialization/Arrays"><a:double>0</a:double><a:double>0</a:double><a:double>0</a:double></Value></Attribute><Attribute z:Id="i153"><AttributeType>rpy</AttributeType><IsRequired>true</IsRequired><Value i:type="a:ArrayOfdouble" xmlns:a="http://schemas.microsoft.com/2003/10/Serialization/Arrays"><a:double>0</a:double><a:double>0</a:double><a:double>0</a:double></Value></Attribute></Attributes><ChildElements/><ElementName>origin</ElementName><required>false</required><RPYAttribute z:Ref="i153"/><XYZAttribute z:Ref="i152"/><isCustomized>false</isCustomized></URDFElement><URDFElement z:Id="i154" i:type="Geometry"><Attributes/><ChildElements><URDFElement z:Id="i155" i:type="Mesh"><Attributes><Attribute z:Id="i156"><AttributeType>filename</AttributeType><IsRequired>true</IsRequired><Value i:nil="true"/></Attribute></Attributes><ChildElements/><ElementName>mesh</ElementName><required>false</required><FilenameAttribute z:Ref="i156"/></URDFElement></ChildElements><ElementName>geometry</ElementName><required>true</required><Mesh z:Ref="i155"/></URDFElement><URDFElement z:Id="i157" i:type="Material"><Attributes><Attribute z:Id="i158"><AttributeType>name</AttributeType><IsRequired>true</IsRequired><Value i:type="a:string" xmlns:a="http://www.w3.org/2001/XMLSchema"/></Attribute></Attributes><ChildElements><URDFElement z:Id="i159" i:type="Color"><Attributes><Attribute z:Id="i160"><AttributeType>rgba</AttributeType><IsRequired>true</IsRequired><Value i:type="a:ArrayOfdouble" xmlns:a="http://schemas.microsoft.com/2003/10/Serialization/Arrays"><a:double>0.792156862745098</a:double><a:double>0.81960784313725488</a:double><a:double>0.93333333333333335</a:double><a:double>1</a:double></Value></Attribute></Attributes><ChildElements/><ElementName>color</ElementName><required>false</required><RGBAAttribute z:Ref="i160"/></URDFElement><URDFElement z:Id="i161" i:type="Texture"><Attributes><Attribute z:Id="i162"><AttributeType>filename</AttributeType><IsRequired>true</IsRequired><Value i:nil="true"/></Attribute></Attributes><ChildElements/><ElementName>texture</ElementName><required>false</required><FilenameAttribute z:Ref="i162"/><wFilename/></URDFElement></ChildElements><ElementName>material</ElementName><required>false</required><Color z:Ref="i159"/><NameAttribute z:Ref="i158"/><Texture z:Ref="i161"/></URDFElement></ChildElements><ElementName>visual</ElementName><required>false</required><Geometry z:Ref="i154"/><Material z:Ref="i157"/><Origin z:Ref="i151"/></URDFElement><URDFElement z:Id="i163" i:type="Collision"><Attributes/><ChildElements><URDFElement z:Id="i164" i:type="Origin"><Attributes><Attribute z:Id="i165"><AttributeType>xyz</AttributeType><IsRequired>true</IsRequired><Value i:type="a:ArrayOfdouble" xmlns:a="http://schemas.microsoft.com/2003/10/Serialization/Arrays"><a:double>0</a:double><a:double>0</a:double><a:double>0</a:double></Value></Attribute><Attribute z:Id="i166"><AttributeType>rpy</AttributeType><IsRequired>true</IsRequired><Value i:type="a:ArrayOfdouble" xmlns:a="http://schemas.microsoft.com/2003/10/Serialization/Arrays"><a:double>0</a:double><a:double>0</a:double><a:double>0</a:double></Value></Attribute></Attributes><ChildElements/><ElementName>origin</ElementName><required>false</required><RPYAttribute z:Ref="i166"/><XYZAttribute z:Ref="i165"/><isCustomized>false</isCustomized></URDFElement><URDFElement z:Id="i167" i:type="Geometry"><Attributes/><ChildElements><URDFElement z:Id="i168" i:type="Mesh"><Attributes><Attribute z:Id="i169"><AttributeType>filename</AttributeType><IsRequired>true</IsRequired><Value i:nil="true"/></Attribute></Attributes><ChildElements/><ElementName>mesh</ElementName><required>false</required><FilenameAttribute z:Ref="i169"/></URDFElement></ChildElements><ElementName>geometry</ElementName><required>true</required><Mesh z:Ref="i168"/></URDFElement></ChildElements><ElementName>collision</ElementName><required>false</required><Geometry z:Ref="i167"/><Origin z:Ref="i164"/></URDFElement><URDFElement z:Id="i170" i:type="Joint"><Attributes><Attribute z:Id="i171"><AttributeType>name</AttributeType><IsRequired>true</IsRequired><Value i:type="a:string" xmlns:a="http://www.w3.org/2001/XMLSchema">right_wheel_joint</Value></Attribute><Attribute z:Id="i172"><AttributeType>type</AttributeType><IsRequired>true</IsRequired><Value i:type="a:string" xmlns:a="http://www.w3.org/2001/XMLSchema">continuous</Value></Attribute></Attributes><ChildElements><URDFElement z:Id="i173" i:type="Origin"><Attributes><Attribute z:Id="i174"><AttributeType>xyz</AttributeType><IsRequired>true</IsRequired><Value i:type="a:ArrayOfdouble" xmlns:a="http://schemas.microsoft.com/2003/10/Serialization/Arrays"><a:double>0.53466</a:double><a:double>-0.33397</a:double><a:double>0.025369</a:double></Value></Attribute><Attribute z:Id="i175"><AttributeType>rpy</AttributeType><IsRequired>true</IsRequired><Value i:type="a:ArrayOfdouble" xmlns:a="http://schemas.microsoft.com/2003/10/Serialization/Arrays"><a:double>0</a:double><a:double>0</a:double><a:double>0</a:double></Value></Attribute></Attributes><ChildElements/><ElementName>origin</ElementName><required>false</required><RPYAttribute z:Ref="i175"/><XYZAttribute z:Ref="i174"/><isCustomized>false</isCustomized></URDFElement><URDFElement z:Id="i176" i:type="ParentLink"><Attributes><Attribute z:Id="i177"><AttributeType>link</AttributeType><IsRequired>true</IsRequired><Value i:type="a:string" xmlns:a="http://www.w3.org/2001/XMLSchema">drivetrain_base_link</Value></Attribute></Attributes><ChildElements/><ElementName>parent</ElementName><required>true</required><NameAttribute z:Ref="i177"/></URDFElement><URDFElement z:Id="i178" i:type="ChildLink"><Attributes><Attribute z:Id="i179"><AttributeType>link</AttributeType><IsRequired>true</IsRequired><Value i:type="a:string" xmlns:a="http://www.w3.org/2001/XMLSchema">right_wheel</Value></Attribute></Attributes><ChildElements/><ElementName>child</ElementName><required>true</required><NameAttribute z:Ref="i179"/></URDFElement><URDFElement z:Id="i180" i:type="Axis"><Attributes><Attribute z:Id="i181"><AttributeType>xyz</AttributeType><IsRequired>true</IsRequired><Value i:type="a:ArrayOfdouble" xmlns:a="http://schemas.microsoft.com/2003/10/Serialization/Arrays"><a:double>1</a:double><a:double>0</a:double><a:double>0</a:double></Value></Attribute></Attributes><ChildElements/><ElementName>axis</ElementName><required>false</required><XYZAttribute z:Ref="i181"/></URDFElement><URDFElement z:Id="i182" i:type="Limit"><Attributes><Attribute z:Id="i183"><AttributeType>lower</AttributeType><IsRequired>false</IsRequired><Value i:nil="true"/></Attribute><Attribute z:Id="i184"><AttributeType>upper</AttributeType><IsRequired>false</IsRequired><Value i:nil="true"/></Attribute><Attribute z:Id="i185"><AttributeType>effort</AttributeType><IsRequired>true</IsRequired><Value i:nil="true"/></Attribute><Attribute z:Id="i186"><AttributeType>velocity</AttributeType><IsRequired>true</IsRequired><Value i:nil="true"/></Attribute></Attributes><ChildElements/><ElementName>limit</ElementName><required>false</required><EffortAttribute z:Ref="i185"/><LowerAttribute z:Ref="i183"/><UpperAttribute z:Ref="i184"/><VelocityAttribute z:Ref="i186"/></URDFElement><URDFElement z:Id="i187" i:type="Calibration"><Attributes><Attribute z:Id="i188"><AttributeType>rising</AttributeType><IsRequired>false</IsRequired><Value i:nil="true"/></Attribute><Attribute z:Id="i189"><AttributeType>falling</AttributeType><IsRequired>false</IsRequired><Value i:nil="true"/></Attribute></Attributes><ChildElements/><ElementName>calibration</ElementName><required>false</required><FallingAttribute z:Ref="i189"/><RisingAttribute z:Ref="i188"/></URDFElement><URDFElement z:Id="i190" i:type="Dynamics"><Attributes><Attribute z:Id="i191"><AttributeType>damping</AttributeType><IsRequired>false</IsRequired><Value i:nil="true"/></Attribute><Attribute z:Id="i192"><AttributeType>friction</AttributeType><IsRequired>false</IsRequired><Value i:nil="true"/></Attribute></Attributes><ChildElements/><ElementName>dynamics</ElementName><required>false</required><DampingAttribute z:Ref="i191"/><FrictionAttribute z:Ref="i192"/></URDFElement><URDFElement z:Id="i193" i:type="SafetyController"><Attributes><Attribute z:Id="i194"><AttributeType>soft_upper_limit</AttributeType><IsRequired>false</IsRequired><Value i:nil="true"/></Attribute><Attribute z:Id="i195"><AttributeType>soft_lower_limit</AttributeType><IsRequired>false</IsRequired><Value i:nil="true"/></Attribute><Attribute z:Id="i196"><AttributeType>k_position</AttributeType><IsRequired>false</IsRequired><Value i:nil="true"/></Attribute><Attribute z:Id="i197"><AttributeType>k_velocity</AttributeType><IsRequired>true</IsRequired><Value i:nil="true"/></Attribute></Attributes><ChildElements/><ElementName>safety_controller</ElementName><required>false</required><KPositionAttribute z:Ref="i196"/><KVelocityAttribute z:Ref="i197"/><SoftLowerAttribute z:Ref="i195"/><SoftUpperAttribute z:Ref="i194"/></URDFElement><URDFElement z:Id="i198" i:type="Mimic"><Attributes><Attribute z:Id="i199"><AttributeType>joint</AttributeType><IsRequired>true</IsRequired><Value i:nil="true"/></Attribute><Attribute z:Id="i200"><AttributeType>multiplier</AttributeType><IsRequired>false</IsRequired><Value i:nil="true"/></Attribute><Attribute z:Id="i201"><AttributeType>offset</AttributeType><IsRequired>false</IsRequired><Value i:nil="true"/></Attribute></Attributes><ChildElements/><ElementName>mimic</ElementName><required>false</required><JointNameAttribute z:Ref="i199"/><MultiplierAttribute z:Ref="i200"/><OffsetAttribute z:Ref="i201"/></URDFElement></ChildElements><ElementName>joint</ElementName><required>false</required><Axis z:Ref="i180"/><AxisName>Axis1</AxisName><Calibration z:Ref="i187"/><Child z:Ref="i178"/><CoordinateSystemName>Origin_right_wheel_joint</CoordinateSystemName><Dynamics z:Ref="i190"/><Limit z:Ref="i182"/><Mimic z:Ref="i198"/><NameAttribute z:Ref="i171"/><Origin z:Ref="i173"/><Parent z:Ref="i176"/><Safety z:Ref="i193"/><TypeAttribute z:Ref="i172"/></URDFElement></ChildElements><ElementName>link</ElementName><required>true</required><Children/><Collision z:Ref="i163"/><Inertial z:Ref="i137"/><Joint z:Ref="i170"/><NameAttribute z:Ref="i136"/><Parent z:Ref="i1"/><STLQualityFine>false</STLQualityFine><SWComponentPIDs xmlns:a="http://schemas.microsoft.com/2003/10/Serialization/Arrays"><a:base64Binary>gD4AAAUAAAD//v8bNQBpAG4AIABDAG8AbABzAG8AbgAgAFcAaABlAGUAbAAtADEAQABBAHMAcwBlAG0AYgBsAHkABAAAABAAAAABAAAAAQAAALEBAAA=</a:base64Binary></SWComponentPIDs><SWMainComponentPID i:nil="true"/><Visual z:Ref="i150"/><isFixedFrame>false</isFixedFrame><isIncomplete>false</isIncomplete></Link><Link z:Id="i202"><Attributes><Attribute z:Id="i203"><AttributeType>name</AttributeType><IsRequired>true</IsRequired><Value i:type="a:string" xmlns:a="http://www.w3.org/2001/XMLSchema">left_front_wheel</Value></Attribute></Attributes><ChildElements><URDFElement z:Id="i204" i:type="Inertial"><Attributes/><ChildElements><URDFElement z:Id="i205" i:type="Origin"><Attributes><Attribute z:Id="i206"><AttributeType>xyz</AttributeType><IsRequired>true</IsRequired><Value i:type="a:ArrayOfdouble" xmlns:a="http://schemas.microsoft.com/2003/10/Serialization/Arrays"><a:double>-4.7411E-10</a:double><a:double>-2.275E-11</a:double><a:double>1.3885E-08</a:double></Value></Attribute><Attribute z:Id="i207"><AttributeType>rpy</AttributeType><IsRequired>true</IsRequired><Value i:type="a:ArrayOfdouble" xmlns:a="http://schemas.microsoft.com/2003/10/Serialization/Arrays"><a:double>0</a:double><a:double>0</a:double><a:double>0</a:double></Value></Attribute></Attributes><ChildElements/><ElementName>origin</ElementName><required>false</required><RPYAttribute z:Ref="i207"/><XYZAttribute z:Ref="i206"/><isCustomized>false</isCustomized></URDFElement><URDFElement z:Id="i208" i:type="Mass"><Attributes><Attribute z:Id="i209"><AttributeType>value</AttributeType><IsRequired>true</IsRequired><Value i:type="a:double" xmlns:a="http://www.w3.org/2001/XMLSchema">0.36704</Value></Attribute></Attributes><ChildElements/><ElementName>mass</ElementName><required>false</required><ValueAttribute z:Ref="i209"/></URDFElement><URDFElement z:Id="i210" i:type="Inertia"><Attributes><Attribute z:Id="i211"><AttributeType>ixx</AttributeType><IsRequired>true</IsRequired><Value i:type="a:double" xmlns:a="http://www.w3.org/2001/XMLSchema">0.0004503</Value></Attribute><Attribute z:Id="i212"><AttributeType>ixy</AttributeType><IsRequired>true</IsRequired><Value i:type="a:double" xmlns:a="http://www.w3.org/2001/XMLSchema">2.9831E-10</Value></Attribute><Attribute z:Id="i213"><AttributeType>ixz</AttributeType><IsRequired>true</IsRequired><Value i:type="a:double" xmlns:a="http://www.w3.org/2001/XMLSchema">4.2885E-12</Value></Attribute><Attribute z:Id="i214"><AttributeType>iyy</AttributeType><IsRequired>true</IsRequired><Value i:type="a:double" xmlns:a="http://www.w3.org/2001/XMLSchema">0.0004503</Value></Attribute><Attribute z:Id="i215"><AttributeType>iyz</AttributeType><IsRequired>true</IsRequired><Value i:type="a:double" xmlns:a="http://www.w3.org/2001/XMLSchema">2.2942E-13</Value></Attribute><Attribute z:Id="i216"><AttributeType>izz</AttributeType><IsRequired>true</IsRequired><Value i:type="a:double" xmlns:a="http://www.w3.org/2001/XMLSchema">0.00082344</Value></Attribute></Attributes><ChildElements/><ElementName>inertia</ElementName><required>false</required><IxxAttribute z:Ref="i211"/><IxyAttribute z:Ref="i212"/><IxzAttribute z:Ref="i213"/><IyyAttribute z:Ref="i214"/><IyzAttribute z:Ref="i215"/><IzzAttribute z:Ref="i216"/></URDFElement></ChildElements><ElementName>inertial</ElementName><required>false</required><Inertia z:Ref="i210"/><Mass z:Ref="i208"/><Origin z:Ref="i205"/></URDFElement><URDFElement z:Id="i217" i:type="Visual"><Attributes/><ChildElements><URDFElement z:Id="i218" i:type="Origin"><Attributes><Attribute z:Id="i219"><AttributeType>xyz</AttributeType><IsRequired>true</IsRequired><Value i:type="a:ArrayOfdouble" xmlns:a="http://schemas.microsoft.com/2003/10/Serialization/Arrays"><a:double>0</a:double><a:double>0</a:double><a:double>0</a:double></Value></Attribute><Attribute z:Id="i220"><AttributeType>rpy</AttributeType><IsRequired>true</IsRequired><Value i:type="a:ArrayOfdouble" xmlns:a="http://schemas.microsoft.com/2003/10/Serialization/Arrays"><a:double>0</a:double><a:double>0</a:double><a:double>0</a:double></Value></Attribute></Attributes><ChildElements/><ElementName>origin</ElementName><required>false</required><RPYAttribute z:Ref="i220"/><XYZAttribute z:Ref="i219"/><isCustomized>false</isCustomized></URDFElement><URDFElement z:Id="i221" i:type="Geometry"><Attributes/><ChildElements><URDFElement z:Id="i222" i:type="Mesh"><Attributes><Attribute z:Id="i223"><AttributeType>filename</AttributeType><IsRequired>true</IsRequired><Value i:nil="true"/></Attribute></Attributes><ChildElements/><ElementName>mesh</ElementName><required>false</required><FilenameAttribute z:Ref="i223"/></URDFElement></ChildElements><ElementName>geometry</ElementName><required>true</required><Mesh z:Ref="i222"/></URDFElement><URDFElement z:Id="i224" i:type="Material"><Attributes><Attribute z:Id="i225"><AttributeType>name</AttributeType><IsRequired>true</IsRequired><Value i:type="a:string" xmlns:a="http://www.w3.org/2001/XMLSchema"/></Attribute></Attributes><ChildElements><URDFElement z:Id="i226" i:type="Color"><Attributes><Attribute z:Id="i227"><AttributeType>rgba</AttributeType><IsRequired>true</IsRequired><Value i:type="a:ArrayOfdouble" xmlns:a="http://schemas.microsoft.com/2003/10/Serialization/Arrays"><a:double>0.79216</a:double><a:double>0.81961</a:double><a:double>0.93333</a:double><a:double>1</a:double></Value></Attribute></Attributes><ChildElements/><ElementName>color</ElementName><required>false</required><RGBAAttribute z:Ref="i227"/></URDFElement><URDFElement z:Id="i228" i:type="Texture"><Attributes><Attribute z:Id="i229"><AttributeType>filename</AttributeType><IsRequired>true</IsRequired><Value i:nil="true"/></Attribute></Attributes><ChildElements/><ElementName>texture</ElementName><required>false</required><FilenameAttribute z:Ref="i229"/><wFilename/></URDFElement></ChildElements><ElementName>material</ElementName><required>false</required><Color z:Ref="i226"/><NameAttribute z:Ref="i225"/><Texture z:Ref="i228"/></URDFElement></ChildElements><ElementName>visual</ElementName><required>false</required><Geometry z:Ref="i221"/><Material z:Ref="i224"/><Origin z:Ref="i218"/></URDFElement><URDFElement z:Id="i230" i:type="Collision"><Attributes/><ChildElements><URDFElement z:Id="i231" i:type="Origin"><Attributes><Attribute z:Id="i232"><AttributeType>xyz</AttributeType><IsRequired>true</IsRequired><Value i:type="a:ArrayOfdouble" xmlns:a="http://schemas.microsoft.com/2003/10/Serialization/Arrays"><a:double>0</a:double><a:double>0</a:double><a:double>0</a:double></Value></Attribute><Attribute z:Id="i233"><AttributeType>rpy</AttributeType><IsRequired>true</IsRequired><Value i:type="a:ArrayOfdouble" xmlns:a="http://schemas.microsoft.com/2003/10/Serialization/Arrays"><a:double>0</a:double><a:double>0</a:double><a:double>0</a:double></Value></Attribute></Attributes><ChildElements/><ElementName>origin</ElementName><required>false</required><RPYAttribute z:Ref="i233"/><XYZAttribute z:Ref="i232"/><isCustomized>false</isCustomized></URDFElement><URDFElement z:Id="i234" i:type="Geometry"><Attributes/><ChildElements><URDFElement z:Id="i235" i:type="Mesh"><Attributes><Attribute z:Id="i236"><AttributeType>filename</AttributeType><IsRequired>true</IsRequired><Value i:nil="true"/></Attribute></Attributes><ChildElements/><ElementName>mesh</ElementName><required>false</required><FilenameAttribute z:Ref="i236"/></URDFElement></ChildElements><ElementName>geometry</ElementName><required>true</required><Mesh z:Ref="i235"/></URDFElement></ChildElements><ElementName>collision</ElementName><required>false</required><Geometry z:Ref="i234"/><Origin z:Ref="i231"/></URDFElement><URDFElement z:Id="i237" i:type="Joint"><Attributes><Attribute z:Id="i238"><AttributeType>name</AttributeType><IsRequired>true</IsRequired><Value i:type="a:string" xmlns:a="http://www.w3.org/2001/XMLSchema">left_front_wheel_joint</Value></Attribute><Attribute z:Id="i239"><AttributeType>type</AttributeType><IsRequired>true</IsRequired><Value i:type="a:string" xmlns:a="http://www.w3.org/2001/XMLSchema">continuous</Value></Attribute></Attributes><ChildElements><URDFElement z:Id="i240" i:type="Origin"><Attributes><Attribute z:Id="i241"><AttributeType>xyz</AttributeType><IsRequired>true</IsRequired><Value i:type="a:ArrayOfdouble" xmlns:a="http://schemas.microsoft.com/2003/10/Serialization/Arrays"><a:double>-0.017386</a:double><a:double>-0.10541</a:double><a:double>0.0254</a:double></Value></Attribute><Attribute z:Id="i242"><AttributeType>rpy</AttributeType><IsRequired>true</IsRequired><Value i:type="a:ArrayOfdouble" xmlns:a="http://schemas.microsoft.com/2003/10/Serialization/Arrays"><a:double>-1.5708</a:double><a:double>1.2843</a:double><a:double>1.5708</a:double></Value></Attribute></Attributes><ChildElements/><ElementName>origin</ElementName><required>false</required><RPYAttribute z:Ref="i242"/><XYZAttribute z:Ref="i241"/><isCustomized>false</isCustomized></URDFElement><URDFElement z:Id="i243" i:type="ParentLink"><Attributes><Attribute z:Id="i244"><AttributeType>link</AttributeType><IsRequired>true</IsRequired><Value i:type="a:string" xmlns:a="http://www.w3.org/2001/XMLSchema">drivetrain_base_link</Value></Attribute></Attributes><ChildElements/><ElementName>parent</ElementName><required>true</required><NameAttribute z:Ref="i244"/></URDFElement><URDFElement z:Id="i245" i:type="ChildLink"><Attributes><Attribute z:Id="i246"><AttributeType>link</AttributeType><IsRequired>true</IsRequired><Value i:type="a:string" xmlns:a="http://www.w3.org/2001/XMLSchema">left_front_wheel</Value></Attribute></Attributes><ChildElements/><ElementName>child</ElementName><required>true</required><NameAttribute z:Ref="i246"/></URDFElement><URDFElement z:Id="i247" i:type="Axis"><Attributes><Attribute z:Id="i248"><AttributeType>xyz</AttributeType><IsRequired>true</IsRequired><Value i:type="a:ArrayOfdouble" xmlns:a="http://schemas.microsoft.com/2003/10/Serialization/Arrays"><a:double>0</a:double><a:double>0</a:double><a:double>0</a:double></Value></Attribute></Attributes><ChildElements/><ElementName>axis</ElementName><required>false</required><XYZAttribute z:Ref="i248"/></URDFElement><URDFElement z:Id="i249" i:type="Limit"><Attributes><Attribute z:Id="i250"><AttributeType>lower</AttributeType><IsRequired>false</IsRequired><Value i:nil="true"/></Attribute><Attribute z:Id="i251"><AttributeType>upper</AttributeType><IsRequired>false</IsRequired><Value i:nil="true"/></Attribute><Attribute z:Id="i252"><AttributeType>effort</AttributeType><IsRequired>true</IsRequired><Value i:nil="true"/></Attribute><Attribute z:Id="i253"><AttributeType>velocity</AttributeType><IsRequired>true</IsRequired><Value i:nil="true"/></Attribute></Attributes><ChildElements/><ElementName>limit</ElementName><required>false</required><EffortAttribute z:Ref="i252"/><LowerAttribute z:Ref="i250"/><UpperAttribute z:Ref="i251"/><VelocityAttribute z:Ref="i253"/></URDFElement><URDFElement z:Id="i254" i:type="Calibration"><Attributes><Attribute z:Id="i255"><AttributeType>rising</AttributeType><IsRequired>false</IsRequired><Value i:nil="true"/></Attribute><Attribute z:Id="i256"><AttributeType>falling</AttributeType><IsRequired>false</IsRequired><Value i:nil="true"/></Attribute></Attributes><ChildElements/><ElementName>calibration</ElementName><required>false</required><FallingAttribute z:Ref="i256"/><RisingAttribute z:Ref="i255"/></URDFElement><URDFElement z:Id="i257" i:type="Dynamics"><Attributes><Attribute z:Id="i258"><AttributeType>damping</AttributeType><IsRequired>false</IsRequired><Value i:nil="true"/></Attribute><Attribute z:Id="i259"><AttributeType>friction</AttributeType><IsRequired>false</IsRequired><Value i:nil="true"/></Attribute></Attributes><ChildElements/><ElementName>dynamics</ElementName><required>false</required><DampingAttribute z:Ref="i258"/><FrictionAttribute z:Ref="i259"/></URDFElement><URDFElement z:Id="i260" i:type="SafetyController"><Attributes><Attribute z:Id="i261"><AttributeType>soft_upper_limit</AttributeType><IsRequired>false</IsRequired><Value i:nil="true"/></Attribute><Attribute z:Id="i262"><AttributeType>soft_lower_limit</AttributeType><IsRequired>false</IsRequired><Value i:nil="true"/></Attribute><Attribute z:Id="i263"><AttributeType>k_position</AttributeType><IsRequired>false</IsRequired><Value i:nil="true"/></Attribute><Attribute z:Id="i264"><AttributeType>k_velocity</AttributeType><IsRequired>true</IsRequired><Value i:nil="true"/></Attribute></Attributes><ChildElements/><ElementName>safety_controller</ElementName><required>false</required><KPositionAttribute z:Ref="i263"/><KVelocityAttribute z:Ref="i264"/><SoftLowerAttribute z:Ref="i262"/><SoftUpperAttribute z:Ref="i261"/></URDFElement><URDFElement z:Id="i265" i:type="Mimic"><Attributes><Attribute z:Id="i266"><AttributeType>joint</AttributeType><IsRequired>true</IsRequired><Value i:nil="true"/></Attribute><Attribute z:Id="i267"><AttributeType>multiplier</AttributeType><IsRequired>false</IsRequired><Value i:nil="true"/></Attribute><Attribute z:Id="i268"><AttributeType>offset</AttributeType><IsRequired>false</IsRequired><Value i:nil="true"/></Attribute></Attributes><ChildElements/><ElementName>mimic</ElementName><required>false</required><JointNameAttribute z:Ref="i266"/><MultiplierAttribute z:Ref="i267"/><OffsetAttribute z:Ref="i268"/></URDFElement></ChildElements><ElementName>joint</ElementName><required>false</required><Axis z:Ref="i247"/><AxisName>front_axis</AxisName><Calibration z:Ref="i254"/><Child z:Ref="i245"/><CoordinateSystemName>Origin_left_front_wheel_joint</CoordinateSystemName><Dynamics z:Ref="i257"/><Limit z:Ref="i249"/><Mimic z:Ref="i265"/><NameAttribute z:Ref="i238"/><Origin z:Ref="i240"/><Parent z:Ref="i243"/><Safety z:Ref="i260"/><TypeAttribute z:Ref="i239"/></URDFElement></ChildElements><ElementName>link</ElementName><required>true</required><Children/><Collision z:Ref="i230"/><Inertial z:Ref="i204"/><Joint z:Ref="i237"/><NameAttribute z:Ref="i203"/><Parent z:Ref="i1"/><STLQualityFine>false</STLQualityFine><SWComponentPIDs xmlns:a="http://schemas.microsoft.com/2003/10/Serialization/Arrays"><a:base64Binary>gD4AAAUAAAD//v9FUwBpAGQAZQAgAFcAaABlAGUAbAAgAEEAcwBzAGUAbQBiAGwAeQAtADEAQABBAHMAcwBlAG0AYgBsAHkALwA1AGkAbgAgAEMAbwBsAHMAbwBuACAAVwBoAGUAZQBsAC0AMQBAAFMAaQBkAGUAIABXAGgAZQBlAGwAIABBAHMAcwBlAG0AYgBsAHkABAAAABAAAAABAAAAAgAAABgAAAAZAAAA</a:base64Binary></SWComponentPIDs><SWMainComponentPID i:nil="true"/><Visual z:Ref="i217"/><isFixedFrame>false</isFixedFrame><isIncomplete>false</isIncomplete></Link><Link z:Id="i269"><Attributes><Attribute z:Id="i270"><AttributeType>name</AttributeType><IsRequired>true</IsRequired><Value i:type="a:string" xmlns:a="http://www.w3.org/2001/XMLSchema">right_front_wheel</Value></Attribute></Attributes><ChildElements><URDFElement z:Id="i271" i:type="Inertial"><Attributes/><ChildElements><URDFElement z:Id="i272" i:type="Origin"><Attributes><Attribute z:Id="i273"><AttributeType>xyz</AttributeType><IsRequired>true</IsRequired><Value i:type="a:ArrayOfdouble" xmlns:a="http://schemas.microsoft.com/2003/10/Serialization/Arrays"><a:double>-4.7594772567549626E-10</a:double><a:double>-1.6735113295140991E-11</a:double><a:double>1.3884633442984295E-08</a:double></Value></Attribute><Attribute z:Id="i274"><AttributeType>rpy</AttributeType><IsRequired>true</IsRequired><Value i:type="a:ArrayOfdouble" xmlns:a="http://schemas.microsoft.com/2003/10/Serialization/Arrays"><a:double>0</a:double><a:double>0</a:double><a:double>0</a:double></Value></Attribute></Attributes><ChildElements/><ElementName>origin</ElementName><required>false</required><RPYAttribute z:Ref="i274"/><XYZAttribute z:Ref="i273"/><isCustomized>false</isCustomized></URDFElement><URDFElement z:Id="i275" i:type="Mass"><Attributes><Attribute z:Id="i276"><AttributeType>value</AttributeType><IsRequired>true</IsRequired><Value i:type="a:double" xmlns:a="http://www.w3.org/2001/XMLSchema">0.36703715427522737</Value></Attribute></Attributes><ChildElements/><ElementName>mass</ElementName><required>false</required><ValueAttribute z:Ref="i276"/></URDFElement><URDFElement z:Id="i277" i:type="Inertia"><Attributes><Attribute z:Id="i278"><AttributeType>ixx</AttributeType><IsRequired>true</IsRequired><Value i:type="a:double" xmlns:a="http://www.w3.org/2001/XMLSchema">0.00045030478745143094</Value></Attribute><Attribute z:Id="i279"><AttributeType>ixy</AttributeType><IsRequired>true</IsRequired><Value i:type="a:double" xmlns:a="http://www.w3.org/2001/XMLSchema">2.9830969313672517E-10</Value></Attribute><Attribute z:Id="i280"><AttributeType>ixz</AttributeType><IsRequired>true</IsRequired><Value i:type="a:double" xmlns:a="http://www.w3.org/2001/XMLSchema">4.2884591446136684E-12</Value></Attribute><Attribute z:Id="i281"><AttributeType>iyy</AttributeType><IsRequired>true</IsRequired><Value i:type="a:double" xmlns:a="http://www.w3.org/2001/XMLSchema">0.00045030287956884861</Value></Attribute><Attribute z:Id="i282"><AttributeType>iyz</AttributeType><IsRequired>true</IsRequired><Value i:type="a:double" xmlns:a="http://www.w3.org/2001/XMLSchema">2.29417854323459E-13</Value></Attribute><Attribute z:Id="i283"><AttributeType>izz</AttributeType><IsRequired>true</IsRequired><Value i:type="a:double" xmlns:a="http://www.w3.org/2001/XMLSchema">0.0008234441860639082</Value></Attribute></Attributes><ChildElements/><ElementName>inertia</ElementName><required>false</required><IxxAttribute z:Ref="i278"/><IxyAttribute z:Ref="i279"/><IxzAttribute z:Ref="i280"/><IyyAttribute z:Ref="i281"/><IyzAttribute z:Ref="i282"/><IzzAttribute z:Ref="i283"/></URDFElement></ChildElements><ElementName>inertial</ElementName><required>false</required><Inertia z:Ref="i277"/><Mass z:Ref="i275"/><Origin z:Ref="i272"/></URDFElement><URDFElement z:Id="i284" i:type="Visual"><Attributes/><ChildElements><URDFElement z:Id="i285" i:type="Origin"><Attributes><Attribute z:Id="i286"><AttributeType>xyz</AttributeType><IsRequired>true</IsRequired><Value i:type="a:ArrayOfdouble" xmlns:a="http://schemas.microsoft.com/2003/10/Serialization/Arrays"><a:double>0</a:double><a:double>0</a:double><a:double>0</a:double></Value></Attribute><Attribute z:Id="i287"><AttributeType>rpy</AttributeType><IsRequired>true</IsRequired><Value i:type="a:ArrayOfdouble" xmlns:a="http://schemas.microsoft.com/2003/10/Serialization/Arrays"><a:double>0</a:double><a:double>0</a:double><a:double>0</a:double></Value></Attribute></Attributes><ChildElements/><ElementName>origin</ElementName><required>false</required><RPYAttribute z:Ref="i287"/><XYZAttribute z:Ref="i286"/><isCustomized>false</isCustomized></URDFElement><URDFElement z:Id="i288" i:type="Geometry"><Attributes/><ChildElements><URDFElement z:Id="i289" i:type="Mesh"><Attributes><Attribute z:Id="i290"><AttributeType>filename</AttributeType><IsRequired>true</IsRequired><Value i:nil="true"/></Attribute></Attributes><ChildElements/><ElementName>mesh</ElementName><required>false</required><FilenameAttribute z:Ref="i290"/></URDFElement></ChildElements><ElementName>geometry</ElementName><required>true</required><Mesh z:Ref="i289"/></URDFElement><URDFElement z:Id="i291" i:type="Material"><Attributes><Attribute z:Id="i292"><AttributeType>name</AttributeType><IsRequired>true</IsRequired><Value i:type="a:string" xmlns:a="http://www.w3.org/2001/XMLSchema"/></Attribute></Attributes><ChildElements><URDFElement z:Id="i293" i:type="Color"><Attributes><Attribute z:Id="i294"><AttributeType>rgba</AttributeType><IsRequired>true</IsRequired><Value i:type="a:ArrayOfdouble" xmlns:a="http://schemas.microsoft.com/2003/10/Serialization/Arrays"><a:double>0.792156862745098</a:double><a:double>0.81960784313725488</a:double><a:double>0.93333333333333335</a:double><a:double>1</a:double></Value></Attribute></Attributes><ChildElements/><ElementName>color</ElementName><required>false</required><RGBAAttribute z:Ref="i294"/></URDFElement><URDFElement z:Id="i295" i:type="Texture"><Attributes><Attribute z:Id="i296"><AttributeType>filename</AttributeType><IsRequired>true</IsRequired><Value i:nil="true"/></Attribute></Attributes><ChildElements/><ElementName>texture</ElementName><required>false</required><FilenameAttribute z:Ref="i296"/><wFilename/></URDFElement></ChildElements><ElementName>material</ElementName><required>false</required><Color z:Ref="i293"/><NameAttribute z:Ref="i292"/><Texture z:Ref="i295"/></URDFElement></ChildElements><ElementName>visual</ElementName><required>false</required><Geometry z:Ref="i288"/><Material z:Ref="i291"/><Origin z:Ref="i285"/></URDFElement><URDFElement z:Id="i297" i:type="Collision"><Attributes/><ChildElements><URDFElement z:Id="i298" i:type="Origin"><Attributes><Attribute z:Id="i299"><AttributeType>xyz</AttributeType><IsRequired>true</IsRequired><Value i:type="a:ArrayOfdouble" xmlns:a="http://schemas.microsoft.com/2003/10/Serialization/Arrays"><a:double>0</a:double><a:double>0</a:double><a:double>0</a:double></Value></Attribute><Attribute z:Id="i300"><AttributeType>rpy</AttributeType><IsRequired>true</IsRequired><Value i:type="a:ArrayOfdouble" xmlns:a="http://schemas.microsoft.com/2003/10/Serialization/Arrays"><a:double>0</a:double><a:double>0</a:double><a:double>0</a:double></Value></Attribute></Attributes><ChildElements/><ElementName>origin</ElementName><required>false</required><RPYAttribute z:Ref="i300"/><XYZAttribute z:Ref="i299"/><isCustomized>false</isCustomized></URDFElement><URDFElement z:Id="i301" i:type="Geometry"><Attributes/><ChildElements><URDFElement z:Id="i302" i:type="Mesh"><Attributes><Attribute z:Id="i303"><AttributeType>filename</AttributeType><IsRequired>true</IsRequired><Value i:nil="true"/></Attribute></Attributes><ChildElements/><ElementName>mesh</ElementName><required>false</required><FilenameAttribute z:Ref="i303"/></URDFElement></ChildElements><ElementName>geometry</ElementName><required>true</required><Mesh z:Ref="i302"/></URDFElement></ChildElements><ElementName>collision</ElementName><required>false</required><Geometry z:Ref="i301"/><Origin z:Ref="i298"/></URDFElement><URDFElement z:Id="i304" i:type="Joint"><Attributes><Attribute z:Id="i305"><AttributeType>name</AttributeType><IsRequired>true</IsRequired><Value i:type="a:string" xmlns:a="http://www.w3.org/2001/XMLSchema">right_front_wheel_joint</Value></Attribute><Attribute z:Id="i306"><AttributeType>type</AttributeType><IsRequired>true</IsRequired><Value i:type="a:string" xmlns:a="http://www.w3.org/2001/XMLSchema">continuous</Value></Attribute></Attributes><ChildElements><URDFElement z:Id="i307" i:type="Origin"><Attributes><Attribute z:Id="i308"><AttributeType>xyz</AttributeType><IsRequired>true</IsRequired><Value i:type="a:ArrayOfdouble" xmlns:a="http://schemas.microsoft.com/2003/10/Serialization/Arrays"><a:double>0.52539</a:double><a:double>-0.10541</a:double><a:double>0.0254</a:double></Value></Attribute><Attribute z:Id="i309"><AttributeType>rpy</AttributeType><IsRequired>true</IsRequired><Value i:type="a:ArrayOfdouble" xmlns:a="http://schemas.microsoft.com/2003/10/Serialization/Arrays"><a:double>-1.5708</a:double><a:double>1.1377</a:double><a:double>-1.5708</a:double></Value></Attribute></Attributes><ChildElements/><ElementName>origin</ElementName><required>false</required><RPYAttribute z:Ref="i309"/><XYZAttribute z:Ref="i308"/><isCustomized>false</isCustomized></URDFElement><URDFElement z:Id="i310" i:type="ParentLink"><Attributes><Attribute z:Id="i311"><AttributeType>link</AttributeType><IsRequired>true</IsRequired><Value i:type="a:string" xmlns:a="http://www.w3.org/2001/XMLSchema">drivetrain_base_link</Value></Attribute></Attributes><ChildElements/><ElementName>parent</ElementName><required>true</required><NameAttribute z:Ref="i311"/></URDFElement><URDFElement z:Id="i312" i:type="ChildLink"><Attributes><Attribute z:Id="i313"><AttributeType>link</AttributeType><IsRequired>true</IsRequired><Value i:type="a:string" xmlns:a="http://www.w3.org/2001/XMLSchema">right_front_wheel</Value></Attribute></Attributes><ChildElements/><ElementName>child</ElementName><required>true</required><NameAttribute z:Ref="i313"/></URDFElement><URDFElement z:Id="i314" i:type="Axis"><Attributes><Attribute z:Id="i315"><AttributeType>xyz</AttributeType><IsRequired>true</IsRequired><Value i:type="a:ArrayOfdouble" xmlns:a="http://schemas.microsoft.com/2003/10/Serialization/Arrays"><a:double>0</a:double><a:double>0</a:double><a:double>0</a:double></Value></Attribute></Attributes><ChildElements/><ElementName>axis</ElementName><required>false</required><XYZAttribute z:Ref="i315"/></URDFElement><URDFElement z:Id="i316" i:type="Limit"><Attributes><Attribute z:Id="i317"><AttributeType>lower</AttributeType><IsRequired>false</IsRequired><Value i:nil="true"/></Attribute><Attribute z:Id="i318"><AttributeType>upper</AttributeType><IsRequired>false</IsRequired><Value i:nil="true"/></Attribute><Attribute z:Id="i319"><AttributeType>effort</AttributeType><IsRequired>true</IsRequired><Value i:nil="true"/></Attribute><Attribute z:Id="i320"><AttributeType>velocity</AttributeType><IsRequired>true</IsRequired><Value i:nil="true"/></Attribute></Attributes><ChildElements/><ElementName>limit</ElementName><required>false</required><EffortAttribute z:Ref="i319"/><LowerAttribute z:Ref="i317"/><UpperAttribute z:Ref="i318"/><VelocityAttribute z:Ref="i320"/></URDFElement><URDFElement z:Id="i321" i:type="Calibration"><Attributes><Attribute z:Id="i322"><AttributeType>rising</AttributeType><IsRequired>false</IsRequired><Value i:nil="true"/></Attribute><Attribute z:Id="i323"><AttributeType>falling</AttributeType><IsRequired>false</IsRequired><Value i:nil="true"/></Attribute></Attributes><ChildElements/><ElementName>calibration</ElementName><required>false</required><FallingAttribute z:Ref="i323"/><RisingAttribute z:Ref="i322"/></URDFElement><URDFElement z:Id="i324" i:type="Dynamics"><Attributes><Attribute z:Id="i325"><AttributeType>damping</AttributeType><IsRequired>false</IsRequired><Value i:nil="true"/></Attribute><Attribute z:Id="i326"><AttributeType>friction</AttributeType><IsRequired>false</IsRequired><Value i:nil="true"/></Attribute></Attributes><ChildElements/><ElementName>dynamics</ElementName><required>false</required><DampingAttribute z:Ref="i325"/><FrictionAttribute z:Ref="i326"/></URDFElement><URDFElement z:Id="i327" i:type="SafetyController"><Attributes><Attribute z:Id="i328"><AttributeType>soft_upper_limit</AttributeType><IsRequired>false</IsRequired><Value i:nil="true"/></Attribute><Attribute z:Id="i329"><AttributeType>soft_lower_limit</AttributeType><IsRequired>false</IsRequired><Value i:nil="true"/></Attribute><Attribute z:Id="i330"><AttributeType>k_position</AttributeType><IsRequired>false</IsRequired><Value i:nil="true"/></Attribute><Attribute z:Id="i331"><AttributeType>k_velocity</AttributeType><IsRequired>true</IsRequired><Value i:nil="true"/></Attribute></Attributes><ChildElements/><ElementName>safety_controller</ElementName><required>false</required><KPositionAttribute z:Ref="i330"/><KVelocityAttribute z:Ref="i331"/><SoftLowerAttribute z:Ref="i329"/><SoftUpperAttribute z:Ref="i328"/></URDFElement><URDFElement z:Id="i332" i:type="Mimic"><Attributes><Attribute z:Id="i333"><AttributeType>joint</AttributeType><IsRequired>true</IsRequired><Value i:nil="true"/></Attribute><Attribute z:Id="i334"><AttributeType>multiplier</AttributeType><IsRequired>false</IsRequired><Value i:nil="true"/></Attribute><Attribute z:Id="i335"><AttributeType>offset</AttributeType><IsRequired>false</IsRequired><Value i:nil="true"/></Attribute></Attributes><ChildElements/><ElementName>mimic</ElementName><required>false</required><JointNameAttribute z:Ref="i333"/><MultiplierAttribute z:Ref="i334"/><OffsetAttribute z:Ref="i335"/></URDFElement></ChildElements><ElementName>joint</ElementName><required>false</required><Axis z:Ref="i314"/><AxisName>front_axis</AxisName><Calibration z:Ref="i321"/><Child z:Ref="i312"/><CoordinateSystemName>Origin_right_front_wheel_joint</CoordinateSystemName><Dynamics z:Ref="i324"/><Limit z:Ref="i316"/><Mimic z:Ref="i332"/><NameAttribute z:Ref="i305"/><Origin z:Ref="i307"/><Parent z:Ref="i310"/><Safety z:Ref="i327"/><TypeAttribute z:Ref="i306"/></URDFElement></ChildElements><ElementName>link</ElementName><required>true</required><Children/><Collision z:Ref="i297"/><Inertial z:Ref="i271"/><Joint z:Ref="i304"/><NameAttribute z:Ref="i270"/><Parent z:Ref="i1"/><STLQualityFine>false</STLQualityFine><SWComponentPIDs xmlns:a="http://schemas.microsoft.com/2003/10/Serialization/Arrays"><a:base64Binary>gD4AAAUAAAD//v9FUwBpAGQAZQAgAFcAaABlAGUAbAAgAEEAcwBzAGUAbQBiAGwAeQAtADMAQABBAHMAcwBlAG0AYgBsAHkALwA1AGkAbgAgAEMAbwBsAHMAbwBuACAAVwBoAGUAZQBsAC0AMQBAAFMAaQBkAGUAIABXAGgAZQBlAGwAIABBAHMAcwBlAG0AYgBsAHkABAAAABAAAAABAAAAAgAAADwAAAAZAAAA</a:base64Binary></SWComponentPIDs><SWMainComponentPID i:nil="true"/><Visual z:Ref="i284"/><isFixedFrame>false</isFixedFrame><isIncomplete>false</isIncomplete></Link><Link z:Id="i336"><Attributes><Attribute z:Id="i337"><AttributeType>name</AttributeType><IsRequired>true</IsRequired><Value i:type="a:string" xmlns:a="http://www.w3.org/2001/XMLSchema">left_back_wheel</Value></Attribute></Attributes><ChildElements><URDFElement z:Id="i338" i:type="Inertial"><Attributes/><ChildElements><URDFElement z:Id="i339" i:type="Origin"><Attributes><Attribute z:Id="i340"><AttributeType>xyz</AttributeType><IsRequired>true</IsRequired><Value i:type="a:ArrayOfdouble" xmlns:a="http://schemas.microsoft.com/2003/10/Serialization/Arrays"><a:double>-4.7594728158628641E-10</a:double><a:double>-1.6734946761687297E-11</a:double><a:double>1.38846336650289E-08</a:double></Value></Attribute><Attribute z:Id="i341"><AttributeType>rpy</AttributeType><IsRequired>true</IsRequired><Value i:type="a:ArrayOfdouble" xmlns:a="http://schemas.microsoft.com/2003/10/Serialization/Arrays"><a:double>0</a:double><a:double>0</a:double><a:double>0</a:double></Value></Attribute></Attributes><ChildElements/><ElementName>origin</ElementName><required>false</required><RPYAttribute z:Ref="i341"/><XYZAttribute z:Ref="i340"/><isCustomized>false</isCustomized></URDFElement><URDFElement z:Id="i342" i:type="Mass"><Attributes><Attribute z:Id="i343"><AttributeType>value</AttributeType><IsRequired>true</IsRequired><Value i:type="a:double" xmlns:a="http://www.w3.org/2001/XMLSchema">0.36703715427522726</Value></Attribute></Attributes><ChildElements/><ElementName>mass</ElementName><required>false</required><ValueAttribute z:Ref="i343"/></URDFElement><URDFElement z:Id="i344" i:type="Inertia"><Attributes><Attribute z:Id="i345"><AttributeType>ixx</AttributeType><IsRequired>true</IsRequired><Value i:type="a:double" xmlns:a="http://www.w3.org/2001/XMLSchema">0.00045030478745143176</Value></Attribute><Attribute z:Id="i346"><AttributeType>ixy</AttributeType><IsRequired>true</IsRequired><Value i:type="a:double" xmlns:a="http://www.w3.org/2001/XMLSchema">2.9830969352974846E-10</Value></Attribute><Attribute z:Id="i347"><AttributeType>ixz</AttributeType><IsRequired>true</IsRequired><Value i:type="a:double" xmlns:a="http://www.w3.org/2001/XMLSchema">4.2884586780088341E-12</Value></Attribute><Attribute z:Id="i348"><AttributeType>iyy</AttributeType><IsRequired>true</IsRequired><Value i:type="a:double" xmlns:a="http://www.w3.org/2001/XMLSchema">0.00045030287956884996</Value></Attribute><Attribute z:Id="i349"><AttributeType>iyz</AttributeType><IsRequired>true</IsRequired><Value i:type="a:double" xmlns:a="http://www.w3.org/2001/XMLSchema">2.2941834906617317E-13</Value></Attribute><Attribute z:Id="i350"><AttributeType>izz</AttributeType><IsRequired>true</IsRequired><Value i:type="a:double" xmlns:a="http://www.w3.org/2001/XMLSchema">0.00082344418606391037</Value></Attribute></Attributes><ChildElements/><ElementName>inertia</ElementName><required>false</required><IxxAttribute z:Ref="i345"/><IxyAttribute z:Ref="i346"/><IxzAttribute z:Ref="i347"/><IyyAttribute z:Ref="i348"/><IyzAttribute z:Ref="i349"/><IzzAttribute z:Ref="i350"/></URDFElement></ChildElements><ElementName>inertial</ElementName><required>false</required><Inertia z:Ref="i344"/><Mass z:Ref="i342"/><Origin z:Ref="i339"/></URDFElement><URDFElement z:Id="i351" i:type="Visual"><Attributes/><ChildElements><URDFElement z:Id="i352" i:type="Origin"><Attributes><Attribute z:Id="i353"><AttributeType>xyz</AttributeType><IsRequired>true</IsRequired><Value i:type="a:ArrayOfdouble" xmlns:a="http://schemas.microsoft.com/2003/10/Serialization/Arrays"><a:double>0</a:double><a:double>0</a:double><a:double>0</a:double></Value></Attribute><Attribute z:Id="i354"><AttributeType>rpy</AttributeType><IsRequired>true</IsRequired><Value i:type="a:ArrayOfdouble" xmlns:a="http://schemas.microsoft.com/2003/10/Serialization/Arrays"><a:double>0</a:double><a:double>0</a:double><a:double>0</a:double></Value></Attribute></Attributes><ChildElements/><ElementName>origin</ElementName><required>false</required><RPYAttribute z:Ref="i354"/><XYZAttribute z:Ref="i353"/><isCustomized>false</isCustomized></URDFElement><URDFElement z:Id="i355" i:type="Geometry"><Attributes/><ChildElements><URDFElement z:Id="i356" i:type="Mesh"><Attributes><Attribute z:Id="i357"><AttributeType>filename</AttributeType><IsRequired>true</IsRequired><Value i:nil="true"/></Attribute></Attributes><ChildElements/><ElementName>mesh</ElementName><required>false</required><FilenameAttribute z:Ref="i357"/></URDFElement></ChildElements><ElementName>geometry</ElementName><required>true</required><Mesh z:Ref="i356"/></URDFElement><URDFElement z:Id="i358" i:type="Material"><Attributes><Attribute z:Id="i359"><AttributeType>name</AttributeType><IsRequired>true</IsRequired><Value i:type="a:string" xmlns:a="http://www.w3.org/2001/XMLSchema"/></Attribute></Attributes><ChildElements><URDFElement z:Id="i360" i:type="Color"><Attributes><Attribute z:Id="i361"><AttributeType>rgba</AttributeType><IsRequired>true</IsRequired><Value i:type="a:ArrayOfdouble" xmlns:a="http://schemas.microsoft.com/2003/10/Serialization/Arrays"><a:double>0.792156862745098</a:double><a:double>0.81960784313725488</a:double><a:double>0.93333333333333335</a:double><a:double>1</a:double></Value></Attribute></Attributes><ChildElements/><ElementName>color</ElementName><required>false</required><RGBAAttribute z:Ref="i361"/></URDFElement><URDFElement z:Id="i362" i:type="Texture"><Attributes><Attribute z:Id="i363"><AttributeType>filename</AttributeType><IsRequired>true</IsRequired><Value i:nil="true"/></Attribute></Attributes><ChildElements/><ElementName>texture</ElementName><required>false</required><FilenameAttribute z:Ref="i363"/><wFilename/></URDFElement></ChildElements><ElementName>material</ElementName><required>false</required><Color z:Ref="i360"/><NameAttribute z:Ref="i359"/><Texture z:Ref="i362"/></URDFElement></ChildElements><ElementName>visual</ElementName><required>false</required><Geometry z:Ref="i355"/><Material z:Ref="i358"/><Origin z:Ref="i352"/></URDFElement><URDFElement z:Id="i364" i:type="Collision"><Attributes/><ChildElements><URDFElement z:Id="i365" i:type="Origin"><Attributes><Attribute z:Id="i366"><AttributeType>xyz</AttributeType><IsRequired>true</IsRequired><Value i:type="a:ArrayOfdouble" xmlns:a="http://schemas.microsoft.com/2003/10/Serialization/Arrays"><a:double>0</a:double><a:double>0</a:double><a:double>0</a:double></Value></Attribute><Attribute z:Id="i367"><AttributeType>rpy</AttributeType><IsRequired>true</IsRequired><Value i:type="a:ArrayOfdouble" xmlns:a="http://schemas.microsoft.com/2003/10/Serialization/Arrays"><a:double>0</a:double><a:double>0</a:double><a:double>0</a:double></Value></Attribute></Attributes><ChildElements/><ElementName>origin</ElementName><required>false</required><RPYAttribute z:Ref="i367"/><XYZAttribute z:Ref="i366"/><isCustomized>false</isCustomized></URDFElement><URDFElement z:Id="i368" i:type="Geometry"><Attributes/><ChildElements><URDFElement z:Id="i369" i:type="Mesh"><Attributes><Attribute z:Id="i370"><AttributeType>filename</AttributeType><IsRequired>true</IsRequired><Value i:nil="true"/></Attribute></Attributes><ChildElements/><ElementName>mesh</ElementName><required>false</required><FilenameAttribute z:Ref="i370"/></URDFElement></ChildElements><ElementName>geometry</ElementName><required>true</required><Mesh z:Ref="i369"/></URDFElement></ChildElements><ElementName>collision</ElementName><required>false</required><Geometry z:Ref="i368"/><Origin z:Ref="i365"/></URDFElement><URDFElement z:Id="i371" i:type="Joint"><Attributes><Attribute z:Id="i372"><AttributeType>name</AttributeType><IsRequired>true</IsRequired><Value i:type="a:string" xmlns:a="http://www.w3.org/2001/XMLSchema">left_back_wheel_joint</Value></Attribute><Attribute z:Id="i373"><AttributeType>type</AttributeType><IsRequired>true</IsRequired><Value i:type="a:string" xmlns:a="http://www.w3.org/2001/XMLSchema">continuous</Value></Attribute></Attributes><ChildElements><URDFElement z:Id="i374" i:type="Origin"><Attributes><Attribute z:Id="i375"><AttributeType>xyz</AttributeType><IsRequired>true</IsRequired><Value i:type="a:ArrayOfdouble" xmlns:a="http://schemas.microsoft.com/2003/10/Serialization/Arrays"><a:double>-0.017386</a:double><a:double>-0.56261</a:double><a:double>0.0254</a:double></Value></Attribute><Attribute z:Id="i376"><AttributeType>rpy</AttributeType><IsRequired>true</IsRequired><Value i:type="a:ArrayOfdouble" xmlns:a="http://schemas.microsoft.com/2003/10/Serialization/Arrays"><a:double>1.5708</a:double><a:double>-0.59697</a:double><a:double>-1.5708</a:double></Value></Attribute></Attributes><ChildElements/><ElementName>origin</ElementName><required>false</required><RPYAttribute z:Ref="i376"/><XYZAttribute z:Ref="i375"/><isCustomized>false</isCustomized></URDFElement><URDFElement z:Id="i377" i:type="ParentLink"><Attributes><Attribute z:Id="i378"><AttributeType>link</AttributeType><IsRequired>true</IsRequired><Value i:type="a:string" xmlns:a="http://www.w3.org/2001/XMLSchema">drivetrain_base_link</Value></Attribute></Attributes><ChildElements/><ElementName>parent</ElementName><required>true</required><NameAttribute z:Ref="i378"/></URDFElement><URDFElement z:Id="i379" i:type="ChildLink"><Attributes><Attribute z:Id="i380"><AttributeType>link</AttributeType><IsRequired>true</IsRequired><Value i:type="a:string" xmlns:a="http://www.w3.org/2001/XMLSchema">left_back_wheel</Value></Attribute></Attributes><ChildElements/><ElementName>child</ElementName><required>true</required><NameAttribute z:Ref="i380"/></URDFElement><URDFElement z:Id="i381" i:type="Axis"><Attributes><Attribute z:Id="i382"><AttributeType>xyz</AttributeType><IsRequired>true</IsRequired><Value i:type="a:ArrayOfdouble" xmlns:a="http://schemas.microsoft.com/2003/10/Serialization/Arrays"><a:double>0</a:double><a:double>0</a:double><a:double>0</a:double></Value></Attribute></Attributes><ChildElements/><ElementName>axis</ElementName><required>false</required><XYZAttribute z:Ref="i382"/></URDFElement><URDFElement z:Id="i383" i:type="Limit"><Attributes><Attribute z:Id="i384"><AttributeType>lower</AttributeType><IsRequired>false</IsRequired><Value i:nil="true"/></Attribute><Attribute z:Id="i385"><AttributeType>upper</AttributeType><IsRequired>false</IsRequired><Value i:nil="true"/></Attribute><Attribute z:Id="i386"><AttributeType>effort</AttributeType><IsRequired>true</IsRequired><Value i:nil="true"/></Attribute><Attribute z:Id="i387"><AttributeType>velocity</AttributeType><IsRequired>true</IsRequired><Value i:nil="true"/></Attribute></Attributes><ChildElements/><ElementName>limit</ElementName><required>false</required><EffortAttribute z:Ref="i386"/><LowerAttribute z:Ref="i384"/><UpperAttribute z:Ref="i385"/><VelocityAttribute z:Ref="i387"/></URDFElement><URDFElement z:Id="i388" i:type="Calibration"><Attributes><Attribute z:Id="i389"><AttributeType>rising</AttributeType><IsRequired>false</IsRequired><Value i:nil="true"/></Attribute><Attribute z:Id="i390"><AttributeType>falling</AttributeType><IsRequired>false</IsRequired><Value i:nil="true"/></Attribute></Attributes><ChildElements/><ElementName>calibration</ElementName><required>false</required><FallingAttribute z:Ref="i390"/><RisingAttribute z:Ref="i389"/></URDFElement><URDFElement z:Id="i391" i:type="Dynamics"><Attributes><Attribute z:Id="i392"><AttributeType>damping</AttributeType><IsRequired>false</IsRequired><Value i:nil="true"/></Attribute><Attribute z:Id="i393"><AttributeType>friction</AttributeType><IsRequired>false</IsRequired><Value i:nil="true"/></Attribute></Attributes><ChildElements/><ElementName>dynamics</ElementName><required>false</required><DampingAttribute z:Ref="i392"/><FrictionAttribute z:Ref="i393"/></URDFElement><URDFElement z:Id="i394" i:type="SafetyController"><Attributes><Attribute z:Id="i395"><AttributeType>soft_upper_limit</AttributeType><IsRequired>false</IsRequired><Value i:nil="true"/></Attribute><Attribute z:Id="i396"><AttributeType>soft_lower_limit</AttributeType><IsRequired>false</IsRequired><Value i:nil="true"/></Attribute><Attribute z:Id="i397"><AttributeType>k_position</AttributeType><IsRequired>false</IsRequired><Value i:nil="true"/></Attribute><Attribute z:Id="i398"><AttributeType>k_velocity</AttributeType><IsRequired>true</IsRequired><Value i:nil="true"/></Attribute></Attributes><ChildElements/><ElementName>safety_controller</ElementName><required>false</required><KPositionAttribute z:Ref="i397"/><KVelocityAttribute z:Ref="i398"/><SoftLowerAttribute z:Ref="i396"/><SoftUpperAttribute z:Ref="i395"/></URDFElement><URDFElement z:Id="i399" i:type="Mimic"><Attributes><Attribute z:Id="i400"><AttributeType>joint</AttributeType><IsRequired>true</IsRequired><Value i:nil="true"/></Attribute><Attribute z:Id="i401"><AttributeType>multiplier</AttributeType><IsRequired>false</IsRequired><Value i:nil="true"/></Attribute><Attribute z:Id="i402"><AttributeType>offset</AttributeType><IsRequired>false</IsRequired><Value i:nil="true"/></Attribute></Attributes><ChildElements/><ElementName>mimic</ElementName><required>false</required><JointNameAttribute z:Ref="i400"/><MultiplierAttribute z:Ref="i401"/><OffsetAttribute z:Ref="i402"/></URDFElement></ChildElements><ElementName>joint</ElementName><required>false</required><Axis z:Ref="i381"/><AxisName>back_axis</AxisName><Calibration z:Ref="i388"/><Child z:Ref="i379"/><CoordinateSystemName>Origin_left_back_wheel_joint</CoordinateSystemName><Dynamics z:Ref="i391"/><Limit z:Ref="i383"/><Mimic z:Ref="i399"/><NameAttribute z:Ref="i372"/><Origin z:Ref="i374"/><Parent z:Ref="i377"/><Safety z:Ref="i394"/><TypeAttribute z:Ref="i373"/></URDFElement></ChildElements><ElementName>link</ElementName><required>true</required><Children/><Collision z:Ref="i364"/><Inertial z:Ref="i338"/><Joint z:Ref="i371"/><NameAttribute z:Ref="i337"/><Parent z:Ref="i1"/><STLQualityFine>false</STLQualityFine><SWComponentPIDs xmlns:a="http://schemas.microsoft.com/2003/10/Serialization/Arrays"><a:base64Binary>gD4AAAUAAAD//v9FVwBoAGUAZQBsACAAQQBzAHMAZQBtAGIAbAB5ACAAQgBhAGMAawAtADEAQABBAHMAcwBlAG0AYgBsAHkALwA1AGkAbgAgAEMAbwBsAHMAbwBuACAAVwBoAGUAZQBsAC0AMQBAAFcAaABlAGUAbAAgAEEAcwBzAGUAbQBiAGwAeQAgAEIAYQBjAGsABAAAABAAAAABAAAAAgAAACUAAAAZAAAA</a:base64Binary></SWComponentPIDs><SWMainComponentPID i:nil="true"/><Visual z:Ref="i351"/><isFixedFrame>false</isFixedFrame><isIncomplete>false</isIncomplete></Link><Link z:Id="i403"><Attributes><Attribute z:Id="i404"><AttributeType>name</AttributeType><IsRequired>true</IsRequired><Value i:type="a:string" xmlns:a="http://www.w3.org/2001/XMLSchema">right_back_wheel</Value></Attribute></Attributes><ChildElements><URDFElement z:Id="i405" i:type="Inertial"><Attributes/><ChildElements><URDFElement z:Id="i406" i:type="Origin"><Attributes><Attribute z:Id="i407"><AttributeType>xyz</AttributeType><IsRequired>true</IsRequired><Value i:type="a:ArrayOfdouble" xmlns:a="http://schemas.microsoft.com/2003/10/Serialization/Arrays"><a:double>-4.759476146531938E-10</a:double><a:double>-1.673505778398976E-11</a:double><a:double>1.3884633331961993E-08</a:double></Value></Attribute><Attribute z:Id="i408"><AttributeType>rpy</AttributeType><IsRequired>true</IsRequired><Value i:type="a:ArrayOfdouble" xmlns:a="http://schemas.microsoft.com/2003/10/Serialization/Arrays"><a:double>0</a:double><a:double>0</a:double><a:double>0</a:double></Value></Attribute></Attributes><ChildElements/><ElementName>origin</ElementName><required>false</required><RPYAttribute z:Ref="i408"/><XYZAttribute z:Ref="i407"/><isCustomized>false</isCustomized></URDFElement><URDFElement z:Id="i409" i:type="Mass"><Attributes><Attribute z:Id="i410"><AttributeType>value</AttributeType><IsRequired>true</IsRequired><Value i:type="a:double" xmlns:a="http://www.w3.org/2001/XMLSchema">0.36703715427522832</Value></Attribute></Attributes><ChildElements/><ElementName>mass</ElementName><required>false</required><ValueAttribute z:Ref="i410"/></URDFElement><URDFElement z:Id="i411" i:type="Inertia"><Attributes><Attribute z:Id="i412"><AttributeType>ixx</AttributeType><IsRequired>true</IsRequired><Value i:type="a:double" xmlns:a="http://www.w3.org/2001/XMLSchema">0.000450304787451433</Value></Attribute><Attribute z:Id="i413"><AttributeType>ixy</AttributeType><IsRequired>true</IsRequired><Value i:type="a:double" xmlns:a="http://www.w3.org/2001/XMLSchema">2.9830969281146452E-10</Value></Attribute><Attribute z:Id="i414"><AttributeType>ixz</AttributeType><IsRequired>true</IsRequired><Value i:type="a:double" xmlns:a="http://www.w3.org/2001/XMLSchema">4.2884584257201835E-12</Value></Attribute><Attribute z:Id="i415"><AttributeType>iyy</AttributeType><IsRequired>true</IsRequired><Value i:type="a:double" xmlns:a="http://www.w3.org/2001/XMLSchema">0.00045030287956885078</Value></Attribute><Attribute z:Id="i416"><AttributeType>iyz</AttributeType><IsRequired>true</IsRequired><Value i:type="a:double" xmlns:a="http://www.w3.org/2001/XMLSchema">2.2941805489071237E-13</Value></Attribute><Attribute z:Id="i417"><AttributeType>izz</AttributeType><IsRequired>true</IsRequired><Value i:type="a:double" xmlns:a="http://www.w3.org/2001/XMLSchema">0.00082344418606391243</Value></Attribute></Attributes><ChildElements/><ElementName>inertia</ElementName><required>false</required><IxxAttribute z:Ref="i412"/><IxyAttribute z:Ref="i413"/><IxzAttribute z:Ref="i414"/><IyyAttribute z:Ref="i415"/><IyzAttribute z:Ref="i416"/><IzzAttribute z:Ref="i417"/></URDFElement></ChildElements><ElementName>inertial</ElementName><required>false</required><Inertia z:Ref="i411"/><Mass z:Ref="i409"/><Origin z:Ref="i406"/></URDFElement><URDFElement z:Id="i418" i:type="Visual"><Attributes/><ChildElements><URDFElement z:Id="i419" i:type="Origin"><Attributes><Attribute z:Id="i420"><AttributeType>xyz</AttributeType><IsRequired>true</IsRequired><Value i:type="a:ArrayOfdouble" xmlns:a="http://schemas.microsoft.com/2003/10/Serialization/Arrays"><a:double>0</a:double><a:double>0</a:double><a:double>0</a:double></Value></Attribute><Attribute z:Id="i421"><AttributeType>rpy</AttributeType><IsRequired>true</IsRequired><Value i:type="a:ArrayOfdouble" xmlns:a="http://schemas.microsoft.com/2003/10/Serialization/Arrays"><a:double>0</a:double><a:double>0</a:double><a:double>0</a:double></Value></Attribute></Attributes><ChildElements/><ElementName>origin</ElementName><required>false</required><RPYAttribute z:Ref="i421"/><XYZAttribute z:Ref="i420"/><isCustomized>false</isCustomized></URDFElement><URDFElement z:Id="i422" i:type="Geometry"><Attributes/><ChildElements><URDFElement z:Id="i423" i:type="Mesh"><Attributes><Attribute z:Id="i424"><AttributeType>filename</AttributeType><IsRequired>true</IsRequired><Value i:nil="true"/></Attribute></Attributes><ChildElements/><ElementName>mesh</ElementName><required>false</required><FilenameAttribute z:Ref="i424"/></URDFElement></ChildElements><ElementName>geometry</ElementName><required>true</required><Mesh z:Ref="i423"/></URDFElement><URDFElement z:Id="i425" i:type="Material"><Attributes><Attribute z:Id="i426"><AttributeType>name</AttributeType><IsRequired>true</IsRequired><Value i:type="a:string" xmlns:a="http://www.w3.org/2001/XMLSchema"/></Attribute></Attributes><ChildElements><URDFElement z:Id="i427" i:type="Color"><Attributes><Attribute z:Id="i428"><AttributeType>rgba</AttributeType><IsRequired>true</IsRequired><Value i:type="a:ArrayOfdouble" xmlns:a="http://schemas.microsoft.com/2003/10/Serialization/Arrays"><a:double>0.792156862745098</a:double><a:double>0.81960784313725488</a:double><a:double>0.93333333333333335</a:double><a:double>1</a:double></Value></Attribute></Attributes><ChildElements/><ElementName>color</ElementName><required>false</required><RGBAAttribute z:Ref="i428"/></URDFElement><URDFElement z:Id="i429" i:type="Texture"><Attributes><Attribute z:Id="i430"><AttributeType>filename</AttributeType><IsRequired>true</IsRequired><Value i:nil="true"/></Attribute></Attributes><ChildElements/><ElementName>texture</ElementName><required>false</required><FilenameAttribute z:Ref="i430"/><wFilename/></URDFElement></ChildElements><ElementName>material</ElementName><required>false</required><Color z:Ref="i427"/><NameAttribute z:Ref="i426"/><Texture z:Ref="i429"/></URDFElement></ChildElements><ElementName>visual</ElementName><required>false</required><Geometry z:Ref="i422"/><Material z:Ref="i425"/><Origin z:Ref="i419"/></URDFElement><URDFElement z:Id="i431" i:type="Collision"><Attributes/><ChildElements><URDFElement z:Id="i432" i:type="Origin"><Attributes><Attribute z:Id="i433"><AttributeType>xyz</AttributeType><IsRequired>true</IsRequired><Value i:type="a:ArrayOfdouble" xmlns:a="http://schemas.microsoft.com/2003/10/Serialization/Arrays"><a:double>0</a:double><a:double>0</a:double><a:double>0</a:double></Value></Attribute><Attribute z:Id="i434"><AttributeType>rpy</AttributeType><IsRequired>true</IsRequired><Value i:type="a:ArrayOfdouble" xmlns:a="http://schemas.microsoft.com/2003/10/Serialization/Arrays"><a:double>0</a:double><a:double>0</a:double><a:double>0</a:double></Value></Attribute></Attributes><ChildElements/><ElementName>origin</ElementName><required>false</required><RPYAttribute z:Ref="i434"/><XYZAttribute z:Ref="i433"/><isCustomized>false</isCustomized></URDFElement><URDFElement z:Id="i435" i:type="Geometry"><Attributes/><ChildElements><URDFElement z:Id="i436" i:type="Mesh"><Attributes><Attribute z:Id="i437"><AttributeType>filename</AttributeType><IsRequired>true</IsRequired><Value i:nil="true"/></Attribute></Attributes><ChildElements/><ElementName>mesh</ElementName><required>false</required><FilenameAttribute z:Ref="i437"/></URDFElement></ChildElements><ElementName>geometry</ElementName><required>true</required><Mesh z:Ref="i436"/></URDFElement></ChildElements><ElementName>collision</ElementName><required>false</required><Geometry z:Ref="i435"/><Origin z:Ref="i432"/></URDFElement><URDFElement z:Id="i438" i:type="Joint"><Attributes><Attribute z:Id="i439"><AttributeType>name</AttributeType><IsRequired>true</IsRequired><Value i:type="a:string" xmlns:a="http://www.w3.org/2001/XMLSchema">right_back_wheel_joint</Value></Attribute><Attribute z:Id="i440"><AttributeType>type</AttributeType><IsRequired>true</IsRequired><Value i:type="a:string" xmlns:a="http://www.w3.org/2001/XMLSchema">continuous</Value></Attribute></Attributes><ChildElements><URDFElement z:Id="i441" i:type="Origin"><Attributes><Attribute z:Id="i442"><AttributeType>xyz</AttributeType><IsRequired>true</IsRequired><Value i:type="a:ArrayOfdouble" xmlns:a="http://schemas.microsoft.com/2003/10/Serialization/Arrays"><a:double>0.52539</a:double><a:double>-0.56261</a:double><a:double>0.0254</a:double></Value></Attribute><Attribute z:Id="i443"><AttributeType>rpy</AttributeType><IsRequired>true</IsRequired><Value i:type="a:ArrayOfdouble" xmlns:a="http://schemas.microsoft.com/2003/10/Serialization/Arrays"><a:double>1.5708</a:double><a:double>0.90051</a:double><a:double>1.5708</a:double></Value></Attribute></Attributes><ChildElements/><ElementName>origin</ElementName><required>false</required><RPYAttribute z:Ref="i443"/><XYZAttribute z:Ref="i442"/><isCustomized>false</isCustomized></URDFElement><URDFElement z:Id="i444" i:type="ParentLink"><Attributes><Attribute z:Id="i445"><AttributeType>link</AttributeType><IsRequired>true</IsRequired><Value i:type="a:string" xmlns:a="http://www.w3.org/2001/XMLSchema">drivetrain_base_link</Value></Attribute></Attributes><ChildElements/><ElementName>parent</ElementName><required>true</required><NameAttribute z:Ref="i445"/></URDFElement><URDFElement z:Id="i446" i:type="ChildLink"><Attributes><Attribute z:Id="i447"><AttributeType>link</AttributeType><IsRequired>true</IsRequired><Value i:type="a:string" xmlns:a="http://www.w3.org/2001/XMLSchema">right_back_wheel</Value></Attribute></Attributes><ChildElements/><ElementName>child</ElementName><required>true</required><NameAttribute z:Ref="i447"/></URDFElement><URDFElement z:Id="i448" i:type="Axis"><Attributes><Attribute z:Id="i449"><AttributeType>xyz</AttributeType><IsRequired>true</IsRequired><Value i:type="a:ArrayOfdouble" xmlns:a="http://schemas.microsoft.com/2003/10/Serialization/Arrays"><a:double>0</a:double><a:double>0</a:double><a:double>0</a:double></Value></Attribute></Attributes><ChildElements/><ElementName>axis</ElementName><required>false</required><XYZAttribute z:Ref="i449"/></URDFElement><URDFElement z:Id="i450" i:type="Limit"><Attributes><Attribute z:Id="i451"><AttributeType>lower</AttributeType><IsRequired>false</IsRequired><Value i:nil="true"/></Attribute><Attribute z:Id="i452"><AttributeType>upper</AttributeType><IsRequired>false</IsRequired><Value i:nil="true"/></Attribute><Attribute z:Id="i453"><AttributeType>effort</AttributeType><IsRequired>true</IsRequired><Value i:nil="true"/></Attribute><Attribute z:Id="i454"><AttributeType>velocity</AttributeType><IsRequired>true</IsRequired><Value i:nil="true"/></Attribute></Attributes><ChildElements/><ElementName>limit</ElementName><required>false</required><EffortAttribute z:Ref="i453"/><LowerAttribute z:Ref="i451"/><UpperAttribute z:Ref="i452"/><VelocityAttribute z:Ref="i454"/></URDFElement><URDFElement z:Id="i455" i:type="Calibration"><Attributes><Attribute z:Id="i456"><AttributeType>rising</AttributeType><IsRequired>false</IsRequired><Value i:nil="true"/></Attribute><Attribute z:Id="i457"><AttributeType>falling</AttributeType><IsRequired>false</IsRequired><Value i:nil="true"/></Attribute></Attributes><ChildElements/><ElementName>calibration</ElementName><required>false</required><FallingAttribute z:Ref="i457"/><RisingAttribute z:Ref="i456"/></URDFElement><URDFElement z:Id="i458" i:type="Dynamics"><Attributes><Attribute z:Id="i459"><AttributeType>damping</AttributeType><IsRequired>false</IsRequired><Value i:nil="true"/></Attribute><Attribute z:Id="i460"><AttributeType>friction</AttributeType><IsRequired>false</IsRequired><Value i:nil="true"/></Attribute></Attributes><ChildElements/><ElementName>dynamics</ElementName><required>false</required><DampingAttribute z:Ref="i459"/><FrictionAttribute z:Ref="i460"/></URDFElement><URDFElement z:Id="i461" i:type="SafetyController"><Attributes><Attribute z:Id="i462"><AttributeType>soft_upper_limit</AttributeType><IsRequired>false</IsRequired><Value i:nil="true"/></Attribute><Attribute z:Id="i463"><AttributeType>soft_lower_limit</AttributeType><IsRequired>false</IsRequired><Value i:nil="true"/></Attribute><Attribute z:Id="i464"><AttributeType>k_position</AttributeType><IsRequired>false</IsRequired><Value i:nil="true"/></Attribute><Attribute z:Id="i465"><AttributeType>k_velocity</AttributeType><IsRequired>true</IsRequired><Value i:nil="true"/></Attribute></Attributes><ChildElements/><ElementName>safety_controller</ElementName><required>false</required><KPositionAttribute z:Ref="i464"/><KVelocityAttribute z:Ref="i465"/><SoftLowerAttribute z:Ref="i463"/><SoftUpperAttribute z:Ref="i462"/></URDFElement><URDFElement z:Id="i466" i:type="Mimic"><Attributes><Attribute z:Id="i467"><AttributeType>joint</AttributeType><IsRequired>true</IsRequired><Value i:nil="true"/></Attribute><Attribute z:Id="i468"><AttributeType>multiplier</AttributeType><IsRequired>false</IsRequired><Value i:nil="true"/></Attribute><Attribute z:Id="i469"><AttributeType>offset</AttributeType><IsRequired>false</IsRequired><Value i:nil="true"/></Attribute></Attributes><ChildElements/><ElementName>mimic</ElementName><required>false</required><JointNameAttribute z:Ref="i467"/><MultiplierAttribute z:Ref="i468"/><OffsetAttribute z:Ref="i469"/></URDFElement></ChildElements><ElementName>joint</ElementName><required>false</required><Axis z:Ref="i448"/><AxisName>back_axis</AxisName><Calibration z:Ref="i455"/><Child z:Ref="i446"/><CoordinateSystemName>Origin_right_back_wheel_joint</CoordinateSystemName><Dynamics z:Ref="i458"/><Limit z:Ref="i450"/><Mimic z:Ref="i466"/><NameAttribute z:Ref="i439"/><Origin z:Ref="i441"/><Parent z:Ref="i444"/><Safety z:Ref="i461"/><TypeAttribute z:Ref="i440"/></URDFElement></ChildElements><ElementName>link</ElementName><required>true</required><Children/><Collision z:Ref="i431"/><Inertial z:Ref="i405"/><Joint z:Ref="i438"/><NameAttribute z:Ref="i404"/><Parent z:Ref="i1"/><STLQualityFine>false</STLQualityFine><SWComponentPIDs xmlns:a="http://schemas.microsoft.com/2003/10/Serialization/Arrays"><a:base64Binary>gD4AAAUAAAD//v9FVwBoAGUAZQBsACAAQQBzAHMAZQBtAGIAbAB5ACAAQgBhAGMAawAtADIAQABBAHMAcwBlAG0AYgBsAHkALwA1AGkAbgAgAEMAbwBsAHMAbwBuACAAVwBoAGUAZQBsAC0AMQBAAFcAaABlAGUAbAAgAEEAcwBzAGUAbQBiAGwAeQAgAEIAYQBjAGsABAAAABAAAAABAAAAAgAAAEIAAAAZAAAA</a:base64Binary></SWComponentPIDs><SWMainComponentPID i:nil="true"/><Visual z:Ref="i418"/><isFixedFrame>false</isFixedFrame><isIncomplete>false</isIncomplete></Link></Children><Collision z:Ref="i29"/><Inertial z:Ref="i3"/><Joint z:Ref="i36"/><NameAttribute z:Ref="i2"/><Parent i:nil="true"/><STLQualityFine>false</STLQualityFine><SWComponentPIDs xmlns:a="http://schemas.microsoft.com/2003/10/Serialization/Arrays"><a:base64Binary>gD4AAAUAAAD//v8VUwBpAGQAZQAgAFAAaQBlAGMAZQAtADEAQABBAHMAcwBlAG0AYgBsAHkABAAAABAAAAABAAAAAQAAABkAAAA=</a:base64Binary><a:base64Binary>gD4AAAUAAAD//v8VUwBpAGQAZQAgAFAAaQBlAGMAZQAtADIAQABBAHMAcwBlAG0AYgBsAHkABAAAABAAAAABAAAAAQAAADsAAAA=</a:base64Binary><a:base64Binary>gD4AAAUAAAD//v8cRgByAG8AbgB0ACAAQwBlAG4AdABlAHIAIABCAGUAYQBtAC0AMQBAAEEAcwBzAGUAbQBiAGwAeQAEAAAAEAAAAAEAAAABAAAAVQAAAA==</a:base64Binary><a:base64Binary>gD4AAAUAAAD//v8bQgBhAGMAawAgAEMAZQBuAHQAZQByACAAQgBlAGEAbQAtADEAQABBAHMAcwBlAG0AYgBsAHkABAAAABAAAAABAAAAAQAAAGIAAAA=</a:base64Binary><a:base64Binary>gD4AAAUAAAD//v8eTQBpAGQAZABsAGUAIABUAC0AUwBsAG8AdAAgAFAAaQBlAGMAZQAtADEAQABBAHMAcwBlAG0AYgBsAHkABAAAABAAAAABAAAAAQAAAHcAAAA=</a:base64Binary><a:base64Binary>gD4AAAUAAAD//v8cRgByAG8AbgB0ACAARgByAGEAbQBlACAAUABpAGUAYwBlAC0AMQBAAEEAcwBzAGUAbQBiAGwAeQAEAAAAEAAAAAEAAAABAAAAgQAAAA==</a:base64Binary><a:base64Binary>gD4AAAUAAAD//v8bQgBhAGMAawAgAEYAcgBhAG0AZQAgAFAAaQBlAGMAZQAtADEAQABBAHMAcwBlAG0AYgBsAHkABAAAABAAAAABAAAAAQAAAI4AAAA=</a:base64Binary><a:base64Binary>gD4AAAUAAAD//v8bTQBpAGQAZABsAGUAIABGAHIAbwBuAHQAIABCAGEAcgAtADEAQABBAHMAcwBlAG0AYgBsAHkABAAAABAAAAABAAAAAQAAAJ0AAAA=</a:base64Binary><a:base64Binary>gD4AAAUAAAD//v8bTQBpAGQAZABsAGUAIABGAHIAbwBuAHQAIABCAGEAcgAtADIAQABBAHMAcwBlAG0AYgBsAHkABAAAABAAAAABAAAAAQAAAJ8AAAA=</a:base64Binary><a:base64Binary>gD4AAAUAAAD//v8TRQBuAGQAIABDAGEAcAAtADEAMgBAAEEAcwBzAGUAbQBiAGwAeQAEAAAAEAAAAAEAAAABAAAAoQAAAA==</a:base64Binary><a:base64Binary>gD4AAAUAAAD//v8TRQBuAGQAIABDAGEAcAAtADEAMQBAAEEAcwBzAGUAbQBiAGwAeQAEAAAAEAAAAAEAAAABAAAAoAAAAA==</a:base64Binary><a:base64Binary>gD4AAAUAAAD//v8TRQBuAGQAIABDAGEAcAAtADEAMABAAEEAcwBzAGUAbQBiAGwAeQAEAAAAEAAAAAEAAAABAAAAngAAAA==</a:base64Binary><a:base64Binary>gD4AAAUAAAD//v8SRQBuAGQAIABDAGEAcAAtADkAQABBAHMAcwBlAG0AYgBsAHkABAAAABAAAAABAAAAAQAAAJwAAAA=</a:base64Binary><a:base64Binary>gD4AAAUAAAD//v8SRQBuAGQAIABDAGEAcAAtADgAQABBAHMAcwBlAG0AYgBsAHkABAAAABAAAAABAAAAAQAAAGQAAAA=</a:base64Binary><a:base64Binary>gD4AAAUAAAD//v8SRQBuAGQAIABDAGEAcAAtADcAQABBAHMAcwBlAG0AYgBsAHkABAAAABAAAAABAAAAAQAAAGMAAAA=</a:base64Binary><a:base64Binary>gD4AAAUAAAD//v8SRQBuAGQAIABDAGEAcAAtADYAQABBAHMAcwBlAG0AYgBsAHkABAAAABAAAAABAAAAAQAAAFcAAAA=</a:base64Binary><a:base64Binary>gD4AAAUAAAD//v8SRQBuAGQAIABDAGEAcAAtADUAQABBAHMAcwBlAG0AYgBsAHkABAAAABAAAAABAAAAAQAAAFYAAAA=</a:base64Binary><a:base64Binary>gD4AAAUAAAD//v8SRQBuAGQAIABDAGEAcAAtADQAQABBAHMAcwBlAG0AYgBsAHkABAAAABAAAAABAAAAAQAAADkAAAA=</a:base64Binary><a:base64Binary>gD4AAAUAAAD//v8SRQBuAGQAIABDAGEAcAAtADMAQABBAHMAcwBlAG0AYgBsAHkABAAAABAAAAABAAAAAQAAADgAAAA=</a:base64Binary><a:base64Binary>gD4AAAUAAAD//v8SRQBuAGQAIABDAGEAcAAtADIAQABBAHMAcwBlAG0AYgBsAHkABAAAABAAAAABAAAAAQAAAC0AAAA=</a:base64Binary><a:base64Binary>gD4AAAUAAAD//v8SRQBuAGQAIABDAGEAcAAtADEAQABBAHMAcwBlAG0AYgBsAHkABAAAABAAAAABAAAAAQAAACwAAAA=</a:base64Binary><a:base64Binary>gD4AAAUAAAD//v8kVABzAGwAbwB0ACAAQgBhAHQAdABlAHIAeQAgAEgAbwBsAGQAZQByACAAQgBhAHIAcwAtADEAQABBAHMAcwBlAG0AYgBsAHkABAAAABAAAAABAAAAAQAAADcBAAA=</a:base64Binary><a:base64Binary>gD4AAAUAAAD//v8kVABzAGwAbwB0ACAAQgBhAHQAdABlAHIAeQAgAEgAbwBsAGQAZQByACAAQgBhAHIAcwAtADIAQABBAHMAcwBlAG0AYgBsAHkABAAAABAAAAABAAAAAQAAADgBAAA=</a:base64Binary><a:base64Binary>gD4AAAUAAAD//v8kVABzAGwAbwB0ACAAQgBhAHQAdABlAHIAeQAgAEgAbwBsAGQAZQByACAAQgBhAHIAcwAtADMAQABBAHMAcwBlAG0AYgBsAHkABAAAABAAAAABAAAAAQAAADkBAAA=</a:base64Binary><a:base64Binary>gD4AAAUAAAD//v8iRQBsAGUAYwB0AHIAbwBuAGkAYwBzACAAQgBvAGEAcgBkACAAUwBpAGQAZQBzAC0AMQBAAEEAcwBzAGUAbQBiAGwAeQAEAAAAEAAAAAEAAAABAAAAWQEAAA==</a:base64Binary><a:base64Binary>gD4AAAUAAAD//v8iRQBsAGUAYwB0AHIAbwBuAGkAYwBzACAAQgBvAGEAcgBkACAAUwBpAGQAZQBzAC0AMgBAAEEAcwBzAGUAbQBiAGwAeQAEAAAAEAAAAAEAAAABAAAAWgEAAA==</a:base64Binary><a:base64Binary>gD4AAAUAAAD//v8UQgBhAGMAawAgAFIAYQBpAGwALQAyAEAAQQBzAHMAZQBtAGIAbAB5AAQAAAAQAAAAAQAAAAEAAABcAQAA</a:base64Binary><a:base64Binary>gD4AAAUAAAD//v8UQgBhAGMAawAgAFIAYQBpAGwALQAzAEAAQQBzAHMAZQBtAGIAbAB5AAQAAAAQAAAAAQAAAAEAAABdAQAA</a:base64Binary><a:base64Binary>gD4AAAUAAAD//v8mRQBsAGUAYwB0AHIAbwBuAGkAYwBzACAAQgBvAGEAcgBkACAAUwB0AGEAbgBkAG8AZgBmAHMALQAxAEAAQQBzAHMAZQBtAGIAbAB5AAQAAAAQAAAAAQAAAAEAAAB3AQAA</a:base64Binary><a:base64Binary>gD4AAAUAAAD//v8mRQBsAGUAYwB0AHIAbwBuAGkAYwBzACAAQgBvAGEAcgBkACAAUwB0AGEAbgBkAG8AZgBmAHMALQAyAEAAQQBzAHMAZQBtAGIAbAB5AAQAAAAQAAAAAQAAAAEAAAB4AQAA</a:base64Binary><a:base64Binary>gD4AAAUAAAD//v8mRQBsAGUAYwB0AHIAbwBuAGkAYwBzACAAQgBvAGEAcgBkACAAUwB0AGEAbgBkAG8AZgBmAHMALQAzAEAAQQBzAHMAZQBtAGIAbAB5AAQAAAAQAAAAAQAAAAEAAAB5AQAA</a:base64Binary><a:base64Binary>gD4AAAUAAAD//v8mRQBsAGUAYwB0AHIAbwBuAGkAYwBzACAAQgBvAGEAcgBkACAAUwB0AGEAbgBkAG8AZgBmAHMALQA0AEAAQQBzAHMAZQBtAGIAbAB5AAQAAAAQAAAAAQAAAAEAAAB6AQAA</a:base64Binary><a:base64Binary>gD4AAAUAAAD//v8aTgBlAHcAIAAxADIAVgAgAGIAYQB0AHQAZQByAHkALQAyAEAAQQBzAHMAZQBtAGIAbAB5AAQAAAAQAAAAAQAAAAEAAAAqAgAA</a:base64Binary><a:base64Binary>gD4AAAUAAAD//v8TRwBlAGEAcgBiAG8AeAAyAC0AMQBAAEEAcwBzAGUAbQBiAGwAeQAEAAAAEAAAAAEAAAABAAAAQQIAAA==</a:base64Binary><a:base64Binary>gD4AAAUAAAD//v8TRwBlAGEAcgBiAG8AeAAyAC0AMgBAAEEAcwBzAGUAbQBiAGwAeQAEAAAAEAAAAAEAAAABAAAAWwIAAA==</a:base64Binary><a:base64Binary>gD4AAAUAAAD//v8fQwBvAGwAcwBvAG4AIABoAGUAeAAgAHcAaABlAGUAbAAgAGgAdQBiAC0AMgBAAEEAcwBzAGUAbQBiAGwAeQAEAAAAEAAAAAEAAAABAAAAYAIAAA==</a:base64Binary><a:base64Binary>gD4AAAUAAAD//v8fQwBvAGwAcwBvAG4AIABoAGUAeAAgAHcAaABlAGUAbAAgAGgAdQBiAC0AMQBAAEEAcwBzAGUAbQBiAGwAeQAEAAAAEAAAAAEAAAABAAAASgIAAA==</a:base64Binary><a:base64Binary>gD4AAAUAAAD//v8kVABzAGwAbwB0ACAAQgBhAHQAdABlAHIAeQAgAEgAbwBsAGQAZQByACAAQgBhAHIAcwAtADQAQABBAHMAcwBlAG0AYgBsAHkABAAAABAAAAABAAAAAQAAAHcCAAA=</a:base64Binary><a:base64Binary>gD4AAAUAAAD//v9KVwBoAGUAZQBsACAAQQBzAHMAZQBtAGIAbAB5ACAAQgBhAGMAawAtADIAQABBAHMAcwBlAG0AYgBsAHkALwBLAGUAeQBlAGQAIABzAGgAYQBmAHQAIAB3AGgAZQBlAGwAIABoAHUAYgAtADEAQABXAGgAZQBlAGwAIABBAHMAcwBlAG0AYgBsAHkAIABCAGEAYwBrAAQAAAAQAAAAAQAAAAIAAABCAAAAGgAAAA==</a:base64Binary><a:base64Binary>gD4AAAUAAAD//v9KUwBpAGQAZQAgAFcAaABlAGUAbAAgAEEAcwBzAGUAbQBiAGwAeQAtADMAQABBAHMAcwBlAG0AYgBsAHkALwBLAGUAeQBlAGQAIABzAGgAYQBmAHQAIAB3AGgAZQBlAGwAIABoAHUAYgAtADEAQABTAGkAZABlACAAVwBoAGUAZQBsACAAQQBzAHMAZQBtAGIAbAB5AAQAAAAQAAAAAQAAAAIAAAA8AAAAGgAAAA==</a:base64Binary><a:base64Binary>gD4AAAUAAAD//v9GUwBpAGQAZQAgAFcAaABlAGUAbAAgAEEAcwBzAGUAbQBiAGwAeQAtADEAQABBAHMAcwBlAG0AYgBsAHkALwBLAGUAeQBlAGQAIABTAGgAYQBmAHQAIABTAGkAZABlAHMALQAxAEAAUwBpAGQAZQAgAFcAaABlAGUAbAAgAEEAcwBzAGUAbQBiAGwAeQAEAAAAEAAAAAEAAAACAAAAGAAAABgAAAA=</a:base64Binary><a:base64Binary>gD4AAAUAAAD//v9KVwBoAGUAZQBsACAAQQBzAHMAZQBtAGIAbAB5ACAAQgBhAGMAawAtADEAQABBAHMAcwBlAG0AYgBsAHkALwBLAGUAeQBlAGQAIABzAGgAYQBmAHQAIAB3AGgAZQBlAGwAIABoAHUAYgAtADEAQABXAGgAZQBlAGwAIABBAHMAcwBlAG0AYgBsAHkAIABCAGEAYwBrAAQAAAAQAAAAAQAAAAIAAAAlAAAAGgAAAA==</a:base64Binary><a:base64Binary>gD4AAAUAAAD//v9KUwBpAGQAZQAgAFcAaABlAGUAbAAgAEEAcwBzAGUAbQBiAGwAeQAtADEAQABBAHMAcwBlAG0AYgBsAHkALwBLAGUAeQBlAGQAIABzAGgAYQBmAHQAIAB3AGgAZQBlAGwAIABoAHUAYgAtADEAQABTAGkAZABlACAAVwBoAGUAZQBsACAAQQBzAHMAZQBtAGIAbAB5AAQAAAAQAAAAAQAAAAIAAAAYAAAAGgAAAA==</a:base64Binary><a:base64Binary>gD4AAAUAAAD//v9FVwBoAGUAZQBsACAAQQBzAHMAZQBtAGIAbAB5ACAAQgBhAGMAawAtADEAQABBAHMAcwBlAG0AYgBsAHkALwBLAGUAeQBlAGQAIABTAGgAYQBmAHQAIABCAGEAYwBrAC0AMQBAAFcAaABlAGUAbAAgAEEAcwBzAGUAbQBiAGwAeQAgAEIAYQBjAGsABAAAABAAAAABAAAAAgAAACUAAAAYAAAA</a:base64Binary><a:base64Binary>gD4AAAUAAAD//v9GUwBpAGQAZQAgAFcAaABlAGUAbAAgAEEAcwBzAGUAbQBiAGwAeQAtADMAQABBAHMAcwBlAG0AYgBsAHkALwBLAGUAeQBlAGQAIABTAGgAYQBmAHQAIABTAGkAZABlAHMALQAxAEAAUwBpAGQAZQAgAFcAaABlAGUAbAAgAEEAcwBzAGUAbQBiAGwAeQAEAAAAEAAAAAEAAAACAAAAPAAAABgAAAA=</a:base64Binary><a:base64Binary>gD4AAAUAAAD//v9FVwBoAGUAZQBsACAAQQBzAHMAZQBtAGIAbAB5ACAAQgBhAGMAawAtADIAQABBAHMAcwBlAG0AYgBsAHkALwBLAGUAeQBlAGQAIABTAGgAYQBmAHQAIABCAGEAYwBrAC0AMQBAAFcAaABlAGUAbAAgAEEAcwBzAGUAbQBiAGwAeQAgAEIAYQBjAGsABAAAABAAAAABAAAAAgAAAEIAAAAYAAAA</a:base64Binary></SWComponentPIDs><SWMainComponentPID i:nil="true"/><Visual z:Ref="i16"/><isFixedFrame>false</isFixedFrame><isIncomplete>false</isIncomplete></Link>
2025-04-17 14:16:49,852 INFO  ExportHelperExtension.cs: 347 - Creating joint left_wheel
2025-04-17 14:16:50,418 WARN  ExportHelperExtension.cs: 351 - Creating joint from parent drivetrain_base_link to child left_wheel failed
2025-04-17 14:16:50,482 INFO  ExportHelperExtension.cs: 347 - Creating joint right_wheel
2025-04-17 14:16:50,670 WARN  ExportHelperExtension.cs: 351 - Creating joint from parent drivetrain_base_link to child right_wheel failed
2025-04-17 14:16:50,730 INFO  ExportHelperExtension.cs: 347 - Creating joint left_front_wheel
2025-04-17 14:16:50,912 WARN  ExportHelperExtension.cs: 351 - Creating joint from parent drivetrain_base_link to child left_front_wheel failed
2025-04-17 14:16:50,980 INFO  ExportHelperExtension.cs: 347 - Creating joint right_front_wheel
2025-04-17 14:16:51,134 WARN  ExportHelperExtension.cs: 351 - Creating joint from parent drivetrain_base_link to child right_front_wheel failed
2025-04-17 14:16:51,193 INFO  ExportHelperExtension.cs: 347 - Creating joint left_back_wheel
2025-04-17 14:16:51,377 WARN  ExportHelperExtension.cs: 351 - Creating joint from parent drivetrain_base_link to child left_back_wheel failed
2025-04-17 14:16:51,435 INFO  ExportHelperExtension.cs: 347 - Creating joint right_back_wheel
2025-04-17 14:16:51,614 WARN  ExportHelperExtension.cs: 351 - Creating joint from parent drivetrain_base_link to child right_back_wheel failed
2025-04-17 14:16:51,777 INFO  ExportHelperExtension.cs: 1125 - Retrieving features of type [CoordSys] from Assembly.SLDASM
2025-04-17 14:16:51,778 INFO  ExportHelperExtension.cs: 1136 - Found 297 in Assembly.SLDASM
2025-04-17 14:16:51,779 INFO  ExportHelperExtension.cs: 1145 - Found 8 features of type [CoordSys] in Assembly.SLDASM
2025-04-17 14:16:51,779 INFO  ExportHelperExtension.cs: 1148 - Proceeding through assembly components
2025-04-17 14:16:51,780 INFO  ExportHelperExtension.cs: 1160 - 56 components to check
2025-04-17 14:16:51,780 INFO  ExportHelperExtension.cs: 1125 - Retrieving features of type [CoordSys] from Back Frame Piece-1
2025-04-17 14:16:51,789 INFO  ExportHelperExtension.cs: 1136 - Found 42 in Back Frame Piece-1
2025-04-17 14:16:51,790 INFO  ExportHelperExtension.cs: 1145 - Found 0 features of type [CoordSys] in Back Frame Piece-1
2025-04-17 14:16:51,790 INFO  ExportHelperExtension.cs: 1125 - Retrieving features of type [CoordSys] from End Cap-9
2025-04-17 14:16:51,791 INFO  ExportHelperExtension.cs: 1136 - Found 40 in End Cap-9
2025-04-17 14:16:51,791 INFO  ExportHelperExtension.cs: 1145 - Found 0 features of type [CoordSys] in End Cap-9
2025-04-17 14:16:51,791 INFO  ExportHelperExtension.cs: 1125 - Retrieving features of type [CoordSys] from Middle Front Bar-1
2025-04-17 14:16:51,792 INFO  ExportHelperExtension.cs: 1136 - Found 34 in Middle Front Bar-1
2025-04-17 14:16:51,792 INFO  ExportHelperExtension.cs: 1145 - Found 0 features of type [CoordSys] in Middle Front Bar-1
2025-04-17 14:16:51,792 INFO  ExportHelperExtension.cs: 1125 - Retrieving features of type [CoordSys] from Electronics Board Sides-2
2025-04-17 14:16:51,793 INFO  ExportHelperExtension.cs: 1136 - Found 40 in Electronics Board Sides-2
2025-04-17 14:16:51,793 INFO  ExportHelperExtension.cs: 1145 - Found 0 features of type [CoordSys] in Electronics Board Sides-2
2025-04-17 14:16:51,794 INFO  ExportHelperExtension.cs: 1125 - Retrieving features of type [CoordSys] from End Cap-11
2025-04-17 14:16:51,794 INFO  ExportHelperExtension.cs: 1136 - Found 40 in End Cap-11
2025-04-17 14:16:51,794 INFO  ExportHelperExtension.cs: 1145 - Found 0 features of type [CoordSys] in End Cap-11
2025-04-17 14:16:51,795 INFO  ExportHelperExtension.cs: 1125 - Retrieving features of type [CoordSys] from End Cap-12
2025-04-17 14:16:51,795 INFO  ExportHelperExtension.cs: 1136 - Found 40 in End Cap-12
2025-04-17 14:16:51,795 INFO  ExportHelperExtension.cs: 1145 - Found 0 features of type [CoordSys] in End Cap-12
2025-04-17 14:16:51,796 INFO  ExportHelperExtension.cs: 1125 - Retrieving features of type [CoordSys] from End Cap-10
2025-04-17 14:16:51,796 INFO  ExportHelperExtension.cs: 1136 - Found 40 in End Cap-10
2025-04-17 14:16:51,796 INFO  ExportHelperExtension.cs: 1145 - Found 0 features of type [CoordSys] in End Cap-10
2025-04-17 14:16:51,797 INFO  ExportHelperExtension.cs: 1125 - Retrieving features of type [CoordSys] from Tslot Battery Holder Bars-1
2025-04-17 14:16:51,797 INFO  ExportHelperExtension.cs: 1136 - Found 40 in Tslot Battery Holder Bars-1
2025-04-17 14:16:51,798 INFO  ExportHelperExtension.cs: 1145 - Found 0 features of type [CoordSys] in Tslot Battery Holder Bars-1
2025-04-17 14:16:51,798 INFO  ExportHelperExtension.cs: 1125 - Retrieving features of type [CoordSys] from Middle Front Bar-2
2025-04-17 14:16:51,798 INFO  ExportHelperExtension.cs: 1136 - Found 34 in Middle Front Bar-2
2025-04-17 14:16:51,799 INFO  ExportHelperExtension.cs: 1145 - Found 0 features of type [CoordSys] in Middle Front Bar-2
2025-04-17 14:16:51,799 INFO  ExportHelperExtension.cs: 1125 - Retrieving features of type [CoordSys] from Electronics Board Sides-1
2025-04-17 14:16:51,799 INFO  ExportHelperExtension.cs: 1136 - Found 40 in Electronics Board Sides-1
2025-04-17 14:16:51,800 INFO  ExportHelperExtension.cs: 1145 - Found 0 features of type [CoordSys] in Electronics Board Sides-1
2025-04-17 14:16:51,800 INFO  ExportHelperExtension.cs: 1125 - Retrieving features of type [CoordSys] from Back Rail-2
2025-04-17 14:16:51,800 INFO  ExportHelperExtension.cs: 1136 - Found 39 in Back Rail-2
2025-04-17 14:16:51,801 INFO  ExportHelperExtension.cs: 1145 - Found 0 features of type [CoordSys] in Back Rail-2
2025-04-17 14:16:51,801 INFO  ExportHelperExtension.cs: 1125 - Retrieving features of type [CoordSys] from Electronics Board Standoffs-1
2025-04-17 14:16:51,801 INFO  ExportHelperExtension.cs: 1136 - Found 40 in Electronics Board Standoffs-1
2025-04-17 14:16:51,802 INFO  ExportHelperExtension.cs: 1145 - Found 0 features of type [CoordSys] in Electronics Board Standoffs-1
2025-04-17 14:16:51,802 INFO  ExportHelperExtension.cs: 1125 - Retrieving features of type [CoordSys] from Bearing block-5
2025-04-17 14:16:51,803 INFO  ExportHelperExtension.cs: 1136 - Found 28 in Bearing block-5
2025-04-17 14:16:51,803 INFO  ExportHelperExtension.cs: 1145 - Found 0 features of type [CoordSys] in Bearing block-5
2025-04-17 14:16:51,803 INFO  ExportHelperExtension.cs: 1125 - Retrieving features of type [CoordSys] from Tslot Battery Holder Bars-3
2025-04-17 14:16:51,804 INFO  ExportHelperExtension.cs: 1136 - Found 40 in Tslot Battery Holder Bars-3
2025-04-17 14:16:51,804 INFO  ExportHelperExtension.cs: 1145 - Found 0 features of type [CoordSys] in Tslot Battery Holder Bars-3
2025-04-17 14:16:51,805 INFO  ExportHelperExtension.cs: 1125 - Retrieving features of type [CoordSys] from Tslot Battery Holder Bars-2
2025-04-17 14:16:51,805 INFO  ExportHelperExtension.cs: 1136 - Found 40 in Tslot Battery Holder Bars-2
2025-04-17 14:16:51,805 INFO  ExportHelperExtension.cs: 1145 - Found 0 features of type [CoordSys] in Tslot Battery Holder Bars-2
2025-04-17 14:16:51,806 INFO  ExportHelperExtension.cs: 1125 - Retrieving features of type [CoordSys] from Back Rail-3
2025-04-17 14:16:51,806 INFO  ExportHelperExtension.cs: 1136 - Found 39 in Back Rail-3
2025-04-17 14:16:51,807 INFO  ExportHelperExtension.cs: 1145 - Found 0 features of type [CoordSys] in Back Rail-3
2025-04-17 14:16:51,807 INFO  ExportHelperExtension.cs: 1125 - Retrieving features of type [CoordSys] from Electronics Board Standoffs-3
2025-04-17 14:16:51,807 INFO  ExportHelperExtension.cs: 1136 - Found 40 in Electronics Board Standoffs-3
2025-04-17 14:16:51,808 INFO  ExportHelperExtension.cs: 1145 - Found 0 features of type [CoordSys] in Electronics Board Standoffs-3
2025-04-17 14:16:51,808 INFO  ExportHelperExtension.cs: 1125 - Retrieving features of type [CoordSys] from Electronics Board Standoffs-2
2025-04-17 14:16:51,808 INFO  ExportHelperExtension.cs: 1136 - Found 40 in Electronics Board Standoffs-2
2025-04-17 14:16:51,809 INFO  ExportHelperExtension.cs: 1145 - Found 0 features of type [CoordSys] in Electronics Board Standoffs-2
2025-04-17 14:16:51,809 INFO  ExportHelperExtension.cs: 1125 - Retrieving features of type [CoordSys] from Electronics Board Standoffs-4
2025-04-17 14:16:51,809 INFO  ExportHelperExtension.cs: 1136 - Found 40 in Electronics Board Standoffs-4
2025-04-17 14:16:51,810 INFO  ExportHelperExtension.cs: 1145 - Found 0 features of type [CoordSys] in Electronics Board Standoffs-4
2025-04-17 14:16:51,810 INFO  ExportHelperExtension.cs: 1125 - Retrieving features of type [CoordSys] from Bearing block-1
2025-04-17 14:16:51,810 INFO  ExportHelperExtension.cs: 1136 - Found 28 in Bearing block-1
2025-04-17 14:16:51,811 INFO  ExportHelperExtension.cs: 1145 - Found 0 features of type [CoordSys] in Bearing block-1
2025-04-17 14:16:51,811 INFO  ExportHelperExtension.cs: 1125 - Retrieving features of type [CoordSys] from 5in Colson Wheel-1
2025-04-17 14:16:51,811 INFO  ExportHelperExtension.cs: 1136 - Found 36 in 5in Colson Wheel-1
2025-04-17 14:16:51,812 INFO  ExportHelperExtension.cs: 1145 - Found 0 features of type [CoordSys] in 5in Colson Wheel-1
2025-04-17 14:16:51,812 INFO  ExportHelperExtension.cs: 1125 - Retrieving features of type [CoordSys] from Bearing block-2
2025-04-17 14:16:51,812 INFO  ExportHelperExtension.cs: 1136 - Found 28 in Bearing block-2
2025-04-17 14:16:51,813 INFO  ExportHelperExtension.cs: 1145 - Found 0 features of type [CoordSys] in Bearing block-2
2025-04-17 14:16:51,813 INFO  ExportHelperExtension.cs: 1125 - Retrieving features of type [CoordSys] from Bearing block-3
2025-04-17 14:16:51,813 INFO  ExportHelperExtension.cs: 1136 - Found 28 in Bearing block-3
2025-04-17 14:16:51,814 INFO  ExportHelperExtension.cs: 1145 - Found 0 features of type [CoordSys] in Bearing block-3
2025-04-17 14:16:51,814 INFO  ExportHelperExtension.cs: 1125 - Retrieving features of type [CoordSys] from Bearing block-4
2025-04-17 14:16:51,814 INFO  ExportHelperExtension.cs: 1136 - Found 28 in Bearing block-4
2025-04-17 14:16:51,815 INFO  ExportHelperExtension.cs: 1145 - Found 0 features of type [CoordSys] in Bearing block-4
2025-04-17 14:16:51,815 INFO  ExportHelperExtension.cs: 1125 - Retrieving features of type [CoordSys] from Gearbox2-1
2025-04-17 14:16:51,816 INFO  ExportHelperExtension.cs: 1136 - Found 83 in Gearbox2-1
2025-04-17 14:16:51,816 INFO  ExportHelperExtension.cs: 1145 - Found 0 features of type [CoordSys] in Gearbox2-1
2025-04-17 14:16:51,817 INFO  ExportHelperExtension.cs: 1125 - Retrieving features of type [CoordSys] from Colson hex wheel hub-1
2025-04-17 14:16:51,817 INFO  ExportHelperExtension.cs: 1136 - Found 38 in Colson hex wheel hub-1
2025-04-17 14:16:51,818 INFO  ExportHelperExtension.cs: 1145 - Found 0 features of type [CoordSys] in Colson hex wheel hub-1
2025-04-17 14:16:51,818 INFO  ExportHelperExtension.cs: 1125 - Retrieving features of type [CoordSys] from Tslot Battery Holder Bars-4
2025-04-17 14:16:51,818 INFO  ExportHelperExtension.cs: 1136 - Found 40 in Tslot Battery Holder Bars-4
2025-04-17 14:16:51,819 INFO  ExportHelperExtension.cs: 1145 - Found 0 features of type [CoordSys] in Tslot Battery Holder Bars-4
2025-04-17 14:16:51,819 INFO  ExportHelperExtension.cs: 1125 - Retrieving features of type [CoordSys] from WCP Cam-4
2025-04-17 14:16:51,819 INFO  ExportHelperExtension.cs: 1136 - Found 36 in WCP Cam-4
2025-04-17 14:16:51,820 INFO  ExportHelperExtension.cs: 1145 - Found 0 features of type [CoordSys] in WCP Cam-4
2025-04-17 14:16:51,820 INFO  ExportHelperExtension.cs: 1125 - Retrieving features of type [CoordSys] from Colson hex wheel hub-2
2025-04-17 14:16:51,820 INFO  ExportHelperExtension.cs: 1136 - Found 38 in Colson hex wheel hub-2
2025-04-17 14:16:51,821 INFO  ExportHelperExtension.cs: 1145 - Found 0 features of type [CoordSys] in Colson hex wheel hub-2
2025-04-17 14:16:51,821 INFO  ExportHelperExtension.cs: 1125 - Retrieving features of type [CoordSys] from Hex Ball Bearing-3
2025-04-17 14:16:51,822 INFO  ExportHelperExtension.cs: 1136 - Found 36 in Hex Ball Bearing-3
2025-04-17 14:16:51,822 INFO  ExportHelperExtension.cs: 1145 - Found 0 features of type [CoordSys] in Hex Ball Bearing-3
2025-04-17 14:16:51,822 INFO  ExportHelperExtension.cs: 1125 - Retrieving features of type [CoordSys] from New 12V battery-2
2025-04-17 14:16:51,823 INFO  ExportHelperExtension.cs: 1136 - Found 25 in New 12V battery-2
2025-04-17 14:16:51,823 INFO  ExportHelperExtension.cs: 1145 - Found 0 features of type [CoordSys] in New 12V battery-2
2025-04-17 14:16:51,823 INFO  ExportHelperExtension.cs: 1125 - Retrieving features of type [CoordSys] from WCP Cam-3
2025-04-17 14:16:51,824 INFO  ExportHelperExtension.cs: 1136 - Found 36 in WCP Cam-3
2025-04-17 14:16:51,824 INFO  ExportHelperExtension.cs: 1145 - Found 0 features of type [CoordSys] in WCP Cam-3
2025-04-17 14:16:51,825 INFO  ExportHelperExtension.cs: 1125 - Retrieving features of type [CoordSys] from Hex Ball Bearing-1
2025-04-17 14:16:51,825 INFO  ExportHelperExtension.cs: 1136 - Found 36 in Hex Ball Bearing-1
2025-04-17 14:16:51,825 INFO  ExportHelperExtension.cs: 1145 - Found 0 features of type [CoordSys] in Hex Ball Bearing-1
2025-04-17 14:16:51,826 INFO  ExportHelperExtension.cs: 1125 - Retrieving features of type [CoordSys] from 5in Colson Wheel-2
2025-04-17 14:16:51,826 INFO  ExportHelperExtension.cs: 1136 - Found 36 in 5in Colson Wheel-2
2025-04-17 14:16:51,827 INFO  ExportHelperExtension.cs: 1145 - Found 0 features of type [CoordSys] in 5in Colson Wheel-2
2025-04-17 14:16:51,827 INFO  ExportHelperExtension.cs: 1125 - Retrieving features of type [CoordSys] from Bearing block-6
2025-04-17 14:16:51,827 INFO  ExportHelperExtension.cs: 1136 - Found 28 in Bearing block-6
2025-04-17 14:16:51,828 INFO  ExportHelperExtension.cs: 1145 - Found 0 features of type [CoordSys] in Bearing block-6
2025-04-17 14:16:51,828 INFO  ExportHelperExtension.cs: 1125 - Retrieving features of type [CoordSys] from Gearbox2-2
2025-04-17 14:16:51,828 INFO  ExportHelperExtension.cs: 1136 - Found 83 in Gearbox2-2
2025-04-17 14:16:51,829 INFO  ExportHelperExtension.cs: 1145 - Found 0 features of type [CoordSys] in Gearbox2-2
2025-04-17 14:16:51,829 INFO  ExportHelperExtension.cs: 1125 - Retrieving features of type [CoordSys] from WCP Cam-1
2025-04-17 14:16:51,829 INFO  ExportHelperExtension.cs: 1136 - Found 36 in WCP Cam-1
2025-04-17 14:16:51,830 INFO  ExportHelperExtension.cs: 1145 - Found 0 features of type [CoordSys] in WCP Cam-1
2025-04-17 14:16:51,830 INFO  ExportHelperExtension.cs: 1125 - Retrieving features of type [CoordSys] from WCP Cam-2
2025-04-17 14:16:51,830 INFO  ExportHelperExtension.cs: 1136 - Found 36 in WCP Cam-2
2025-04-17 14:16:51,831 INFO  ExportHelperExtension.cs: 1145 - Found 0 features of type [CoordSys] in WCP Cam-2
2025-04-17 14:16:51,831 INFO  ExportHelperExtension.cs: 1125 - Retrieving features of type [CoordSys] from Side Piece-1
2025-04-17 14:16:51,855 INFO  ExportHelperExtension.cs: 1136 - Found 48 in Side Piece-1
2025-04-17 14:16:51,858 INFO  ExportHelperExtension.cs: 1145 - Found 0 features of type [CoordSys] in Side Piece-1
2025-04-17 14:16:51,860 INFO  ExportHelperExtension.cs: 1125 - Retrieving features of type [CoordSys] from End Cap-3
2025-04-17 14:16:51,862 INFO  ExportHelperExtension.cs: 1136 - Found 40 in End Cap-3
2025-04-17 14:16:51,862 INFO  ExportHelperExtension.cs: 1145 - Found 0 features of type [CoordSys] in End Cap-3
2025-04-17 14:16:51,862 INFO  ExportHelperExtension.cs: 1125 - Retrieving features of type [CoordSys] from End Cap-1
2025-04-17 14:16:51,863 INFO  ExportHelperExtension.cs: 1136 - Found 40 in End Cap-1
2025-04-17 14:16:51,863 INFO  ExportHelperExtension.cs: 1145 - Found 0 features of type [CoordSys] in End Cap-1
2025-04-17 14:16:51,863 INFO  ExportHelperExtension.cs: 1125 - Retrieving features of type [CoordSys] from End Cap-2
2025-04-17 14:16:51,864 INFO  ExportHelperExtension.cs: 1136 - Found 40 in End Cap-2
2025-04-17 14:16:51,864 INFO  ExportHelperExtension.cs: 1145 - Found 0 features of type [CoordSys] in End Cap-2
2025-04-17 14:16:51,864 INFO  ExportHelperExtension.cs: 1125 - Retrieving features of type [CoordSys] from Side Wheel Assembly-1
2025-04-17 14:16:51,865 INFO  ExportHelperExtension.cs: 1136 - Found 38 in Side Wheel Assembly-1
2025-04-17 14:16:51,865 INFO  ExportHelperExtension.cs: 1145 - Found 0 features of type [CoordSys] in Side Wheel Assembly-1
2025-04-17 14:16:51,866 INFO  ExportHelperExtension.cs: 1125 - Retrieving features of type [CoordSys] from Wheel Assembly Back-1
2025-04-17 14:16:51,866 INFO  ExportHelperExtension.cs: 1136 - Found 40 in Wheel Assembly Back-1
2025-04-17 14:16:51,866 INFO  ExportHelperExtension.cs: 1145 - Found 0 features of type [CoordSys] in Wheel Assembly Back-1
2025-04-17 14:16:51,867 INFO  ExportHelperExtension.cs: 1125 - Retrieving features of type [CoordSys] from End Cap-8
2025-04-17 14:16:51,867 INFO  ExportHelperExtension.cs: 1136 - Found 40 in End Cap-8
2025-04-17 14:16:51,867 INFO  ExportHelperExtension.cs: 1145 - Found 0 features of type [CoordSys] in End Cap-8
2025-04-17 14:16:51,868 INFO  ExportHelperExtension.cs: 1125 - Retrieving features of type [CoordSys] from Middle T-Slot Piece-1
2025-04-17 14:16:51,868 INFO  ExportHelperExtension.cs: 1136 - Found 51 in Middle T-Slot Piece-1
2025-04-17 14:16:51,869 INFO  ExportHelperExtension.cs: 1145 - Found 0 features of type [CoordSys] in Middle T-Slot Piece-1
2025-04-17 14:16:51,869 INFO  ExportHelperExtension.cs: 1125 - Retrieving features of type [CoordSys] from Back Center Beam-1
2025-04-17 14:16:51,869 INFO  ExportHelperExtension.cs: 1136 - Found 41 in Back Center Beam-1
2025-04-17 14:16:51,870 INFO  ExportHelperExtension.cs: 1145 - Found 0 features of type [CoordSys] in Back Center Beam-1
2025-04-17 14:16:51,870 INFO  ExportHelperExtension.cs: 1125 - Retrieving features of type [CoordSys] from End Cap-6
2025-04-17 14:16:51,870 INFO  ExportHelperExtension.cs: 1136 - Found 40 in End Cap-6
2025-04-17 14:16:51,871 INFO  ExportHelperExtension.cs: 1145 - Found 0 features of type [CoordSys] in End Cap-6
2025-04-17 14:16:51,871 INFO  ExportHelperExtension.cs: 1125 - Retrieving features of type [CoordSys] from Side Wheel Assembly-3
2025-04-17 14:16:51,871 INFO  ExportHelperExtension.cs: 1136 - Found 38 in Side Wheel Assembly-3
2025-04-17 14:16:51,872 INFO  ExportHelperExtension.cs: 1145 - Found 0 features of type [CoordSys] in Side Wheel Assembly-3
2025-04-17 14:16:51,872 INFO  ExportHelperExtension.cs: 1125 - Retrieving features of type [CoordSys] from Front Frame Piece-1
2025-04-17 14:16:51,872 INFO  ExportHelperExtension.cs: 1136 - Found 38 in Front Frame Piece-1
2025-04-17 14:16:51,873 INFO  ExportHelperExtension.cs: 1145 - Found 0 features of type [CoordSys] in Front Frame Piece-1
2025-04-17 14:16:51,873 INFO  ExportHelperExtension.cs: 1125 - Retrieving features of type [CoordSys] from End Cap-4
2025-04-17 14:16:51,874 INFO  ExportHelperExtension.cs: 1136 - Found 40 in End Cap-4
2025-04-17 14:16:51,874 INFO  ExportHelperExtension.cs: 1145 - Found 0 features of type [CoordSys] in End Cap-4
2025-04-17 14:16:51,874 INFO  ExportHelperExtension.cs: 1125 - Retrieving features of type [CoordSys] from Side Piece-2
2025-04-17 14:16:51,875 INFO  ExportHelperExtension.cs: 1136 - Found 48 in Side Piece-2
2025-04-17 14:16:51,875 INFO  ExportHelperExtension.cs: 1145 - Found 0 features of type [CoordSys] in Side Piece-2
2025-04-17 14:16:51,875 INFO  ExportHelperExtension.cs: 1125 - Retrieving features of type [CoordSys] from Front Center Beam-1
2025-04-17 14:16:51,876 INFO  ExportHelperExtension.cs: 1136 - Found 44 in Front Center Beam-1
2025-04-17 14:16:51,876 INFO  ExportHelperExtension.cs: 1145 - Found 0 features of type [CoordSys] in Front Center Beam-1
2025-04-17 14:16:51,877 INFO  ExportHelperExtension.cs: 1125 - Retrieving features of type [CoordSys] from Wheel Assembly Back-2
2025-04-17 14:16:51,877 INFO  ExportHelperExtension.cs: 1136 - Found 40 in Wheel Assembly Back-2
2025-04-17 14:16:51,877 INFO  ExportHelperExtension.cs: 1145 - Found 0 features of type [CoordSys] in Wheel Assembly Back-2
2025-04-17 14:16:51,878 INFO  ExportHelperExtension.cs: 1125 - Retrieving features of type [CoordSys] from End Cap-7
2025-04-17 14:16:51,878 INFO  ExportHelperExtension.cs: 1136 - Found 40 in End Cap-7
2025-04-17 14:16:51,878 INFO  ExportHelperExtension.cs: 1145 - Found 0 features of type [CoordSys] in End Cap-7
2025-04-17 14:16:51,879 INFO  ExportHelperExtension.cs: 1125 - Retrieving features of type [CoordSys] from End Cap-5
2025-04-17 14:16:51,879 INFO  ExportHelperExtension.cs: 1136 - Found 40 in End Cap-5
2025-04-17 14:16:51,879 INFO  ExportHelperExtension.cs: 1145 - Found 0 features of type [CoordSys] in End Cap-5
2025-04-17 14:16:51,880 INFO  ExportHelperExtension.cs: 1125 - Retrieving features of type [RefAxis] from Assembly.SLDASM
2025-04-17 14:16:51,880 INFO  ExportHelperExtension.cs: 1136 - Found 297 in Assembly.SLDASM
2025-04-17 14:16:51,881 INFO  ExportHelperExtension.cs: 1145 - Found 3 features of type [RefAxis] in Assembly.SLDASM
2025-04-17 14:16:51,881 INFO  ExportHelperExtension.cs: 1148 - Proceeding through assembly components
2025-04-17 14:16:51,882 INFO  ExportHelperExtension.cs: 1160 - 56 components to check
2025-04-17 14:16:51,882 INFO  ExportHelperExtension.cs: 1125 - Retrieving features of type [RefAxis] from Back Frame Piece-1
2025-04-17 14:16:51,883 INFO  ExportHelperExtension.cs: 1136 - Found 42 in Back Frame Piece-1
2025-04-17 14:16:51,883 INFO  ExportHelperExtension.cs: 1145 - Found 0 features of type [RefAxis] in Back Frame Piece-1
2025-04-17 14:16:51,883 INFO  ExportHelperExtension.cs: 1125 - Retrieving features of type [RefAxis] from End Cap-9
2025-04-17 14:16:51,884 INFO  ExportHelperExtension.cs: 1136 - Found 40 in End Cap-9
2025-04-17 14:16:51,884 INFO  ExportHelperExtension.cs: 1145 - Found 0 features of type [RefAxis] in End Cap-9
2025-04-17 14:16:51,884 INFO  ExportHelperExtension.cs: 1125 - Retrieving features of type [RefAxis] from Middle Front Bar-1
2025-04-17 14:16:51,885 INFO  ExportHelperExtension.cs: 1136 - Found 34 in Middle Front Bar-1
2025-04-17 14:16:51,885 INFO  ExportHelperExtension.cs: 1145 - Found 0 features of type [RefAxis] in Middle Front Bar-1
2025-04-17 14:16:51,885 INFO  ExportHelperExtension.cs: 1125 - Retrieving features of type [RefAxis] from Electronics Board Sides-2
2025-04-17 14:16:51,886 INFO  ExportHelperExtension.cs: 1136 - Found 40 in Electronics Board Sides-2
2025-04-17 14:16:51,886 INFO  ExportHelperExtension.cs: 1145 - Found 0 features of type [RefAxis] in Electronics Board Sides-2
2025-04-17 14:16:51,886 INFO  ExportHelperExtension.cs: 1125 - Retrieving features of type [RefAxis] from End Cap-11
2025-04-17 14:16:51,887 INFO  ExportHelperExtension.cs: 1136 - Found 40 in End Cap-11
2025-04-17 14:16:51,887 INFO  ExportHelperExtension.cs: 1145 - Found 0 features of type [RefAxis] in End Cap-11
2025-04-17 14:16:51,887 INFO  ExportHelperExtension.cs: 1125 - Retrieving features of type [RefAxis] from End Cap-12
2025-04-17 14:16:51,888 INFO  ExportHelperExtension.cs: 1136 - Found 40 in End Cap-12
2025-04-17 14:16:51,888 INFO  ExportHelperExtension.cs: 1145 - Found 0 features of type [RefAxis] in End Cap-12
2025-04-17 14:16:51,888 INFO  ExportHelperExtension.cs: 1125 - Retrieving features of type [RefAxis] from End Cap-10
2025-04-17 14:16:51,889 INFO  ExportHelperExtension.cs: 1136 - Found 40 in End Cap-10
2025-04-17 14:16:51,889 INFO  ExportHelperExtension.cs: 1145 - Found 0 features of type [RefAxis] in End Cap-10
2025-04-17 14:16:51,889 INFO  ExportHelperExtension.cs: 1125 - Retrieving features of type [RefAxis] from Tslot Battery Holder Bars-1
2025-04-17 14:16:51,890 INFO  ExportHelperExtension.cs: 1136 - Found 40 in Tslot Battery Holder Bars-1
2025-04-17 14:16:51,890 INFO  ExportHelperExtension.cs: 1145 - Found 0 features of type [RefAxis] in Tslot Battery Holder Bars-1
2025-04-17 14:16:51,891 INFO  ExportHelperExtension.cs: 1125 - Retrieving features of type [RefAxis] from Middle Front Bar-2
2025-04-17 14:16:51,891 INFO  ExportHelperExtension.cs: 1136 - Found 34 in Middle Front Bar-2
2025-04-17 14:16:51,891 INFO  ExportHelperExtension.cs: 1145 - Found 0 features of type [RefAxis] in Middle Front Bar-2
2025-04-17 14:16:51,892 INFO  ExportHelperExtension.cs: 1125 - Retrieving features of type [RefAxis] from Electronics Board Sides-1
2025-04-17 14:16:51,892 INFO  ExportHelperExtension.cs: 1136 - Found 40 in Electronics Board Sides-1
2025-04-17 14:16:51,893 INFO  ExportHelperExtension.cs: 1145 - Found 0 features of type [RefAxis] in Electronics Board Sides-1
2025-04-17 14:16:51,893 INFO  ExportHelperExtension.cs: 1125 - Retrieving features of type [RefAxis] from Back Rail-2
2025-04-17 14:16:51,893 INFO  ExportHelperExtension.cs: 1136 - Found 39 in Back Rail-2
2025-04-17 14:16:51,894 INFO  ExportHelperExtension.cs: 1145 - Found 0 features of type [RefAxis] in Back Rail-2
2025-04-17 14:16:51,894 INFO  ExportHelperExtension.cs: 1125 - Retrieving features of type [RefAxis] from Electronics Board Standoffs-1
2025-04-17 14:16:51,894 INFO  ExportHelperExtension.cs: 1136 - Found 40 in Electronics Board Standoffs-1
2025-04-17 14:16:51,895 INFO  ExportHelperExtension.cs: 1145 - Found 0 features of type [RefAxis] in Electronics Board Standoffs-1
2025-04-17 14:16:51,895 INFO  ExportHelperExtension.cs: 1125 - Retrieving features of type [RefAxis] from Bearing block-5
2025-04-17 14:16:51,896 INFO  ExportHelperExtension.cs: 1136 - Found 28 in Bearing block-5
2025-04-17 14:16:51,896 INFO  ExportHelperExtension.cs: 1145 - Found 0 features of type [RefAxis] in Bearing block-5
2025-04-17 14:16:51,897 INFO  ExportHelperExtension.cs: 1125 - Retrieving features of type [RefAxis] from Tslot Battery Holder Bars-3
2025-04-17 14:16:51,897 INFO  ExportHelperExtension.cs: 1136 - Found 40 in Tslot Battery Holder Bars-3
2025-04-17 14:16:51,897 INFO  ExportHelperExtension.cs: 1145 - Found 0 features of type [RefAxis] in Tslot Battery Holder Bars-3
2025-04-17 14:16:51,898 INFO  ExportHelperExtension.cs: 1125 - Retrieving features of type [RefAxis] from Tslot Battery Holder Bars-2
2025-04-17 14:16:51,898 INFO  ExportHelperExtension.cs: 1136 - Found 40 in Tslot Battery Holder Bars-2
2025-04-17 14:16:51,899 INFO  ExportHelperExtension.cs: 1145 - Found 0 features of type [RefAxis] in Tslot Battery Holder Bars-2
2025-04-17 14:16:51,899 INFO  ExportHelperExtension.cs: 1125 - Retrieving features of type [RefAxis] from Back Rail-3
2025-04-17 14:16:51,899 INFO  ExportHelperExtension.cs: 1136 - Found 39 in Back Rail-3
2025-04-17 14:16:51,900 INFO  ExportHelperExtension.cs: 1145 - Found 0 features of type [RefAxis] in Back Rail-3
2025-04-17 14:16:51,900 INFO  ExportHelperExtension.cs: 1125 - Retrieving features of type [RefAxis] from Electronics Board Standoffs-3
2025-04-17 14:16:51,900 INFO  ExportHelperExtension.cs: 1136 - Found 40 in Electronics Board Standoffs-3
2025-04-17 14:16:51,901 INFO  ExportHelperExtension.cs: 1145 - Found 0 features of type [RefAxis] in Electronics Board Standoffs-3
2025-04-17 14:16:51,901 INFO  ExportHelperExtension.cs: 1125 - Retrieving features of type [RefAxis] from Electronics Board Standoffs-2
2025-04-17 14:16:51,902 INFO  ExportHelperExtension.cs: 1136 - Found 40 in Electronics Board Standoffs-2
2025-04-17 14:16:51,902 INFO  ExportHelperExtension.cs: 1145 - Found 0 features of type [RefAxis] in Electronics Board Standoffs-2
2025-04-17 14:16:51,902 INFO  ExportHelperExtension.cs: 1125 - Retrieving features of type [RefAxis] from Electronics Board Standoffs-4
2025-04-17 14:16:51,932 INFO  ExportHelperExtension.cs: 1136 - Found 40 in Electronics Board Standoffs-4
2025-04-17 14:16:51,932 INFO  ExportHelperExtension.cs: 1145 - Found 0 features of type [RefAxis] in Electronics Board Standoffs-4
2025-04-17 14:16:51,933 INFO  ExportHelperExtension.cs: 1125 - Retrieving features of type [RefAxis] from Bearing block-1
2025-04-17 14:16:51,933 INFO  ExportHelperExtension.cs: 1136 - Found 28 in Bearing block-1
2025-04-17 14:16:51,934 INFO  ExportHelperExtension.cs: 1145 - Found 0 features of type [RefAxis] in Bearing block-1
2025-04-17 14:16:51,934 INFO  ExportHelperExtension.cs: 1125 - Retrieving features of type [RefAxis] from 5in Colson Wheel-1
2025-04-17 14:16:51,934 INFO  ExportHelperExtension.cs: 1136 - Found 36 in 5in Colson Wheel-1
2025-04-17 14:16:51,935 INFO  ExportHelperExtension.cs: 1145 - Found 0 features of type [RefAxis] in 5in Colson Wheel-1
2025-04-17 14:16:51,935 INFO  ExportHelperExtension.cs: 1125 - Retrieving features of type [RefAxis] from Bearing block-2
2025-04-17 14:16:51,936 INFO  ExportHelperExtension.cs: 1136 - Found 28 in Bearing block-2
2025-04-17 14:16:51,936 INFO  ExportHelperExtension.cs: 1145 - Found 0 features of type [RefAxis] in Bearing block-2
2025-04-17 14:16:51,936 INFO  ExportHelperExtension.cs: 1125 - Retrieving features of type [RefAxis] from Bearing block-3
2025-04-17 14:16:51,937 INFO  ExportHelperExtension.cs: 1136 - Found 28 in Bearing block-3
2025-04-17 14:16:51,937 INFO  ExportHelperExtension.cs: 1145 - Found 0 features of type [RefAxis] in Bearing block-3
2025-04-17 14:16:51,938 INFO  ExportHelperExtension.cs: 1125 - Retrieving features of type [RefAxis] from Bearing block-4
2025-04-17 14:16:51,938 INFO  ExportHelperExtension.cs: 1136 - Found 28 in Bearing block-4
2025-04-17 14:16:51,938 INFO  ExportHelperExtension.cs: 1145 - Found 0 features of type [RefAxis] in Bearing block-4
2025-04-17 14:16:51,939 INFO  ExportHelperExtension.cs: 1125 - Retrieving features of type [RefAxis] from Gearbox2-1
2025-04-17 14:16:51,939 INFO  ExportHelperExtension.cs: 1136 - Found 83 in Gearbox2-1
2025-04-17 14:16:51,940 INFO  ExportHelperExtension.cs: 1145 - Found 0 features of type [RefAxis] in Gearbox2-1
2025-04-17 14:16:51,940 INFO  ExportHelperExtension.cs: 1125 - Retrieving features of type [RefAxis] from Colson hex wheel hub-1
2025-04-17 14:16:51,940 INFO  ExportHelperExtension.cs: 1136 - Found 38 in Colson hex wheel hub-1
2025-04-17 14:16:51,941 INFO  ExportHelperExtension.cs: 1145 - Found 0 features of type [RefAxis] in Colson hex wheel hub-1
2025-04-17 14:16:51,941 INFO  ExportHelperExtension.cs: 1125 - Retrieving features of type [RefAxis] from Tslot Battery Holder Bars-4
2025-04-17 14:16:51,942 INFO  ExportHelperExtension.cs: 1136 - Found 40 in Tslot Battery Holder Bars-4
2025-04-17 14:16:51,942 INFO  ExportHelperExtension.cs: 1145 - Found 0 features of type [RefAxis] in Tslot Battery Holder Bars-4
2025-04-17 14:16:51,942 INFO  ExportHelperExtension.cs: 1125 - Retrieving features of type [RefAxis] from WCP Cam-4
2025-04-17 14:16:51,943 INFO  ExportHelperExtension.cs: 1136 - Found 36 in WCP Cam-4
2025-04-17 14:16:51,943 INFO  ExportHelperExtension.cs: 1145 - Found 0 features of type [RefAxis] in WCP Cam-4
2025-04-17 14:16:51,944 INFO  ExportHelperExtension.cs: 1125 - Retrieving features of type [RefAxis] from Colson hex wheel hub-2
2025-04-17 14:16:51,944 INFO  ExportHelperExtension.cs: 1136 - Found 38 in Colson hex wheel hub-2
2025-04-17 14:16:51,944 INFO  ExportHelperExtension.cs: 1145 - Found 0 features of type [RefAxis] in Colson hex wheel hub-2
2025-04-17 14:16:51,945 INFO  ExportHelperExtension.cs: 1125 - Retrieving features of type [RefAxis] from Hex Ball Bearing-3
2025-04-17 14:16:51,945 INFO  ExportHelperExtension.cs: 1136 - Found 36 in Hex Ball Bearing-3
2025-04-17 14:16:51,946 INFO  ExportHelperExtension.cs: 1145 - Found 0 features of type [RefAxis] in Hex Ball Bearing-3
2025-04-17 14:16:51,946 INFO  ExportHelperExtension.cs: 1125 - Retrieving features of type [RefAxis] from New 12V battery-2
2025-04-17 14:16:51,946 INFO  ExportHelperExtension.cs: 1136 - Found 25 in New 12V battery-2
2025-04-17 14:16:51,947 INFO  ExportHelperExtension.cs: 1145 - Found 0 features of type [RefAxis] in New 12V battery-2
2025-04-17 14:16:51,947 INFO  ExportHelperExtension.cs: 1125 - Retrieving features of type [RefAxis] from WCP Cam-3
2025-04-17 14:16:51,947 INFO  ExportHelperExtension.cs: 1136 - Found 36 in WCP Cam-3
2025-04-17 14:16:51,948 INFO  ExportHelperExtension.cs: 1145 - Found 0 features of type [RefAxis] in WCP Cam-3
2025-04-17 14:16:51,948 INFO  ExportHelperExtension.cs: 1125 - Retrieving features of type [RefAxis] from Hex Ball Bearing-1
2025-04-17 14:16:51,948 INFO  ExportHelperExtension.cs: 1136 - Found 36 in Hex Ball Bearing-1
2025-04-17 14:16:51,949 INFO  ExportHelperExtension.cs: 1145 - Found 0 features of type [RefAxis] in Hex Ball Bearing-1
2025-04-17 14:16:51,949 INFO  ExportHelperExtension.cs: 1125 - Retrieving features of type [RefAxis] from 5in Colson Wheel-2
2025-04-17 14:16:51,950 INFO  ExportHelperExtension.cs: 1136 - Found 36 in 5in Colson Wheel-2
2025-04-17 14:16:51,950 INFO  ExportHelperExtension.cs: 1145 - Found 0 features of type [RefAxis] in 5in Colson Wheel-2
2025-04-17 14:16:51,950 INFO  ExportHelperExtension.cs: 1125 - Retrieving features of type [RefAxis] from Bearing block-6
2025-04-17 14:16:51,951 INFO  ExportHelperExtension.cs: 1136 - Found 28 in Bearing block-6
2025-04-17 14:16:51,951 INFO  ExportHelperExtension.cs: 1145 - Found 0 features of type [RefAxis] in Bearing block-6
2025-04-17 14:16:51,951 INFO  ExportHelperExtension.cs: 1125 - Retrieving features of type [RefAxis] from Gearbox2-2
2025-04-17 14:16:51,952 INFO  ExportHelperExtension.cs: 1136 - Found 83 in Gearbox2-2
2025-04-17 14:16:51,952 INFO  ExportHelperExtension.cs: 1145 - Found 0 features of type [RefAxis] in Gearbox2-2
2025-04-17 14:16:51,953 INFO  ExportHelperExtension.cs: 1125 - Retrieving features of type [RefAxis] from WCP Cam-1
2025-04-17 14:16:51,953 INFO  ExportHelperExtension.cs: 1136 - Found 36 in WCP Cam-1
2025-04-17 14:16:51,953 INFO  ExportHelperExtension.cs: 1145 - Found 0 features of type [RefAxis] in WCP Cam-1
2025-04-17 14:16:51,954 INFO  ExportHelperExtension.cs: 1125 - Retrieving features of type [RefAxis] from WCP Cam-2
2025-04-17 14:16:51,954 INFO  ExportHelperExtension.cs: 1136 - Found 36 in WCP Cam-2
2025-04-17 14:16:51,955 INFO  ExportHelperExtension.cs: 1145 - Found 0 features of type [RefAxis] in WCP Cam-2
2025-04-17 14:16:51,955 INFO  ExportHelperExtension.cs: 1125 - Retrieving features of type [RefAxis] from Side Piece-1
2025-04-17 14:16:51,955 INFO  ExportHelperExtension.cs: 1136 - Found 48 in Side Piece-1
2025-04-17 14:16:51,956 INFO  ExportHelperExtension.cs: 1145 - Found 0 features of type [RefAxis] in Side Piece-1
2025-04-17 14:16:51,956 INFO  ExportHelperExtension.cs: 1125 - Retrieving features of type [RefAxis] from End Cap-3
2025-04-17 14:16:51,957 INFO  ExportHelperExtension.cs: 1136 - Found 40 in End Cap-3
2025-04-17 14:16:51,957 INFO  ExportHelperExtension.cs: 1145 - Found 0 features of type [RefAxis] in End Cap-3
2025-04-17 14:16:51,957 INFO  ExportHelperExtension.cs: 1125 - Retrieving features of type [RefAxis] from End Cap-1
2025-04-17 14:16:51,958 INFO  ExportHelperExtension.cs: 1136 - Found 40 in End Cap-1
2025-04-17 14:16:51,958 INFO  ExportHelperExtension.cs: 1145 - Found 0 features of type [RefAxis] in End Cap-1
2025-04-17 14:16:51,959 INFO  ExportHelperExtension.cs: 1125 - Retrieving features of type [RefAxis] from End Cap-2
2025-04-17 14:16:51,959 INFO  ExportHelperExtension.cs: 1136 - Found 40 in End Cap-2
2025-04-17 14:16:51,959 INFO  ExportHelperExtension.cs: 1145 - Found 0 features of type [RefAxis] in End Cap-2
2025-04-17 14:16:51,960 INFO  ExportHelperExtension.cs: 1125 - Retrieving features of type [RefAxis] from Side Wheel Assembly-1
2025-04-17 14:16:51,960 INFO  ExportHelperExtension.cs: 1136 - Found 38 in Side Wheel Assembly-1
2025-04-17 14:16:51,961 INFO  ExportHelperExtension.cs: 1145 - Found 0 features of type [RefAxis] in Side Wheel Assembly-1
2025-04-17 14:16:51,961 INFO  ExportHelperExtension.cs: 1125 - Retrieving features of type [RefAxis] from Wheel Assembly Back-1
2025-04-17 14:16:51,961 INFO  ExportHelperExtension.cs: 1136 - Found 40 in Wheel Assembly Back-1
2025-04-17 14:16:51,962 INFO  ExportHelperExtension.cs: 1145 - Found 0 features of type [RefAxis] in Wheel Assembly Back-1
2025-04-17 14:16:51,962 INFO  ExportHelperExtension.cs: 1125 - Retrieving features of type [RefAxis] from End Cap-8
2025-04-17 14:16:51,962 INFO  ExportHelperExtension.cs: 1136 - Found 40 in End Cap-8
2025-04-17 14:16:51,963 INFO  ExportHelperExtension.cs: 1145 - Found 0 features of type [RefAxis] in End Cap-8
2025-04-17 14:16:51,963 INFO  ExportHelperExtension.cs: 1125 - Retrieving features of type [RefAxis] from Middle T-Slot Piece-1
2025-04-17 14:16:51,964 INFO  ExportHelperExtension.cs: 1136 - Found 51 in Middle T-Slot Piece-1
2025-04-17 14:16:51,964 INFO  ExportHelperExtension.cs: 1145 - Found 0 features of type [RefAxis] in Middle T-Slot Piece-1
2025-04-17 14:16:51,964 INFO  ExportHelperExtension.cs: 1125 - Retrieving features of type [RefAxis] from Back Center Beam-1
2025-04-17 14:16:51,965 INFO  ExportHelperExtension.cs: 1136 - Found 41 in Back Center Beam-1
2025-04-17 14:16:51,965 INFO  ExportHelperExtension.cs: 1145 - Found 0 features of type [RefAxis] in Back Center Beam-1
2025-04-17 14:16:51,966 INFO  ExportHelperExtension.cs: 1125 - Retrieving features of type [RefAxis] from End Cap-6
2025-04-17 14:16:51,966 INFO  ExportHelperExtension.cs: 1136 - Found 40 in End Cap-6
2025-04-17 14:16:51,966 INFO  ExportHelperExtension.cs: 1145 - Found 0 features of type [RefAxis] in End Cap-6
2025-04-17 14:16:51,967 INFO  ExportHelperExtension.cs: 1125 - Retrieving features of type [RefAxis] from Side Wheel Assembly-3
2025-04-17 14:16:51,967 INFO  ExportHelperExtension.cs: 1136 - Found 38 in Side Wheel Assembly-3
2025-04-17 14:16:51,967 INFO  ExportHelperExtension.cs: 1145 - Found 0 features of type [RefAxis] in Side Wheel Assembly-3
2025-04-17 14:16:51,968 INFO  ExportHelperExtension.cs: 1125 - Retrieving features of type [RefAxis] from Front Frame Piece-1
2025-04-17 14:16:51,968 INFO  ExportHelperExtension.cs: 1136 - Found 38 in Front Frame Piece-1
2025-04-17 14:16:51,969 INFO  ExportHelperExtension.cs: 1145 - Found 0 features of type [RefAxis] in Front Frame Piece-1
2025-04-17 14:16:51,969 INFO  ExportHelperExtension.cs: 1125 - Retrieving features of type [RefAxis] from End Cap-4
2025-04-17 14:16:51,969 INFO  ExportHelperExtension.cs: 1136 - Found 40 in End Cap-4
2025-04-17 14:16:51,970 INFO  ExportHelperExtension.cs: 1145 - Found 0 features of type [RefAxis] in End Cap-4
2025-04-17 14:16:51,970 INFO  ExportHelperExtension.cs: 1125 - Retrieving features of type [RefAxis] from Side Piece-2
2025-04-17 14:16:51,970 INFO  ExportHelperExtension.cs: 1136 - Found 48 in Side Piece-2
2025-04-17 14:16:51,971 INFO  ExportHelperExtension.cs: 1145 - Found 0 features of type [RefAxis] in Side Piece-2
2025-04-17 14:16:51,971 INFO  ExportHelperExtension.cs: 1125 - Retrieving features of type [RefAxis] from Front Center Beam-1
2025-04-17 14:16:51,972 INFO  ExportHelperExtension.cs: 1136 - Found 44 in Front Center Beam-1
2025-04-17 14:16:51,972 INFO  ExportHelperExtension.cs: 1145 - Found 0 features of type [RefAxis] in Front Center Beam-1
2025-04-17 14:16:51,972 INFO  ExportHelperExtension.cs: 1125 - Retrieving features of type [RefAxis] from Wheel Assembly Back-2
2025-04-17 14:16:51,973 INFO  ExportHelperExtension.cs: 1136 - Found 40 in Wheel Assembly Back-2
2025-04-17 14:16:51,973 INFO  ExportHelperExtension.cs: 1145 - Found 0 features of type [RefAxis] in Wheel Assembly Back-2
2025-04-17 14:16:51,974 INFO  ExportHelperExtension.cs: 1125 - Retrieving features of type [RefAxis] from End Cap-7
2025-04-17 14:16:51,974 INFO  ExportHelperExtension.cs: 1136 - Found 40 in End Cap-7
2025-04-17 14:16:51,975 INFO  ExportHelperExtension.cs: 1145 - Found 0 features of type [RefAxis] in End Cap-7
2025-04-17 14:16:51,975 INFO  ExportHelperExtension.cs: 1125 - Retrieving features of type [RefAxis] from End Cap-5
2025-04-17 14:16:51,975 INFO  ExportHelperExtension.cs: 1136 - Found 40 in End Cap-5
2025-04-17 14:16:51,976 INFO  ExportHelperExtension.cs: 1145 - Found 0 features of type [RefAxis] in End Cap-5
2025-04-17 14:16:52,199 INFO  ExportPropertyManager.cs: 1142 - AfterClose called. This method no longer throws an Exception. It just silently does nothing. Ok, except for this logging message
2025-04-17 14:17:48,472 INFO  AssemblyExportForm.cs: 253 - Completing URDF export
2025-04-17 14:17:48,487 INFO  ConfigurationSerialization.cs: 276 - URDF Configuration found
<Link z:Id="i1" xmlns="http://schemas.datacontract.org/2004/07/SW2URDF" xmlns:i="http://www.w3.org/2001/XMLSchema-instance" xmlns:z="http://schemas.microsoft.com/2003/10/Serialization/"><Attributes><Attribute z:Id="i2"><AttributeType>name</AttributeType><IsRequired>true</IsRequired><Value i:type="a:string" xmlns:a="http://www.w3.org/2001/XMLSchema">drivetrain_base_link</Value></Attribute></Attributes><ChildElements><URDFElement z:Id="i3" i:type="Inertial"><Attributes/><ChildElements><URDFElement z:Id="i4" i:type="Origin"><Attributes><Attribute z:Id="i5"><AttributeType>xyz</AttributeType><IsRequired>true</IsRequired><Value i:type="a:ArrayOfdouble" xmlns:a="http://schemas.microsoft.com/2003/10/Serialization/Arrays"><a:double>0.25893</a:double><a:double>-0.48948</a:double><a:double>0.13065</a:double></Value></Attribute><Attribute z:Id="i6"><AttributeType>rpy</AttributeType><IsRequired>true</IsRequired><Value i:type="a:ArrayOfdouble" xmlns:a="http://schemas.microsoft.com/2003/10/Serialization/Arrays"><a:double>0</a:double><a:double>0</a:double><a:double>0</a:double></Value></Attribute></Attributes><ChildElements/><ElementName>origin</ElementName><required>false</required><RPYAttribute z:Ref="i6"/><XYZAttribute z:Ref="i5"/><isCustomized>false</isCustomized></URDFElement><URDFElement z:Id="i7" i:type="Mass"><Attributes><Attribute z:Id="i8"><AttributeType>value</AttributeType><IsRequired>true</IsRequired><Value i:type="a:double" xmlns:a="http://www.w3.org/2001/XMLSchema">16.826</Value></Attribute></Attributes><ChildElements/><ElementName>mass</ElementName><required>false</required><ValueAttribute z:Ref="i8"/></URDFElement><URDFElement z:Id="i9" i:type="Inertia"><Attributes><Attribute z:Id="i10"><AttributeType>ixx</AttributeType><IsRequired>true</IsRequired><Value i:type="a:double" xmlns:a="http://www.w3.org/2001/XMLSchema">0.096739</Value></Attribute><Attribute z:Id="i11"><AttributeType>ixy</AttributeType><IsRequired>true</IsRequired><Value i:type="a:double" xmlns:a="http://www.w3.org/2001/XMLSchema">1.888E-07</Value></Attribute><Attribute z:Id="i12"><AttributeType>ixz</AttributeType><IsRequired>true</IsRequired><Value i:type="a:double" xmlns:a="http://www.w3.org/2001/XMLSchema">9.5052E-10</Value></Attribute><Attribute z:Id="i13"><AttributeType>iyy</AttributeType><IsRequired>true</IsRequired><Value i:type="a:double" xmlns:a="http://www.w3.org/2001/XMLSchema">0.18186</Value></Attribute><Attribute z:Id="i14"><AttributeType>iyz</AttributeType><IsRequired>true</IsRequired><Value i:type="a:double" xmlns:a="http://www.w3.org/2001/XMLSchema">-7.282E-08</Value></Attribute><Attribute z:Id="i15"><AttributeType>izz</AttributeType><IsRequired>true</IsRequired><Value i:type="a:double" xmlns:a="http://www.w3.org/2001/XMLSchema">0.17921</Value></Attribute></Attributes><ChildElements/><ElementName>inertia</ElementName><required>false</required><IxxAttribute z:Ref="i10"/><IxyAttribute z:Ref="i11"/><IxzAttribute z:Ref="i12"/><IyyAttribute z:Ref="i13"/><IyzAttribute z:Ref="i14"/><IzzAttribute z:Ref="i15"/></URDFElement></ChildElements><ElementName>inertial</ElementName><required>false</required><Inertia z:Ref="i9"/><Mass z:Ref="i7"/><Origin z:Ref="i4"/></URDFElement><URDFElement z:Id="i16" i:type="Visual"><Attributes/><ChildElements><URDFElement z:Id="i17" i:type="Origin"><Attributes><Attribute z:Id="i18"><AttributeType>xyz</AttributeType><IsRequired>true</IsRequired><Value i:type="a:ArrayOfdouble" xmlns:a="http://schemas.microsoft.com/2003/10/Serialization/Arrays"><a:double>0</a:double><a:double>0</a:double><a:double>0</a:double></Value></Attribute><Attribute z:Id="i19"><AttributeType>rpy</AttributeType><IsRequired>true</IsRequired><Value i:type="a:ArrayOfdouble" xmlns:a="http://schemas.microsoft.com/2003/10/Serialization/Arrays"><a:double>0</a:double><a:double>0</a:double><a:double>0</a:double></Value></Attribute></Attributes><ChildElements/><ElementName>origin</ElementName><required>false</required><RPYAttribute z:Ref="i19"/><XYZAttribute z:Ref="i18"/><isCustomized>false</isCustomized></URDFElement><URDFElement z:Id="i20" i:type="Geometry"><Attributes/><ChildElements><URDFElement z:Id="i21" i:type="Mesh"><Attributes><Attribute z:Id="i22"><AttributeType>filename</AttributeType><IsRequired>true</IsRequired><Value i:nil="true"/></Attribute></Attributes><ChildElements/><ElementName>mesh</ElementName><required>false</required><FilenameAttribute z:Ref="i22"/></URDFElement></ChildElements><ElementName>geometry</ElementName><required>true</required><Mesh z:Ref="i21"/></URDFElement><URDFElement z:Id="i23" i:type="Material"><Attributes><Attribute z:Id="i24"><AttributeType>name</AttributeType><IsRequired>true</IsRequired><Value i:type="a:string" xmlns:a="http://www.w3.org/2001/XMLSchema"/></Attribute></Attributes><ChildElements><URDFElement z:Id="i25" i:type="Color"><Attributes><Attribute z:Id="i26"><AttributeType>rgba</AttributeType><IsRequired>true</IsRequired><Value i:type="a:ArrayOfdouble" xmlns:a="http://schemas.microsoft.com/2003/10/Serialization/Arrays"><a:double>0.75294</a:double><a:double>0.75294</a:double><a:double>0.75294</a:double><a:double>1</a:double></Value></Attribute></Attributes><ChildElements/><ElementName>color</ElementName><required>false</required><RGBAAttribute z:Ref="i26"/></URDFElement><URDFElement z:Id="i27" i:type="Texture"><Attributes><Attribute z:Id="i28"><AttributeType>filename</AttributeType><IsRequired>true</IsRequired><Value i:nil="true"/></Attribute></Attributes><ChildElements/><ElementName>texture</ElementName><required>false</required><FilenameAttribute z:Ref="i28"/><wFilename/></URDFElement></ChildElements><ElementName>material</ElementName><required>false</required><Color z:Ref="i25"/><NameAttribute z:Ref="i24"/><Texture z:Ref="i27"/></URDFElement></ChildElements><ElementName>visual</ElementName><required>false</required><Geometry z:Ref="i20"/><Material z:Ref="i23"/><Origin z:Ref="i17"/></URDFElement><URDFElement z:Id="i29" i:type="Collision"><Attributes/><ChildElements><URDFElement z:Id="i30" i:type="Origin"><Attributes><Attribute z:Id="i31"><AttributeType>xyz</AttributeType><IsRequired>true</IsRequired><Value i:type="a:ArrayOfdouble" xmlns:a="http://schemas.microsoft.com/2003/10/Serialization/Arrays"><a:double>0</a:double><a:double>0</a:double><a:double>0</a:double></Value></Attribute><Attribute z:Id="i32"><AttributeType>rpy</AttributeType><IsRequired>true</IsRequired><Value i:type="a:ArrayOfdouble" xmlns:a="http://schemas.microsoft.com/2003/10/Serialization/Arrays"><a:double>0</a:double><a:double>0</a:double><a:double>0</a:double></Value></Attribute></Attributes><ChildElements/><ElementName>origin</ElementName><required>false</required><RPYAttribute z:Ref="i32"/><XYZAttribute z:Ref="i31"/><isCustomized>false</isCustomized></URDFElement><URDFElement z:Id="i33" i:type="Geometry"><Attributes/><ChildElements><URDFElement z:Id="i34" i:type="Mesh"><Attributes><Attribute z:Id="i35"><AttributeType>filename</AttributeType><IsRequired>true</IsRequired><Value i:nil="true"/></Attribute></Attributes><ChildElements/><ElementName>mesh</ElementName><required>false</required><FilenameAttribute z:Ref="i35"/></URDFElement></ChildElements><ElementName>geometry</ElementName><required>true</required><Mesh z:Ref="i34"/></URDFElement></ChildElements><ElementName>collision</ElementName><required>false</required><Geometry z:Ref="i33"/><Origin z:Ref="i30"/></URDFElement><URDFElement z:Id="i36" i:type="Joint"><Attributes><Attribute z:Id="i37"><AttributeType>name</AttributeType><IsRequired>true</IsRequired><Value i:type="a:string" xmlns:a="http://www.w3.org/2001/XMLSchema"/></Attribute><Attribute z:Id="i38"><AttributeType>type</AttributeType><IsRequired>true</IsRequired><Value i:type="a:string" xmlns:a="http://www.w3.org/2001/XMLSchema"/></Attribute></Attributes><ChildElements><URDFElement z:Id="i39" i:type="Origin"><Attributes><Attribute z:Id="i40"><AttributeType>xyz</AttributeType><IsRequired>true</IsRequired><Value i:type="a:ArrayOfdouble" xmlns:a="http://schemas.microsoft.com/2003/10/Serialization/Arrays"><a:double>0</a:double><a:double>0</a:double><a:double>0</a:double></Value></Attribute><Attribute z:Id="i41"><AttributeType>rpy</AttributeType><IsRequired>true</IsRequired><Value i:type="a:ArrayOfdouble" xmlns:a="http://schemas.microsoft.com/2003/10/Serialization/Arrays"><a:double>0</a:double><a:double>0</a:double><a:double>0</a:double></Value></Attribute></Attributes><ChildElements/><ElementName>origin</ElementName><required>false</required><RPYAttribute z:Ref="i41"/><XYZAttribute z:Ref="i40"/><isCustomized>false</isCustomized></URDFElement><URDFElement z:Id="i42" i:type="ParentLink"><Attributes><Attribute z:Id="i43"><AttributeType>link</AttributeType><IsRequired>true</IsRequired><Value i:type="a:string" xmlns:a="http://www.w3.org/2001/XMLSchema"/></Attribute></Attributes><ChildElements/><ElementName>parent</ElementName><required>true</required><NameAttribute z:Ref="i43"/></URDFElement><URDFElement z:Id="i44" i:type="ChildLink"><Attributes><Attribute z:Id="i45"><AttributeType>link</AttributeType><IsRequired>true</IsRequired><Value i:type="a:string" xmlns:a="http://www.w3.org/2001/XMLSchema"/></Attribute></Attributes><ChildElements/><ElementName>child</ElementName><required>true</required><NameAttribute z:Ref="i45"/></URDFElement><URDFElement z:Id="i46" i:type="Axis"><Attributes><Attribute z:Id="i47"><AttributeType>xyz</AttributeType><IsRequired>true</IsRequired><Value i:type="a:ArrayOfdouble" xmlns:a="http://schemas.microsoft.com/2003/10/Serialization/Arrays"><a:double>0</a:double><a:double>0</a:double><a:double>0</a:double></Value></Attribute></Attributes><ChildElements/><ElementName>axis</ElementName><required>false</required><XYZAttribute z:Ref="i47"/></URDFElement><URDFElement z:Id="i48" i:type="Limit"><Attributes><Attribute z:Id="i49"><AttributeType>lower</AttributeType><IsRequired>false</IsRequired><Value i:nil="true"/></Attribute><Attribute z:Id="i50"><AttributeType>upper</AttributeType><IsRequired>false</IsRequired><Value i:nil="true"/></Attribute><Attribute z:Id="i51"><AttributeType>effort</AttributeType><IsRequired>true</IsRequired><Value i:nil="true"/></Attribute><Attribute z:Id="i52"><AttributeType>velocity</AttributeType><IsRequired>true</IsRequired><Value i:nil="true"/></Attribute></Attributes><ChildElements/><ElementName>limit</ElementName><required>false</required><EffortAttribute z:Ref="i51"/><LowerAttribute z:Ref="i49"/><UpperAttribute z:Ref="i50"/><VelocityAttribute z:Ref="i52"/></URDFElement><URDFElement z:Id="i53" i:type="Calibration"><Attributes><Attribute z:Id="i54"><AttributeType>rising</AttributeType><IsRequired>false</IsRequired><Value i:nil="true"/></Attribute><Attribute z:Id="i55"><AttributeType>falling</AttributeType><IsRequired>false</IsRequired><Value i:nil="true"/></Attribute></Attributes><ChildElements/><ElementName>calibration</ElementName><required>false</required><FallingAttribute z:Ref="i55"/><RisingAttribute z:Ref="i54"/></URDFElement><URDFElement z:Id="i56" i:type="Dynamics"><Attributes><Attribute z:Id="i57"><AttributeType>damping</AttributeType><IsRequired>false</IsRequired><Value i:nil="true"/></Attribute><Attribute z:Id="i58"><AttributeType>friction</AttributeType><IsRequired>false</IsRequired><Value i:nil="true"/></Attribute></Attributes><ChildElements/><ElementName>dynamics</ElementName><required>false</required><DampingAttribute z:Ref="i57"/><FrictionAttribute z:Ref="i58"/></URDFElement><URDFElement z:Id="i59" i:type="SafetyController"><Attributes><Attribute z:Id="i60"><AttributeType>soft_upper_limit</AttributeType><IsRequired>false</IsRequired><Value i:nil="true"/></Attribute><Attribute z:Id="i61"><AttributeType>soft_lower_limit</AttributeType><IsRequired>false</IsRequired><Value i:nil="true"/></Attribute><Attribute z:Id="i62"><AttributeType>k_position</AttributeType><IsRequired>false</IsRequired><Value i:nil="true"/></Attribute><Attribute z:Id="i63"><AttributeType>k_velocity</AttributeType><IsRequired>true</IsRequired><Value i:nil="true"/></Attribute></Attributes><ChildElements/><ElementName>safety_controller</ElementName><required>false</required><KPositionAttribute z:Ref="i62"/><KVelocityAttribute z:Ref="i63"/><SoftLowerAttribute z:Ref="i61"/><SoftUpperAttribute z:Ref="i60"/></URDFElement><URDFElement z:Id="i64" i:type="Mimic"><Attributes><Attribute z:Id="i65"><AttributeType>joint</AttributeType><IsRequired>true</IsRequired><Value i:nil="true"/></Attribute><Attribute z:Id="i66"><AttributeType>multiplier</AttributeType><IsRequired>false</IsRequired><Value i:nil="true"/></Attribute><Attribute z:Id="i67"><AttributeType>offset</AttributeType><IsRequired>false</IsRequired><Value i:nil="true"/></Attribute></Attributes><ChildElements/><ElementName>mimic</ElementName><required>false</required><JointNameAttribute z:Ref="i65"/><MultiplierAttribute z:Ref="i66"/><OffsetAttribute z:Ref="i67"/></URDFElement></ChildElements><ElementName>joint</ElementName><required>false</required><Axis z:Ref="i46"/><AxisName/><Calibration z:Ref="i53"/><Child z:Ref="i44"/><CoordinateSystemName>Coordinate System2</CoordinateSystemName><Dynamics z:Ref="i56"/><Limit z:Ref="i48"/><Mimic z:Ref="i64"/><NameAttribute z:Ref="i37"/><Origin z:Ref="i39"/><Parent z:Ref="i42"/><Safety z:Ref="i59"/><TypeAttribute z:Ref="i38"/></URDFElement></ChildElements><ElementName>link</ElementName><required>true</required><Children><Link z:Id="i68"><Attributes><Attribute z:Id="i69"><AttributeType>name</AttributeType><IsRequired>true</IsRequired><Value i:type="a:string" xmlns:a="http://www.w3.org/2001/XMLSchema">left_wheel</Value></Attribute></Attributes><ChildElements><URDFElement z:Id="i70" i:type="Inertial"><Attributes/><ChildElements><URDFElement z:Id="i71" i:type="Origin"><Attributes><Attribute z:Id="i72"><AttributeType>xyz</AttributeType><IsRequired>true</IsRequired><Value i:type="a:ArrayOfdouble" xmlns:a="http://schemas.microsoft.com/2003/10/Serialization/Arrays"><a:double>1.3885E-08</a:double><a:double>-4.7617E-10</a:double><a:double>-8.5336E-12</a:double></Value></Attribute><Attribute z:Id="i73"><AttributeType>rpy</AttributeType><IsRequired>true</IsRequired><Value i:type="a:ArrayOfdouble" xmlns:a="http://schemas.microsoft.com/2003/10/Serialization/Arrays"><a:double>0</a:double><a:double>0</a:double><a:double>0</a:double></Value></Attribute></Attributes><ChildElements/><ElementName>origin</ElementName><required>false</required><RPYAttribute z:Ref="i73"/><XYZAttribute z:Ref="i72"/><isCustomized>false</isCustomized></URDFElement><URDFElement z:Id="i74" i:type="Mass"><Attributes><Attribute z:Id="i75"><AttributeType>value</AttributeType><IsRequired>true</IsRequired><Value i:type="a:double" xmlns:a="http://www.w3.org/2001/XMLSchema">0.36704</Value></Attribute></Attributes><ChildElements/><ElementName>mass</ElementName><required>false</required><ValueAttribute z:Ref="i75"/></URDFElement><URDFElement z:Id="i76" i:type="Inertia"><Attributes><Attribute z:Id="i77"><AttributeType>ixx</AttributeType><IsRequired>true</IsRequired><Value i:type="a:double" xmlns:a="http://www.w3.org/2001/XMLSchema">0.00082344</Value></Attribute><Attribute z:Id="i78"><AttributeType>ixy</AttributeType><IsRequired>true</IsRequired><Value i:type="a:double" xmlns:a="http://www.w3.org/2001/XMLSchema">4.2918E-12</Value></Attribute><Attribute z:Id="i79"><AttributeType>ixz</AttributeType><IsRequired>true</IsRequired><Value i:type="a:double" xmlns:a="http://www.w3.org/2001/XMLSchema">1.5551E-13</Value></Attribute><Attribute z:Id="i80"><AttributeType>iyy</AttributeType><IsRequired>true</IsRequired><Value i:type="a:double" xmlns:a="http://www.w3.org/2001/XMLSchema">0.0004503</Value></Attribute><Attribute z:Id="i81"><AttributeType>iyz</AttributeType><IsRequired>true</IsRequired><Value i:type="a:double" xmlns:a="http://www.w3.org/2001/XMLSchema">2.6527E-10</Value></Attribute><Attribute z:Id="i82"><AttributeType>izz</AttributeType><IsRequired>true</IsRequired><Value i:type="a:double" xmlns:a="http://www.w3.org/2001/XMLSchema">0.0004503</Value></Attribute></Attributes><ChildElements/><ElementName>inertia</ElementName><required>false</required><IxxAttribute z:Ref="i77"/><IxyAttribute z:Ref="i78"/><IxzAttribute z:Ref="i79"/><IyyAttribute z:Ref="i80"/><IyzAttribute z:Ref="i81"/><IzzAttribute z:Ref="i82"/></URDFElement></ChildElements><ElementName>inertial</ElementName><required>false</required><Inertia z:Ref="i76"/><Mass z:Ref="i74"/><Origin z:Ref="i71"/></URDFElement><URDFElement z:Id="i83" i:type="Visual"><Attributes/><ChildElements><URDFElement z:Id="i84" i:type="Origin"><Attributes><Attribute z:Id="i85"><AttributeType>xyz</AttributeType><IsRequired>true</IsRequired><Value i:type="a:ArrayOfdouble" xmlns:a="http://schemas.microsoft.com/2003/10/Serialization/Arrays"><a:double>0</a:double><a:double>0</a:double><a:double>0</a:double></Value></Attribute><Attribute z:Id="i86"><AttributeType>rpy</AttributeType><IsRequired>true</IsRequired><Value i:type="a:ArrayOfdouble" xmlns:a="http://schemas.microsoft.com/2003/10/Serialization/Arrays"><a:double>0</a:double><a:double>0</a:double><a:double>0</a:double></Value></Attribute></Attributes><ChildElements/><ElementName>origin</ElementName><required>false</required><RPYAttribute z:Ref="i86"/><XYZAttribute z:Ref="i85"/><isCustomized>false</isCustomized></URDFElement><URDFElement z:Id="i87" i:type="Geometry"><Attributes/><ChildElements><URDFElement z:Id="i88" i:type="Mesh"><Attributes><Attribute z:Id="i89"><AttributeType>filename</AttributeType><IsRequired>true</IsRequired><Value i:nil="true"/></Attribute></Attributes><ChildElements/><ElementName>mesh</ElementName><required>false</required><FilenameAttribute z:Ref="i89"/></URDFElement></ChildElements><ElementName>geometry</ElementName><required>true</required><Mesh z:Ref="i88"/></URDFElement><URDFElement z:Id="i90" i:type="Material"><Attributes><Attribute z:Id="i91"><AttributeType>name</AttributeType><IsRequired>true</IsRequired><Value i:type="a:string" xmlns:a="http://www.w3.org/2001/XMLSchema"/></Attribute></Attributes><ChildElements><URDFElement z:Id="i92" i:type="Color"><Attributes><Attribute z:Id="i93"><AttributeType>rgba</AttributeType><IsRequired>true</IsRequired><Value i:type="a:ArrayOfdouble" xmlns:a="http://schemas.microsoft.com/2003/10/Serialization/Arrays"><a:double>0.79216</a:double><a:double>0.81961</a:double><a:double>0.93333</a:double><a:double>1</a:double></Value></Attribute></Attributes><ChildElements/><ElementName>color</ElementName><required>false</required><RGBAAttribute z:Ref="i93"/></URDFElement><URDFElement z:Id="i94" i:type="Texture"><Attributes><Attribute z:Id="i95"><AttributeType>filename</AttributeType><IsRequired>true</IsRequired><Value i:nil="true"/></Attribute></Attributes><ChildElements/><ElementName>texture</ElementName><required>false</required><FilenameAttribute z:Ref="i95"/><wFilename/></URDFElement></ChildElements><ElementName>material</ElementName><required>false</required><Color z:Ref="i92"/><NameAttribute z:Ref="i91"/><Texture z:Ref="i94"/></URDFElement></ChildElements><ElementName>visual</ElementName><required>false</required><Geometry z:Ref="i87"/><Material z:Ref="i90"/><Origin z:Ref="i84"/></URDFElement><URDFElement z:Id="i96" i:type="Collision"><Attributes/><ChildElements><URDFElement z:Id="i97" i:type="Origin"><Attributes><Attribute z:Id="i98"><AttributeType>xyz</AttributeType><IsRequired>true</IsRequired><Value i:type="a:ArrayOfdouble" xmlns:a="http://schemas.microsoft.com/2003/10/Serialization/Arrays"><a:double>0</a:double><a:double>0</a:double><a:double>0</a:double></Value></Attribute><Attribute z:Id="i99"><AttributeType>rpy</AttributeType><IsRequired>true</IsRequired><Value i:type="a:ArrayOfdouble" xmlns:a="http://schemas.microsoft.com/2003/10/Serialization/Arrays"><a:double>0</a:double><a:double>0</a:double><a:double>0</a:double></Value></Attribute></Attributes><ChildElements/><ElementName>origin</ElementName><required>false</required><RPYAttribute z:Ref="i99"/><XYZAttribute z:Ref="i98"/><isCustomized>false</isCustomized></URDFElement><URDFElement z:Id="i100" i:type="Geometry"><Attributes/><ChildElements><URDFElement z:Id="i101" i:type="Mesh"><Attributes><Attribute z:Id="i102"><AttributeType>filename</AttributeType><IsRequired>true</IsRequired><Value i:nil="true"/></Attribute></Attributes><ChildElements/><ElementName>mesh</ElementName><required>false</required><FilenameAttribute z:Ref="i102"/></URDFElement></ChildElements><ElementName>geometry</ElementName><required>true</required><Mesh z:Ref="i101"/></URDFElement></ChildElements><ElementName>collision</ElementName><required>false</required><Geometry z:Ref="i100"/><Origin z:Ref="i97"/></URDFElement><URDFElement z:Id="i103" i:type="Joint"><Attributes><Attribute z:Id="i104"><AttributeType>name</AttributeType><IsRequired>true</IsRequired><Value i:type="a:string" xmlns:a="http://www.w3.org/2001/XMLSchema">left_wheel_joint</Value></Attribute><Attribute z:Id="i105"><AttributeType>type</AttributeType><IsRequired>true</IsRequired><Value i:type="a:string" xmlns:a="http://www.w3.org/2001/XMLSchema">continuous</Value></Attribute></Attributes><ChildElements><URDFElement z:Id="i106" i:type="Origin"><Attributes><Attribute z:Id="i107"><AttributeType>xyz</AttributeType><IsRequired>true</IsRequired><Value i:type="a:ArrayOfdouble" xmlns:a="http://schemas.microsoft.com/2003/10/Serialization/Arrays"><a:double>-0.026657</a:double><a:double>-0.33398</a:double><a:double>0.025404</a:double></Value></Attribute><Attribute z:Id="i108"><AttributeType>rpy</AttributeType><IsRequired>true</IsRequired><Value i:type="a:ArrayOfdouble" xmlns:a="http://schemas.microsoft.com/2003/10/Serialization/Arrays"><a:double>0</a:double><a:double>0</a:double><a:double>0</a:double></Value></Attribute></Attributes><ChildElements/><ElementName>origin</ElementName><required>false</required><RPYAttribute z:Ref="i108"/><XYZAttribute z:Ref="i107"/><isCustomized>false</isCustomized></URDFElement><URDFElement z:Id="i109" i:type="ParentLink"><Attributes><Attribute z:Id="i110"><AttributeType>link</AttributeType><IsRequired>true</IsRequired><Value i:type="a:string" xmlns:a="http://www.w3.org/2001/XMLSchema">drivetrain_base_link</Value></Attribute></Attributes><ChildElements/><ElementName>parent</ElementName><required>true</required><NameAttribute z:Ref="i110"/></URDFElement><URDFElement z:Id="i111" i:type="ChildLink"><Attributes><Attribute z:Id="i112"><AttributeType>link</AttributeType><IsRequired>true</IsRequired><Value i:type="a:string" xmlns:a="http://www.w3.org/2001/XMLSchema">left_wheel</Value></Attribute></Attributes><ChildElements/><ElementName>child</ElementName><required>true</required><NameAttribute z:Ref="i112"/></URDFElement><URDFElement z:Id="i113" i:type="Axis"><Attributes><Attribute z:Id="i114"><AttributeType>xyz</AttributeType><IsRequired>true</IsRequired><Value i:type="a:ArrayOfdouble" xmlns:a="http://schemas.microsoft.com/2003/10/Serialization/Arrays"><a:double>1</a:double><a:double>0</a:double><a:double>0</a:double></Value></Attribute></Attributes><ChildElements/><ElementName>axis</ElementName><required>false</required><XYZAttribute z:Ref="i114"/></URDFElement><URDFElement z:Id="i115" i:type="Limit"><Attributes><Attribute z:Id="i116"><AttributeType>lower</AttributeType><IsRequired>false</IsRequired><Value i:nil="true"/></Attribute><Attribute z:Id="i117"><AttributeType>upper</AttributeType><IsRequired>false</IsRequired><Value i:nil="true"/></Attribute><Attribute z:Id="i118"><AttributeType>effort</AttributeType><IsRequired>true</IsRequired><Value i:nil="true"/></Attribute><Attribute z:Id="i119"><AttributeType>velocity</AttributeType><IsRequired>true</IsRequired><Value i:nil="true"/></Attribute></Attributes><ChildElements/><ElementName>limit</ElementName><required>false</required><EffortAttribute z:Ref="i118"/><LowerAttribute z:Ref="i116"/><UpperAttribute z:Ref="i117"/><VelocityAttribute z:Ref="i119"/></URDFElement><URDFElement z:Id="i120" i:type="Calibration"><Attributes><Attribute z:Id="i121"><AttributeType>rising</AttributeType><IsRequired>false</IsRequired><Value i:nil="true"/></Attribute><Attribute z:Id="i122"><AttributeType>falling</AttributeType><IsRequired>false</IsRequired><Value i:nil="true"/></Attribute></Attributes><ChildElements/><ElementName>calibration</ElementName><required>false</required><FallingAttribute z:Ref="i122"/><RisingAttribute z:Ref="i121"/></URDFElement><URDFElement z:Id="i123" i:type="Dynamics"><Attributes><Attribute z:Id="i124"><AttributeType>damping</AttributeType><IsRequired>false</IsRequired><Value i:nil="true"/></Attribute><Attribute z:Id="i125"><AttributeType>friction</AttributeType><IsRequired>false</IsRequired><Value i:nil="true"/></Attribute></Attributes><ChildElements/><ElementName>dynamics</ElementName><required>false</required><DampingAttribute z:Ref="i124"/><FrictionAttribute z:Ref="i125"/></URDFElement><URDFElement z:Id="i126" i:type="SafetyController"><Attributes><Attribute z:Id="i127"><AttributeType>soft_upper_limit</AttributeType><IsRequired>false</IsRequired><Value i:nil="true"/></Attribute><Attribute z:Id="i128"><AttributeType>soft_lower_limit</AttributeType><IsRequired>false</IsRequired><Value i:nil="true"/></Attribute><Attribute z:Id="i129"><AttributeType>k_position</AttributeType><IsRequired>false</IsRequired><Value i:nil="true"/></Attribute><Attribute z:Id="i130"><AttributeType>k_velocity</AttributeType><IsRequired>true</IsRequired><Value i:nil="true"/></Attribute></Attributes><ChildElements/><ElementName>safety_controller</ElementName><required>false</required><KPositionAttribute z:Ref="i129"/><KVelocityAttribute z:Ref="i130"/><SoftLowerAttribute z:Ref="i128"/><SoftUpperAttribute z:Ref="i127"/></URDFElement><URDFElement z:Id="i131" i:type="Mimic"><Attributes><Attribute z:Id="i132"><AttributeType>joint</AttributeType><IsRequired>true</IsRequired><Value i:nil="true"/></Attribute><Attribute z:Id="i133"><AttributeType>multiplier</AttributeType><IsRequired>false</IsRequired><Value i:nil="true"/></Attribute><Attribute z:Id="i134"><AttributeType>offset</AttributeType><IsRequired>false</IsRequired><Value i:nil="true"/></Attribute></Attributes><ChildElements/><ElementName>mimic</ElementName><required>false</required><JointNameAttribute z:Ref="i132"/><MultiplierAttribute z:Ref="i133"/><OffsetAttribute z:Ref="i134"/></URDFElement></ChildElements><ElementName>joint</ElementName><required>false</required><Axis z:Ref="i113"/><AxisName>Axis1</AxisName><Calibration z:Ref="i120"/><Child z:Ref="i111"/><CoordinateSystemName>Origin_left_wheel_joint</CoordinateSystemName><Dynamics z:Ref="i123"/><Limit z:Ref="i115"/><Mimic z:Ref="i131"/><NameAttribute z:Ref="i104"/><Origin z:Ref="i106"/><Parent z:Ref="i109"/><Safety z:Ref="i126"/><TypeAttribute z:Ref="i105"/></URDFElement></ChildElements><ElementName>link</ElementName><required>true</required><Children/><Collision z:Ref="i96"/><Inertial z:Ref="i70"/><Joint z:Ref="i103"/><NameAttribute z:Ref="i69"/><Parent z:Ref="i1"/><STLQualityFine>false</STLQualityFine><SWComponentPIDs xmlns:a="http://schemas.microsoft.com/2003/10/Serialization/Arrays"><a:base64Binary>gD4AAAUAAAD//v8bNQBpAG4AIABDAG8AbABzAG8AbgAgAFcAaABlAGUAbAAtADIAQABBAHMAcwBlAG0AYgBsAHkABAAAABAAAAABAAAAAQAAAPMBAAA=</a:base64Binary></SWComponentPIDs><SWMainComponentPID i:nil="true"/><Visual z:Ref="i83"/><isFixedFrame>false</isFixedFrame><isIncomplete>false</isIncomplete></Link><Link z:Id="i135"><Attributes><Attribute z:Id="i136"><AttributeType>name</AttributeType><IsRequired>true</IsRequired><Value i:type="a:string" xmlns:a="http://www.w3.org/2001/XMLSchema">right_wheel</Value></Attribute></Attributes><ChildElements><URDFElement z:Id="i137" i:type="Inertial"><Attributes/><ChildElements><URDFElement z:Id="i138" i:type="Origin"><Attributes><Attribute z:Id="i139"><AttributeType>xyz</AttributeType><IsRequired>true</IsRequired><Value i:type="a:ArrayOfdouble" xmlns:a="http://schemas.microsoft.com/2003/10/Serialization/Arrays"><a:double>1.3884633331961993E-08</a:double><a:double>4.1069683764938247E-10</a:double><a:double>2.4111057594922158E-10</a:double></Value></Attribute><Attribute z:Id="i140"><AttributeType>rpy</AttributeType><IsRequired>true</IsRequired><Value i:type="a:ArrayOfdouble" xmlns:a="http://schemas.microsoft.com/2003/10/Serialization/Arrays"><a:double>0</a:double><a:double>0</a:double><a:double>0</a:double></Value></Attribute></Attributes><ChildElements/><ElementName>origin</ElementName><required>false</required><RPYAttribute z:Ref="i140"/><XYZAttribute z:Ref="i139"/><isCustomized>false</isCustomized></URDFElement><URDFElement z:Id="i141" i:type="Mass"><Attributes><Attribute z:Id="i142"><AttributeType>value</AttributeType><IsRequired>true</IsRequired><Value i:type="a:double" xmlns:a="http://www.w3.org/2001/XMLSchema">0.36703715427522754</Value></Attribute></Attributes><ChildElements/><ElementName>mass</ElementName><required>false</required><ValueAttribute z:Ref="i142"/></URDFElement><URDFElement z:Id="i143" i:type="Inertia"><Attributes><Attribute z:Id="i144"><AttributeType>ixx</AttributeType><IsRequired>true</IsRequired><Value i:type="a:double" xmlns:a="http://www.w3.org/2001/XMLSchema">0.00082344418606391156</Value></Attribute><Attribute z:Id="i145"><AttributeType>ixy</AttributeType><IsRequired>true</IsRequired><Value i:type="a:double" xmlns:a="http://www.w3.org/2001/XMLSchema">-3.66312406869814E-12</Value></Attribute><Attribute z:Id="i146"><AttributeType>ixz</AttributeType><IsRequired>true</IsRequired><Value i:type="a:double" xmlns:a="http://www.w3.org/2001/XMLSchema">-2.2416588791464881E-12</Value></Attribute><Attribute z:Id="i147"><AttributeType>iyy</AttributeType><IsRequired>true</IsRequired><Value i:type="a:double" xmlns:a="http://www.w3.org/2001/XMLSchema">0.00045030410615588313</Value></Attribute><Attribute z:Id="i148"><AttributeType>iyz</AttributeType><IsRequired>true</IsRequired><Value i:type="a:double" xmlns:a="http://www.w3.org/2001/XMLSchema">9.6159084744828517E-10</Value></Attribute><Attribute z:Id="i149"><AttributeType>izz</AttributeType><IsRequired>true</IsRequired><Value i:type="a:double" xmlns:a="http://www.w3.org/2001/XMLSchema">0.00045030356086439994</Value></Attribute></Attributes><ChildElements/><ElementName>inertia</ElementName><required>false</required><IxxAttribute z:Ref="i144"/><IxyAttribute z:Ref="i145"/><IxzAttribute z:Ref="i146"/><IyyAttribute z:Ref="i147"/><IyzAttribute z:Ref="i148"/><IzzAttribute z:Ref="i149"/></URDFElement></ChildElements><ElementName>inertial</ElementName><required>false</required><Inertia z:Ref="i143"/><Mass z:Ref="i141"/><Origin z:Ref="i138"/></URDFElement><URDFElement z:Id="i150" i:type="Visual"><Attributes/><ChildElements><URDFElement z:Id="i151" i:type="Origin"><Attributes><Attribute z:Id="i152"><AttributeType>xyz</AttributeType><IsRequired>true</IsRequired><Value i:type="a:ArrayOfdouble" xmlns:a="http://schemas.microsoft.com/2003/10/Serialization/Arrays"><a:double>0</a:double><a:double>0</a:double><a:double>0</a:double></Value></Attribute><Attribute z:Id="i153"><AttributeType>rpy</AttributeType><IsRequired>true</IsRequired><Value i:type="a:ArrayOfdouble" xmlns:a="http://schemas.microsoft.com/2003/10/Serialization/Arrays"><a:double>0</a:double><a:double>0</a:double><a:double>0</a:double></Value></Attribute></Attributes><ChildElements/><ElementName>origin</ElementName><required>false</required><RPYAttribute z:Ref="i153"/><XYZAttribute z:Ref="i152"/><isCustomized>false</isCustomized></URDFElement><URDFElement z:Id="i154" i:type="Geometry"><Attributes/><ChildElements><URDFElement z:Id="i155" i:type="Mesh"><Attributes><Attribute z:Id="i156"><AttributeType>filename</AttributeType><IsRequired>true</IsRequired><Value i:nil="true"/></Attribute></Attributes><ChildElements/><ElementName>mesh</ElementName><required>false</required><FilenameAttribute z:Ref="i156"/></URDFElement></ChildElements><ElementName>geometry</ElementName><required>true</required><Mesh z:Ref="i155"/></URDFElement><URDFElement z:Id="i157" i:type="Material"><Attributes><Attribute z:Id="i158"><AttributeType>name</AttributeType><IsRequired>true</IsRequired><Value i:type="a:string" xmlns:a="http://www.w3.org/2001/XMLSchema"/></Attribute></Attributes><ChildElements><URDFElement z:Id="i159" i:type="Color"><Attributes><Attribute z:Id="i160"><AttributeType>rgba</AttributeType><IsRequired>true</IsRequired><Value i:type="a:ArrayOfdouble" xmlns:a="http://schemas.microsoft.com/2003/10/Serialization/Arrays"><a:double>0.792156862745098</a:double><a:double>0.81960784313725488</a:double><a:double>0.93333333333333335</a:double><a:double>1</a:double></Value></Attribute></Attributes><ChildElements/><ElementName>color</ElementName><required>false</required><RGBAAttribute z:Ref="i160"/></URDFElement><URDFElement z:Id="i161" i:type="Texture"><Attributes><Attribute z:Id="i162"><AttributeType>filename</AttributeType><IsRequired>true</IsRequired><Value i:nil="true"/></Attribute></Attributes><ChildElements/><ElementName>texture</ElementName><required>false</required><FilenameAttribute z:Ref="i162"/><wFilename/></URDFElement></ChildElements><ElementName>material</ElementName><required>false</required><Color z:Ref="i159"/><NameAttribute z:Ref="i158"/><Texture z:Ref="i161"/></URDFElement></ChildElements><ElementName>visual</ElementName><required>false</required><Geometry z:Ref="i154"/><Material z:Ref="i157"/><Origin z:Ref="i151"/></URDFElement><URDFElement z:Id="i163" i:type="Collision"><Attributes/><ChildElements><URDFElement z:Id="i164" i:type="Origin"><Attributes><Attribute z:Id="i165"><AttributeType>xyz</AttributeType><IsRequired>true</IsRequired><Value i:type="a:ArrayOfdouble" xmlns:a="http://schemas.microsoft.com/2003/10/Serialization/Arrays"><a:double>0</a:double><a:double>0</a:double><a:double>0</a:double></Value></Attribute><Attribute z:Id="i166"><AttributeType>rpy</AttributeType><IsRequired>true</IsRequired><Value i:type="a:ArrayOfdouble" xmlns:a="http://schemas.microsoft.com/2003/10/Serialization/Arrays"><a:double>0</a:double><a:double>0</a:double><a:double>0</a:double></Value></Attribute></Attributes><ChildElements/><ElementName>origin</ElementName><required>false</required><RPYAttribute z:Ref="i166"/><XYZAttribute z:Ref="i165"/><isCustomized>false</isCustomized></URDFElement><URDFElement z:Id="i167" i:type="Geometry"><Attributes/><ChildElements><URDFElement z:Id="i168" i:type="Mesh"><Attributes><Attribute z:Id="i169"><AttributeType>filename</AttributeType><IsRequired>true</IsRequired><Value i:nil="true"/></Attribute></Attributes><ChildElements/><ElementName>mesh</ElementName><required>false</required><FilenameAttribute z:Ref="i169"/></URDFElement></ChildElements><ElementName>geometry</ElementName><required>true</required><Mesh z:Ref="i168"/></URDFElement></ChildElements><ElementName>collision</ElementName><required>false</required><Geometry z:Ref="i167"/><Origin z:Ref="i164"/></URDFElement><URDFElement z:Id="i170" i:type="Joint"><Attributes><Attribute z:Id="i171"><AttributeType>name</AttributeType><IsRequired>true</IsRequired><Value i:type="a:string" xmlns:a="http://www.w3.org/2001/XMLSchema">right_wheel_joint</Value></Attribute><Attribute z:Id="i172"><AttributeType>type</AttributeType><IsRequired>true</IsRequired><Value i:type="a:string" xmlns:a="http://www.w3.org/2001/XMLSchema">continuous</Value></Attribute></Attributes><ChildElements><URDFElement z:Id="i173" i:type="Origin"><Attributes><Attribute z:Id="i174"><AttributeType>xyz</AttributeType><IsRequired>true</IsRequired><Value i:type="a:ArrayOfdouble" xmlns:a="http://schemas.microsoft.com/2003/10/Serialization/Arrays"><a:double>0.53466</a:double><a:double>-0.33397</a:double><a:double>0.025369</a:double></Value></Attribute><Attribute z:Id="i175"><AttributeType>rpy</AttributeType><IsRequired>true</IsRequired><Value i:type="a:ArrayOfdouble" xmlns:a="http://schemas.microsoft.com/2003/10/Serialization/Arrays"><a:double>0</a:double><a:double>0</a:double><a:double>0</a:double></Value></Attribute></Attributes><ChildElements/><ElementName>origin</ElementName><required>false</required><RPYAttribute z:Ref="i175"/><XYZAttribute z:Ref="i174"/><isCustomized>false</isCustomized></URDFElement><URDFElement z:Id="i176" i:type="ParentLink"><Attributes><Attribute z:Id="i177"><AttributeType>link</AttributeType><IsRequired>true</IsRequired><Value i:type="a:string" xmlns:a="http://www.w3.org/2001/XMLSchema">drivetrain_base_link</Value></Attribute></Attributes><ChildElements/><ElementName>parent</ElementName><required>true</required><NameAttribute z:Ref="i177"/></URDFElement><URDFElement z:Id="i178" i:type="ChildLink"><Attributes><Attribute z:Id="i179"><AttributeType>link</AttributeType><IsRequired>true</IsRequired><Value i:type="a:string" xmlns:a="http://www.w3.org/2001/XMLSchema">right_wheel</Value></Attribute></Attributes><ChildElements/><ElementName>child</ElementName><required>true</required><NameAttribute z:Ref="i179"/></URDFElement><URDFElement z:Id="i180" i:type="Axis"><Attributes><Attribute z:Id="i181"><AttributeType>xyz</AttributeType><IsRequired>true</IsRequired><Value i:type="a:ArrayOfdouble" xmlns:a="http://schemas.microsoft.com/2003/10/Serialization/Arrays"><a:double>1</a:double><a:double>0</a:double><a:double>0</a:double></Value></Attribute></Attributes><ChildElements/><ElementName>axis</ElementName><required>false</required><XYZAttribute z:Ref="i181"/></URDFElement><URDFElement z:Id="i182" i:type="Limit"><Attributes><Attribute z:Id="i183"><AttributeType>lower</AttributeType><IsRequired>false</IsRequired><Value i:nil="true"/></Attribute><Attribute z:Id="i184"><AttributeType>upper</AttributeType><IsRequired>false</IsRequired><Value i:nil="true"/></Attribute><Attribute z:Id="i185"><AttributeType>effort</AttributeType><IsRequired>true</IsRequired><Value i:nil="true"/></Attribute><Attribute z:Id="i186"><AttributeType>velocity</AttributeType><IsRequired>true</IsRequired><Value i:nil="true"/></Attribute></Attributes><ChildElements/><ElementName>limit</ElementName><required>false</required><EffortAttribute z:Ref="i185"/><LowerAttribute z:Ref="i183"/><UpperAttribute z:Ref="i184"/><VelocityAttribute z:Ref="i186"/></URDFElement><URDFElement z:Id="i187" i:type="Calibration"><Attributes><Attribute z:Id="i188"><AttributeType>rising</AttributeType><IsRequired>false</IsRequired><Value i:nil="true"/></Attribute><Attribute z:Id="i189"><AttributeType>falling</AttributeType><IsRequired>false</IsRequired><Value i:nil="true"/></Attribute></Attributes><ChildElements/><ElementName>calibration</ElementName><required>false</required><FallingAttribute z:Ref="i189"/><RisingAttribute z:Ref="i188"/></URDFElement><URDFElement z:Id="i190" i:type="Dynamics"><Attributes><Attribute z:Id="i191"><AttributeType>damping</AttributeType><IsRequired>false</IsRequired><Value i:nil="true"/></Attribute><Attribute z:Id="i192"><AttributeType>friction</AttributeType><IsRequired>false</IsRequired><Value i:nil="true"/></Attribute></Attributes><ChildElements/><ElementName>dynamics</ElementName><required>false</required><DampingAttribute z:Ref="i191"/><FrictionAttribute z:Ref="i192"/></URDFElement><URDFElement z:Id="i193" i:type="SafetyController"><Attributes><Attribute z:Id="i194"><AttributeType>soft_upper_limit</AttributeType><IsRequired>false</IsRequired><Value i:nil="true"/></Attribute><Attribute z:Id="i195"><AttributeType>soft_lower_limit</AttributeType><IsRequired>false</IsRequired><Value i:nil="true"/></Attribute><Attribute z:Id="i196"><AttributeType>k_position</AttributeType><IsRequired>false</IsRequired><Value i:nil="true"/></Attribute><Attribute z:Id="i197"><AttributeType>k_velocity</AttributeType><IsRequired>true</IsRequired><Value i:nil="true"/></Attribute></Attributes><ChildElements/><ElementName>safety_controller</ElementName><required>false</required><KPositionAttribute z:Ref="i196"/><KVelocityAttribute z:Ref="i197"/><SoftLowerAttribute z:Ref="i195"/><SoftUpperAttribute z:Ref="i194"/></URDFElement><URDFElement z:Id="i198" i:type="Mimic"><Attributes><Attribute z:Id="i199"><AttributeType>joint</AttributeType><IsRequired>true</IsRequired><Value i:nil="true"/></Attribute><Attribute z:Id="i200"><AttributeType>multiplier</AttributeType><IsRequired>false</IsRequired><Value i:nil="true"/></Attribute><Attribute z:Id="i201"><AttributeType>offset</AttributeType><IsRequired>false</IsRequired><Value i:nil="true"/></Attribute></Attributes><ChildElements/><ElementName>mimic</ElementName><required>false</required><JointNameAttribute z:Ref="i199"/><MultiplierAttribute z:Ref="i200"/><OffsetAttribute z:Ref="i201"/></URDFElement></ChildElements><ElementName>joint</ElementName><required>false</required><Axis z:Ref="i180"/><AxisName>Axis1</AxisName><Calibration z:Ref="i187"/><Child z:Ref="i178"/><CoordinateSystemName>Origin_right_wheel_joint</CoordinateSystemName><Dynamics z:Ref="i190"/><Limit z:Ref="i182"/><Mimic z:Ref="i198"/><NameAttribute z:Ref="i171"/><Origin z:Ref="i173"/><Parent z:Ref="i176"/><Safety z:Ref="i193"/><TypeAttribute z:Ref="i172"/></URDFElement></ChildElements><ElementName>link</ElementName><required>true</required><Children/><Collision z:Ref="i163"/><Inertial z:Ref="i137"/><Joint z:Ref="i170"/><NameAttribute z:Ref="i136"/><Parent z:Ref="i1"/><STLQualityFine>false</STLQualityFine><SWComponentPIDs xmlns:a="http://schemas.microsoft.com/2003/10/Serialization/Arrays"><a:base64Binary>gD4AAAUAAAD//v8bNQBpAG4AIABDAG8AbABzAG8AbgAgAFcAaABlAGUAbAAtADEAQABBAHMAcwBlAG0AYgBsAHkABAAAABAAAAABAAAAAQAAALEBAAA=</a:base64Binary></SWComponentPIDs><SWMainComponentPID i:nil="true"/><Visual z:Ref="i150"/><isFixedFrame>false</isFixedFrame><isIncomplete>false</isIncomplete></Link><Link z:Id="i202"><Attributes><Attribute z:Id="i203"><AttributeType>name</AttributeType><IsRequired>true</IsRequired><Value i:type="a:string" xmlns:a="http://www.w3.org/2001/XMLSchema">left_front_wheel</Value></Attribute></Attributes><ChildElements><URDFElement z:Id="i204" i:type="Inertial"><Attributes/><ChildElements><URDFElement z:Id="i205" i:type="Origin"><Attributes><Attribute z:Id="i206"><AttributeType>xyz</AttributeType><IsRequired>true</IsRequired><Value i:type="a:ArrayOfdouble" xmlns:a="http://schemas.microsoft.com/2003/10/Serialization/Arrays"><a:double>-4.7411E-10</a:double><a:double>-2.275E-11</a:double><a:double>1.3885E-08</a:double></Value></Attribute><Attribute z:Id="i207"><AttributeType>rpy</AttributeType><IsRequired>true</IsRequired><Value i:type="a:ArrayOfdouble" xmlns:a="http://schemas.microsoft.com/2003/10/Serialization/Arrays"><a:double>0</a:double><a:double>0</a:double><a:double>0</a:double></Value></Attribute></Attributes><ChildElements/><ElementName>origin</ElementName><required>false</required><RPYAttribute z:Ref="i207"/><XYZAttribute z:Ref="i206"/><isCustomized>false</isCustomized></URDFElement><URDFElement z:Id="i208" i:type="Mass"><Attributes><Attribute z:Id="i209"><AttributeType>value</AttributeType><IsRequired>true</IsRequired><Value i:type="a:double" xmlns:a="http://www.w3.org/2001/XMLSchema">0.36704</Value></Attribute></Attributes><ChildElements/><ElementName>mass</ElementName><required>false</required><ValueAttribute z:Ref="i209"/></URDFElement><URDFElement z:Id="i210" i:type="Inertia"><Attributes><Attribute z:Id="i211"><AttributeType>ixx</AttributeType><IsRequired>true</IsRequired><Value i:type="a:double" xmlns:a="http://www.w3.org/2001/XMLSchema">0.0004503</Value></Attribute><Attribute z:Id="i212"><AttributeType>ixy</AttributeType><IsRequired>true</IsRequired><Value i:type="a:double" xmlns:a="http://www.w3.org/2001/XMLSchema">2.9831E-10</Value></Attribute><Attribute z:Id="i213"><AttributeType>ixz</AttributeType><IsRequired>true</IsRequired><Value i:type="a:double" xmlns:a="http://www.w3.org/2001/XMLSchema">4.2885E-12</Value></Attribute><Attribute z:Id="i214"><AttributeType>iyy</AttributeType><IsRequired>true</IsRequired><Value i:type="a:double" xmlns:a="http://www.w3.org/2001/XMLSchema">0.0004503</Value></Attribute><Attribute z:Id="i215"><AttributeType>iyz</AttributeType><IsRequired>true</IsRequired><Value i:type="a:double" xmlns:a="http://www.w3.org/2001/XMLSchema">2.2942E-13</Value></Attribute><Attribute z:Id="i216"><AttributeType>izz</AttributeType><IsRequired>true</IsRequired><Value i:type="a:double" xmlns:a="http://www.w3.org/2001/XMLSchema">0.00082344</Value></Attribute></Attributes><ChildElements/><ElementName>inertia</ElementName><required>false</required><IxxAttribute z:Ref="i211"/><IxyAttribute z:Ref="i212"/><IxzAttribute z:Ref="i213"/><IyyAttribute z:Ref="i214"/><IyzAttribute z:Ref="i215"/><IzzAttribute z:Ref="i216"/></URDFElement></ChildElements><ElementName>inertial</ElementName><required>false</required><Inertia z:Ref="i210"/><Mass z:Ref="i208"/><Origin z:Ref="i205"/></URDFElement><URDFElement z:Id="i217" i:type="Visual"><Attributes/><ChildElements><URDFElement z:Id="i218" i:type="Origin"><Attributes><Attribute z:Id="i219"><AttributeType>xyz</AttributeType><IsRequired>true</IsRequired><Value i:type="a:ArrayOfdouble" xmlns:a="http://schemas.microsoft.com/2003/10/Serialization/Arrays"><a:double>0</a:double><a:double>0</a:double><a:double>0</a:double></Value></Attribute><Attribute z:Id="i220"><AttributeType>rpy</AttributeType><IsRequired>true</IsRequired><Value i:type="a:ArrayOfdouble" xmlns:a="http://schemas.microsoft.com/2003/10/Serialization/Arrays"><a:double>0</a:double><a:double>0</a:double><a:double>0</a:double></Value></Attribute></Attributes><ChildElements/><ElementName>origin</ElementName><required>false</required><RPYAttribute z:Ref="i220"/><XYZAttribute z:Ref="i219"/><isCustomized>false</isCustomized></URDFElement><URDFElement z:Id="i221" i:type="Geometry"><Attributes/><ChildElements><URDFElement z:Id="i222" i:type="Mesh"><Attributes><Attribute z:Id="i223"><AttributeType>filename</AttributeType><IsRequired>true</IsRequired><Value i:nil="true"/></Attribute></Attributes><ChildElements/><ElementName>mesh</ElementName><required>false</required><FilenameAttribute z:Ref="i223"/></URDFElement></ChildElements><ElementName>geometry</ElementName><required>true</required><Mesh z:Ref="i222"/></URDFElement><URDFElement z:Id="i224" i:type="Material"><Attributes><Attribute z:Id="i225"><AttributeType>name</AttributeType><IsRequired>true</IsRequired><Value i:type="a:string" xmlns:a="http://www.w3.org/2001/XMLSchema"/></Attribute></Attributes><ChildElements><URDFElement z:Id="i226" i:type="Color"><Attributes><Attribute z:Id="i227"><AttributeType>rgba</AttributeType><IsRequired>true</IsRequired><Value i:type="a:ArrayOfdouble" xmlns:a="http://schemas.microsoft.com/2003/10/Serialization/Arrays"><a:double>0.79216</a:double><a:double>0.81961</a:double><a:double>0.93333</a:double><a:double>1</a:double></Value></Attribute></Attributes><ChildElements/><ElementName>color</ElementName><required>false</required><RGBAAttribute z:Ref="i227"/></URDFElement><URDFElement z:Id="i228" i:type="Texture"><Attributes><Attribute z:Id="i229"><AttributeType>filename</AttributeType><IsRequired>true</IsRequired><Value i:nil="true"/></Attribute></Attributes><ChildElements/><ElementName>texture</ElementName><required>false</required><FilenameAttribute z:Ref="i229"/><wFilename/></URDFElement></ChildElements><ElementName>material</ElementName><required>false</required><Color z:Ref="i226"/><NameAttribute z:Ref="i225"/><Texture z:Ref="i228"/></URDFElement></ChildElements><ElementName>visual</ElementName><required>false</required><Geometry z:Ref="i221"/><Material z:Ref="i224"/><Origin z:Ref="i218"/></URDFElement><URDFElement z:Id="i230" i:type="Collision"><Attributes/><ChildElements><URDFElement z:Id="i231" i:type="Origin"><Attributes><Attribute z:Id="i232"><AttributeType>xyz</AttributeType><IsRequired>true</IsRequired><Value i:type="a:ArrayOfdouble" xmlns:a="http://schemas.microsoft.com/2003/10/Serialization/Arrays"><a:double>0</a:double><a:double>0</a:double><a:double>0</a:double></Value></Attribute><Attribute z:Id="i233"><AttributeType>rpy</AttributeType><IsRequired>true</IsRequired><Value i:type="a:ArrayOfdouble" xmlns:a="http://schemas.microsoft.com/2003/10/Serialization/Arrays"><a:double>0</a:double><a:double>0</a:double><a:double>0</a:double></Value></Attribute></Attributes><ChildElements/><ElementName>origin</ElementName><required>false</required><RPYAttribute z:Ref="i233"/><XYZAttribute z:Ref="i232"/><isCustomized>false</isCustomized></URDFElement><URDFElement z:Id="i234" i:type="Geometry"><Attributes/><ChildElements><URDFElement z:Id="i235" i:type="Mesh"><Attributes><Attribute z:Id="i236"><AttributeType>filename</AttributeType><IsRequired>true</IsRequired><Value i:nil="true"/></Attribute></Attributes><ChildElements/><ElementName>mesh</ElementName><required>false</required><FilenameAttribute z:Ref="i236"/></URDFElement></ChildElements><ElementName>geometry</ElementName><required>true</required><Mesh z:Ref="i235"/></URDFElement></ChildElements><ElementName>collision</ElementName><required>false</required><Geometry z:Ref="i234"/><Origin z:Ref="i231"/></URDFElement><URDFElement z:Id="i237" i:type="Joint"><Attributes><Attribute z:Id="i238"><AttributeType>name</AttributeType><IsRequired>true</IsRequired><Value i:type="a:string" xmlns:a="http://www.w3.org/2001/XMLSchema">left_front_wheel_joint</Value></Attribute><Attribute z:Id="i239"><AttributeType>type</AttributeType><IsRequired>true</IsRequired><Value i:type="a:string" xmlns:a="http://www.w3.org/2001/XMLSchema">continuous</Value></Attribute></Attributes><ChildElements><URDFElement z:Id="i240" i:type="Origin"><Attributes><Attribute z:Id="i241"><AttributeType>xyz</AttributeType><IsRequired>true</IsRequired><Value i:type="a:ArrayOfdouble" xmlns:a="http://schemas.microsoft.com/2003/10/Serialization/Arrays"><a:double>-0.017386</a:double><a:double>-0.10541</a:double><a:double>0.0254</a:double></Value></Attribute><Attribute z:Id="i242"><AttributeType>rpy</AttributeType><IsRequired>true</IsRequired><Value i:type="a:ArrayOfdouble" xmlns:a="http://schemas.microsoft.com/2003/10/Serialization/Arrays"><a:double>-1.5708</a:double><a:double>1.2843</a:double><a:double>1.5708</a:double></Value></Attribute></Attributes><ChildElements/><ElementName>origin</ElementName><required>false</required><RPYAttribute z:Ref="i242"/><XYZAttribute z:Ref="i241"/><isCustomized>false</isCustomized></URDFElement><URDFElement z:Id="i243" i:type="ParentLink"><Attributes><Attribute z:Id="i244"><AttributeType>link</AttributeType><IsRequired>true</IsRequired><Value i:type="a:string" xmlns:a="http://www.w3.org/2001/XMLSchema">drivetrain_base_link</Value></Attribute></Attributes><ChildElements/><ElementName>parent</ElementName><required>true</required><NameAttribute z:Ref="i244"/></URDFElement><URDFElement z:Id="i245" i:type="ChildLink"><Attributes><Attribute z:Id="i246"><AttributeType>link</AttributeType><IsRequired>true</IsRequired><Value i:type="a:string" xmlns:a="http://www.w3.org/2001/XMLSchema">left_front_wheel</Value></Attribute></Attributes><ChildElements/><ElementName>child</ElementName><required>true</required><NameAttribute z:Ref="i246"/></URDFElement><URDFElement z:Id="i247" i:type="Axis"><Attributes><Attribute z:Id="i248"><AttributeType>xyz</AttributeType><IsRequired>true</IsRequired><Value i:type="a:ArrayOfdouble" xmlns:a="http://schemas.microsoft.com/2003/10/Serialization/Arrays"><a:double>0</a:double><a:double>0</a:double><a:double>0</a:double></Value></Attribute></Attributes><ChildElements/><ElementName>axis</ElementName><required>false</required><XYZAttribute z:Ref="i248"/></URDFElement><URDFElement z:Id="i249" i:type="Limit"><Attributes><Attribute z:Id="i250"><AttributeType>lower</AttributeType><IsRequired>false</IsRequired><Value i:nil="true"/></Attribute><Attribute z:Id="i251"><AttributeType>upper</AttributeType><IsRequired>false</IsRequired><Value i:nil="true"/></Attribute><Attribute z:Id="i252"><AttributeType>effort</AttributeType><IsRequired>true</IsRequired><Value i:nil="true"/></Attribute><Attribute z:Id="i253"><AttributeType>velocity</AttributeType><IsRequired>true</IsRequired><Value i:nil="true"/></Attribute></Attributes><ChildElements/><ElementName>limit</ElementName><required>false</required><EffortAttribute z:Ref="i252"/><LowerAttribute z:Ref="i250"/><UpperAttribute z:Ref="i251"/><VelocityAttribute z:Ref="i253"/></URDFElement><URDFElement z:Id="i254" i:type="Calibration"><Attributes><Attribute z:Id="i255"><AttributeType>rising</AttributeType><IsRequired>false</IsRequired><Value i:nil="true"/></Attribute><Attribute z:Id="i256"><AttributeType>falling</AttributeType><IsRequired>false</IsRequired><Value i:nil="true"/></Attribute></Attributes><ChildElements/><ElementName>calibration</ElementName><required>false</required><FallingAttribute z:Ref="i256"/><RisingAttribute z:Ref="i255"/></URDFElement><URDFElement z:Id="i257" i:type="Dynamics"><Attributes><Attribute z:Id="i258"><AttributeType>damping</AttributeType><IsRequired>false</IsRequired><Value i:nil="true"/></Attribute><Attribute z:Id="i259"><AttributeType>friction</AttributeType><IsRequired>false</IsRequired><Value i:nil="true"/></Attribute></Attributes><ChildElements/><ElementName>dynamics</ElementName><required>false</required><DampingAttribute z:Ref="i258"/><FrictionAttribute z:Ref="i259"/></URDFElement><URDFElement z:Id="i260" i:type="SafetyController"><Attributes><Attribute z:Id="i261"><AttributeType>soft_upper_limit</AttributeType><IsRequired>false</IsRequired><Value i:nil="true"/></Attribute><Attribute z:Id="i262"><AttributeType>soft_lower_limit</AttributeType><IsRequired>false</IsRequired><Value i:nil="true"/></Attribute><Attribute z:Id="i263"><AttributeType>k_position</AttributeType><IsRequired>false</IsRequired><Value i:nil="true"/></Attribute><Attribute z:Id="i264"><AttributeType>k_velocity</AttributeType><IsRequired>true</IsRequired><Value i:nil="true"/></Attribute></Attributes><ChildElements/><ElementName>safety_controller</ElementName><required>false</required><KPositionAttribute z:Ref="i263"/><KVelocityAttribute z:Ref="i264"/><SoftLowerAttribute z:Ref="i262"/><SoftUpperAttribute z:Ref="i261"/></URDFElement><URDFElement z:Id="i265" i:type="Mimic"><Attributes><Attribute z:Id="i266"><AttributeType>joint</AttributeType><IsRequired>true</IsRequired><Value i:nil="true"/></Attribute><Attribute z:Id="i267"><AttributeType>multiplier</AttributeType><IsRequired>false</IsRequired><Value i:nil="true"/></Attribute><Attribute z:Id="i268"><AttributeType>offset</AttributeType><IsRequired>false</IsRequired><Value i:nil="true"/></Attribute></Attributes><ChildElements/><ElementName>mimic</ElementName><required>false</required><JointNameAttribute z:Ref="i266"/><MultiplierAttribute z:Ref="i267"/><OffsetAttribute z:Ref="i268"/></URDFElement></ChildElements><ElementName>joint</ElementName><required>false</required><Axis z:Ref="i247"/><AxisName>front_axis</AxisName><Calibration z:Ref="i254"/><Child z:Ref="i245"/><CoordinateSystemName>Origin_left_front_wheel_joint</CoordinateSystemName><Dynamics z:Ref="i257"/><Limit z:Ref="i249"/><Mimic z:Ref="i265"/><NameAttribute z:Ref="i238"/><Origin z:Ref="i240"/><Parent z:Ref="i243"/><Safety z:Ref="i260"/><TypeAttribute z:Ref="i239"/></URDFElement></ChildElements><ElementName>link</ElementName><required>true</required><Children/><Collision z:Ref="i230"/><Inertial z:Ref="i204"/><Joint z:Ref="i237"/><NameAttribute z:Ref="i203"/><Parent z:Ref="i1"/><STLQualityFine>false</STLQualityFine><SWComponentPIDs xmlns:a="http://schemas.microsoft.com/2003/10/Serialization/Arrays"><a:base64Binary>gD4AAAUAAAD//v9FUwBpAGQAZQAgAFcAaABlAGUAbAAgAEEAcwBzAGUAbQBiAGwAeQAtADEAQABBAHMAcwBlAG0AYgBsAHkALwA1AGkAbgAgAEMAbwBsAHMAbwBuACAAVwBoAGUAZQBsAC0AMQBAAFMAaQBkAGUAIABXAGgAZQBlAGwAIABBAHMAcwBlAG0AYgBsAHkABAAAABAAAAABAAAAAgAAABgAAAAZAAAA</a:base64Binary></SWComponentPIDs><SWMainComponentPID i:nil="true"/><Visual z:Ref="i217"/><isFixedFrame>false</isFixedFrame><isIncomplete>false</isIncomplete></Link><Link z:Id="i269"><Attributes><Attribute z:Id="i270"><AttributeType>name</AttributeType><IsRequired>true</IsRequired><Value i:type="a:string" xmlns:a="http://www.w3.org/2001/XMLSchema">right_front_wheel</Value></Attribute></Attributes><ChildElements><URDFElement z:Id="i271" i:type="Inertial"><Attributes/><ChildElements><URDFElement z:Id="i272" i:type="Origin"><Attributes><Attribute z:Id="i273"><AttributeType>xyz</AttributeType><IsRequired>true</IsRequired><Value i:type="a:ArrayOfdouble" xmlns:a="http://schemas.microsoft.com/2003/10/Serialization/Arrays"><a:double>-4.7594772567549626E-10</a:double><a:double>-1.6735113295140991E-11</a:double><a:double>1.3884633442984295E-08</a:double></Value></Attribute><Attribute z:Id="i274"><AttributeType>rpy</AttributeType><IsRequired>true</IsRequired><Value i:type="a:ArrayOfdouble" xmlns:a="http://schemas.microsoft.com/2003/10/Serialization/Arrays"><a:double>0</a:double><a:double>0</a:double><a:double>0</a:double></Value></Attribute></Attributes><ChildElements/><ElementName>origin</ElementName><required>false</required><RPYAttribute z:Ref="i274"/><XYZAttribute z:Ref="i273"/><isCustomized>false</isCustomized></URDFElement><URDFElement z:Id="i275" i:type="Mass"><Attributes><Attribute z:Id="i276"><AttributeType>value</AttributeType><IsRequired>true</IsRequired><Value i:type="a:double" xmlns:a="http://www.w3.org/2001/XMLSchema">0.36703715427522737</Value></Attribute></Attributes><ChildElements/><ElementName>mass</ElementName><required>false</required><ValueAttribute z:Ref="i276"/></URDFElement><URDFElement z:Id="i277" i:type="Inertia"><Attributes><Attribute z:Id="i278"><AttributeType>ixx</AttributeType><IsRequired>true</IsRequired><Value i:type="a:double" xmlns:a="http://www.w3.org/2001/XMLSchema">0.00045030478745143094</Value></Attribute><Attribute z:Id="i279"><AttributeType>ixy</AttributeType><IsRequired>true</IsRequired><Value i:type="a:double" xmlns:a="http://www.w3.org/2001/XMLSchema">2.9830969313672517E-10</Value></Attribute><Attribute z:Id="i280"><AttributeType>ixz</AttributeType><IsRequired>true</IsRequired><Value i:type="a:double" xmlns:a="http://www.w3.org/2001/XMLSchema">4.2884591446136684E-12</Value></Attribute><Attribute z:Id="i281"><AttributeType>iyy</AttributeType><IsRequired>true</IsRequired><Value i:type="a:double" xmlns:a="http://www.w3.org/2001/XMLSchema">0.00045030287956884861</Value></Attribute><Attribute z:Id="i282"><AttributeType>iyz</AttributeType><IsRequired>true</IsRequired><Value i:type="a:double" xmlns:a="http://www.w3.org/2001/XMLSchema">2.29417854323459E-13</Value></Attribute><Attribute z:Id="i283"><AttributeType>izz</AttributeType><IsRequired>true</IsRequired><Value i:type="a:double" xmlns:a="http://www.w3.org/2001/XMLSchema">0.0008234441860639082</Value></Attribute></Attributes><ChildElements/><ElementName>inertia</ElementName><required>false</required><IxxAttribute z:Ref="i278"/><IxyAttribute z:Ref="i279"/><IxzAttribute z:Ref="i280"/><IyyAttribute z:Ref="i281"/><IyzAttribute z:Ref="i282"/><IzzAttribute z:Ref="i283"/></URDFElement></ChildElements><ElementName>inertial</ElementName><required>false</required><Inertia z:Ref="i277"/><Mass z:Ref="i275"/><Origin z:Ref="i272"/></URDFElement><URDFElement z:Id="i284" i:type="Visual"><Attributes/><ChildElements><URDFElement z:Id="i285" i:type="Origin"><Attributes><Attribute z:Id="i286"><AttributeType>xyz</AttributeType><IsRequired>true</IsRequired><Value i:type="a:ArrayOfdouble" xmlns:a="http://schemas.microsoft.com/2003/10/Serialization/Arrays"><a:double>0</a:double><a:double>0</a:double><a:double>0</a:double></Value></Attribute><Attribute z:Id="i287"><AttributeType>rpy</AttributeType><IsRequired>true</IsRequired><Value i:type="a:ArrayOfdouble" xmlns:a="http://schemas.microsoft.com/2003/10/Serialization/Arrays"><a:double>0</a:double><a:double>0</a:double><a:double>0</a:double></Value></Attribute></Attributes><ChildElements/><ElementName>origin</ElementName><required>false</required><RPYAttribute z:Ref="i287"/><XYZAttribute z:Ref="i286"/><isCustomized>false</isCustomized></URDFElement><URDFElement z:Id="i288" i:type="Geometry"><Attributes/><ChildElements><URDFElement z:Id="i289" i:type="Mesh"><Attributes><Attribute z:Id="i290"><AttributeType>filename</AttributeType><IsRequired>true</IsRequired><Value i:nil="true"/></Attribute></Attributes><ChildElements/><ElementName>mesh</ElementName><required>false</required><FilenameAttribute z:Ref="i290"/></URDFElement></ChildElements><ElementName>geometry</ElementName><required>true</required><Mesh z:Ref="i289"/></URDFElement><URDFElement z:Id="i291" i:type="Material"><Attributes><Attribute z:Id="i292"><AttributeType>name</AttributeType><IsRequired>true</IsRequired><Value i:type="a:string" xmlns:a="http://www.w3.org/2001/XMLSchema"/></Attribute></Attributes><ChildElements><URDFElement z:Id="i293" i:type="Color"><Attributes><Attribute z:Id="i294"><AttributeType>rgba</AttributeType><IsRequired>true</IsRequired><Value i:type="a:ArrayOfdouble" xmlns:a="http://schemas.microsoft.com/2003/10/Serialization/Arrays"><a:double>0.792156862745098</a:double><a:double>0.81960784313725488</a:double><a:double>0.93333333333333335</a:double><a:double>1</a:double></Value></Attribute></Attributes><ChildElements/><ElementName>color</ElementName><required>false</required><RGBAAttribute z:Ref="i294"/></URDFElement><URDFElement z:Id="i295" i:type="Texture"><Attributes><Attribute z:Id="i296"><AttributeType>filename</AttributeType><IsRequired>true</IsRequired><Value i:nil="true"/></Attribute></Attributes><ChildElements/><ElementName>texture</ElementName><required>false</required><FilenameAttribute z:Ref="i296"/><wFilename/></URDFElement></ChildElements><ElementName>material</ElementName><required>false</required><Color z:Ref="i293"/><NameAttribute z:Ref="i292"/><Texture z:Ref="i295"/></URDFElement></ChildElements><ElementName>visual</ElementName><required>false</required><Geometry z:Ref="i288"/><Material z:Ref="i291"/><Origin z:Ref="i285"/></URDFElement><URDFElement z:Id="i297" i:type="Collision"><Attributes/><ChildElements><URDFElement z:Id="i298" i:type="Origin"><Attributes><Attribute z:Id="i299"><AttributeType>xyz</AttributeType><IsRequired>true</IsRequired><Value i:type="a:ArrayOfdouble" xmlns:a="http://schemas.microsoft.com/2003/10/Serialization/Arrays"><a:double>0</a:double><a:double>0</a:double><a:double>0</a:double></Value></Attribute><Attribute z:Id="i300"><AttributeType>rpy</AttributeType><IsRequired>true</IsRequired><Value i:type="a:ArrayOfdouble" xmlns:a="http://schemas.microsoft.com/2003/10/Serialization/Arrays"><a:double>0</a:double><a:double>0</a:double><a:double>0</a:double></Value></Attribute></Attributes><ChildElements/><ElementName>origin</ElementName><required>false</required><RPYAttribute z:Ref="i300"/><XYZAttribute z:Ref="i299"/><isCustomized>false</isCustomized></URDFElement><URDFElement z:Id="i301" i:type="Geometry"><Attributes/><ChildElements><URDFElement z:Id="i302" i:type="Mesh"><Attributes><Attribute z:Id="i303"><AttributeType>filename</AttributeType><IsRequired>true</IsRequired><Value i:nil="true"/></Attribute></Attributes><ChildElements/><ElementName>mesh</ElementName><required>false</required><FilenameAttribute z:Ref="i303"/></URDFElement></ChildElements><ElementName>geometry</ElementName><required>true</required><Mesh z:Ref="i302"/></URDFElement></ChildElements><ElementName>collision</ElementName><required>false</required><Geometry z:Ref="i301"/><Origin z:Ref="i298"/></URDFElement><URDFElement z:Id="i304" i:type="Joint"><Attributes><Attribute z:Id="i305"><AttributeType>name</AttributeType><IsRequired>true</IsRequired><Value i:type="a:string" xmlns:a="http://www.w3.org/2001/XMLSchema">right_front_wheel_joint</Value></Attribute><Attribute z:Id="i306"><AttributeType>type</AttributeType><IsRequired>true</IsRequired><Value i:type="a:string" xmlns:a="http://www.w3.org/2001/XMLSchema">continuous</Value></Attribute></Attributes><ChildElements><URDFElement z:Id="i307" i:type="Origin"><Attributes><Attribute z:Id="i308"><AttributeType>xyz</AttributeType><IsRequired>true</IsRequired><Value i:type="a:ArrayOfdouble" xmlns:a="http://schemas.microsoft.com/2003/10/Serialization/Arrays"><a:double>0.52539</a:double><a:double>-0.10541</a:double><a:double>0.0254</a:double></Value></Attribute><Attribute z:Id="i309"><AttributeType>rpy</AttributeType><IsRequired>true</IsRequired><Value i:type="a:ArrayOfdouble" xmlns:a="http://schemas.microsoft.com/2003/10/Serialization/Arrays"><a:double>-1.5708</a:double><a:double>1.1377</a:double><a:double>-1.5708</a:double></Value></Attribute></Attributes><ChildElements/><ElementName>origin</ElementName><required>false</required><RPYAttribute z:Ref="i309"/><XYZAttribute z:Ref="i308"/><isCustomized>false</isCustomized></URDFElement><URDFElement z:Id="i310" i:type="ParentLink"><Attributes><Attribute z:Id="i311"><AttributeType>link</AttributeType><IsRequired>true</IsRequired><Value i:type="a:string" xmlns:a="http://www.w3.org/2001/XMLSchema">drivetrain_base_link</Value></Attribute></Attributes><ChildElements/><ElementName>parent</ElementName><required>true</required><NameAttribute z:Ref="i311"/></URDFElement><URDFElement z:Id="i312" i:type="ChildLink"><Attributes><Attribute z:Id="i313"><AttributeType>link</AttributeType><IsRequired>true</IsRequired><Value i:type="a:string" xmlns:a="http://www.w3.org/2001/XMLSchema">right_front_wheel</Value></Attribute></Attributes><ChildElements/><ElementName>child</ElementName><required>true</required><NameAttribute z:Ref="i313"/></URDFElement><URDFElement z:Id="i314" i:type="Axis"><Attributes><Attribute z:Id="i315"><AttributeType>xyz</AttributeType><IsRequired>true</IsRequired><Value i:type="a:ArrayOfdouble" xmlns:a="http://schemas.microsoft.com/2003/10/Serialization/Arrays"><a:double>0</a:double><a:double>0</a:double><a:double>0</a:double></Value></Attribute></Attributes><ChildElements/><ElementName>axis</ElementName><required>false</required><XYZAttribute z:Ref="i315"/></URDFElement><URDFElement z:Id="i316" i:type="Limit"><Attributes><Attribute z:Id="i317"><AttributeType>lower</AttributeType><IsRequired>false</IsRequired><Value i:nil="true"/></Attribute><Attribute z:Id="i318"><AttributeType>upper</AttributeType><IsRequired>false</IsRequired><Value i:nil="true"/></Attribute><Attribute z:Id="i319"><AttributeType>effort</AttributeType><IsRequired>true</IsRequired><Value i:nil="true"/></Attribute><Attribute z:Id="i320"><AttributeType>velocity</AttributeType><IsRequired>true</IsRequired><Value i:nil="true"/></Attribute></Attributes><ChildElements/><ElementName>limit</ElementName><required>false</required><EffortAttribute z:Ref="i319"/><LowerAttribute z:Ref="i317"/><UpperAttribute z:Ref="i318"/><VelocityAttribute z:Ref="i320"/></URDFElement><URDFElement z:Id="i321" i:type="Calibration"><Attributes><Attribute z:Id="i322"><AttributeType>rising</AttributeType><IsRequired>false</IsRequired><Value i:nil="true"/></Attribute><Attribute z:Id="i323"><AttributeType>falling</AttributeType><IsRequired>false</IsRequired><Value i:nil="true"/></Attribute></Attributes><ChildElements/><ElementName>calibration</ElementName><required>false</required><FallingAttribute z:Ref="i323"/><RisingAttribute z:Ref="i322"/></URDFElement><URDFElement z:Id="i324" i:type="Dynamics"><Attributes><Attribute z:Id="i325"><AttributeType>damping</AttributeType><IsRequired>false</IsRequired><Value i:nil="true"/></Attribute><Attribute z:Id="i326"><AttributeType>friction</AttributeType><IsRequired>false</IsRequired><Value i:nil="true"/></Attribute></Attributes><ChildElements/><ElementName>dynamics</ElementName><required>false</required><DampingAttribute z:Ref="i325"/><FrictionAttribute z:Ref="i326"/></URDFElement><URDFElement z:Id="i327" i:type="SafetyController"><Attributes><Attribute z:Id="i328"><AttributeType>soft_upper_limit</AttributeType><IsRequired>false</IsRequired><Value i:nil="true"/></Attribute><Attribute z:Id="i329"><AttributeType>soft_lower_limit</AttributeType><IsRequired>false</IsRequired><Value i:nil="true"/></Attribute><Attribute z:Id="i330"><AttributeType>k_position</AttributeType><IsRequired>false</IsRequired><Value i:nil="true"/></Attribute><Attribute z:Id="i331"><AttributeType>k_velocity</AttributeType><IsRequired>true</IsRequired><Value i:nil="true"/></Attribute></Attributes><ChildElements/><ElementName>safety_controller</ElementName><required>false</required><KPositionAttribute z:Ref="i330"/><KVelocityAttribute z:Ref="i331"/><SoftLowerAttribute z:Ref="i329"/><SoftUpperAttribute z:Ref="i328"/></URDFElement><URDFElement z:Id="i332" i:type="Mimic"><Attributes><Attribute z:Id="i333"><AttributeType>joint</AttributeType><IsRequired>true</IsRequired><Value i:nil="true"/></Attribute><Attribute z:Id="i334"><AttributeType>multiplier</AttributeType><IsRequired>false</IsRequired><Value i:nil="true"/></Attribute><Attribute z:Id="i335"><AttributeType>offset</AttributeType><IsRequired>false</IsRequired><Value i:nil="true"/></Attribute></Attributes><ChildElements/><ElementName>mimic</ElementName><required>false</required><JointNameAttribute z:Ref="i333"/><MultiplierAttribute z:Ref="i334"/><OffsetAttribute z:Ref="i335"/></URDFElement></ChildElements><ElementName>joint</ElementName><required>false</required><Axis z:Ref="i314"/><AxisName>front_axis</AxisName><Calibration z:Ref="i321"/><Child z:Ref="i312"/><CoordinateSystemName>Origin_right_front_wheel_joint</CoordinateSystemName><Dynamics z:Ref="i324"/><Limit z:Ref="i316"/><Mimic z:Ref="i332"/><NameAttribute z:Ref="i305"/><Origin z:Ref="i307"/><Parent z:Ref="i310"/><Safety z:Ref="i327"/><TypeAttribute z:Ref="i306"/></URDFElement></ChildElements><ElementName>link</ElementName><required>true</required><Children/><Collision z:Ref="i297"/><Inertial z:Ref="i271"/><Joint z:Ref="i304"/><NameAttribute z:Ref="i270"/><Parent z:Ref="i1"/><STLQualityFine>false</STLQualityFine><SWComponentPIDs xmlns:a="http://schemas.microsoft.com/2003/10/Serialization/Arrays"><a:base64Binary>gD4AAAUAAAD//v9FUwBpAGQAZQAgAFcAaABlAGUAbAAgAEEAcwBzAGUAbQBiAGwAeQAtADMAQABBAHMAcwBlAG0AYgBsAHkALwA1AGkAbgAgAEMAbwBsAHMAbwBuACAAVwBoAGUAZQBsAC0AMQBAAFMAaQBkAGUAIABXAGgAZQBlAGwAIABBAHMAcwBlAG0AYgBsAHkABAAAABAAAAABAAAAAgAAADwAAAAZAAAA</a:base64Binary></SWComponentPIDs><SWMainComponentPID i:nil="true"/><Visual z:Ref="i284"/><isFixedFrame>false</isFixedFrame><isIncomplete>false</isIncomplete></Link><Link z:Id="i336"><Attributes><Attribute z:Id="i337"><AttributeType>name</AttributeType><IsRequired>true</IsRequired><Value i:type="a:string" xmlns:a="http://www.w3.org/2001/XMLSchema">left_back_wheel</Value></Attribute></Attributes><ChildElements><URDFElement z:Id="i338" i:type="Inertial"><Attributes/><ChildElements><URDFElement z:Id="i339" i:type="Origin"><Attributes><Attribute z:Id="i340"><AttributeType>xyz</AttributeType><IsRequired>true</IsRequired><Value i:type="a:ArrayOfdouble" xmlns:a="http://schemas.microsoft.com/2003/10/Serialization/Arrays"><a:double>-4.7594728158628641E-10</a:double><a:double>-1.6734946761687297E-11</a:double><a:double>1.38846336650289E-08</a:double></Value></Attribute><Attribute z:Id="i341"><AttributeType>rpy</AttributeType><IsRequired>true</IsRequired><Value i:type="a:ArrayOfdouble" xmlns:a="http://schemas.microsoft.com/2003/10/Serialization/Arrays"><a:double>0</a:double><a:double>0</a:double><a:double>0</a:double></Value></Attribute></Attributes><ChildElements/><ElementName>origin</ElementName><required>false</required><RPYAttribute z:Ref="i341"/><XYZAttribute z:Ref="i340"/><isCustomized>false</isCustomized></URDFElement><URDFElement z:Id="i342" i:type="Mass"><Attributes><Attribute z:Id="i343"><AttributeType>value</AttributeType><IsRequired>true</IsRequired><Value i:type="a:double" xmlns:a="http://www.w3.org/2001/XMLSchema">0.36703715427522726</Value></Attribute></Attributes><ChildElements/><ElementName>mass</ElementName><required>false</required><ValueAttribute z:Ref="i343"/></URDFElement><URDFElement z:Id="i344" i:type="Inertia"><Attributes><Attribute z:Id="i345"><AttributeType>ixx</AttributeType><IsRequired>true</IsRequired><Value i:type="a:double" xmlns:a="http://www.w3.org/2001/XMLSchema">0.00045030478745143176</Value></Attribute><Attribute z:Id="i346"><AttributeType>ixy</AttributeType><IsRequired>true</IsRequired><Value i:type="a:double" xmlns:a="http://www.w3.org/2001/XMLSchema">2.9830969352974846E-10</Value></Attribute><Attribute z:Id="i347"><AttributeType>ixz</AttributeType><IsRequired>true</IsRequired><Value i:type="a:double" xmlns:a="http://www.w3.org/2001/XMLSchema">4.2884586780088341E-12</Value></Attribute><Attribute z:Id="i348"><AttributeType>iyy</AttributeType><IsRequired>true</IsRequired><Value i:type="a:double" xmlns:a="http://www.w3.org/2001/XMLSchema">0.00045030287956884996</Value></Attribute><Attribute z:Id="i349"><AttributeType>iyz</AttributeType><IsRequired>true</IsRequired><Value i:type="a:double" xmlns:a="http://www.w3.org/2001/XMLSchema">2.2941834906617317E-13</Value></Attribute><Attribute z:Id="i350"><AttributeType>izz</AttributeType><IsRequired>true</IsRequired><Value i:type="a:double" xmlns:a="http://www.w3.org/2001/XMLSchema">0.00082344418606391037</Value></Attribute></Attributes><ChildElements/><ElementName>inertia</ElementName><required>false</required><IxxAttribute z:Ref="i345"/><IxyAttribute z:Ref="i346"/><IxzAttribute z:Ref="i347"/><IyyAttribute z:Ref="i348"/><IyzAttribute z:Ref="i349"/><IzzAttribute z:Ref="i350"/></URDFElement></ChildElements><ElementName>inertial</ElementName><required>false</required><Inertia z:Ref="i344"/><Mass z:Ref="i342"/><Origin z:Ref="i339"/></URDFElement><URDFElement z:Id="i351" i:type="Visual"><Attributes/><ChildElements><URDFElement z:Id="i352" i:type="Origin"><Attributes><Attribute z:Id="i353"><AttributeType>xyz</AttributeType><IsRequired>true</IsRequired><Value i:type="a:ArrayOfdouble" xmlns:a="http://schemas.microsoft.com/2003/10/Serialization/Arrays"><a:double>0</a:double><a:double>0</a:double><a:double>0</a:double></Value></Attribute><Attribute z:Id="i354"><AttributeType>rpy</AttributeType><IsRequired>true</IsRequired><Value i:type="a:ArrayOfdouble" xmlns:a="http://schemas.microsoft.com/2003/10/Serialization/Arrays"><a:double>0</a:double><a:double>0</a:double><a:double>0</a:double></Value></Attribute></Attributes><ChildElements/><ElementName>origin</ElementName><required>false</required><RPYAttribute z:Ref="i354"/><XYZAttribute z:Ref="i353"/><isCustomized>false</isCustomized></URDFElement><URDFElement z:Id="i355" i:type="Geometry"><Attributes/><ChildElements><URDFElement z:Id="i356" i:type="Mesh"><Attributes><Attribute z:Id="i357"><AttributeType>filename</AttributeType><IsRequired>true</IsRequired><Value i:nil="true"/></Attribute></Attributes><ChildElements/><ElementName>mesh</ElementName><required>false</required><FilenameAttribute z:Ref="i357"/></URDFElement></ChildElements><ElementName>geometry</ElementName><required>true</required><Mesh z:Ref="i356"/></URDFElement><URDFElement z:Id="i358" i:type="Material"><Attributes><Attribute z:Id="i359"><AttributeType>name</AttributeType><IsRequired>true</IsRequired><Value i:type="a:string" xmlns:a="http://www.w3.org/2001/XMLSchema"/></Attribute></Attributes><ChildElements><URDFElement z:Id="i360" i:type="Color"><Attributes><Attribute z:Id="i361"><AttributeType>rgba</AttributeType><IsRequired>true</IsRequired><Value i:type="a:ArrayOfdouble" xmlns:a="http://schemas.microsoft.com/2003/10/Serialization/Arrays"><a:double>0.792156862745098</a:double><a:double>0.81960784313725488</a:double><a:double>0.93333333333333335</a:double><a:double>1</a:double></Value></Attribute></Attributes><ChildElements/><ElementName>color</ElementName><required>false</required><RGBAAttribute z:Ref="i361"/></URDFElement><URDFElement z:Id="i362" i:type="Texture"><Attributes><Attribute z:Id="i363"><AttributeType>filename</AttributeType><IsRequired>true</IsRequired><Value i:nil="true"/></Attribute></Attributes><ChildElements/><ElementName>texture</ElementName><required>false</required><FilenameAttribute z:Ref="i363"/><wFilename/></URDFElement></ChildElements><ElementName>material</ElementName><required>false</required><Color z:Ref="i360"/><NameAttribute z:Ref="i359"/><Texture z:Ref="i362"/></URDFElement></ChildElements><ElementName>visual</ElementName><required>false</required><Geometry z:Ref="i355"/><Material z:Ref="i358"/><Origin z:Ref="i352"/></URDFElement><URDFElement z:Id="i364" i:type="Collision"><Attributes/><ChildElements><URDFElement z:Id="i365" i:type="Origin"><Attributes><Attribute z:Id="i366"><AttributeType>xyz</AttributeType><IsRequired>true</IsRequired><Value i:type="a:ArrayOfdouble" xmlns:a="http://schemas.microsoft.com/2003/10/Serialization/Arrays"><a:double>0</a:double><a:double>0</a:double><a:double>0</a:double></Value></Attribute><Attribute z:Id="i367"><AttributeType>rpy</AttributeType><IsRequired>true</IsRequired><Value i:type="a:ArrayOfdouble" xmlns:a="http://schemas.microsoft.com/2003/10/Serialization/Arrays"><a:double>0</a:double><a:double>0</a:double><a:double>0</a:double></Value></Attribute></Attributes><ChildElements/><ElementName>origin</ElementName><required>false</required><RPYAttribute z:Ref="i367"/><XYZAttribute z:Ref="i366"/><isCustomized>false</isCustomized></URDFElement><URDFElement z:Id="i368" i:type="Geometry"><Attributes/><ChildElements><URDFElement z:Id="i369" i:type="Mesh"><Attributes><Attribute z:Id="i370"><AttributeType>filename</AttributeType><IsRequired>true</IsRequired><Value i:nil="true"/></Attribute></Attributes><ChildElements/><ElementName>mesh</ElementName><required>false</required><FilenameAttribute z:Ref="i370"/></URDFElement></ChildElements><ElementName>geometry</ElementName><required>true</required><Mesh z:Ref="i369"/></URDFElement></ChildElements><ElementName>collision</ElementName><required>false</required><Geometry z:Ref="i368"/><Origin z:Ref="i365"/></URDFElement><URDFElement z:Id="i371" i:type="Joint"><Attributes><Attribute z:Id="i372"><AttributeType>name</AttributeType><IsRequired>true</IsRequired><Value i:type="a:string" xmlns:a="http://www.w3.org/2001/XMLSchema">left_back_wheel_joint</Value></Attribute><Attribute z:Id="i373"><AttributeType>type</AttributeType><IsRequired>true</IsRequired><Value i:type="a:string" xmlns:a="http://www.w3.org/2001/XMLSchema">continuous</Value></Attribute></Attributes><ChildElements><URDFElement z:Id="i374" i:type="Origin"><Attributes><Attribute z:Id="i375"><AttributeType>xyz</AttributeType><IsRequired>true</IsRequired><Value i:type="a:ArrayOfdouble" xmlns:a="http://schemas.microsoft.com/2003/10/Serialization/Arrays"><a:double>-0.017386</a:double><a:double>-0.56261</a:double><a:double>0.0254</a:double></Value></Attribute><Attribute z:Id="i376"><AttributeType>rpy</AttributeType><IsRequired>true</IsRequired><Value i:type="a:ArrayOfdouble" xmlns:a="http://schemas.microsoft.com/2003/10/Serialization/Arrays"><a:double>1.5708</a:double><a:double>-0.59697</a:double><a:double>-1.5708</a:double></Value></Attribute></Attributes><ChildElements/><ElementName>origin</ElementName><required>false</required><RPYAttribute z:Ref="i376"/><XYZAttribute z:Ref="i375"/><isCustomized>false</isCustomized></URDFElement><URDFElement z:Id="i377" i:type="ParentLink"><Attributes><Attribute z:Id="i378"><AttributeType>link</AttributeType><IsRequired>true</IsRequired><Value i:type="a:string" xmlns:a="http://www.w3.org/2001/XMLSchema">drivetrain_base_link</Value></Attribute></Attributes><ChildElements/><ElementName>parent</ElementName><required>true</required><NameAttribute z:Ref="i378"/></URDFElement><URDFElement z:Id="i379" i:type="ChildLink"><Attributes><Attribute z:Id="i380"><AttributeType>link</AttributeType><IsRequired>true</IsRequired><Value i:type="a:string" xmlns:a="http://www.w3.org/2001/XMLSchema">left_back_wheel</Value></Attribute></Attributes><ChildElements/><ElementName>child</ElementName><required>true</required><NameAttribute z:Ref="i380"/></URDFElement><URDFElement z:Id="i381" i:type="Axis"><Attributes><Attribute z:Id="i382"><AttributeType>xyz</AttributeType><IsRequired>true</IsRequired><Value i:type="a:ArrayOfdouble" xmlns:a="http://schemas.microsoft.com/2003/10/Serialization/Arrays"><a:double>0</a:double><a:double>0</a:double><a:double>0</a:double></Value></Attribute></Attributes><ChildElements/><ElementName>axis</ElementName><required>false</required><XYZAttribute z:Ref="i382"/></URDFElement><URDFElement z:Id="i383" i:type="Limit"><Attributes><Attribute z:Id="i384"><AttributeType>lower</AttributeType><IsRequired>false</IsRequired><Value i:nil="true"/></Attribute><Attribute z:Id="i385"><AttributeType>upper</AttributeType><IsRequired>false</IsRequired><Value i:nil="true"/></Attribute><Attribute z:Id="i386"><AttributeType>effort</AttributeType><IsRequired>true</IsRequired><Value i:nil="true"/></Attribute><Attribute z:Id="i387"><AttributeType>velocity</AttributeType><IsRequired>true</IsRequired><Value i:nil="true"/></Attribute></Attributes><ChildElements/><ElementName>limit</ElementName><required>false</required><EffortAttribute z:Ref="i386"/><LowerAttribute z:Ref="i384"/><UpperAttribute z:Ref="i385"/><VelocityAttribute z:Ref="i387"/></URDFElement><URDFElement z:Id="i388" i:type="Calibration"><Attributes><Attribute z:Id="i389"><AttributeType>rising</AttributeType><IsRequired>false</IsRequired><Value i:nil="true"/></Attribute><Attribute z:Id="i390"><AttributeType>falling</AttributeType><IsRequired>false</IsRequired><Value i:nil="true"/></Attribute></Attributes><ChildElements/><ElementName>calibration</ElementName><required>false</required><FallingAttribute z:Ref="i390"/><RisingAttribute z:Ref="i389"/></URDFElement><URDFElement z:Id="i391" i:type="Dynamics"><Attributes><Attribute z:Id="i392"><AttributeType>damping</AttributeType><IsRequired>false</IsRequired><Value i:nil="true"/></Attribute><Attribute z:Id="i393"><AttributeType>friction</AttributeType><IsRequired>false</IsRequired><Value i:nil="true"/></Attribute></Attributes><ChildElements/><ElementName>dynamics</ElementName><required>false</required><DampingAttribute z:Ref="i392"/><FrictionAttribute z:Ref="i393"/></URDFElement><URDFElement z:Id="i394" i:type="SafetyController"><Attributes><Attribute z:Id="i395"><AttributeType>soft_upper_limit</AttributeType><IsRequired>false</IsRequired><Value i:nil="true"/></Attribute><Attribute z:Id="i396"><AttributeType>soft_lower_limit</AttributeType><IsRequired>false</IsRequired><Value i:nil="true"/></Attribute><Attribute z:Id="i397"><AttributeType>k_position</AttributeType><IsRequired>false</IsRequired><Value i:nil="true"/></Attribute><Attribute z:Id="i398"><AttributeType>k_velocity</AttributeType><IsRequired>true</IsRequired><Value i:nil="true"/></Attribute></Attributes><ChildElements/><ElementName>safety_controller</ElementName><required>false</required><KPositionAttribute z:Ref="i397"/><KVelocityAttribute z:Ref="i398"/><SoftLowerAttribute z:Ref="i396"/><SoftUpperAttribute z:Ref="i395"/></URDFElement><URDFElement z:Id="i399" i:type="Mimic"><Attributes><Attribute z:Id="i400"><AttributeType>joint</AttributeType><IsRequired>true</IsRequired><Value i:nil="true"/></Attribute><Attribute z:Id="i401"><AttributeType>multiplier</AttributeType><IsRequired>false</IsRequired><Value i:nil="true"/></Attribute><Attribute z:Id="i402"><AttributeType>offset</AttributeType><IsRequired>false</IsRequired><Value i:nil="true"/></Attribute></Attributes><ChildElements/><ElementName>mimic</ElementName><required>false</required><JointNameAttribute z:Ref="i400"/><MultiplierAttribute z:Ref="i401"/><OffsetAttribute z:Ref="i402"/></URDFElement></ChildElements><ElementName>joint</ElementName><required>false</required><Axis z:Ref="i381"/><AxisName>back_axis</AxisName><Calibration z:Ref="i388"/><Child z:Ref="i379"/><CoordinateSystemName>Origin_left_back_wheel_joint</CoordinateSystemName><Dynamics z:Ref="i391"/><Limit z:Ref="i383"/><Mimic z:Ref="i399"/><NameAttribute z:Ref="i372"/><Origin z:Ref="i374"/><Parent z:Ref="i377"/><Safety z:Ref="i394"/><TypeAttribute z:Ref="i373"/></URDFElement></ChildElements><ElementName>link</ElementName><required>true</required><Children/><Collision z:Ref="i364"/><Inertial z:Ref="i338"/><Joint z:Ref="i371"/><NameAttribute z:Ref="i337"/><Parent z:Ref="i1"/><STLQualityFine>false</STLQualityFine><SWComponentPIDs xmlns:a="http://schemas.microsoft.com/2003/10/Serialization/Arrays"><a:base64Binary>gD4AAAUAAAD//v9FVwBoAGUAZQBsACAAQQBzAHMAZQBtAGIAbAB5ACAAQgBhAGMAawAtADEAQABBAHMAcwBlAG0AYgBsAHkALwA1AGkAbgAgAEMAbwBsAHMAbwBuACAAVwBoAGUAZQBsAC0AMQBAAFcAaABlAGUAbAAgAEEAcwBzAGUAbQBiAGwAeQAgAEIAYQBjAGsABAAAABAAAAABAAAAAgAAACUAAAAZAAAA</a:base64Binary></SWComponentPIDs><SWMainComponentPID i:nil="true"/><Visual z:Ref="i351"/><isFixedFrame>false</isFixedFrame><isIncomplete>false</isIncomplete></Link><Link z:Id="i403"><Attributes><Attribute z:Id="i404"><AttributeType>name</AttributeType><IsRequired>true</IsRequired><Value i:type="a:string" xmlns:a="http://www.w3.org/2001/XMLSchema">right_back_wheel</Value></Attribute></Attributes><ChildElements><URDFElement z:Id="i405" i:type="Inertial"><Attributes/><ChildElements><URDFElement z:Id="i406" i:type="Origin"><Attributes><Attribute z:Id="i407"><AttributeType>xyz</AttributeType><IsRequired>true</IsRequired><Value i:type="a:ArrayOfdouble" xmlns:a="http://schemas.microsoft.com/2003/10/Serialization/Arrays"><a:double>-4.759476146531938E-10</a:double><a:double>-1.673505778398976E-11</a:double><a:double>1.3884633331961993E-08</a:double></Value></Attribute><Attribute z:Id="i408"><AttributeType>rpy</AttributeType><IsRequired>true</IsRequired><Value i:type="a:ArrayOfdouble" xmlns:a="http://schemas.microsoft.com/2003/10/Serialization/Arrays"><a:double>0</a:double><a:double>0</a:double><a:double>0</a:double></Value></Attribute></Attributes><ChildElements/><ElementName>origin</ElementName><required>false</required><RPYAttribute z:Ref="i408"/><XYZAttribute z:Ref="i407"/><isCustomized>false</isCustomized></URDFElement><URDFElement z:Id="i409" i:type="Mass"><Attributes><Attribute z:Id="i410"><AttributeType>value</AttributeType><IsRequired>true</IsRequired><Value i:type="a:double" xmlns:a="http://www.w3.org/2001/XMLSchema">0.36703715427522832</Value></Attribute></Attributes><ChildElements/><ElementName>mass</ElementName><required>false</required><ValueAttribute z:Ref="i410"/></URDFElement><URDFElement z:Id="i411" i:type="Inertia"><Attributes><Attribute z:Id="i412"><AttributeType>ixx</AttributeType><IsRequired>true</IsRequired><Value i:type="a:double" xmlns:a="http://www.w3.org/2001/XMLSchema">0.000450304787451433</Value></Attribute><Attribute z:Id="i413"><AttributeType>ixy</AttributeType><IsRequired>true</IsRequired><Value i:type="a:double" xmlns:a="http://www.w3.org/2001/XMLSchema">2.9830969281146452E-10</Value></Attribute><Attribute z:Id="i414"><AttributeType>ixz</AttributeType><IsRequired>true</IsRequired><Value i:type="a:double" xmlns:a="http://www.w3.org/2001/XMLSchema">4.2884584257201835E-12</Value></Attribute><Attribute z:Id="i415"><AttributeType>iyy</AttributeType><IsRequired>true</IsRequired><Value i:type="a:double" xmlns:a="http://www.w3.org/2001/XMLSchema">0.00045030287956885078</Value></Attribute><Attribute z:Id="i416"><AttributeType>iyz</AttributeType><IsRequired>true</IsRequired><Value i:type="a:double" xmlns:a="http://www.w3.org/2001/XMLSchema">2.2941805489071237E-13</Value></Attribute><Attribute z:Id="i417"><AttributeType>izz</AttributeType><IsRequired>true</IsRequired><Value i:type="a:double" xmlns:a="http://www.w3.org/2001/XMLSchema">0.00082344418606391243</Value></Attribute></Attributes><ChildElements/><ElementName>inertia</ElementName><required>false</required><IxxAttribute z:Ref="i412"/><IxyAttribute z:Ref="i413"/><IxzAttribute z:Ref="i414"/><IyyAttribute z:Ref="i415"/><IyzAttribute z:Ref="i416"/><IzzAttribute z:Ref="i417"/></URDFElement></ChildElements><ElementName>inertial</ElementName><required>false</required><Inertia z:Ref="i411"/><Mass z:Ref="i409"/><Origin z:Ref="i406"/></URDFElement><URDFElement z:Id="i418" i:type="Visual"><Attributes/><ChildElements><URDFElement z:Id="i419" i:type="Origin"><Attributes><Attribute z:Id="i420"><AttributeType>xyz</AttributeType><IsRequired>true</IsRequired><Value i:type="a:ArrayOfdouble" xmlns:a="http://schemas.microsoft.com/2003/10/Serialization/Arrays"><a:double>0</a:double><a:double>0</a:double><a:double>0</a:double></Value></Attribute><Attribute z:Id="i421"><AttributeType>rpy</AttributeType><IsRequired>true</IsRequired><Value i:type="a:ArrayOfdouble" xmlns:a="http://schemas.microsoft.com/2003/10/Serialization/Arrays"><a:double>0</a:double><a:double>0</a:double><a:double>0</a:double></Value></Attribute></Attributes><ChildElements/><ElementName>origin</ElementName><required>false</required><RPYAttribute z:Ref="i421"/><XYZAttribute z:Ref="i420"/><isCustomized>false</isCustomized></URDFElement><URDFElement z:Id="i422" i:type="Geometry"><Attributes/><ChildElements><URDFElement z:Id="i423" i:type="Mesh"><Attributes><Attribute z:Id="i424"><AttributeType>filename</AttributeType><IsRequired>true</IsRequired><Value i:nil="true"/></Attribute></Attributes><ChildElements/><ElementName>mesh</ElementName><required>false</required><FilenameAttribute z:Ref="i424"/></URDFElement></ChildElements><ElementName>geometry</ElementName><required>true</required><Mesh z:Ref="i423"/></URDFElement><URDFElement z:Id="i425" i:type="Material"><Attributes><Attribute z:Id="i426"><AttributeType>name</AttributeType><IsRequired>true</IsRequired><Value i:type="a:string" xmlns:a="http://www.w3.org/2001/XMLSchema"/></Attribute></Attributes><ChildElements><URDFElement z:Id="i427" i:type="Color"><Attributes><Attribute z:Id="i428"><AttributeType>rgba</AttributeType><IsRequired>true</IsRequired><Value i:type="a:ArrayOfdouble" xmlns:a="http://schemas.microsoft.com/2003/10/Serialization/Arrays"><a:double>0.792156862745098</a:double><a:double>0.81960784313725488</a:double><a:double>0.93333333333333335</a:double><a:double>1</a:double></Value></Attribute></Attributes><ChildElements/><ElementName>color</ElementName><required>false</required><RGBAAttribute z:Ref="i428"/></URDFElement><URDFElement z:Id="i429" i:type="Texture"><Attributes><Attribute z:Id="i430"><AttributeType>filename</AttributeType><IsRequired>true</IsRequired><Value i:nil="true"/></Attribute></Attributes><ChildElements/><ElementName>texture</ElementName><required>false</required><FilenameAttribute z:Ref="i430"/><wFilename/></URDFElement></ChildElements><ElementName>material</ElementName><required>false</required><Color z:Ref="i427"/><NameAttribute z:Ref="i426"/><Texture z:Ref="i429"/></URDFElement></ChildElements><ElementName>visual</ElementName><required>false</required><Geometry z:Ref="i422"/><Material z:Ref="i425"/><Origin z:Ref="i419"/></URDFElement><URDFElement z:Id="i431" i:type="Collision"><Attributes/><ChildElements><URDFElement z:Id="i432" i:type="Origin"><Attributes><Attribute z:Id="i433"><AttributeType>xyz</AttributeType><IsRequired>true</IsRequired><Value i:type="a:ArrayOfdouble" xmlns:a="http://schemas.microsoft.com/2003/10/Serialization/Arrays"><a:double>0</a:double><a:double>0</a:double><a:double>0</a:double></Value></Attribute><Attribute z:Id="i434"><AttributeType>rpy</AttributeType><IsRequired>true</IsRequired><Value i:type="a:ArrayOfdouble" xmlns:a="http://schemas.microsoft.com/2003/10/Serialization/Arrays"><a:double>0</a:double><a:double>0</a:double><a:double>0</a:double></Value></Attribute></Attributes><ChildElements/><ElementName>origin</ElementName><required>false</required><RPYAttribute z:Ref="i434"/><XYZAttribute z:Ref="i433"/><isCustomized>false</isCustomized></URDFElement><URDFElement z:Id="i435" i:type="Geometry"><Attributes/><ChildElements><URDFElement z:Id="i436" i:type="Mesh"><Attributes><Attribute z:Id="i437"><AttributeType>filename</AttributeType><IsRequired>true</IsRequired><Value i:nil="true"/></Attribute></Attributes><ChildElements/><ElementName>mesh</ElementName><required>false</required><FilenameAttribute z:Ref="i437"/></URDFElement></ChildElements><ElementName>geometry</ElementName><required>true</required><Mesh z:Ref="i436"/></URDFElement></ChildElements><ElementName>collision</ElementName><required>false</required><Geometry z:Ref="i435"/><Origin z:Ref="i432"/></URDFElement><URDFElement z:Id="i438" i:type="Joint"><Attributes><Attribute z:Id="i439"><AttributeType>name</AttributeType><IsRequired>true</IsRequired><Value i:type="a:string" xmlns:a="http://www.w3.org/2001/XMLSchema">right_back_wheel_joint</Value></Attribute><Attribute z:Id="i440"><AttributeType>type</AttributeType><IsRequired>true</IsRequired><Value i:type="a:string" xmlns:a="http://www.w3.org/2001/XMLSchema">continuous</Value></Attribute></Attributes><ChildElements><URDFElement z:Id="i441" i:type="Origin"><Attributes><Attribute z:Id="i442"><AttributeType>xyz</AttributeType><IsRequired>true</IsRequired><Value i:type="a:ArrayOfdouble" xmlns:a="http://schemas.microsoft.com/2003/10/Serialization/Arrays"><a:double>0.52539</a:double><a:double>-0.56261</a:double><a:double>0.0254</a:double></Value></Attribute><Attribute z:Id="i443"><AttributeType>rpy</AttributeType><IsRequired>true</IsRequired><Value i:type="a:ArrayOfdouble" xmlns:a="http://schemas.microsoft.com/2003/10/Serialization/Arrays"><a:double>1.5708</a:double><a:double>0.90051</a:double><a:double>1.5708</a:double></Value></Attribute></Attributes><ChildElements/><ElementName>origin</ElementName><required>false</required><RPYAttribute z:Ref="i443"/><XYZAttribute z:Ref="i442"/><isCustomized>false</isCustomized></URDFElement><URDFElement z:Id="i444" i:type="ParentLink"><Attributes><Attribute z:Id="i445"><AttributeType>link</AttributeType><IsRequired>true</IsRequired><Value i:type="a:string" xmlns:a="http://www.w3.org/2001/XMLSchema">drivetrain_base_link</Value></Attribute></Attributes><ChildElements/><ElementName>parent</ElementName><required>true</required><NameAttribute z:Ref="i445"/></URDFElement><URDFElement z:Id="i446" i:type="ChildLink"><Attributes><Attribute z:Id="i447"><AttributeType>link</AttributeType><IsRequired>true</IsRequired><Value i:type="a:string" xmlns:a="http://www.w3.org/2001/XMLSchema">right_back_wheel</Value></Attribute></Attributes><ChildElements/><ElementName>child</ElementName><required>true</required><NameAttribute z:Ref="i447"/></URDFElement><URDFElement z:Id="i448" i:type="Axis"><Attributes><Attribute z:Id="i449"><AttributeType>xyz</AttributeType><IsRequired>true</IsRequired><Value i:type="a:ArrayOfdouble" xmlns:a="http://schemas.microsoft.com/2003/10/Serialization/Arrays"><a:double>0</a:double><a:double>0</a:double><a:double>0</a:double></Value></Attribute></Attributes><ChildElements/><ElementName>axis</ElementName><required>false</required><XYZAttribute z:Ref="i449"/></URDFElement><URDFElement z:Id="i450" i:type="Limit"><Attributes><Attribute z:Id="i451"><AttributeType>lower</AttributeType><IsRequired>false</IsRequired><Value i:nil="true"/></Attribute><Attribute z:Id="i452"><AttributeType>upper</AttributeType><IsRequired>false</IsRequired><Value i:nil="true"/></Attribute><Attribute z:Id="i453"><AttributeType>effort</AttributeType><IsRequired>true</IsRequired><Value i:nil="true"/></Attribute><Attribute z:Id="i454"><AttributeType>velocity</AttributeType><IsRequired>true</IsRequired><Value i:nil="true"/></Attribute></Attributes><ChildElements/><ElementName>limit</ElementName><required>false</required><EffortAttribute z:Ref="i453"/><LowerAttribute z:Ref="i451"/><UpperAttribute z:Ref="i452"/><VelocityAttribute z:Ref="i454"/></URDFElement><URDFElement z:Id="i455" i:type="Calibration"><Attributes><Attribute z:Id="i456"><AttributeType>rising</AttributeType><IsRequired>false</IsRequired><Value i:nil="true"/></Attribute><Attribute z:Id="i457"><AttributeType>falling</AttributeType><IsRequired>false</IsRequired><Value i:nil="true"/></Attribute></Attributes><ChildElements/><ElementName>calibration</ElementName><required>false</required><FallingAttribute z:Ref="i457"/><RisingAttribute z:Ref="i456"/></URDFElement><URDFElement z:Id="i458" i:type="Dynamics"><Attributes><Attribute z:Id="i459"><AttributeType>damping</AttributeType><IsRequired>false</IsRequired><Value i:nil="true"/></Attribute><Attribute z:Id="i460"><AttributeType>friction</AttributeType><IsRequired>false</IsRequired><Value i:nil="true"/></Attribute></Attributes><ChildElements/><ElementName>dynamics</ElementName><required>false</required><DampingAttribute z:Ref="i459"/><FrictionAttribute z:Ref="i460"/></URDFElement><URDFElement z:Id="i461" i:type="SafetyController"><Attributes><Attribute z:Id="i462"><AttributeType>soft_upper_limit</AttributeType><IsRequired>false</IsRequired><Value i:nil="true"/></Attribute><Attribute z:Id="i463"><AttributeType>soft_lower_limit</AttributeType><IsRequired>false</IsRequired><Value i:nil="true"/></Attribute><Attribute z:Id="i464"><AttributeType>k_position</AttributeType><IsRequired>false</IsRequired><Value i:nil="true"/></Attribute><Attribute z:Id="i465"><AttributeType>k_velocity</AttributeType><IsRequired>true</IsRequired><Value i:nil="true"/></Attribute></Attributes><ChildElements/><ElementName>safety_controller</ElementName><required>false</required><KPositionAttribute z:Ref="i464"/><KVelocityAttribute z:Ref="i465"/><SoftLowerAttribute z:Ref="i463"/><SoftUpperAttribute z:Ref="i462"/></URDFElement><URDFElement z:Id="i466" i:type="Mimic"><Attributes><Attribute z:Id="i467"><AttributeType>joint</AttributeType><IsRequired>true</IsRequired><Value i:nil="true"/></Attribute><Attribute z:Id="i468"><AttributeType>multiplier</AttributeType><IsRequired>false</IsRequired><Value i:nil="true"/></Attribute><Attribute z:Id="i469"><AttributeType>offset</AttributeType><IsRequired>false</IsRequired><Value i:nil="true"/></Attribute></Attributes><ChildElements/><ElementName>mimic</ElementName><required>false</required><JointNameAttribute z:Ref="i467"/><MultiplierAttribute z:Ref="i468"/><OffsetAttribute z:Ref="i469"/></URDFElement></ChildElements><ElementName>joint</ElementName><required>false</required><Axis z:Ref="i448"/><AxisName>back_axis</AxisName><Calibration z:Ref="i455"/><Child z:Ref="i446"/><CoordinateSystemName>Origin_right_back_wheel_joint</CoordinateSystemName><Dynamics z:Ref="i458"/><Limit z:Ref="i450"/><Mimic z:Ref="i466"/><NameAttribute z:Ref="i439"/><Origin z:Ref="i441"/><Parent z:Ref="i444"/><Safety z:Ref="i461"/><TypeAttribute z:Ref="i440"/></URDFElement></ChildElements><ElementName>link</ElementName><required>true</required><Children/><Collision z:Ref="i431"/><Inertial z:Ref="i405"/><Joint z:Ref="i438"/><NameAttribute z:Ref="i404"/><Parent z:Ref="i1"/><STLQualityFine>false</STLQualityFine><SWComponentPIDs xmlns:a="http://schemas.microsoft.com/2003/10/Serialization/Arrays"><a:base64Binary>gD4AAAUAAAD//v9FVwBoAGUAZQBsACAAQQBzAHMAZQBtAGIAbAB5ACAAQgBhAGMAawAtADIAQABBAHMAcwBlAG0AYgBsAHkALwA1AGkAbgAgAEMAbwBsAHMAbwBuACAAVwBoAGUAZQBsAC0AMQBAAFcAaABlAGUAbAAgAEEAcwBzAGUAbQBiAGwAeQAgAEIAYQBjAGsABAAAABAAAAABAAAAAgAAAEIAAAAZAAAA</a:base64Binary></SWComponentPIDs><SWMainComponentPID i:nil="true"/><Visual z:Ref="i418"/><isFixedFrame>false</isFixedFrame><isIncomplete>false</isIncomplete></Link></Children><Collision z:Ref="i29"/><Inertial z:Ref="i3"/><Joint z:Ref="i36"/><NameAttribute z:Ref="i2"/><Parent i:nil="true"/><STLQualityFine>false</STLQualityFine><SWComponentPIDs xmlns:a="http://schemas.microsoft.com/2003/10/Serialization/Arrays"><a:base64Binary>gD4AAAUAAAD//v8VUwBpAGQAZQAgAFAAaQBlAGMAZQAtADEAQABBAHMAcwBlAG0AYgBsAHkABAAAABAAAAABAAAAAQAAABkAAAA=</a:base64Binary><a:base64Binary>gD4AAAUAAAD//v8VUwBpAGQAZQAgAFAAaQBlAGMAZQAtADIAQABBAHMAcwBlAG0AYgBsAHkABAAAABAAAAABAAAAAQAAADsAAAA=</a:base64Binary><a:base64Binary>gD4AAAUAAAD//v8cRgByAG8AbgB0ACAAQwBlAG4AdABlAHIAIABCAGUAYQBtAC0AMQBAAEEAcwBzAGUAbQBiAGwAeQAEAAAAEAAAAAEAAAABAAAAVQAAAA==</a:base64Binary><a:base64Binary>gD4AAAUAAAD//v8bQgBhAGMAawAgAEMAZQBuAHQAZQByACAAQgBlAGEAbQAtADEAQABBAHMAcwBlAG0AYgBsAHkABAAAABAAAAABAAAAAQAAAGIAAAA=</a:base64Binary><a:base64Binary>gD4AAAUAAAD//v8eTQBpAGQAZABsAGUAIABUAC0AUwBsAG8AdAAgAFAAaQBlAGMAZQAtADEAQABBAHMAcwBlAG0AYgBsAHkABAAAABAAAAABAAAAAQAAAHcAAAA=</a:base64Binary><a:base64Binary>gD4AAAUAAAD//v8cRgByAG8AbgB0ACAARgByAGEAbQBlACAAUABpAGUAYwBlAC0AMQBAAEEAcwBzAGUAbQBiAGwAeQAEAAAAEAAAAAEAAAABAAAAgQAAAA==</a:base64Binary><a:base64Binary>gD4AAAUAAAD//v8bQgBhAGMAawAgAEYAcgBhAG0AZQAgAFAAaQBlAGMAZQAtADEAQABBAHMAcwBlAG0AYgBsAHkABAAAABAAAAABAAAAAQAAAI4AAAA=</a:base64Binary><a:base64Binary>gD4AAAUAAAD//v8bTQBpAGQAZABsAGUAIABGAHIAbwBuAHQAIABCAGEAcgAtADEAQABBAHMAcwBlAG0AYgBsAHkABAAAABAAAAABAAAAAQAAAJ0AAAA=</a:base64Binary><a:base64Binary>gD4AAAUAAAD//v8bTQBpAGQAZABsAGUAIABGAHIAbwBuAHQAIABCAGEAcgAtADIAQABBAHMAcwBlAG0AYgBsAHkABAAAABAAAAABAAAAAQAAAJ8AAAA=</a:base64Binary><a:base64Binary>gD4AAAUAAAD//v8TRQBuAGQAIABDAGEAcAAtADEAMgBAAEEAcwBzAGUAbQBiAGwAeQAEAAAAEAAAAAEAAAABAAAAoQAAAA==</a:base64Binary><a:base64Binary>gD4AAAUAAAD//v8TRQBuAGQAIABDAGEAcAAtADEAMQBAAEEAcwBzAGUAbQBiAGwAeQAEAAAAEAAAAAEAAAABAAAAoAAAAA==</a:base64Binary><a:base64Binary>gD4AAAUAAAD//v8TRQBuAGQAIABDAGEAcAAtADEAMABAAEEAcwBzAGUAbQBiAGwAeQAEAAAAEAAAAAEAAAABAAAAngAAAA==</a:base64Binary><a:base64Binary>gD4AAAUAAAD//v8SRQBuAGQAIABDAGEAcAAtADkAQABBAHMAcwBlAG0AYgBsAHkABAAAABAAAAABAAAAAQAAAJwAAAA=</a:base64Binary><a:base64Binary>gD4AAAUAAAD//v8SRQBuAGQAIABDAGEAcAAtADgAQABBAHMAcwBlAG0AYgBsAHkABAAAABAAAAABAAAAAQAAAGQAAAA=</a:base64Binary><a:base64Binary>gD4AAAUAAAD//v8SRQBuAGQAIABDAGEAcAAtADcAQABBAHMAcwBlAG0AYgBsAHkABAAAABAAAAABAAAAAQAAAGMAAAA=</a:base64Binary><a:base64Binary>gD4AAAUAAAD//v8SRQBuAGQAIABDAGEAcAAtADYAQABBAHMAcwBlAG0AYgBsAHkABAAAABAAAAABAAAAAQAAAFcAAAA=</a:base64Binary><a:base64Binary>gD4AAAUAAAD//v8SRQBuAGQAIABDAGEAcAAtADUAQABBAHMAcwBlAG0AYgBsAHkABAAAABAAAAABAAAAAQAAAFYAAAA=</a:base64Binary><a:base64Binary>gD4AAAUAAAD//v8SRQBuAGQAIABDAGEAcAAtADQAQABBAHMAcwBlAG0AYgBsAHkABAAAABAAAAABAAAAAQAAADkAAAA=</a:base64Binary><a:base64Binary>gD4AAAUAAAD//v8SRQBuAGQAIABDAGEAcAAtADMAQABBAHMAcwBlAG0AYgBsAHkABAAAABAAAAABAAAAAQAAADgAAAA=</a:base64Binary><a:base64Binary>gD4AAAUAAAD//v8SRQBuAGQAIABDAGEAcAAtADIAQABBAHMAcwBlAG0AYgBsAHkABAAAABAAAAABAAAAAQAAAC0AAAA=</a:base64Binary><a:base64Binary>gD4AAAUAAAD//v8SRQBuAGQAIABDAGEAcAAtADEAQABBAHMAcwBlAG0AYgBsAHkABAAAABAAAAABAAAAAQAAACwAAAA=</a:base64Binary><a:base64Binary>gD4AAAUAAAD//v8kVABzAGwAbwB0ACAAQgBhAHQAdABlAHIAeQAgAEgAbwBsAGQAZQByACAAQgBhAHIAcwAtADEAQABBAHMAcwBlAG0AYgBsAHkABAAAABAAAAABAAAAAQAAADcBAAA=</a:base64Binary><a:base64Binary>gD4AAAUAAAD//v8kVABzAGwAbwB0ACAAQgBhAHQAdABlAHIAeQAgAEgAbwBsAGQAZQByACAAQgBhAHIAcwAtADIAQABBAHMAcwBlAG0AYgBsAHkABAAAABAAAAABAAAAAQAAADgBAAA=</a:base64Binary><a:base64Binary>gD4AAAUAAAD//v8kVABzAGwAbwB0ACAAQgBhAHQAdABlAHIAeQAgAEgAbwBsAGQAZQByACAAQgBhAHIAcwAtADMAQABBAHMAcwBlAG0AYgBsAHkABAAAABAAAAABAAAAAQAAADkBAAA=</a:base64Binary><a:base64Binary>gD4AAAUAAAD//v8iRQBsAGUAYwB0AHIAbwBuAGkAYwBzACAAQgBvAGEAcgBkACAAUwBpAGQAZQBzAC0AMQBAAEEAcwBzAGUAbQBiAGwAeQAEAAAAEAAAAAEAAAABAAAAWQEAAA==</a:base64Binary><a:base64Binary>gD4AAAUAAAD//v8iRQBsAGUAYwB0AHIAbwBuAGkAYwBzACAAQgBvAGEAcgBkACAAUwBpAGQAZQBzAC0AMgBAAEEAcwBzAGUAbQBiAGwAeQAEAAAAEAAAAAEAAAABAAAAWgEAAA==</a:base64Binary><a:base64Binary>gD4AAAUAAAD//v8UQgBhAGMAawAgAFIAYQBpAGwALQAyAEAAQQBzAHMAZQBtAGIAbAB5AAQAAAAQAAAAAQAAAAEAAABcAQAA</a:base64Binary><a:base64Binary>gD4AAAUAAAD//v8UQgBhAGMAawAgAFIAYQBpAGwALQAzAEAAQQBzAHMAZQBtAGIAbAB5AAQAAAAQAAAAAQAAAAEAAABdAQAA</a:base64Binary><a:base64Binary>gD4AAAUAAAD//v8mRQBsAGUAYwB0AHIAbwBuAGkAYwBzACAAQgBvAGEAcgBkACAAUwB0AGEAbgBkAG8AZgBmAHMALQAxAEAAQQBzAHMAZQBtAGIAbAB5AAQAAAAQAAAAAQAAAAEAAAB3AQAA</a:base64Binary><a:base64Binary>gD4AAAUAAAD//v8mRQBsAGUAYwB0AHIAbwBuAGkAYwBzACAAQgBvAGEAcgBkACAAUwB0AGEAbgBkAG8AZgBmAHMALQAyAEAAQQBzAHMAZQBtAGIAbAB5AAQAAAAQAAAAAQAAAAEAAAB4AQAA</a:base64Binary><a:base64Binary>gD4AAAUAAAD//v8mRQBsAGUAYwB0AHIAbwBuAGkAYwBzACAAQgBvAGEAcgBkACAAUwB0AGEAbgBkAG8AZgBmAHMALQAzAEAAQQBzAHMAZQBtAGIAbAB5AAQAAAAQAAAAAQAAAAEAAAB5AQAA</a:base64Binary><a:base64Binary>gD4AAAUAAAD//v8mRQBsAGUAYwB0AHIAbwBuAGkAYwBzACAAQgBvAGEAcgBkACAAUwB0AGEAbgBkAG8AZgBmAHMALQA0AEAAQQBzAHMAZQBtAGIAbAB5AAQAAAAQAAAAAQAAAAEAAAB6AQAA</a:base64Binary><a:base64Binary>gD4AAAUAAAD//v8aTgBlAHcAIAAxADIAVgAgAGIAYQB0AHQAZQByAHkALQAyAEAAQQBzAHMAZQBtAGIAbAB5AAQAAAAQAAAAAQAAAAEAAAAqAgAA</a:base64Binary><a:base64Binary>gD4AAAUAAAD//v8TRwBlAGEAcgBiAG8AeAAyAC0AMQBAAEEAcwBzAGUAbQBiAGwAeQAEAAAAEAAAAAEAAAABAAAAQQIAAA==</a:base64Binary><a:base64Binary>gD4AAAUAAAD//v8TRwBlAGEAcgBiAG8AeAAyAC0AMgBAAEEAcwBzAGUAbQBiAGwAeQAEAAAAEAAAAAEAAAABAAAAWwIAAA==</a:base64Binary><a:base64Binary>gD4AAAUAAAD//v8fQwBvAGwAcwBvAG4AIABoAGUAeAAgAHcAaABlAGUAbAAgAGgAdQBiAC0AMgBAAEEAcwBzAGUAbQBiAGwAeQAEAAAAEAAAAAEAAAABAAAAYAIAAA==</a:base64Binary><a:base64Binary>gD4AAAUAAAD//v8fQwBvAGwAcwBvAG4AIABoAGUAeAAgAHcAaABlAGUAbAAgAGgAdQBiAC0AMQBAAEEAcwBzAGUAbQBiAGwAeQAEAAAAEAAAAAEAAAABAAAASgIAAA==</a:base64Binary><a:base64Binary>gD4AAAUAAAD//v8kVABzAGwAbwB0ACAAQgBhAHQAdABlAHIAeQAgAEgAbwBsAGQAZQByACAAQgBhAHIAcwAtADQAQABBAHMAcwBlAG0AYgBsAHkABAAAABAAAAABAAAAAQAAAHcCAAA=</a:base64Binary><a:base64Binary>gD4AAAUAAAD//v9KVwBoAGUAZQBsACAAQQBzAHMAZQBtAGIAbAB5ACAAQgBhAGMAawAtADIAQABBAHMAcwBlAG0AYgBsAHkALwBLAGUAeQBlAGQAIABzAGgAYQBmAHQAIAB3AGgAZQBlAGwAIABoAHUAYgAtADEAQABXAGgAZQBlAGwAIABBAHMAcwBlAG0AYgBsAHkAIABCAGEAYwBrAAQAAAAQAAAAAQAAAAIAAABCAAAAGgAAAA==</a:base64Binary><a:base64Binary>gD4AAAUAAAD//v9KUwBpAGQAZQAgAFcAaABlAGUAbAAgAEEAcwBzAGUAbQBiAGwAeQAtADMAQABBAHMAcwBlAG0AYgBsAHkALwBLAGUAeQBlAGQAIABzAGgAYQBmAHQAIAB3AGgAZQBlAGwAIABoAHUAYgAtADEAQABTAGkAZABlACAAVwBoAGUAZQBsACAAQQBzAHMAZQBtAGIAbAB5AAQAAAAQAAAAAQAAAAIAAAA8AAAAGgAAAA==</a:base64Binary><a:base64Binary>gD4AAAUAAAD//v9GUwBpAGQAZQAgAFcAaABlAGUAbAAgAEEAcwBzAGUAbQBiAGwAeQAtADEAQABBAHMAcwBlAG0AYgBsAHkALwBLAGUAeQBlAGQAIABTAGgAYQBmAHQAIABTAGkAZABlAHMALQAxAEAAUwBpAGQAZQAgAFcAaABlAGUAbAAgAEEAcwBzAGUAbQBiAGwAeQAEAAAAEAAAAAEAAAACAAAAGAAAABgAAAA=</a:base64Binary><a:base64Binary>gD4AAAUAAAD//v9KVwBoAGUAZQBsACAAQQBzAHMAZQBtAGIAbAB5ACAAQgBhAGMAawAtADEAQABBAHMAcwBlAG0AYgBsAHkALwBLAGUAeQBlAGQAIABzAGgAYQBmAHQAIAB3AGgAZQBlAGwAIABoAHUAYgAtADEAQABXAGgAZQBlAGwAIABBAHMAcwBlAG0AYgBsAHkAIABCAGEAYwBrAAQAAAAQAAAAAQAAAAIAAAAlAAAAGgAAAA==</a:base64Binary><a:base64Binary>gD4AAAUAAAD//v9KUwBpAGQAZQAgAFcAaABlAGUAbAAgAEEAcwBzAGUAbQBiAGwAeQAtADEAQABBAHMAcwBlAG0AYgBsAHkALwBLAGUAeQBlAGQAIABzAGgAYQBmAHQAIAB3AGgAZQBlAGwAIABoAHUAYgAtADEAQABTAGkAZABlACAAVwBoAGUAZQBsACAAQQBzAHMAZQBtAGIAbAB5AAQAAAAQAAAAAQAAAAIAAAAYAAAAGgAAAA==</a:base64Binary><a:base64Binary>gD4AAAUAAAD//v9FVwBoAGUAZQBsACAAQQBzAHMAZQBtAGIAbAB5ACAAQgBhAGMAawAtADEAQABBAHMAcwBlAG0AYgBsAHkALwBLAGUAeQBlAGQAIABTAGgAYQBmAHQAIABCAGEAYwBrAC0AMQBAAFcAaABlAGUAbAAgAEEAcwBzAGUAbQBiAGwAeQAgAEIAYQBjAGsABAAAABAAAAABAAAAAgAAACUAAAAYAAAA</a:base64Binary><a:base64Binary>gD4AAAUAAAD//v9GUwBpAGQAZQAgAFcAaABlAGUAbAAgAEEAcwBzAGUAbQBiAGwAeQAtADMAQABBAHMAcwBlAG0AYgBsAHkALwBLAGUAeQBlAGQAIABTAGgAYQBmAHQAIABTAGkAZABlAHMALQAxAEAAUwBpAGQAZQAgAFcAaABlAGUAbAAgAEEAcwBzAGUAbQBiAGwAeQAEAAAAEAAAAAEAAAACAAAAPAAAABgAAAA=</a:base64Binary><a:base64Binary>gD4AAAUAAAD//v9FVwBoAGUAZQBsACAAQQBzAHMAZQBtAGIAbAB5ACAAQgBhAGMAawAtADIAQABBAHMAcwBlAG0AYgBsAHkALwBLAGUAeQBlAGQAIABTAGgAYQBmAHQAIABCAGEAYwBrAC0AMQBAAFcAaABlAGUAbAAgAEEAcwBzAGUAbQBiAGwAeQAgAEIAYQBjAGsABAAAABAAAAABAAAAAgAAAEIAAAAYAAAA</a:base64Binary></SWComponentPIDs><SWMainComponentPID i:nil="true"/><Visual z:Ref="i16"/><isFixedFrame>false</isFixedFrame><isIncomplete>false</isIncomplete></Link>
2025-04-17 14:18:02,792 INFO  AssemblyExportForm.cs: 309 - Saving URDF package to C:\Users\joeys\Downloads\full_ugv_robot_urdf
2025-04-17 14:18:02,792 INFO  ExportHelper.cs: 147 - Beginning the export process
2025-04-17 14:18:02,792 INFO  ExportHelper.cs: 153 - Creating package directories with name full_ugv_robot_urdf and save path C:\Users\joeys\Downloads
2025-04-17 14:18:04,936 INFO  ExportHelper.cs: 162 - Creating CMakeLists.txt at C:\Users\joeys\Downloads\full_ugv_robot_urdf\CMakeLists.txt
2025-04-17 14:18:04,936 INFO  ExportHelper.cs: 166 - Creating joint names config at C:\Users\joeys\Downloads\full_ugv_robot_urdf\config\joint_names_full_ugv_robot_urdf.yaml
2025-04-17 14:18:04,936 INFO  ExportHelper.cs: 170 - Creating package.xml at C:\Users\joeys\Downloads\full_ugv_robot_urdf\package.xml
2025-04-17 14:18:04,936 INFO  PackageXMLWriter.cs: 21 - Creating package.xml at C:\Users\joeys\Downloads\full_ugv_robot_urdf\package.xml
2025-04-17 14:18:04,936 INFO  ExportHelper.cs: 177 - Creating RVIZ launch file in C:\Users\joeys\Downloads\full_ugv_robot_urdf\launch\
2025-04-17 14:18:04,952 INFO  ExportHelper.cs: 182 - Creating Gazebo launch file in C:\Users\joeys\Downloads\full_ugv_robot_urdf\launch\
2025-04-17 14:18:04,954 INFO  ExportHelper.cs: 187 - Saving existing STL preferences
2025-04-17 14:18:04,954 INFO  ExportHelper.cs: 450 - Saving users preferences
2025-04-17 14:18:04,956 INFO  ExportHelper.cs: 190 - Modifying STL preferences
2025-04-17 14:18:04,956 INFO  ExportHelper.cs: 464 - Setting STL preferences
2025-04-17 14:18:04,958 INFO  ExportHelper.cs: 196 - Found 0 hidden components 
2025-04-17 14:18:04,958 INFO  ExportHelper.cs: 197 - Hiding all components
2025-04-17 14:18:05,730 INFO  ExportHelper.cs: 204 - Beginning individual files export
2025-04-17 14:18:05,746 INFO  ExportHelper.cs: 270 - Exporting link: drivetrain_base_link
2025-04-17 14:18:05,746 INFO  ExportHelper.cs: 272 - Link drivetrain_base_link has 6 children
2025-04-17 14:18:05,746 INFO  ExportHelper.cs: 270 - Exporting link: left_wheel
2025-04-17 14:18:05,746 INFO  ExportHelper.cs: 272 - Link left_wheel has 0 children
2025-04-17 14:18:05,746 INFO  ExportHelper.cs: 317 - left_wheel: Exporting STL with coordinate frame Origin_left_wheel_joint
2025-04-17 14:18:05,746 INFO  ExportHelper.cs: 322 - left_wheel: Reference geometry name 
2025-04-17 14:18:05,828 INFO  ExportHelper.cs: 330 - Saving STL to C:\Users\joeys\Downloads\full_ugv_robot_urdf\meshes\left_wheel.STL
2025-04-17 14:18:06,001 INFO  ExportHelper.cs: 405 - Removing SW header in STL file
2025-04-17 14:18:06,001 INFO  ExportHelper.cs: 270 - Exporting link: right_wheel
2025-04-17 14:18:06,001 INFO  ExportHelper.cs: 272 - Link right_wheel has 0 children
2025-04-17 14:18:06,001 INFO  ExportHelper.cs: 317 - right_wheel: Exporting STL with coordinate frame Origin_right_wheel_joint
2025-04-17 14:18:06,001 INFO  ExportHelper.cs: 322 - right_wheel: Reference geometry name 
2025-04-17 14:18:06,048 INFO  ExportHelper.cs: 330 - Saving STL to C:\Users\joeys\Downloads\full_ugv_robot_urdf\meshes\right_wheel.STL
2025-04-17 14:18:06,191 INFO  ExportHelper.cs: 405 - Removing SW header in STL file
2025-04-17 14:18:06,191 INFO  ExportHelper.cs: 270 - Exporting link: left_front_wheel
2025-04-17 14:18:06,191 INFO  ExportHelper.cs: 272 - Link left_front_wheel has 0 children
2025-04-17 14:18:06,191 INFO  ExportHelper.cs: 317 - left_front_wheel: Exporting STL with coordinate frame Origin_left_front_wheel_joint
2025-04-17 14:18:06,203 INFO  ExportHelper.cs: 322 - left_front_wheel: Reference geometry name 
2025-04-17 14:18:06,254 INFO  ExportHelper.cs: 330 - Saving STL to C:\Users\joeys\Downloads\full_ugv_robot_urdf\meshes\left_front_wheel.STL
2025-04-17 14:18:06,397 INFO  ExportHelper.cs: 405 - Removing SW header in STL file
2025-04-17 14:18:06,397 INFO  ExportHelper.cs: 270 - Exporting link: right_front_wheel
2025-04-17 14:18:06,397 INFO  ExportHelper.cs: 272 - Link right_front_wheel has 0 children
2025-04-17 14:18:06,397 INFO  ExportHelper.cs: 317 - right_front_wheel: Exporting STL with coordinate frame Origin_right_front_wheel_joint
2025-04-17 14:18:06,397 INFO  ExportHelper.cs: 322 - right_front_wheel: Reference geometry name 
2025-04-17 14:18:06,463 INFO  ExportHelper.cs: 330 - Saving STL to C:\Users\joeys\Downloads\full_ugv_robot_urdf\meshes\right_front_wheel.STL
2025-04-17 14:18:06,587 INFO  ExportHelper.cs: 405 - Removing SW header in STL file
2025-04-17 14:18:06,587 INFO  ExportHelper.cs: 270 - Exporting link: left_back_wheel
2025-04-17 14:18:06,587 INFO  ExportHelper.cs: 272 - Link left_back_wheel has 0 children
2025-04-17 14:18:06,587 INFO  ExportHelper.cs: 317 - left_back_wheel: Exporting STL with coordinate frame Origin_left_back_wheel_joint
2025-04-17 14:18:06,587 INFO  ExportHelper.cs: 322 - left_back_wheel: Reference geometry name 
2025-04-17 14:18:06,652 INFO  ExportHelper.cs: 330 - Saving STL to C:\Users\joeys\Downloads\full_ugv_robot_urdf\meshes\left_back_wheel.STL
2025-04-17 14:18:06,801 INFO  ExportHelper.cs: 405 - Removing SW header in STL file
2025-04-17 14:18:06,801 INFO  ExportHelper.cs: 270 - Exporting link: right_back_wheel
2025-04-17 14:18:06,801 INFO  ExportHelper.cs: 272 - Link right_back_wheel has 0 children
2025-04-17 14:18:06,801 INFO  ExportHelper.cs: 317 - right_back_wheel: Exporting STL with coordinate frame Origin_right_back_wheel_joint
2025-04-17 14:18:06,801 INFO  ExportHelper.cs: 322 - right_back_wheel: Reference geometry name 
2025-04-17 14:18:06,862 INFO  ExportHelper.cs: 330 - Saving STL to C:\Users\joeys\Downloads\full_ugv_robot_urdf\meshes\right_back_wheel.STL
2025-04-17 14:18:07,020 INFO  ExportHelper.cs: 405 - Removing SW header in STL file
2025-04-17 14:18:07,020 INFO  ExportHelper.cs: 317 - drivetrain_base_link: Exporting STL with coordinate frame Coordinate System2
2025-04-17 14:18:07,020 INFO  ExportHelper.cs: 322 - drivetrain_base_link: Reference geometry name 
2025-04-17 14:18:07,315 INFO  ExportHelper.cs: 330 - Saving STL to C:\Users\joeys\Downloads\full_ugv_robot_urdf\meshes\drivetrain_base_link.STL
2025-04-17 14:18:13,837 INFO  ExportHelper.cs: 405 - Removing SW header in STL file
2025-04-17 14:18:13,837 INFO  ExportHelper.cs: 145 - Showing all components except previously hidden components
2025-04-17 14:18:15,796 INFO  ExportHelper.cs: 145 - Resetting STL preferences
2025-04-17 14:18:15,796 INFO  ExportHelper.cs: 478 - Returning STL preferences to user preferences
2025-04-17 14:18:15,796 INFO  ExportHelper.cs: 228 - Writing URDF file to C:\Users\joeys\Downloads\full_ugv_robot_urdf\urdf\full_ugv_robot_urdf.urdf
2025-04-17 14:18:15,812 INFO  CSVImportExport.cs: 32 - Writing CSV file C:\Users\joeys\Downloads\full_ugv_robot_urdf\urdf\full_ugv_robot_urdf.csv
2025-04-17 14:18:15,844 ERROR CSVImportExport.cs: 130 - The following columns were not written to the CSV: Link.Joint.ChildLink.link,
2025-04-17 14:18:15,844 ERROR CSVImportExport.cs: 130 - The following columns were not written to the CSV: Link.Joint.ChildLink.link,
2025-04-17 14:18:15,844 ERROR CSVImportExport.cs: 130 - The following columns were not written to the CSV: Link.Joint.ChildLink.link,
2025-04-17 14:18:15,844 ERROR CSVImportExport.cs: 130 - The following columns were not written to the CSV: Link.Joint.ChildLink.link,
2025-04-17 14:18:15,846 ERROR CSVImportExport.cs: 130 - The following columns were not written to the CSV: Link.Joint.ChildLink.link,
2025-04-17 14:18:15,846 ERROR CSVImportExport.cs: 130 - The following columns were not written to the CSV: Link.Joint.ChildLink.link,
2025-04-17 14:18:15,846 ERROR CSVImportExport.cs: 130 - The following columns were not written to the CSV: Link.Joint.ChildLink.link,
2025-04-17 14:18:15,846 INFO  ExportHelper.cs: 234 - Copying log file
2025-04-17 14:18:15,850 INFO  ExportHelper.cs: 439 - Copying C:\Users\joeys\sw2urdf_logs\sw2urdf.log to C:\Users\joeys\Downloads\full_ugv_robot_urdf\export.log
