2025-04-12 19:13:25,785 INFO  Logger.cs: 70 - 
--------------------------------------------------------------------------------
2025-04-12 19:13:25,848 INFO  Logger.cs: 71 - Logging commencing for SW2URDF exporter
2025-04-12 19:13:25,850 INFO  Logger.cs: 73 - Commit version 1.6.0-4-g7f85cfe
2025-04-12 19:13:25,850 INFO  Logger.cs: 74 - Build version 1.6.7995.38578
2025-04-12 19:13:25,850 INFO  SwAddin.cs: 192 - Attempting to connect to SW
2025-04-12 19:13:25,853 INFO  SwAddin.cs: 197 - Setting up callbacks
2025-04-12 19:13:25,853 INFO  SwAddin.cs: 201 - Setting up command manager
2025-04-12 19:13:25,853 INFO  SwAddin.cs: 204 - Adding command manager
2025-04-12 19:13:25,855 INFO  SwAddin.cs: 263 - Adding Assembly export to file menu
2025-04-12 19:13:25,855 INFO  SwAddin.cs: 272 - Adding Part export to file menu
2025-04-12 19:13:25,855 INFO  SwAddin.cs: 210 - Adding event handlers
2025-04-12 19:13:25,859 INFO  SwAddin.cs: 217 - Connecting plugin to SolidWorks
2025-04-12 19:22:05,545 INFO  SwAddin.cs: 294 - Assembly export called for file Assembly.SLDASM
2025-04-12 19:22:08,028 INFO  SwAddin.cs: 313 - Saving assembly
2025-04-12 19:22:09,137 INFO  SwAddin.cs: 316 - Opening property manager
2025-04-12 19:22:09,153 INFO  ExportHelperExtension.cs: 1125 - Retrieving features of type [CoordSys] from Assembly.SLDASM
2025-04-12 19:22:09,153 INFO  ExportHelperExtension.cs: 1136 - Found 285 in Assembly.SLDASM
2025-04-12 19:22:09,153 INFO  ExportHelperExtension.cs: 1145 - Found 1 features of type [CoordSys] in Assembly.SLDASM
2025-04-12 19:22:09,153 INFO  ExportHelperExtension.cs: 1148 - Proceeding through assembly components
2025-04-12 19:22:09,169 INFO  ExportHelperExtension.cs: 1160 - 56 components to check
2025-04-12 19:22:09,169 INFO  ExportHelperExtension.cs: 1125 - Retrieving features of type [CoordSys] from Side Piece-2
2025-04-12 19:22:09,169 INFO  ExportHelperExtension.cs: 1136 - Found 48 in Side Piece-2
2025-04-12 19:22:09,169 INFO  ExportHelperExtension.cs: 1145 - Found 0 features of type [CoordSys] in Side Piece-2
2025-04-12 19:22:09,169 INFO  ExportHelperExtension.cs: 1125 - Retrieving features of type [CoordSys] from Wheel Assembly Back-2
2025-04-12 19:22:09,532 INFO  ExportHelperExtension.cs: 1136 - Found 40 in Wheel Assembly Back-2
2025-04-12 19:22:09,532 INFO  ExportHelperExtension.cs: 1145 - Found 0 features of type [CoordSys] in Wheel Assembly Back-2
2025-04-12 19:22:09,532 INFO  ExportHelperExtension.cs: 1125 - Retrieving features of type [CoordSys] from End Cap-6
2025-04-12 19:22:09,532 INFO  ExportHelperExtension.cs: 1136 - Found 40 in End Cap-6
2025-04-12 19:22:09,532 INFO  ExportHelperExtension.cs: 1145 - Found 0 features of type [CoordSys] in End Cap-6
2025-04-12 19:22:09,532 INFO  ExportHelperExtension.cs: 1125 - Retrieving features of type [CoordSys] from End Cap-3
2025-04-12 19:22:09,532 INFO  ExportHelperExtension.cs: 1136 - Found 40 in End Cap-3
2025-04-12 19:22:09,532 INFO  ExportHelperExtension.cs: 1145 - Found 0 features of type [CoordSys] in End Cap-3
2025-04-12 19:22:09,532 INFO  ExportHelperExtension.cs: 1125 - Retrieving features of type [CoordSys] from End Cap-8
2025-04-12 19:22:09,532 INFO  ExportHelperExtension.cs: 1136 - Found 40 in End Cap-8
2025-04-12 19:22:09,532 INFO  ExportHelperExtension.cs: 1145 - Found 0 features of type [CoordSys] in End Cap-8
2025-04-12 19:22:09,532 INFO  ExportHelperExtension.cs: 1125 - Retrieving features of type [CoordSys] from End Cap-2
2025-04-12 19:22:09,532 INFO  ExportHelperExtension.cs: 1136 - Found 40 in End Cap-2
2025-04-12 19:22:09,532 INFO  ExportHelperExtension.cs: 1145 - Found 0 features of type [CoordSys] in End Cap-2
2025-04-12 19:22:09,532 INFO  ExportHelperExtension.cs: 1125 - Retrieving features of type [CoordSys] from End Cap-1
2025-04-12 19:22:09,532 INFO  ExportHelperExtension.cs: 1136 - Found 40 in End Cap-1
2025-04-12 19:22:09,532 INFO  ExportHelperExtension.cs: 1145 - Found 0 features of type [CoordSys] in End Cap-1
2025-04-12 19:22:09,532 INFO  ExportHelperExtension.cs: 1125 - Retrieving features of type [CoordSys] from Side Piece-1
2025-04-12 19:22:09,532 INFO  ExportHelperExtension.cs: 1136 - Found 48 in Side Piece-1
2025-04-12 19:22:09,532 INFO  ExportHelperExtension.cs: 1145 - Found 0 features of type [CoordSys] in Side Piece-1
2025-04-12 19:22:09,532 INFO  ExportHelperExtension.cs: 1125 - Retrieving features of type [CoordSys] from Wheel Assembly Back-1
2025-04-12 19:22:09,532 INFO  ExportHelperExtension.cs: 1136 - Found 40 in Wheel Assembly Back-1
2025-04-12 19:22:09,532 INFO  ExportHelperExtension.cs: 1145 - Found 0 features of type [CoordSys] in Wheel Assembly Back-1
2025-04-12 19:22:09,532 INFO  ExportHelperExtension.cs: 1125 - Retrieving features of type [CoordSys] from Side Wheel Assembly-1
2025-04-12 19:22:09,532 INFO  ExportHelperExtension.cs: 1136 - Found 38 in Side Wheel Assembly-1
2025-04-12 19:22:09,532 INFO  ExportHelperExtension.cs: 1145 - Found 0 features of type [CoordSys] in Side Wheel Assembly-1
2025-04-12 19:22:09,532 INFO  ExportHelperExtension.cs: 1125 - Retrieving features of type [CoordSys] from End Cap-4
2025-04-12 19:22:09,532 INFO  ExportHelperExtension.cs: 1136 - Found 40 in End Cap-4
2025-04-12 19:22:09,532 INFO  ExportHelperExtension.cs: 1145 - Found 0 features of type [CoordSys] in End Cap-4
2025-04-12 19:22:09,532 INFO  ExportHelperExtension.cs: 1125 - Retrieving features of type [CoordSys] from Side Wheel Assembly-3
2025-04-12 19:22:09,532 INFO  ExportHelperExtension.cs: 1136 - Found 38 in Side Wheel Assembly-3
2025-04-12 19:22:09,532 INFO  ExportHelperExtension.cs: 1145 - Found 0 features of type [CoordSys] in Side Wheel Assembly-3
2025-04-12 19:22:09,548 INFO  ExportHelperExtension.cs: 1125 - Retrieving features of type [CoordSys] from Front Center Beam-1
2025-04-12 19:22:09,548 INFO  ExportHelperExtension.cs: 1136 - Found 44 in Front Center Beam-1
2025-04-12 19:22:09,548 INFO  ExportHelperExtension.cs: 1145 - Found 0 features of type [CoordSys] in Front Center Beam-1
2025-04-12 19:22:09,549 INFO  ExportHelperExtension.cs: 1125 - Retrieving features of type [CoordSys] from End Cap-5
2025-04-12 19:22:09,549 INFO  ExportHelperExtension.cs: 1136 - Found 40 in End Cap-5
2025-04-12 19:22:09,549 INFO  ExportHelperExtension.cs: 1145 - Found 0 features of type [CoordSys] in End Cap-5
2025-04-12 19:22:09,549 INFO  ExportHelperExtension.cs: 1125 - Retrieving features of type [CoordSys] from Back Center Beam-1
2025-04-12 19:22:09,549 INFO  ExportHelperExtension.cs: 1136 - Found 41 in Back Center Beam-1
2025-04-12 19:22:09,549 INFO  ExportHelperExtension.cs: 1145 - Found 0 features of type [CoordSys] in Back Center Beam-1
2025-04-12 19:22:09,549 INFO  ExportHelperExtension.cs: 1125 - Retrieving features of type [CoordSys] from End Cap-7
2025-04-12 19:22:09,549 INFO  ExportHelperExtension.cs: 1136 - Found 40 in End Cap-7
2025-04-12 19:22:09,549 INFO  ExportHelperExtension.cs: 1145 - Found 0 features of type [CoordSys] in End Cap-7
2025-04-12 19:22:09,549 INFO  ExportHelperExtension.cs: 1125 - Retrieving features of type [CoordSys] from Middle Front Bar-1
2025-04-12 19:22:09,549 INFO  ExportHelperExtension.cs: 1136 - Found 34 in Middle Front Bar-1
2025-04-12 19:22:09,549 INFO  ExportHelperExtension.cs: 1145 - Found 0 features of type [CoordSys] in Middle Front Bar-1
2025-04-12 19:22:09,549 INFO  ExportHelperExtension.cs: 1125 - Retrieving features of type [CoordSys] from End Cap-12
2025-04-12 19:22:09,549 INFO  ExportHelperExtension.cs: 1136 - Found 40 in End Cap-12
2025-04-12 19:22:09,549 INFO  ExportHelperExtension.cs: 1145 - Found 0 features of type [CoordSys] in End Cap-12
2025-04-12 19:22:09,549 INFO  ExportHelperExtension.cs: 1125 - Retrieving features of type [CoordSys] from Electronics Board Sides-1
2025-04-12 19:22:09,549 INFO  ExportHelperExtension.cs: 1136 - Found 40 in Electronics Board Sides-1
2025-04-12 19:22:09,549 INFO  ExportHelperExtension.cs: 1145 - Found 0 features of type [CoordSys] in Electronics Board Sides-1
2025-04-12 19:22:09,549 INFO  ExportHelperExtension.cs: 1125 - Retrieving features of type [CoordSys] from Tslot Battery Holder Bars-3
2025-04-12 19:22:09,549 INFO  ExportHelperExtension.cs: 1136 - Found 40 in Tslot Battery Holder Bars-3
2025-04-12 19:22:09,549 INFO  ExportHelperExtension.cs: 1145 - Found 0 features of type [CoordSys] in Tslot Battery Holder Bars-3
2025-04-12 19:22:09,549 INFO  ExportHelperExtension.cs: 1125 - Retrieving features of type [CoordSys] from Tslot Battery Holder Bars-2
2025-04-12 19:22:09,549 INFO  ExportHelperExtension.cs: 1136 - Found 40 in Tslot Battery Holder Bars-2
2025-04-12 19:22:09,549 INFO  ExportHelperExtension.cs: 1145 - Found 0 features of type [CoordSys] in Tslot Battery Holder Bars-2
2025-04-12 19:22:09,549 INFO  ExportHelperExtension.cs: 1125 - Retrieving features of type [CoordSys] from Electronics Board Standoffs-1
2025-04-12 19:22:09,549 INFO  ExportHelperExtension.cs: 1136 - Found 40 in Electronics Board Standoffs-1
2025-04-12 19:22:09,549 INFO  ExportHelperExtension.cs: 1145 - Found 0 features of type [CoordSys] in Electronics Board Standoffs-1
2025-04-12 19:22:09,549 INFO  ExportHelperExtension.cs: 1125 - Retrieving features of type [CoordSys] from Middle T-Slot Piece-1
2025-04-12 19:22:09,549 INFO  ExportHelperExtension.cs: 1136 - Found 51 in Middle T-Slot Piece-1
2025-04-12 19:22:09,549 INFO  ExportHelperExtension.cs: 1145 - Found 0 features of type [CoordSys] in Middle T-Slot Piece-1
2025-04-12 19:22:09,549 INFO  ExportHelperExtension.cs: 1125 - Retrieving features of type [CoordSys] from End Cap-10
2025-04-12 19:22:09,549 INFO  ExportHelperExtension.cs: 1136 - Found 40 in End Cap-10
2025-04-12 19:22:09,549 INFO  ExportHelperExtension.cs: 1145 - Found 0 features of type [CoordSys] in End Cap-10
2025-04-12 19:22:09,549 INFO  ExportHelperExtension.cs: 1125 - Retrieving features of type [CoordSys] from Front Frame Piece-1
2025-04-12 19:22:09,549 INFO  ExportHelperExtension.cs: 1136 - Found 38 in Front Frame Piece-1
2025-04-12 19:22:09,549 INFO  ExportHelperExtension.cs: 1145 - Found 0 features of type [CoordSys] in Front Frame Piece-1
2025-04-12 19:22:09,549 INFO  ExportHelperExtension.cs: 1125 - Retrieving features of type [CoordSys] from Back Frame Piece-1
2025-04-12 19:22:09,549 INFO  ExportHelperExtension.cs: 1136 - Found 42 in Back Frame Piece-1
2025-04-12 19:22:09,549 INFO  ExportHelperExtension.cs: 1145 - Found 0 features of type [CoordSys] in Back Frame Piece-1
2025-04-12 19:22:09,549 INFO  ExportHelperExtension.cs: 1125 - Retrieving features of type [CoordSys] from End Cap-9
2025-04-12 19:22:09,549 INFO  ExportHelperExtension.cs: 1136 - Found 40 in End Cap-9
2025-04-12 19:22:09,549 INFO  ExportHelperExtension.cs: 1145 - Found 0 features of type [CoordSys] in End Cap-9
2025-04-12 19:22:09,549 INFO  ExportHelperExtension.cs: 1125 - Retrieving features of type [CoordSys] from Middle Front Bar-2
2025-04-12 19:22:09,564 INFO  ExportHelperExtension.cs: 1136 - Found 34 in Middle Front Bar-2
2025-04-12 19:22:09,564 INFO  ExportHelperExtension.cs: 1145 - Found 0 features of type [CoordSys] in Middle Front Bar-2
2025-04-12 19:22:09,564 INFO  ExportHelperExtension.cs: 1125 - Retrieving features of type [CoordSys] from End Cap-11
2025-04-12 19:22:09,564 INFO  ExportHelperExtension.cs: 1136 - Found 40 in End Cap-11
2025-04-12 19:22:09,564 INFO  ExportHelperExtension.cs: 1145 - Found 0 features of type [CoordSys] in End Cap-11
2025-04-12 19:22:09,564 INFO  ExportHelperExtension.cs: 1125 - Retrieving features of type [CoordSys] from Tslot Battery Holder Bars-1
2025-04-12 19:22:09,564 INFO  ExportHelperExtension.cs: 1136 - Found 40 in Tslot Battery Holder Bars-1
2025-04-12 19:22:09,564 INFO  ExportHelperExtension.cs: 1145 - Found 0 features of type [CoordSys] in Tslot Battery Holder Bars-1
2025-04-12 19:22:09,564 INFO  ExportHelperExtension.cs: 1125 - Retrieving features of type [CoordSys] from Back Rail-3
2025-04-12 19:22:09,564 INFO  ExportHelperExtension.cs: 1136 - Found 39 in Back Rail-3
2025-04-12 19:22:09,564 INFO  ExportHelperExtension.cs: 1145 - Found 0 features of type [CoordSys] in Back Rail-3
2025-04-12 19:22:09,564 INFO  ExportHelperExtension.cs: 1125 - Retrieving features of type [CoordSys] from Back Rail-2
2025-04-12 19:22:09,564 INFO  ExportHelperExtension.cs: 1136 - Found 39 in Back Rail-2
2025-04-12 19:22:09,564 INFO  ExportHelperExtension.cs: 1145 - Found 0 features of type [CoordSys] in Back Rail-2
2025-04-12 19:22:09,564 INFO  ExportHelperExtension.cs: 1125 - Retrieving features of type [CoordSys] from Electronics Board Sides-2
2025-04-12 19:22:09,564 INFO  ExportHelperExtension.cs: 1136 - Found 40 in Electronics Board Sides-2
2025-04-12 19:22:09,564 INFO  ExportHelperExtension.cs: 1145 - Found 0 features of type [CoordSys] in Electronics Board Sides-2
2025-04-12 19:22:09,564 INFO  ExportHelperExtension.cs: 1125 - Retrieving features of type [CoordSys] from New 12V battery-2
2025-04-12 19:22:09,564 INFO  ExportHelperExtension.cs: 1136 - Found 25 in New 12V battery-2
2025-04-12 19:22:09,564 INFO  ExportHelperExtension.cs: 1145 - Found 0 features of type [CoordSys] in New 12V battery-2
2025-04-12 19:22:09,564 INFO  ExportHelperExtension.cs: 1125 - Retrieving features of type [CoordSys] from Electronics Board Standoffs-3
2025-04-12 19:22:09,564 INFO  ExportHelperExtension.cs: 1136 - Found 40 in Electronics Board Standoffs-3
2025-04-12 19:22:09,564 INFO  ExportHelperExtension.cs: 1145 - Found 0 features of type [CoordSys] in Electronics Board Standoffs-3
2025-04-12 19:22:09,564 INFO  ExportHelperExtension.cs: 1125 - Retrieving features of type [CoordSys] from Electronics Board Standoffs-2
2025-04-12 19:22:09,564 INFO  ExportHelperExtension.cs: 1136 - Found 40 in Electronics Board Standoffs-2
2025-04-12 19:22:09,564 INFO  ExportHelperExtension.cs: 1145 - Found 0 features of type [CoordSys] in Electronics Board Standoffs-2
2025-04-12 19:22:09,564 INFO  ExportHelperExtension.cs: 1125 - Retrieving features of type [CoordSys] from Bearing block-1
2025-04-12 19:22:09,564 INFO  ExportHelperExtension.cs: 1136 - Found 28 in Bearing block-1
2025-04-12 19:22:09,564 INFO  ExportHelperExtension.cs: 1145 - Found 0 features of type [CoordSys] in Bearing block-1
2025-04-12 19:22:09,564 INFO  ExportHelperExtension.cs: 1125 - Retrieving features of type [CoordSys] from Bearing block-2
2025-04-12 19:22:09,564 INFO  ExportHelperExtension.cs: 1136 - Found 28 in Bearing block-2
2025-04-12 19:22:09,564 INFO  ExportHelperExtension.cs: 1145 - Found 0 features of type [CoordSys] in Bearing block-2
2025-04-12 19:22:09,564 INFO  ExportHelperExtension.cs: 1125 - Retrieving features of type [CoordSys] from Bearing block-4
2025-04-12 19:22:09,564 INFO  ExportHelperExtension.cs: 1136 - Found 28 in Bearing block-4
2025-04-12 19:22:09,564 INFO  ExportHelperExtension.cs: 1145 - Found 0 features of type [CoordSys] in Bearing block-4
2025-04-12 19:22:09,564 INFO  ExportHelperExtension.cs: 1125 - Retrieving features of type [CoordSys] from Bearing block-6
2025-04-12 19:22:09,564 INFO  ExportHelperExtension.cs: 1136 - Found 28 in Bearing block-6
2025-04-12 19:22:09,564 INFO  ExportHelperExtension.cs: 1145 - Found 0 features of type [CoordSys] in Bearing block-6
2025-04-12 19:22:09,564 INFO  ExportHelperExtension.cs: 1125 - Retrieving features of type [CoordSys] from 5in Colson Wheel-1
2025-04-12 19:22:09,564 INFO  ExportHelperExtension.cs: 1136 - Found 36 in 5in Colson Wheel-1
2025-04-12 19:22:09,564 INFO  ExportHelperExtension.cs: 1145 - Found 0 features of type [CoordSys] in 5in Colson Wheel-1
2025-04-12 19:22:09,564 INFO  ExportHelperExtension.cs: 1125 - Retrieving features of type [CoordSys] from Electronics Board Standoffs-4
2025-04-12 19:22:09,564 INFO  ExportHelperExtension.cs: 1136 - Found 40 in Electronics Board Standoffs-4
2025-04-12 19:22:09,564 INFO  ExportHelperExtension.cs: 1145 - Found 0 features of type [CoordSys] in Electronics Board Standoffs-4
2025-04-12 19:22:09,564 INFO  ExportHelperExtension.cs: 1125 - Retrieving features of type [CoordSys] from Bearing block-3
2025-04-12 19:22:09,564 INFO  ExportHelperExtension.cs: 1136 - Found 28 in Bearing block-3
2025-04-12 19:22:09,564 INFO  ExportHelperExtension.cs: 1145 - Found 0 features of type [CoordSys] in Bearing block-3
2025-04-12 19:22:09,580 INFO  ExportHelperExtension.cs: 1125 - Retrieving features of type [CoordSys] from Bearing block-5
2025-04-12 19:22:09,580 INFO  ExportHelperExtension.cs: 1136 - Found 28 in Bearing block-5
2025-04-12 19:22:09,580 INFO  ExportHelperExtension.cs: 1145 - Found 0 features of type [CoordSys] in Bearing block-5
2025-04-12 19:22:09,580 INFO  ExportHelperExtension.cs: 1125 - Retrieving features of type [CoordSys] from 5in Colson Wheel-2
2025-04-12 19:22:09,580 INFO  ExportHelperExtension.cs: 1136 - Found 36 in 5in Colson Wheel-2
2025-04-12 19:22:09,580 INFO  ExportHelperExtension.cs: 1145 - Found 0 features of type [CoordSys] in 5in Colson Wheel-2
2025-04-12 19:22:09,580 INFO  ExportHelperExtension.cs: 1125 - Retrieving features of type [CoordSys] from WCP Cam-2
2025-04-12 19:22:09,580 INFO  ExportHelperExtension.cs: 1136 - Found 36 in WCP Cam-2
2025-04-12 19:22:09,580 INFO  ExportHelperExtension.cs: 1145 - Found 0 features of type [CoordSys] in WCP Cam-2
2025-04-12 19:22:09,580 INFO  ExportHelperExtension.cs: 1125 - Retrieving features of type [CoordSys] from WCP Cam-4
2025-04-12 19:22:09,580 INFO  ExportHelperExtension.cs: 1136 - Found 36 in WCP Cam-4
2025-04-12 19:22:09,580 INFO  ExportHelperExtension.cs: 1145 - Found 0 features of type [CoordSys] in WCP Cam-4
2025-04-12 19:22:09,580 INFO  ExportHelperExtension.cs: 1125 - Retrieving features of type [CoordSys] from Colson hex wheel hub-1
2025-04-12 19:22:09,580 INFO  ExportHelperExtension.cs: 1136 - Found 38 in Colson hex wheel hub-1
2025-04-12 19:22:09,580 INFO  ExportHelperExtension.cs: 1145 - Found 0 features of type [CoordSys] in Colson hex wheel hub-1
2025-04-12 19:22:09,580 INFO  ExportHelperExtension.cs: 1125 - Retrieving features of type [CoordSys] from Hex Ball Bearing-3
2025-04-12 19:22:09,580 INFO  ExportHelperExtension.cs: 1136 - Found 36 in Hex Ball Bearing-3
2025-04-12 19:22:09,580 INFO  ExportHelperExtension.cs: 1145 - Found 0 features of type [CoordSys] in Hex Ball Bearing-3
2025-04-12 19:22:09,580 INFO  ExportHelperExtension.cs: 1125 - Retrieving features of type [CoordSys] from Tslot Battery Holder Bars-4
2025-04-12 19:22:09,580 INFO  ExportHelperExtension.cs: 1136 - Found 40 in Tslot Battery Holder Bars-4
2025-04-12 19:22:09,580 INFO  ExportHelperExtension.cs: 1145 - Found 0 features of type [CoordSys] in Tslot Battery Holder Bars-4
2025-04-12 19:22:09,580 INFO  ExportHelperExtension.cs: 1125 - Retrieving features of type [CoordSys] from Colson hex wheel hub-2
2025-04-12 19:22:09,580 INFO  ExportHelperExtension.cs: 1136 - Found 38 in Colson hex wheel hub-2
2025-04-12 19:22:09,580 INFO  ExportHelperExtension.cs: 1145 - Found 0 features of type [CoordSys] in Colson hex wheel hub-2
2025-04-12 19:22:09,580 INFO  ExportHelperExtension.cs: 1125 - Retrieving features of type [CoordSys] from Gearbox2-1
2025-04-12 19:22:09,580 INFO  ExportHelperExtension.cs: 1136 - Found 83 in Gearbox2-1
2025-04-12 19:22:09,580 INFO  ExportHelperExtension.cs: 1145 - Found 0 features of type [CoordSys] in Gearbox2-1
2025-04-12 19:22:09,580 INFO  ExportHelperExtension.cs: 1125 - Retrieving features of type [CoordSys] from Hex Ball Bearing-1
2025-04-12 19:22:09,580 INFO  ExportHelperExtension.cs: 1136 - Found 36 in Hex Ball Bearing-1
2025-04-12 19:22:09,580 INFO  ExportHelperExtension.cs: 1145 - Found 0 features of type [CoordSys] in Hex Ball Bearing-1
2025-04-12 19:22:09,580 INFO  ExportHelperExtension.cs: 1125 - Retrieving features of type [CoordSys] from Gearbox2-2
2025-04-12 19:22:09,627 INFO  ExportHelperExtension.cs: 1136 - Found 83 in Gearbox2-2
2025-04-12 19:22:09,627 INFO  ExportHelperExtension.cs: 1145 - Found 0 features of type [CoordSys] in Gearbox2-2
2025-04-12 19:22:09,627 INFO  ExportHelperExtension.cs: 1125 - Retrieving features of type [CoordSys] from WCP Cam-1
2025-04-12 19:22:09,627 INFO  ExportHelperExtension.cs: 1136 - Found 36 in WCP Cam-1
2025-04-12 19:22:09,627 INFO  ExportHelperExtension.cs: 1145 - Found 0 features of type [CoordSys] in WCP Cam-1
2025-04-12 19:22:09,627 INFO  ExportHelperExtension.cs: 1125 - Retrieving features of type [CoordSys] from WCP Cam-3
2025-04-12 19:22:09,627 INFO  ExportHelperExtension.cs: 1136 - Found 36 in WCP Cam-3
2025-04-12 19:22:09,627 INFO  ExportHelperExtension.cs: 1145 - Found 0 features of type [CoordSys] in WCP Cam-3
2025-04-12 19:22:09,627 INFO  ExportHelperExtension.cs: 1125 - Retrieving features of type [RefAxis] from Assembly.SLDASM
2025-04-12 19:22:09,627 INFO  ExportHelperExtension.cs: 1136 - Found 285 in Assembly.SLDASM
2025-04-12 19:22:09,627 INFO  ExportHelperExtension.cs: 1145 - Found 0 features of type [RefAxis] in Assembly.SLDASM
2025-04-12 19:22:09,627 INFO  ExportHelperExtension.cs: 1148 - Proceeding through assembly components
2025-04-12 19:22:09,627 INFO  ExportHelperExtension.cs: 1160 - 56 components to check
2025-04-12 19:22:09,627 INFO  ExportHelperExtension.cs: 1125 - Retrieving features of type [RefAxis] from Side Piece-2
2025-04-12 19:22:09,627 INFO  ExportHelperExtension.cs: 1136 - Found 48 in Side Piece-2
2025-04-12 19:22:09,627 INFO  ExportHelperExtension.cs: 1145 - Found 0 features of type [RefAxis] in Side Piece-2
2025-04-12 19:22:09,627 INFO  ExportHelperExtension.cs: 1125 - Retrieving features of type [RefAxis] from Wheel Assembly Back-2
2025-04-12 19:22:09,627 INFO  ExportHelperExtension.cs: 1136 - Found 40 in Wheel Assembly Back-2
2025-04-12 19:22:09,627 INFO  ExportHelperExtension.cs: 1145 - Found 0 features of type [RefAxis] in Wheel Assembly Back-2
2025-04-12 19:22:09,627 INFO  ExportHelperExtension.cs: 1125 - Retrieving features of type [RefAxis] from End Cap-6
2025-04-12 19:22:09,627 INFO  ExportHelperExtension.cs: 1136 - Found 40 in End Cap-6
2025-04-12 19:22:09,627 INFO  ExportHelperExtension.cs: 1145 - Found 0 features of type [RefAxis] in End Cap-6
2025-04-12 19:22:09,627 INFO  ExportHelperExtension.cs: 1125 - Retrieving features of type [RefAxis] from End Cap-3
2025-04-12 19:22:09,627 INFO  ExportHelperExtension.cs: 1136 - Found 40 in End Cap-3
2025-04-12 19:22:09,627 INFO  ExportHelperExtension.cs: 1145 - Found 0 features of type [RefAxis] in End Cap-3
2025-04-12 19:22:09,627 INFO  ExportHelperExtension.cs: 1125 - Retrieving features of type [RefAxis] from End Cap-8
2025-04-12 19:22:09,627 INFO  ExportHelperExtension.cs: 1136 - Found 40 in End Cap-8
2025-04-12 19:22:09,627 INFO  ExportHelperExtension.cs: 1145 - Found 0 features of type [RefAxis] in End Cap-8
2025-04-12 19:22:09,627 INFO  ExportHelperExtension.cs: 1125 - Retrieving features of type [RefAxis] from End Cap-2
2025-04-12 19:22:09,627 INFO  ExportHelperExtension.cs: 1136 - Found 40 in End Cap-2
2025-04-12 19:22:09,627 INFO  ExportHelperExtension.cs: 1145 - Found 0 features of type [RefAxis] in End Cap-2
2025-04-12 19:22:09,627 INFO  ExportHelperExtension.cs: 1125 - Retrieving features of type [RefAxis] from End Cap-1
2025-04-12 19:22:09,627 INFO  ExportHelperExtension.cs: 1136 - Found 40 in End Cap-1
2025-04-12 19:22:09,627 INFO  ExportHelperExtension.cs: 1145 - Found 0 features of type [RefAxis] in End Cap-1
2025-04-12 19:22:09,627 INFO  ExportHelperExtension.cs: 1125 - Retrieving features of type [RefAxis] from Side Piece-1
2025-04-12 19:22:09,627 INFO  ExportHelperExtension.cs: 1136 - Found 48 in Side Piece-1
2025-04-12 19:22:09,627 INFO  ExportHelperExtension.cs: 1145 - Found 0 features of type [RefAxis] in Side Piece-1
2025-04-12 19:22:09,627 INFO  ExportHelperExtension.cs: 1125 - Retrieving features of type [RefAxis] from Wheel Assembly Back-1
2025-04-12 19:22:09,627 INFO  ExportHelperExtension.cs: 1136 - Found 40 in Wheel Assembly Back-1
2025-04-12 19:22:09,627 INFO  ExportHelperExtension.cs: 1145 - Found 0 features of type [RefAxis] in Wheel Assembly Back-1
2025-04-12 19:22:09,627 INFO  ExportHelperExtension.cs: 1125 - Retrieving features of type [RefAxis] from Side Wheel Assembly-1
2025-04-12 19:22:09,627 INFO  ExportHelperExtension.cs: 1136 - Found 38 in Side Wheel Assembly-1
2025-04-12 19:22:09,627 INFO  ExportHelperExtension.cs: 1145 - Found 0 features of type [RefAxis] in Side Wheel Assembly-1
2025-04-12 19:22:09,627 INFO  ExportHelperExtension.cs: 1125 - Retrieving features of type [RefAxis] from End Cap-4
2025-04-12 19:22:09,643 INFO  ExportHelperExtension.cs: 1136 - Found 40 in End Cap-4
2025-04-12 19:22:09,643 INFO  ExportHelperExtension.cs: 1145 - Found 0 features of type [RefAxis] in End Cap-4
2025-04-12 19:22:09,643 INFO  ExportHelperExtension.cs: 1125 - Retrieving features of type [RefAxis] from Side Wheel Assembly-3
2025-04-12 19:22:09,643 INFO  ExportHelperExtension.cs: 1136 - Found 38 in Side Wheel Assembly-3
2025-04-12 19:22:09,643 INFO  ExportHelperExtension.cs: 1145 - Found 0 features of type [RefAxis] in Side Wheel Assembly-3
2025-04-12 19:22:09,643 INFO  ExportHelperExtension.cs: 1125 - Retrieving features of type [RefAxis] from Front Center Beam-1
2025-04-12 19:22:09,643 INFO  ExportHelperExtension.cs: 1136 - Found 44 in Front Center Beam-1
2025-04-12 19:22:09,643 INFO  ExportHelperExtension.cs: 1145 - Found 0 features of type [RefAxis] in Front Center Beam-1
2025-04-12 19:22:09,643 INFO  ExportHelperExtension.cs: 1125 - Retrieving features of type [RefAxis] from End Cap-5
2025-04-12 19:22:09,643 INFO  ExportHelperExtension.cs: 1136 - Found 40 in End Cap-5
2025-04-12 19:22:09,643 INFO  ExportHelperExtension.cs: 1145 - Found 0 features of type [RefAxis] in End Cap-5
2025-04-12 19:22:09,643 INFO  ExportHelperExtension.cs: 1125 - Retrieving features of type [RefAxis] from Back Center Beam-1
2025-04-12 19:22:09,643 INFO  ExportHelperExtension.cs: 1136 - Found 41 in Back Center Beam-1
2025-04-12 19:22:09,643 INFO  ExportHelperExtension.cs: 1145 - Found 0 features of type [RefAxis] in Back Center Beam-1
2025-04-12 19:22:09,643 INFO  ExportHelperExtension.cs: 1125 - Retrieving features of type [RefAxis] from End Cap-7
2025-04-12 19:22:09,648 INFO  ExportHelperExtension.cs: 1136 - Found 40 in End Cap-7
2025-04-12 19:22:09,648 INFO  ExportHelperExtension.cs: 1145 - Found 0 features of type [RefAxis] in End Cap-7
2025-04-12 19:22:09,648 INFO  ExportHelperExtension.cs: 1125 - Retrieving features of type [RefAxis] from Middle Front Bar-1
2025-04-12 19:22:09,648 INFO  ExportHelperExtension.cs: 1136 - Found 34 in Middle Front Bar-1
2025-04-12 19:22:09,648 INFO  ExportHelperExtension.cs: 1145 - Found 0 features of type [RefAxis] in Middle Front Bar-1
2025-04-12 19:22:09,648 INFO  ExportHelperExtension.cs: 1125 - Retrieving features of type [RefAxis] from End Cap-12
2025-04-12 19:22:09,648 INFO  ExportHelperExtension.cs: 1136 - Found 40 in End Cap-12
2025-04-12 19:22:09,648 INFO  ExportHelperExtension.cs: 1145 - Found 0 features of type [RefAxis] in End Cap-12
2025-04-12 19:22:09,648 INFO  ExportHelperExtension.cs: 1125 - Retrieving features of type [RefAxis] from Electronics Board Sides-1
2025-04-12 19:22:09,648 INFO  ExportHelperExtension.cs: 1136 - Found 40 in Electronics Board Sides-1
2025-04-12 19:22:09,648 INFO  ExportHelperExtension.cs: 1145 - Found 0 features of type [RefAxis] in Electronics Board Sides-1
2025-04-12 19:22:09,648 INFO  ExportHelperExtension.cs: 1125 - Retrieving features of type [RefAxis] from Tslot Battery Holder Bars-3
2025-04-12 19:22:09,648 INFO  ExportHelperExtension.cs: 1136 - Found 40 in Tslot Battery Holder Bars-3
2025-04-12 19:22:09,648 INFO  ExportHelperExtension.cs: 1145 - Found 0 features of type [RefAxis] in Tslot Battery Holder Bars-3
2025-04-12 19:22:09,648 INFO  ExportHelperExtension.cs: 1125 - Retrieving features of type [RefAxis] from Tslot Battery Holder Bars-2
2025-04-12 19:22:09,648 INFO  ExportHelperExtension.cs: 1136 - Found 40 in Tslot Battery Holder Bars-2
2025-04-12 19:22:09,648 INFO  ExportHelperExtension.cs: 1145 - Found 0 features of type [RefAxis] in Tslot Battery Holder Bars-2
2025-04-12 19:22:09,648 INFO  ExportHelperExtension.cs: 1125 - Retrieving features of type [RefAxis] from Electronics Board Standoffs-1
2025-04-12 19:22:09,648 INFO  ExportHelperExtension.cs: 1136 - Found 40 in Electronics Board Standoffs-1
2025-04-12 19:22:09,648 INFO  ExportHelperExtension.cs: 1145 - Found 0 features of type [RefAxis] in Electronics Board Standoffs-1
2025-04-12 19:22:09,648 INFO  ExportHelperExtension.cs: 1125 - Retrieving features of type [RefAxis] from Middle T-Slot Piece-1
2025-04-12 19:22:09,648 INFO  ExportHelperExtension.cs: 1136 - Found 51 in Middle T-Slot Piece-1
2025-04-12 19:22:09,648 INFO  ExportHelperExtension.cs: 1145 - Found 0 features of type [RefAxis] in Middle T-Slot Piece-1
2025-04-12 19:22:09,648 INFO  ExportHelperExtension.cs: 1125 - Retrieving features of type [RefAxis] from End Cap-10
2025-04-12 19:22:09,648 INFO  ExportHelperExtension.cs: 1136 - Found 40 in End Cap-10
2025-04-12 19:22:09,648 INFO  ExportHelperExtension.cs: 1145 - Found 0 features of type [RefAxis] in End Cap-10
2025-04-12 19:22:09,648 INFO  ExportHelperExtension.cs: 1125 - Retrieving features of type [RefAxis] from Front Frame Piece-1
2025-04-12 19:22:09,648 INFO  ExportHelperExtension.cs: 1136 - Found 38 in Front Frame Piece-1
2025-04-12 19:22:09,648 INFO  ExportHelperExtension.cs: 1145 - Found 0 features of type [RefAxis] in Front Frame Piece-1
2025-04-12 19:22:09,648 INFO  ExportHelperExtension.cs: 1125 - Retrieving features of type [RefAxis] from Back Frame Piece-1
2025-04-12 19:22:09,648 INFO  ExportHelperExtension.cs: 1136 - Found 42 in Back Frame Piece-1
2025-04-12 19:22:09,648 INFO  ExportHelperExtension.cs: 1145 - Found 0 features of type [RefAxis] in Back Frame Piece-1
2025-04-12 19:22:09,648 INFO  ExportHelperExtension.cs: 1125 - Retrieving features of type [RefAxis] from End Cap-9
2025-04-12 19:22:09,648 INFO  ExportHelperExtension.cs: 1136 - Found 40 in End Cap-9
2025-04-12 19:22:09,648 INFO  ExportHelperExtension.cs: 1145 - Found 0 features of type [RefAxis] in End Cap-9
2025-04-12 19:22:09,659 INFO  ExportHelperExtension.cs: 1125 - Retrieving features of type [RefAxis] from Middle Front Bar-2
2025-04-12 19:22:09,659 INFO  ExportHelperExtension.cs: 1136 - Found 34 in Middle Front Bar-2
2025-04-12 19:22:09,659 INFO  ExportHelperExtension.cs: 1145 - Found 0 features of type [RefAxis] in Middle Front Bar-2
2025-04-12 19:22:09,659 INFO  ExportHelperExtension.cs: 1125 - Retrieving features of type [RefAxis] from End Cap-11
2025-04-12 19:22:09,659 INFO  ExportHelperExtension.cs: 1136 - Found 40 in End Cap-11
2025-04-12 19:22:09,659 INFO  ExportHelperExtension.cs: 1145 - Found 0 features of type [RefAxis] in End Cap-11
2025-04-12 19:22:09,659 INFO  ExportHelperExtension.cs: 1125 - Retrieving features of type [RefAxis] from Tslot Battery Holder Bars-1
2025-04-12 19:22:09,659 INFO  ExportHelperExtension.cs: 1136 - Found 40 in Tslot Battery Holder Bars-1
2025-04-12 19:22:09,659 INFO  ExportHelperExtension.cs: 1145 - Found 0 features of type [RefAxis] in Tslot Battery Holder Bars-1
2025-04-12 19:22:09,659 INFO  ExportHelperExtension.cs: 1125 - Retrieving features of type [RefAxis] from Back Rail-3
2025-04-12 19:22:09,659 INFO  ExportHelperExtension.cs: 1136 - Found 39 in Back Rail-3
2025-04-12 19:22:09,659 INFO  ExportHelperExtension.cs: 1145 - Found 0 features of type [RefAxis] in Back Rail-3
2025-04-12 19:22:09,659 INFO  ExportHelperExtension.cs: 1125 - Retrieving features of type [RefAxis] from Back Rail-2
2025-04-12 19:22:09,659 INFO  ExportHelperExtension.cs: 1136 - Found 39 in Back Rail-2
2025-04-12 19:22:09,659 INFO  ExportHelperExtension.cs: 1145 - Found 0 features of type [RefAxis] in Back Rail-2
2025-04-12 19:22:09,659 INFO  ExportHelperExtension.cs: 1125 - Retrieving features of type [RefAxis] from Electronics Board Sides-2
2025-04-12 19:22:09,659 INFO  ExportHelperExtension.cs: 1136 - Found 40 in Electronics Board Sides-2
2025-04-12 19:22:09,659 INFO  ExportHelperExtension.cs: 1145 - Found 0 features of type [RefAxis] in Electronics Board Sides-2
2025-04-12 19:22:09,659 INFO  ExportHelperExtension.cs: 1125 - Retrieving features of type [RefAxis] from New 12V battery-2
2025-04-12 19:22:09,659 INFO  ExportHelperExtension.cs: 1136 - Found 25 in New 12V battery-2
2025-04-12 19:22:09,659 INFO  ExportHelperExtension.cs: 1145 - Found 0 features of type [RefAxis] in New 12V battery-2
2025-04-12 19:22:09,659 INFO  ExportHelperExtension.cs: 1125 - Retrieving features of type [RefAxis] from Electronics Board Standoffs-3
2025-04-12 19:22:09,659 INFO  ExportHelperExtension.cs: 1136 - Found 40 in Electronics Board Standoffs-3
2025-04-12 19:22:09,659 INFO  ExportHelperExtension.cs: 1145 - Found 0 features of type [RefAxis] in Electronics Board Standoffs-3
2025-04-12 19:22:09,659 INFO  ExportHelperExtension.cs: 1125 - Retrieving features of type [RefAxis] from Electronics Board Standoffs-2
2025-04-12 19:22:09,659 INFO  ExportHelperExtension.cs: 1136 - Found 40 in Electronics Board Standoffs-2
2025-04-12 19:22:09,659 INFO  ExportHelperExtension.cs: 1145 - Found 0 features of type [RefAxis] in Electronics Board Standoffs-2
2025-04-12 19:22:09,659 INFO  ExportHelperExtension.cs: 1125 - Retrieving features of type [RefAxis] from Bearing block-1
2025-04-12 19:22:09,659 INFO  ExportHelperExtension.cs: 1136 - Found 28 in Bearing block-1
2025-04-12 19:22:09,659 INFO  ExportHelperExtension.cs: 1145 - Found 0 features of type [RefAxis] in Bearing block-1
2025-04-12 19:22:09,659 INFO  ExportHelperExtension.cs: 1125 - Retrieving features of type [RefAxis] from Bearing block-2
2025-04-12 19:22:09,659 INFO  ExportHelperExtension.cs: 1136 - Found 28 in Bearing block-2
2025-04-12 19:22:09,659 INFO  ExportHelperExtension.cs: 1145 - Found 0 features of type [RefAxis] in Bearing block-2
2025-04-12 19:22:09,659 INFO  ExportHelperExtension.cs: 1125 - Retrieving features of type [RefAxis] from Bearing block-4
2025-04-12 19:22:09,659 INFO  ExportHelperExtension.cs: 1136 - Found 28 in Bearing block-4
2025-04-12 19:22:09,659 INFO  ExportHelperExtension.cs: 1145 - Found 0 features of type [RefAxis] in Bearing block-4
2025-04-12 19:22:09,659 INFO  ExportHelperExtension.cs: 1125 - Retrieving features of type [RefAxis] from Bearing block-6
2025-04-12 19:22:09,659 INFO  ExportHelperExtension.cs: 1136 - Found 28 in Bearing block-6
2025-04-12 19:22:09,659 INFO  ExportHelperExtension.cs: 1145 - Found 0 features of type [RefAxis] in Bearing block-6
2025-04-12 19:22:09,659 INFO  ExportHelperExtension.cs: 1125 - Retrieving features of type [RefAxis] from 5in Colson Wheel-1
2025-04-12 19:22:09,659 INFO  ExportHelperExtension.cs: 1136 - Found 36 in 5in Colson Wheel-1
2025-04-12 19:22:09,673 INFO  ExportHelperExtension.cs: 1145 - Found 0 features of type [RefAxis] in 5in Colson Wheel-1
2025-04-12 19:22:09,673 INFO  ExportHelperExtension.cs: 1125 - Retrieving features of type [RefAxis] from Electronics Board Standoffs-4
2025-04-12 19:22:09,673 INFO  ExportHelperExtension.cs: 1136 - Found 40 in Electronics Board Standoffs-4
2025-04-12 19:22:09,675 INFO  ExportHelperExtension.cs: 1145 - Found 0 features of type [RefAxis] in Electronics Board Standoffs-4
2025-04-12 19:22:09,675 INFO  ExportHelperExtension.cs: 1125 - Retrieving features of type [RefAxis] from Bearing block-3
2025-04-12 19:22:09,675 INFO  ExportHelperExtension.cs: 1136 - Found 28 in Bearing block-3
2025-04-12 19:22:09,675 INFO  ExportHelperExtension.cs: 1145 - Found 0 features of type [RefAxis] in Bearing block-3
2025-04-12 19:22:09,675 INFO  ExportHelperExtension.cs: 1125 - Retrieving features of type [RefAxis] from Bearing block-5
2025-04-12 19:22:09,675 INFO  ExportHelperExtension.cs: 1136 - Found 28 in Bearing block-5
2025-04-12 19:22:09,675 INFO  ExportHelperExtension.cs: 1145 - Found 0 features of type [RefAxis] in Bearing block-5
2025-04-12 19:22:09,675 INFO  ExportHelperExtension.cs: 1125 - Retrieving features of type [RefAxis] from 5in Colson Wheel-2
2025-04-12 19:22:09,675 INFO  ExportHelperExtension.cs: 1136 - Found 36 in 5in Colson Wheel-2
2025-04-12 19:22:09,675 INFO  ExportHelperExtension.cs: 1145 - Found 0 features of type [RefAxis] in 5in Colson Wheel-2
2025-04-12 19:22:09,675 INFO  ExportHelperExtension.cs: 1125 - Retrieving features of type [RefAxis] from WCP Cam-2
2025-04-12 19:22:09,675 INFO  ExportHelperExtension.cs: 1136 - Found 36 in WCP Cam-2
2025-04-12 19:22:09,675 INFO  ExportHelperExtension.cs: 1145 - Found 0 features of type [RefAxis] in WCP Cam-2
2025-04-12 19:22:09,675 INFO  ExportHelperExtension.cs: 1125 - Retrieving features of type [RefAxis] from WCP Cam-4
2025-04-12 19:22:09,675 INFO  ExportHelperExtension.cs: 1136 - Found 36 in WCP Cam-4
2025-04-12 19:22:09,675 INFO  ExportHelperExtension.cs: 1145 - Found 0 features of type [RefAxis] in WCP Cam-4
2025-04-12 19:22:09,675 INFO  ExportHelperExtension.cs: 1125 - Retrieving features of type [RefAxis] from Colson hex wheel hub-1
2025-04-12 19:22:09,675 INFO  ExportHelperExtension.cs: 1136 - Found 38 in Colson hex wheel hub-1
2025-04-12 19:22:09,675 INFO  ExportHelperExtension.cs: 1145 - Found 0 features of type [RefAxis] in Colson hex wheel hub-1
2025-04-12 19:22:09,675 INFO  ExportHelperExtension.cs: 1125 - Retrieving features of type [RefAxis] from Hex Ball Bearing-3
2025-04-12 19:22:09,707 INFO  ExportHelperExtension.cs: 1136 - Found 36 in Hex Ball Bearing-3
2025-04-12 19:22:09,707 INFO  ExportHelperExtension.cs: 1145 - Found 0 features of type [RefAxis] in Hex Ball Bearing-3
2025-04-12 19:22:09,707 INFO  ExportHelperExtension.cs: 1125 - Retrieving features of type [RefAxis] from Tslot Battery Holder Bars-4
2025-04-12 19:22:09,707 INFO  ExportHelperExtension.cs: 1136 - Found 40 in Tslot Battery Holder Bars-4
2025-04-12 19:22:09,707 INFO  ExportHelperExtension.cs: 1145 - Found 0 features of type [RefAxis] in Tslot Battery Holder Bars-4
2025-04-12 19:22:09,707 INFO  ExportHelperExtension.cs: 1125 - Retrieving features of type [RefAxis] from Colson hex wheel hub-2
2025-04-12 19:22:09,707 INFO  ExportHelperExtension.cs: 1136 - Found 38 in Colson hex wheel hub-2
2025-04-12 19:22:09,707 INFO  ExportHelperExtension.cs: 1145 - Found 0 features of type [RefAxis] in Colson hex wheel hub-2
2025-04-12 19:22:09,707 INFO  ExportHelperExtension.cs: 1125 - Retrieving features of type [RefAxis] from Gearbox2-1
2025-04-12 19:22:09,707 INFO  ExportHelperExtension.cs: 1136 - Found 83 in Gearbox2-1
2025-04-12 19:22:09,707 INFO  ExportHelperExtension.cs: 1145 - Found 0 features of type [RefAxis] in Gearbox2-1
2025-04-12 19:22:09,707 INFO  ExportHelperExtension.cs: 1125 - Retrieving features of type [RefAxis] from Hex Ball Bearing-1
2025-04-12 19:22:09,707 INFO  ExportHelperExtension.cs: 1136 - Found 36 in Hex Ball Bearing-1
2025-04-12 19:22:09,707 INFO  ExportHelperExtension.cs: 1145 - Found 0 features of type [RefAxis] in Hex Ball Bearing-1
2025-04-12 19:22:09,707 INFO  ExportHelperExtension.cs: 1125 - Retrieving features of type [RefAxis] from Gearbox2-2
2025-04-12 19:22:09,707 INFO  ExportHelperExtension.cs: 1136 - Found 83 in Gearbox2-2
2025-04-12 19:22:09,707 INFO  ExportHelperExtension.cs: 1145 - Found 0 features of type [RefAxis] in Gearbox2-2
2025-04-12 19:22:09,707 INFO  ExportHelperExtension.cs: 1125 - Retrieving features of type [RefAxis] from WCP Cam-1
2025-04-12 19:22:09,707 INFO  ExportHelperExtension.cs: 1136 - Found 36 in WCP Cam-1
2025-04-12 19:22:09,707 INFO  ExportHelperExtension.cs: 1145 - Found 0 features of type [RefAxis] in WCP Cam-1
2025-04-12 19:22:09,707 INFO  ExportHelperExtension.cs: 1125 - Retrieving features of type [RefAxis] from WCP Cam-3
2025-04-12 19:22:09,707 INFO  ExportHelperExtension.cs: 1136 - Found 36 in WCP Cam-3
2025-04-12 19:22:09,707 INFO  ExportHelperExtension.cs: 1145 - Found 0 features of type [RefAxis] in WCP Cam-3
2025-04-12 19:22:11,483 INFO  SwAddin.cs: 339 - Loading config tree
2025-04-12 19:22:11,483 INFO  ExportPropertyManagerExtension.cs: 520 - Starting new configuration
2025-04-12 19:22:11,483 INFO  SwAddin.cs: 344 - Showing property manager
2025-04-12 19:24:52,743 INFO  ExportPropertyManager.cs: 1136 - OnNumberBoxTrackingCompleted called. This method no longer throws an Exception. It just silently does nothing. Ok, except for this logging message
2025-04-12 19:25:00,180 INFO  ExportPropertyManager.cs: 1136 - OnNumberBoxTrackingCompleted called. This method no longer throws an Exception. It just silently does nothing. Ok, except for this logging message
2025-04-12 19:29:28,022 INFO  ExportPropertyManager.cs: 422 - Configuration saved
2025-04-12 19:29:28,626 INFO  ExportPropertyManager.cs: 1142 - AfterClose called. This method no longer throws an Exception. It just silently does nothing. Ok, except for this logging message
2025-04-12 19:38:53,764 INFO  SwAddin.cs: 294 - Assembly export called for file Assembly.SLDASM
2025-04-12 19:38:55,634 INFO  SwAddin.cs: 313 - Saving assembly
2025-04-12 19:38:57,298 INFO  SwAddin.cs: 316 - Opening property manager
2025-04-12 19:38:57,298 INFO  ExportHelperExtension.cs: 1125 - Retrieving features of type [CoordSys] from Assembly.SLDASM
2025-04-12 19:38:57,298 INFO  ExportHelperExtension.cs: 1136 - Found 287 in Assembly.SLDASM
2025-04-12 19:38:57,298 INFO  ExportHelperExtension.cs: 1145 - Found 1 features of type [CoordSys] in Assembly.SLDASM
2025-04-12 19:38:57,298 INFO  ExportHelperExtension.cs: 1148 - Proceeding through assembly components
2025-04-12 19:38:57,298 INFO  ExportHelperExtension.cs: 1160 - 56 components to check
2025-04-12 19:38:57,298 INFO  ExportHelperExtension.cs: 1125 - Retrieving features of type [CoordSys] from Side Piece-2
2025-04-12 19:38:57,298 INFO  ExportHelperExtension.cs: 1136 - Found 48 in Side Piece-2
2025-04-12 19:38:57,298 INFO  ExportHelperExtension.cs: 1145 - Found 0 features of type [CoordSys] in Side Piece-2
2025-04-12 19:38:57,298 INFO  ExportHelperExtension.cs: 1125 - Retrieving features of type [CoordSys] from Wheel Assembly Back-2
2025-04-12 19:38:57,298 INFO  ExportHelperExtension.cs: 1136 - Found 40 in Wheel Assembly Back-2
2025-04-12 19:38:57,298 INFO  ExportHelperExtension.cs: 1145 - Found 0 features of type [CoordSys] in Wheel Assembly Back-2
2025-04-12 19:38:57,298 INFO  ExportHelperExtension.cs: 1125 - Retrieving features of type [CoordSys] from End Cap-6
2025-04-12 19:38:57,298 INFO  ExportHelperExtension.cs: 1136 - Found 40 in End Cap-6
2025-04-12 19:38:57,298 INFO  ExportHelperExtension.cs: 1145 - Found 0 features of type [CoordSys] in End Cap-6
2025-04-12 19:38:57,298 INFO  ExportHelperExtension.cs: 1125 - Retrieving features of type [CoordSys] from End Cap-3
2025-04-12 19:38:57,298 INFO  ExportHelperExtension.cs: 1136 - Found 40 in End Cap-3
2025-04-12 19:38:57,298 INFO  ExportHelperExtension.cs: 1145 - Found 0 features of type [CoordSys] in End Cap-3
2025-04-12 19:38:57,298 INFO  ExportHelperExtension.cs: 1125 - Retrieving features of type [CoordSys] from End Cap-8
2025-04-12 19:38:57,298 INFO  ExportHelperExtension.cs: 1136 - Found 40 in End Cap-8
2025-04-12 19:38:57,298 INFO  ExportHelperExtension.cs: 1145 - Found 0 features of type [CoordSys] in End Cap-8
2025-04-12 19:38:57,298 INFO  ExportHelperExtension.cs: 1125 - Retrieving features of type [CoordSys] from End Cap-2
2025-04-12 19:38:57,298 INFO  ExportHelperExtension.cs: 1136 - Found 40 in End Cap-2
2025-04-12 19:38:57,298 INFO  ExportHelperExtension.cs: 1145 - Found 0 features of type [CoordSys] in End Cap-2
2025-04-12 19:38:57,298 INFO  ExportHelperExtension.cs: 1125 - Retrieving features of type [CoordSys] from End Cap-1
2025-04-12 19:38:57,298 INFO  ExportHelperExtension.cs: 1136 - Found 40 in End Cap-1
2025-04-12 19:38:57,298 INFO  ExportHelperExtension.cs: 1145 - Found 0 features of type [CoordSys] in End Cap-1
2025-04-12 19:38:57,298 INFO  ExportHelperExtension.cs: 1125 - Retrieving features of type [CoordSys] from Side Piece-1
2025-04-12 19:38:57,298 INFO  ExportHelperExtension.cs: 1136 - Found 48 in Side Piece-1
2025-04-12 19:38:57,298 INFO  ExportHelperExtension.cs: 1145 - Found 0 features of type [CoordSys] in Side Piece-1
2025-04-12 19:38:57,298 INFO  ExportHelperExtension.cs: 1125 - Retrieving features of type [CoordSys] from Wheel Assembly Back-1
2025-04-12 19:38:57,298 INFO  ExportHelperExtension.cs: 1136 - Found 40 in Wheel Assembly Back-1
2025-04-12 19:38:57,313 INFO  ExportHelperExtension.cs: 1145 - Found 0 features of type [CoordSys] in Wheel Assembly Back-1
2025-04-12 19:38:57,313 INFO  ExportHelperExtension.cs: 1125 - Retrieving features of type [CoordSys] from Side Wheel Assembly-1
2025-04-12 19:38:57,313 INFO  ExportHelperExtension.cs: 1136 - Found 38 in Side Wheel Assembly-1
2025-04-12 19:38:57,313 INFO  ExportHelperExtension.cs: 1145 - Found 0 features of type [CoordSys] in Side Wheel Assembly-1
2025-04-12 19:38:57,313 INFO  ExportHelperExtension.cs: 1125 - Retrieving features of type [CoordSys] from End Cap-4
2025-04-12 19:38:57,313 INFO  ExportHelperExtension.cs: 1136 - Found 40 in End Cap-4
2025-04-12 19:38:57,313 INFO  ExportHelperExtension.cs: 1145 - Found 0 features of type [CoordSys] in End Cap-4
2025-04-12 19:38:57,313 INFO  ExportHelperExtension.cs: 1125 - Retrieving features of type [CoordSys] from Side Wheel Assembly-3
2025-04-12 19:38:57,313 INFO  ExportHelperExtension.cs: 1136 - Found 38 in Side Wheel Assembly-3
2025-04-12 19:38:57,313 INFO  ExportHelperExtension.cs: 1145 - Found 0 features of type [CoordSys] in Side Wheel Assembly-3
2025-04-12 19:38:57,313 INFO  ExportHelperExtension.cs: 1125 - Retrieving features of type [CoordSys] from Front Center Beam-1
2025-04-12 19:38:57,313 INFO  ExportHelperExtension.cs: 1136 - Found 44 in Front Center Beam-1
2025-04-12 19:38:57,313 INFO  ExportHelperExtension.cs: 1145 - Found 0 features of type [CoordSys] in Front Center Beam-1
2025-04-12 19:38:57,313 INFO  ExportHelperExtension.cs: 1125 - Retrieving features of type [CoordSys] from End Cap-5
2025-04-12 19:38:57,313 INFO  ExportHelperExtension.cs: 1136 - Found 40 in End Cap-5
2025-04-12 19:38:57,313 INFO  ExportHelperExtension.cs: 1145 - Found 0 features of type [CoordSys] in End Cap-5
2025-04-12 19:38:57,313 INFO  ExportHelperExtension.cs: 1125 - Retrieving features of type [CoordSys] from Back Center Beam-1
2025-04-12 19:38:57,313 INFO  ExportHelperExtension.cs: 1136 - Found 41 in Back Center Beam-1
2025-04-12 19:38:57,313 INFO  ExportHelperExtension.cs: 1145 - Found 0 features of type [CoordSys] in Back Center Beam-1
2025-04-12 19:38:57,313 INFO  ExportHelperExtension.cs: 1125 - Retrieving features of type [CoordSys] from End Cap-7
2025-04-12 19:38:57,630 INFO  ExportHelperExtension.cs: 1136 - Found 40 in End Cap-7
2025-04-12 19:38:57,630 INFO  ExportHelperExtension.cs: 1145 - Found 0 features of type [CoordSys] in End Cap-7
2025-04-12 19:38:57,645 INFO  ExportHelperExtension.cs: 1125 - Retrieving features of type [CoordSys] from Middle Front Bar-1
2025-04-12 19:38:57,645 INFO  ExportHelperExtension.cs: 1136 - Found 34 in Middle Front Bar-1
2025-04-12 19:38:57,645 INFO  ExportHelperExtension.cs: 1145 - Found 0 features of type [CoordSys] in Middle Front Bar-1
2025-04-12 19:38:57,645 INFO  ExportHelperExtension.cs: 1125 - Retrieving features of type [CoordSys] from End Cap-12
2025-04-12 19:38:57,645 INFO  ExportHelperExtension.cs: 1136 - Found 40 in End Cap-12
2025-04-12 19:38:57,645 INFO  ExportHelperExtension.cs: 1145 - Found 0 features of type [CoordSys] in End Cap-12
2025-04-12 19:38:57,645 INFO  ExportHelperExtension.cs: 1125 - Retrieving features of type [CoordSys] from Electronics Board Sides-1
2025-04-12 19:38:57,645 INFO  ExportHelperExtension.cs: 1136 - Found 40 in Electronics Board Sides-1
2025-04-12 19:38:57,645 INFO  ExportHelperExtension.cs: 1145 - Found 0 features of type [CoordSys] in Electronics Board Sides-1
2025-04-12 19:38:57,645 INFO  ExportHelperExtension.cs: 1125 - Retrieving features of type [CoordSys] from Tslot Battery Holder Bars-3
2025-04-12 19:38:57,645 INFO  ExportHelperExtension.cs: 1136 - Found 40 in Tslot Battery Holder Bars-3
2025-04-12 19:38:57,645 INFO  ExportHelperExtension.cs: 1145 - Found 0 features of type [CoordSys] in Tslot Battery Holder Bars-3
2025-04-12 19:38:57,645 INFO  ExportHelperExtension.cs: 1125 - Retrieving features of type [CoordSys] from Tslot Battery Holder Bars-2
2025-04-12 19:38:57,645 INFO  ExportHelperExtension.cs: 1136 - Found 40 in Tslot Battery Holder Bars-2
2025-04-12 19:38:57,645 INFO  ExportHelperExtension.cs: 1145 - Found 0 features of type [CoordSys] in Tslot Battery Holder Bars-2
2025-04-12 19:38:57,645 INFO  ExportHelperExtension.cs: 1125 - Retrieving features of type [CoordSys] from Electronics Board Standoffs-1
2025-04-12 19:38:57,645 INFO  ExportHelperExtension.cs: 1136 - Found 40 in Electronics Board Standoffs-1
2025-04-12 19:38:57,645 INFO  ExportHelperExtension.cs: 1145 - Found 0 features of type [CoordSys] in Electronics Board Standoffs-1
2025-04-12 19:38:57,645 INFO  ExportHelperExtension.cs: 1125 - Retrieving features of type [CoordSys] from Middle T-Slot Piece-1
2025-04-12 19:38:57,645 INFO  ExportHelperExtension.cs: 1136 - Found 51 in Middle T-Slot Piece-1
2025-04-12 19:38:57,645 INFO  ExportHelperExtension.cs: 1145 - Found 0 features of type [CoordSys] in Middle T-Slot Piece-1
2025-04-12 19:38:57,645 INFO  ExportHelperExtension.cs: 1125 - Retrieving features of type [CoordSys] from End Cap-10
2025-04-12 19:38:57,645 INFO  ExportHelperExtension.cs: 1136 - Found 40 in End Cap-10
2025-04-12 19:38:57,645 INFO  ExportHelperExtension.cs: 1145 - Found 0 features of type [CoordSys] in End Cap-10
2025-04-12 19:38:57,645 INFO  ExportHelperExtension.cs: 1125 - Retrieving features of type [CoordSys] from Front Frame Piece-1
2025-04-12 19:38:57,645 INFO  ExportHelperExtension.cs: 1136 - Found 38 in Front Frame Piece-1
2025-04-12 19:38:57,645 INFO  ExportHelperExtension.cs: 1145 - Found 0 features of type [CoordSys] in Front Frame Piece-1
2025-04-12 19:38:57,645 INFO  ExportHelperExtension.cs: 1125 - Retrieving features of type [CoordSys] from Back Frame Piece-1
2025-04-12 19:38:57,645 INFO  ExportHelperExtension.cs: 1136 - Found 42 in Back Frame Piece-1
2025-04-12 19:38:57,645 INFO  ExportHelperExtension.cs: 1145 - Found 0 features of type [CoordSys] in Back Frame Piece-1
2025-04-12 19:38:57,645 INFO  ExportHelperExtension.cs: 1125 - Retrieving features of type [CoordSys] from End Cap-9
2025-04-12 19:38:57,645 INFO  ExportHelperExtension.cs: 1136 - Found 40 in End Cap-9
2025-04-12 19:38:57,645 INFO  ExportHelperExtension.cs: 1145 - Found 0 features of type [CoordSys] in End Cap-9
2025-04-12 19:38:57,645 INFO  ExportHelperExtension.cs: 1125 - Retrieving features of type [CoordSys] from Middle Front Bar-2
2025-04-12 19:38:57,645 INFO  ExportHelperExtension.cs: 1136 - Found 34 in Middle Front Bar-2
2025-04-12 19:38:57,645 INFO  ExportHelperExtension.cs: 1145 - Found 0 features of type [CoordSys] in Middle Front Bar-2
2025-04-12 19:38:57,645 INFO  ExportHelperExtension.cs: 1125 - Retrieving features of type [CoordSys] from End Cap-11
2025-04-12 19:38:57,645 INFO  ExportHelperExtension.cs: 1136 - Found 40 in End Cap-11
2025-04-12 19:38:57,645 INFO  ExportHelperExtension.cs: 1145 - Found 0 features of type [CoordSys] in End Cap-11
2025-04-12 19:38:57,645 INFO  ExportHelperExtension.cs: 1125 - Retrieving features of type [CoordSys] from Tslot Battery Holder Bars-1
2025-04-12 19:38:57,645 INFO  ExportHelperExtension.cs: 1136 - Found 40 in Tslot Battery Holder Bars-1
2025-04-12 19:38:57,645 INFO  ExportHelperExtension.cs: 1145 - Found 0 features of type [CoordSys] in Tslot Battery Holder Bars-1
2025-04-12 19:38:57,645 INFO  ExportHelperExtension.cs: 1125 - Retrieving features of type [CoordSys] from Back Rail-3
2025-04-12 19:38:57,645 INFO  ExportHelperExtension.cs: 1136 - Found 39 in Back Rail-3
2025-04-12 19:38:57,645 INFO  ExportHelperExtension.cs: 1145 - Found 0 features of type [CoordSys] in Back Rail-3
2025-04-12 19:38:57,645 INFO  ExportHelperExtension.cs: 1125 - Retrieving features of type [CoordSys] from Back Rail-2
2025-04-12 19:38:57,645 INFO  ExportHelperExtension.cs: 1136 - Found 39 in Back Rail-2
2025-04-12 19:38:57,645 INFO  ExportHelperExtension.cs: 1145 - Found 0 features of type [CoordSys] in Back Rail-2
2025-04-12 19:38:57,661 INFO  ExportHelperExtension.cs: 1125 - Retrieving features of type [CoordSys] from Electronics Board Sides-2
2025-04-12 19:38:57,661 INFO  ExportHelperExtension.cs: 1136 - Found 40 in Electronics Board Sides-2
2025-04-12 19:38:57,661 INFO  ExportHelperExtension.cs: 1145 - Found 0 features of type [CoordSys] in Electronics Board Sides-2
2025-04-12 19:38:57,661 INFO  ExportHelperExtension.cs: 1125 - Retrieving features of type [CoordSys] from New 12V battery-2
2025-04-12 19:38:57,661 INFO  ExportHelperExtension.cs: 1136 - Found 25 in New 12V battery-2
2025-04-12 19:38:57,661 INFO  ExportHelperExtension.cs: 1145 - Found 0 features of type [CoordSys] in New 12V battery-2
2025-04-12 19:38:57,661 INFO  ExportHelperExtension.cs: 1125 - Retrieving features of type [CoordSys] from Electronics Board Standoffs-3
2025-04-12 19:38:57,661 INFO  ExportHelperExtension.cs: 1136 - Found 40 in Electronics Board Standoffs-3
2025-04-12 19:38:57,661 INFO  ExportHelperExtension.cs: 1145 - Found 0 features of type [CoordSys] in Electronics Board Standoffs-3
2025-04-12 19:38:57,661 INFO  ExportHelperExtension.cs: 1125 - Retrieving features of type [CoordSys] from Electronics Board Standoffs-2
2025-04-12 19:38:57,661 INFO  ExportHelperExtension.cs: 1136 - Found 40 in Electronics Board Standoffs-2
2025-04-12 19:38:57,661 INFO  ExportHelperExtension.cs: 1145 - Found 0 features of type [CoordSys] in Electronics Board Standoffs-2
2025-04-12 19:38:57,661 INFO  ExportHelperExtension.cs: 1125 - Retrieving features of type [CoordSys] from Bearing block-1
2025-04-12 19:38:57,661 INFO  ExportHelperExtension.cs: 1136 - Found 28 in Bearing block-1
2025-04-12 19:38:57,661 INFO  ExportHelperExtension.cs: 1145 - Found 0 features of type [CoordSys] in Bearing block-1
2025-04-12 19:38:57,661 INFO  ExportHelperExtension.cs: 1125 - Retrieving features of type [CoordSys] from Bearing block-2
2025-04-12 19:38:57,661 INFO  ExportHelperExtension.cs: 1136 - Found 28 in Bearing block-2
2025-04-12 19:38:57,661 INFO  ExportHelperExtension.cs: 1145 - Found 0 features of type [CoordSys] in Bearing block-2
2025-04-12 19:38:57,661 INFO  ExportHelperExtension.cs: 1125 - Retrieving features of type [CoordSys] from Bearing block-4
2025-04-12 19:38:57,661 INFO  ExportHelperExtension.cs: 1136 - Found 28 in Bearing block-4
2025-04-12 19:38:57,661 INFO  ExportHelperExtension.cs: 1145 - Found 0 features of type [CoordSys] in Bearing block-4
2025-04-12 19:38:57,661 INFO  ExportHelperExtension.cs: 1125 - Retrieving features of type [CoordSys] from Bearing block-6
2025-04-12 19:38:57,661 INFO  ExportHelperExtension.cs: 1136 - Found 28 in Bearing block-6
2025-04-12 19:38:57,661 INFO  ExportHelperExtension.cs: 1145 - Found 0 features of type [CoordSys] in Bearing block-6
2025-04-12 19:38:57,661 INFO  ExportHelperExtension.cs: 1125 - Retrieving features of type [CoordSys] from 5in Colson Wheel-1
2025-04-12 19:38:57,661 INFO  ExportHelperExtension.cs: 1136 - Found 36 in 5in Colson Wheel-1
2025-04-12 19:38:57,661 INFO  ExportHelperExtension.cs: 1145 - Found 0 features of type [CoordSys] in 5in Colson Wheel-1
2025-04-12 19:38:57,661 INFO  ExportHelperExtension.cs: 1125 - Retrieving features of type [CoordSys] from Electronics Board Standoffs-4
2025-04-12 19:38:57,661 INFO  ExportHelperExtension.cs: 1136 - Found 40 in Electronics Board Standoffs-4
2025-04-12 19:38:57,661 INFO  ExportHelperExtension.cs: 1145 - Found 0 features of type [CoordSys] in Electronics Board Standoffs-4
2025-04-12 19:38:57,661 INFO  ExportHelperExtension.cs: 1125 - Retrieving features of type [CoordSys] from Bearing block-3
2025-04-12 19:38:57,661 INFO  ExportHelperExtension.cs: 1136 - Found 28 in Bearing block-3
2025-04-12 19:38:57,661 INFO  ExportHelperExtension.cs: 1145 - Found 0 features of type [CoordSys] in Bearing block-3
2025-04-12 19:38:57,661 INFO  ExportHelperExtension.cs: 1125 - Retrieving features of type [CoordSys] from Bearing block-5
2025-04-12 19:38:57,661 INFO  ExportHelperExtension.cs: 1136 - Found 28 in Bearing block-5
2025-04-12 19:38:57,661 INFO  ExportHelperExtension.cs: 1145 - Found 0 features of type [CoordSys] in Bearing block-5
2025-04-12 19:38:57,661 INFO  ExportHelperExtension.cs: 1125 - Retrieving features of type [CoordSys] from 5in Colson Wheel-2
2025-04-12 19:38:57,661 INFO  ExportHelperExtension.cs: 1136 - Found 36 in 5in Colson Wheel-2
2025-04-12 19:38:57,661 INFO  ExportHelperExtension.cs: 1145 - Found 0 features of type [CoordSys] in 5in Colson Wheel-2
2025-04-12 19:38:57,661 INFO  ExportHelperExtension.cs: 1125 - Retrieving features of type [CoordSys] from WCP Cam-2
2025-04-12 19:38:57,661 INFO  ExportHelperExtension.cs: 1136 - Found 36 in WCP Cam-2
2025-04-12 19:38:57,661 INFO  ExportHelperExtension.cs: 1145 - Found 0 features of type [CoordSys] in WCP Cam-2
2025-04-12 19:38:57,661 INFO  ExportHelperExtension.cs: 1125 - Retrieving features of type [CoordSys] from WCP Cam-4
2025-04-12 19:38:57,661 INFO  ExportHelperExtension.cs: 1136 - Found 36 in WCP Cam-4
2025-04-12 19:38:57,661 INFO  ExportHelperExtension.cs: 1145 - Found 0 features of type [CoordSys] in WCP Cam-4
2025-04-12 19:38:57,661 INFO  ExportHelperExtension.cs: 1125 - Retrieving features of type [CoordSys] from Colson hex wheel hub-1
2025-04-12 19:38:57,661 INFO  ExportHelperExtension.cs: 1136 - Found 38 in Colson hex wheel hub-1
2025-04-12 19:38:57,661 INFO  ExportHelperExtension.cs: 1145 - Found 0 features of type [CoordSys] in Colson hex wheel hub-1
2025-04-12 19:38:57,661 INFO  ExportHelperExtension.cs: 1125 - Retrieving features of type [CoordSys] from Hex Ball Bearing-3
2025-04-12 19:38:57,661 INFO  ExportHelperExtension.cs: 1136 - Found 36 in Hex Ball Bearing-3
2025-04-12 19:38:57,661 INFO  ExportHelperExtension.cs: 1145 - Found 0 features of type [CoordSys] in Hex Ball Bearing-3
2025-04-12 19:38:57,661 INFO  ExportHelperExtension.cs: 1125 - Retrieving features of type [CoordSys] from Tslot Battery Holder Bars-4
2025-04-12 19:38:57,677 INFO  ExportHelperExtension.cs: 1136 - Found 40 in Tslot Battery Holder Bars-4
2025-04-12 19:38:57,677 INFO  ExportHelperExtension.cs: 1145 - Found 0 features of type [CoordSys] in Tslot Battery Holder Bars-4
2025-04-12 19:38:57,677 INFO  ExportHelperExtension.cs: 1125 - Retrieving features of type [CoordSys] from Colson hex wheel hub-2
2025-04-12 19:38:57,677 INFO  ExportHelperExtension.cs: 1136 - Found 38 in Colson hex wheel hub-2
2025-04-12 19:38:57,677 INFO  ExportHelperExtension.cs: 1145 - Found 0 features of type [CoordSys] in Colson hex wheel hub-2
2025-04-12 19:38:57,677 INFO  ExportHelperExtension.cs: 1125 - Retrieving features of type [CoordSys] from Gearbox2-1
2025-04-12 19:38:57,677 INFO  ExportHelperExtension.cs: 1136 - Found 83 in Gearbox2-1
2025-04-12 19:38:57,677 INFO  ExportHelperExtension.cs: 1145 - Found 0 features of type [CoordSys] in Gearbox2-1
2025-04-12 19:38:57,677 INFO  ExportHelperExtension.cs: 1125 - Retrieving features of type [CoordSys] from Hex Ball Bearing-1
2025-04-12 19:38:57,677 INFO  ExportHelperExtension.cs: 1136 - Found 36 in Hex Ball Bearing-1
2025-04-12 19:38:57,677 INFO  ExportHelperExtension.cs: 1145 - Found 0 features of type [CoordSys] in Hex Ball Bearing-1
2025-04-12 19:38:57,677 INFO  ExportHelperExtension.cs: 1125 - Retrieving features of type [CoordSys] from Gearbox2-2
2025-04-12 19:38:57,677 INFO  ExportHelperExtension.cs: 1136 - Found 83 in Gearbox2-2
2025-04-12 19:38:57,677 INFO  ExportHelperExtension.cs: 1145 - Found 0 features of type [CoordSys] in Gearbox2-2
2025-04-12 19:38:57,677 INFO  ExportHelperExtension.cs: 1125 - Retrieving features of type [CoordSys] from WCP Cam-1
2025-04-12 19:38:57,677 INFO  ExportHelperExtension.cs: 1136 - Found 36 in WCP Cam-1
2025-04-12 19:38:57,677 INFO  ExportHelperExtension.cs: 1145 - Found 0 features of type [CoordSys] in WCP Cam-1
2025-04-12 19:38:57,677 INFO  ExportHelperExtension.cs: 1125 - Retrieving features of type [CoordSys] from WCP Cam-3
2025-04-12 19:38:57,677 INFO  ExportHelperExtension.cs: 1136 - Found 36 in WCP Cam-3
2025-04-12 19:38:57,677 INFO  ExportHelperExtension.cs: 1145 - Found 0 features of type [CoordSys] in WCP Cam-3
2025-04-12 19:38:57,677 INFO  ExportHelperExtension.cs: 1125 - Retrieving features of type [RefAxis] from Assembly.SLDASM
2025-04-12 19:38:57,677 INFO  ExportHelperExtension.cs: 1136 - Found 287 in Assembly.SLDASM
2025-04-12 19:38:57,677 INFO  ExportHelperExtension.cs: 1145 - Found 1 features of type [RefAxis] in Assembly.SLDASM
2025-04-12 19:38:57,677 INFO  ExportHelperExtension.cs: 1148 - Proceeding through assembly components
2025-04-12 19:38:57,677 INFO  ExportHelperExtension.cs: 1160 - 56 components to check
2025-04-12 19:38:57,677 INFO  ExportHelperExtension.cs: 1125 - Retrieving features of type [RefAxis] from Side Piece-2
2025-04-12 19:38:57,677 INFO  ExportHelperExtension.cs: 1136 - Found 48 in Side Piece-2
2025-04-12 19:38:57,677 INFO  ExportHelperExtension.cs: 1145 - Found 0 features of type [RefAxis] in Side Piece-2
2025-04-12 19:38:57,677 INFO  ExportHelperExtension.cs: 1125 - Retrieving features of type [RefAxis] from Wheel Assembly Back-2
2025-04-12 19:38:57,677 INFO  ExportHelperExtension.cs: 1136 - Found 40 in Wheel Assembly Back-2
2025-04-12 19:38:57,677 INFO  ExportHelperExtension.cs: 1145 - Found 0 features of type [RefAxis] in Wheel Assembly Back-2
2025-04-12 19:38:57,677 INFO  ExportHelperExtension.cs: 1125 - Retrieving features of type [RefAxis] from End Cap-6
2025-04-12 19:38:57,677 INFO  ExportHelperExtension.cs: 1136 - Found 40 in End Cap-6
2025-04-12 19:38:57,677 INFO  ExportHelperExtension.cs: 1145 - Found 0 features of type [RefAxis] in End Cap-6
2025-04-12 19:38:57,677 INFO  ExportHelperExtension.cs: 1125 - Retrieving features of type [RefAxis] from End Cap-3
2025-04-12 19:38:57,677 INFO  ExportHelperExtension.cs: 1136 - Found 40 in End Cap-3
2025-04-12 19:38:57,677 INFO  ExportHelperExtension.cs: 1145 - Found 0 features of type [RefAxis] in End Cap-3
2025-04-12 19:38:57,677 INFO  ExportHelperExtension.cs: 1125 - Retrieving features of type [RefAxis] from End Cap-8
2025-04-12 19:38:57,677 INFO  ExportHelperExtension.cs: 1136 - Found 40 in End Cap-8
2025-04-12 19:38:57,677 INFO  ExportHelperExtension.cs: 1145 - Found 0 features of type [RefAxis] in End Cap-8
2025-04-12 19:38:57,677 INFO  ExportHelperExtension.cs: 1125 - Retrieving features of type [RefAxis] from End Cap-2
2025-04-12 19:38:57,677 INFO  ExportHelperExtension.cs: 1136 - Found 40 in End Cap-2
2025-04-12 19:38:57,677 INFO  ExportHelperExtension.cs: 1145 - Found 0 features of type [RefAxis] in End Cap-2
2025-04-12 19:38:57,677 INFO  ExportHelperExtension.cs: 1125 - Retrieving features of type [RefAxis] from End Cap-1
2025-04-12 19:38:57,677 INFO  ExportHelperExtension.cs: 1136 - Found 40 in End Cap-1
2025-04-12 19:38:57,677 INFO  ExportHelperExtension.cs: 1145 - Found 0 features of type [RefAxis] in End Cap-1
2025-04-12 19:38:57,677 INFO  ExportHelperExtension.cs: 1125 - Retrieving features of type [RefAxis] from Side Piece-1
2025-04-12 19:38:57,677 INFO  ExportHelperExtension.cs: 1136 - Found 48 in Side Piece-1
2025-04-12 19:38:57,693 INFO  ExportHelperExtension.cs: 1145 - Found 0 features of type [RefAxis] in Side Piece-1
2025-04-12 19:38:57,693 INFO  ExportHelperExtension.cs: 1125 - Retrieving features of type [RefAxis] from Wheel Assembly Back-1
2025-04-12 19:38:57,693 INFO  ExportHelperExtension.cs: 1136 - Found 40 in Wheel Assembly Back-1
2025-04-12 19:38:57,693 INFO  ExportHelperExtension.cs: 1145 - Found 0 features of type [RefAxis] in Wheel Assembly Back-1
2025-04-12 19:38:57,693 INFO  ExportHelperExtension.cs: 1125 - Retrieving features of type [RefAxis] from Side Wheel Assembly-1
2025-04-12 19:38:57,693 INFO  ExportHelperExtension.cs: 1136 - Found 38 in Side Wheel Assembly-1
2025-04-12 19:38:57,693 INFO  ExportHelperExtension.cs: 1145 - Found 0 features of type [RefAxis] in Side Wheel Assembly-1
2025-04-12 19:38:57,693 INFO  ExportHelperExtension.cs: 1125 - Retrieving features of type [RefAxis] from End Cap-4
2025-04-12 19:38:57,725 INFO  ExportHelperExtension.cs: 1136 - Found 40 in End Cap-4
2025-04-12 19:38:57,725 INFO  ExportHelperExtension.cs: 1145 - Found 0 features of type [RefAxis] in End Cap-4
2025-04-12 19:38:57,725 INFO  ExportHelperExtension.cs: 1125 - Retrieving features of type [RefAxis] from Side Wheel Assembly-3
2025-04-12 19:38:57,725 INFO  ExportHelperExtension.cs: 1136 - Found 38 in Side Wheel Assembly-3
2025-04-12 19:38:57,725 INFO  ExportHelperExtension.cs: 1145 - Found 0 features of type [RefAxis] in Side Wheel Assembly-3
2025-04-12 19:38:57,725 INFO  ExportHelperExtension.cs: 1125 - Retrieving features of type [RefAxis] from Front Center Beam-1
2025-04-12 19:38:57,725 INFO  ExportHelperExtension.cs: 1136 - Found 44 in Front Center Beam-1
2025-04-12 19:38:57,725 INFO  ExportHelperExtension.cs: 1145 - Found 0 features of type [RefAxis] in Front Center Beam-1
2025-04-12 19:38:57,725 INFO  ExportHelperExtension.cs: 1125 - Retrieving features of type [RefAxis] from End Cap-5
2025-04-12 19:38:57,725 INFO  ExportHelperExtension.cs: 1136 - Found 40 in End Cap-5
2025-04-12 19:38:57,725 INFO  ExportHelperExtension.cs: 1145 - Found 0 features of type [RefAxis] in End Cap-5
2025-04-12 19:38:57,725 INFO  ExportHelperExtension.cs: 1125 - Retrieving features of type [RefAxis] from Back Center Beam-1
2025-04-12 19:38:57,725 INFO  ExportHelperExtension.cs: 1136 - Found 41 in Back Center Beam-1
2025-04-12 19:38:57,725 INFO  ExportHelperExtension.cs: 1145 - Found 0 features of type [RefAxis] in Back Center Beam-1
2025-04-12 19:38:57,725 INFO  ExportHelperExtension.cs: 1125 - Retrieving features of type [RefAxis] from End Cap-7
2025-04-12 19:38:57,725 INFO  ExportHelperExtension.cs: 1136 - Found 40 in End Cap-7
2025-04-12 19:38:57,725 INFO  ExportHelperExtension.cs: 1145 - Found 0 features of type [RefAxis] in End Cap-7
2025-04-12 19:38:57,725 INFO  ExportHelperExtension.cs: 1125 - Retrieving features of type [RefAxis] from Middle Front Bar-1
2025-04-12 19:38:57,725 INFO  ExportHelperExtension.cs: 1136 - Found 34 in Middle Front Bar-1
2025-04-12 19:38:57,725 INFO  ExportHelperExtension.cs: 1145 - Found 0 features of type [RefAxis] in Middle Front Bar-1
2025-04-12 19:38:57,725 INFO  ExportHelperExtension.cs: 1125 - Retrieving features of type [RefAxis] from End Cap-12
2025-04-12 19:38:57,725 INFO  ExportHelperExtension.cs: 1136 - Found 40 in End Cap-12
2025-04-12 19:38:57,725 INFO  ExportHelperExtension.cs: 1145 - Found 0 features of type [RefAxis] in End Cap-12
2025-04-12 19:38:57,725 INFO  ExportHelperExtension.cs: 1125 - Retrieving features of type [RefAxis] from Electronics Board Sides-1
2025-04-12 19:38:57,725 INFO  ExportHelperExtension.cs: 1136 - Found 40 in Electronics Board Sides-1
2025-04-12 19:38:57,725 INFO  ExportHelperExtension.cs: 1145 - Found 0 features of type [RefAxis] in Electronics Board Sides-1
2025-04-12 19:38:57,725 INFO  ExportHelperExtension.cs: 1125 - Retrieving features of type [RefAxis] from Tslot Battery Holder Bars-3
2025-04-12 19:38:57,725 INFO  ExportHelperExtension.cs: 1136 - Found 40 in Tslot Battery Holder Bars-3
2025-04-12 19:38:57,725 INFO  ExportHelperExtension.cs: 1145 - Found 0 features of type [RefAxis] in Tslot Battery Holder Bars-3
2025-04-12 19:38:57,725 INFO  ExportHelperExtension.cs: 1125 - Retrieving features of type [RefAxis] from Tslot Battery Holder Bars-2
2025-04-12 19:38:57,725 INFO  ExportHelperExtension.cs: 1136 - Found 40 in Tslot Battery Holder Bars-2
2025-04-12 19:38:57,725 INFO  ExportHelperExtension.cs: 1145 - Found 0 features of type [RefAxis] in Tslot Battery Holder Bars-2
2025-04-12 19:38:57,725 INFO  ExportHelperExtension.cs: 1125 - Retrieving features of type [RefAxis] from Electronics Board Standoffs-1
2025-04-12 19:38:57,725 INFO  ExportHelperExtension.cs: 1136 - Found 40 in Electronics Board Standoffs-1
2025-04-12 19:38:57,725 INFO  ExportHelperExtension.cs: 1145 - Found 0 features of type [RefAxis] in Electronics Board Standoffs-1
2025-04-12 19:38:57,725 INFO  ExportHelperExtension.cs: 1125 - Retrieving features of type [RefAxis] from Middle T-Slot Piece-1
2025-04-12 19:38:57,725 INFO  ExportHelperExtension.cs: 1136 - Found 51 in Middle T-Slot Piece-1
2025-04-12 19:38:57,725 INFO  ExportHelperExtension.cs: 1145 - Found 0 features of type [RefAxis] in Middle T-Slot Piece-1
2025-04-12 19:38:57,725 INFO  ExportHelperExtension.cs: 1125 - Retrieving features of type [RefAxis] from End Cap-10
2025-04-12 19:38:57,725 INFO  ExportHelperExtension.cs: 1136 - Found 40 in End Cap-10
2025-04-12 19:38:57,725 INFO  ExportHelperExtension.cs: 1145 - Found 0 features of type [RefAxis] in End Cap-10
2025-04-12 19:38:57,725 INFO  ExportHelperExtension.cs: 1125 - Retrieving features of type [RefAxis] from Front Frame Piece-1
2025-04-12 19:38:57,725 INFO  ExportHelperExtension.cs: 1136 - Found 38 in Front Frame Piece-1
2025-04-12 19:38:57,725 INFO  ExportHelperExtension.cs: 1145 - Found 0 features of type [RefAxis] in Front Frame Piece-1
2025-04-12 19:38:57,725 INFO  ExportHelperExtension.cs: 1125 - Retrieving features of type [RefAxis] from Back Frame Piece-1
2025-04-12 19:38:57,725 INFO  ExportHelperExtension.cs: 1136 - Found 42 in Back Frame Piece-1
2025-04-12 19:38:57,725 INFO  ExportHelperExtension.cs: 1145 - Found 0 features of type [RefAxis] in Back Frame Piece-1
2025-04-12 19:38:57,725 INFO  ExportHelperExtension.cs: 1125 - Retrieving features of type [RefAxis] from End Cap-9
2025-04-12 19:38:57,741 INFO  ExportHelperExtension.cs: 1136 - Found 40 in End Cap-9
2025-04-12 19:38:57,741 INFO  ExportHelperExtension.cs: 1145 - Found 0 features of type [RefAxis] in End Cap-9
2025-04-12 19:38:57,741 INFO  ExportHelperExtension.cs: 1125 - Retrieving features of type [RefAxis] from Middle Front Bar-2
2025-04-12 19:38:57,741 INFO  ExportHelperExtension.cs: 1136 - Found 34 in Middle Front Bar-2
2025-04-12 19:38:57,741 INFO  ExportHelperExtension.cs: 1145 - Found 0 features of type [RefAxis] in Middle Front Bar-2
2025-04-12 19:38:57,741 INFO  ExportHelperExtension.cs: 1125 - Retrieving features of type [RefAxis] from End Cap-11
2025-04-12 19:38:57,741 INFO  ExportHelperExtension.cs: 1136 - Found 40 in End Cap-11
2025-04-12 19:38:57,741 INFO  ExportHelperExtension.cs: 1145 - Found 0 features of type [RefAxis] in End Cap-11
2025-04-12 19:38:57,741 INFO  ExportHelperExtension.cs: 1125 - Retrieving features of type [RefAxis] from Tslot Battery Holder Bars-1
2025-04-12 19:38:57,741 INFO  ExportHelperExtension.cs: 1136 - Found 40 in Tslot Battery Holder Bars-1
2025-04-12 19:38:57,741 INFO  ExportHelperExtension.cs: 1145 - Found 0 features of type [RefAxis] in Tslot Battery Holder Bars-1
2025-04-12 19:38:57,741 INFO  ExportHelperExtension.cs: 1125 - Retrieving features of type [RefAxis] from Back Rail-3
2025-04-12 19:38:57,741 INFO  ExportHelperExtension.cs: 1136 - Found 39 in Back Rail-3
2025-04-12 19:38:57,741 INFO  ExportHelperExtension.cs: 1145 - Found 0 features of type [RefAxis] in Back Rail-3
2025-04-12 19:38:57,741 INFO  ExportHelperExtension.cs: 1125 - Retrieving features of type [RefAxis] from Back Rail-2
2025-04-12 19:38:57,741 INFO  ExportHelperExtension.cs: 1136 - Found 39 in Back Rail-2
2025-04-12 19:38:57,741 INFO  ExportHelperExtension.cs: 1145 - Found 0 features of type [RefAxis] in Back Rail-2
2025-04-12 19:38:57,741 INFO  ExportHelperExtension.cs: 1125 - Retrieving features of type [RefAxis] from Electronics Board Sides-2
2025-04-12 19:38:57,741 INFO  ExportHelperExtension.cs: 1136 - Found 40 in Electronics Board Sides-2
2025-04-12 19:38:57,741 INFO  ExportHelperExtension.cs: 1145 - Found 0 features of type [RefAxis] in Electronics Board Sides-2
2025-04-12 19:38:57,741 INFO  ExportHelperExtension.cs: 1125 - Retrieving features of type [RefAxis] from New 12V battery-2
2025-04-12 19:38:57,741 INFO  ExportHelperExtension.cs: 1136 - Found 25 in New 12V battery-2
2025-04-12 19:38:57,741 INFO  ExportHelperExtension.cs: 1145 - Found 0 features of type [RefAxis] in New 12V battery-2
2025-04-12 19:38:57,741 INFO  ExportHelperExtension.cs: 1125 - Retrieving features of type [RefAxis] from Electronics Board Standoffs-3
2025-04-12 19:38:57,741 INFO  ExportHelperExtension.cs: 1136 - Found 40 in Electronics Board Standoffs-3
2025-04-12 19:38:57,741 INFO  ExportHelperExtension.cs: 1145 - Found 0 features of type [RefAxis] in Electronics Board Standoffs-3
2025-04-12 19:38:57,741 INFO  ExportHelperExtension.cs: 1125 - Retrieving features of type [RefAxis] from Electronics Board Standoffs-2
2025-04-12 19:38:57,741 INFO  ExportHelperExtension.cs: 1136 - Found 40 in Electronics Board Standoffs-2
2025-04-12 19:38:57,741 INFO  ExportHelperExtension.cs: 1145 - Found 0 features of type [RefAxis] in Electronics Board Standoffs-2
2025-04-12 19:38:57,741 INFO  ExportHelperExtension.cs: 1125 - Retrieving features of type [RefAxis] from Bearing block-1
2025-04-12 19:38:57,741 INFO  ExportHelperExtension.cs: 1136 - Found 28 in Bearing block-1
2025-04-12 19:38:57,741 INFO  ExportHelperExtension.cs: 1145 - Found 0 features of type [RefAxis] in Bearing block-1
2025-04-12 19:38:57,741 INFO  ExportHelperExtension.cs: 1125 - Retrieving features of type [RefAxis] from Bearing block-2
2025-04-12 19:38:57,741 INFO  ExportHelperExtension.cs: 1136 - Found 28 in Bearing block-2
2025-04-12 19:38:57,741 INFO  ExportHelperExtension.cs: 1145 - Found 0 features of type [RefAxis] in Bearing block-2
2025-04-12 19:38:57,741 INFO  ExportHelperExtension.cs: 1125 - Retrieving features of type [RefAxis] from Bearing block-4
2025-04-12 19:38:57,741 INFO  ExportHelperExtension.cs: 1136 - Found 28 in Bearing block-4
2025-04-12 19:38:57,741 INFO  ExportHelperExtension.cs: 1145 - Found 0 features of type [RefAxis] in Bearing block-4
2025-04-12 19:38:57,741 INFO  ExportHelperExtension.cs: 1125 - Retrieving features of type [RefAxis] from Bearing block-6
2025-04-12 19:38:57,741 INFO  ExportHelperExtension.cs: 1136 - Found 28 in Bearing block-6
2025-04-12 19:38:57,741 INFO  ExportHelperExtension.cs: 1145 - Found 0 features of type [RefAxis] in Bearing block-6
2025-04-12 19:38:57,741 INFO  ExportHelperExtension.cs: 1125 - Retrieving features of type [RefAxis] from 5in Colson Wheel-1
2025-04-12 19:38:57,741 INFO  ExportHelperExtension.cs: 1136 - Found 36 in 5in Colson Wheel-1
2025-04-12 19:38:57,741 INFO  ExportHelperExtension.cs: 1145 - Found 0 features of type [RefAxis] in 5in Colson Wheel-1
2025-04-12 19:38:57,741 INFO  ExportHelperExtension.cs: 1125 - Retrieving features of type [RefAxis] from Electronics Board Standoffs-4
2025-04-12 19:38:57,741 INFO  ExportHelperExtension.cs: 1136 - Found 40 in Electronics Board Standoffs-4
2025-04-12 19:38:57,741 INFO  ExportHelperExtension.cs: 1145 - Found 0 features of type [RefAxis] in Electronics Board Standoffs-4
2025-04-12 19:38:57,741 INFO  ExportHelperExtension.cs: 1125 - Retrieving features of type [RefAxis] from Bearing block-3
2025-04-12 19:38:57,741 INFO  ExportHelperExtension.cs: 1136 - Found 28 in Bearing block-3
2025-04-12 19:38:57,741 INFO  ExportHelperExtension.cs: 1145 - Found 0 features of type [RefAxis] in Bearing block-3
2025-04-12 19:38:57,741 INFO  ExportHelperExtension.cs: 1125 - Retrieving features of type [RefAxis] from Bearing block-5
2025-04-12 19:38:57,741 INFO  ExportHelperExtension.cs: 1136 - Found 28 in Bearing block-5
2025-04-12 19:38:57,741 INFO  ExportHelperExtension.cs: 1145 - Found 0 features of type [RefAxis] in Bearing block-5
2025-04-12 19:38:57,757 INFO  ExportHelperExtension.cs: 1125 - Retrieving features of type [RefAxis] from 5in Colson Wheel-2
2025-04-12 19:38:57,757 INFO  ExportHelperExtension.cs: 1136 - Found 36 in 5in Colson Wheel-2
2025-04-12 19:38:57,757 INFO  ExportHelperExtension.cs: 1145 - Found 0 features of type [RefAxis] in 5in Colson Wheel-2
2025-04-12 19:38:57,757 INFO  ExportHelperExtension.cs: 1125 - Retrieving features of type [RefAxis] from WCP Cam-2
2025-04-12 19:38:57,757 INFO  ExportHelperExtension.cs: 1136 - Found 36 in WCP Cam-2
2025-04-12 19:38:57,757 INFO  ExportHelperExtension.cs: 1145 - Found 0 features of type [RefAxis] in WCP Cam-2
2025-04-12 19:38:57,757 INFO  ExportHelperExtension.cs: 1125 - Retrieving features of type [RefAxis] from WCP Cam-4
2025-04-12 19:38:57,757 INFO  ExportHelperExtension.cs: 1136 - Found 36 in WCP Cam-4
2025-04-12 19:38:57,757 INFO  ExportHelperExtension.cs: 1145 - Found 0 features of type [RefAxis] in WCP Cam-4
2025-04-12 19:38:57,757 INFO  ExportHelperExtension.cs: 1125 - Retrieving features of type [RefAxis] from Colson hex wheel hub-1
2025-04-12 19:38:57,757 INFO  ExportHelperExtension.cs: 1136 - Found 38 in Colson hex wheel hub-1
2025-04-12 19:38:57,757 INFO  ExportHelperExtension.cs: 1145 - Found 0 features of type [RefAxis] in Colson hex wheel hub-1
2025-04-12 19:38:57,757 INFO  ExportHelperExtension.cs: 1125 - Retrieving features of type [RefAxis] from Hex Ball Bearing-3
2025-04-12 19:38:57,757 INFO  ExportHelperExtension.cs: 1136 - Found 36 in Hex Ball Bearing-3
2025-04-12 19:38:57,757 INFO  ExportHelperExtension.cs: 1145 - Found 0 features of type [RefAxis] in Hex Ball Bearing-3
2025-04-12 19:38:57,757 INFO  ExportHelperExtension.cs: 1125 - Retrieving features of type [RefAxis] from Tslot Battery Holder Bars-4
2025-04-12 19:38:57,757 INFO  ExportHelperExtension.cs: 1136 - Found 40 in Tslot Battery Holder Bars-4
2025-04-12 19:38:57,757 INFO  ExportHelperExtension.cs: 1145 - Found 0 features of type [RefAxis] in Tslot Battery Holder Bars-4
2025-04-12 19:38:57,757 INFO  ExportHelperExtension.cs: 1125 - Retrieving features of type [RefAxis] from Colson hex wheel hub-2
2025-04-12 19:38:57,757 INFO  ExportHelperExtension.cs: 1136 - Found 38 in Colson hex wheel hub-2
2025-04-12 19:38:57,757 INFO  ExportHelperExtension.cs: 1145 - Found 0 features of type [RefAxis] in Colson hex wheel hub-2
2025-04-12 19:38:57,757 INFO  ExportHelperExtension.cs: 1125 - Retrieving features of type [RefAxis] from Gearbox2-1
2025-04-12 19:38:57,757 INFO  ExportHelperExtension.cs: 1136 - Found 83 in Gearbox2-1
2025-04-12 19:38:57,757 INFO  ExportHelperExtension.cs: 1145 - Found 0 features of type [RefAxis] in Gearbox2-1
2025-04-12 19:38:57,757 INFO  ExportHelperExtension.cs: 1125 - Retrieving features of type [RefAxis] from Hex Ball Bearing-1
2025-04-12 19:38:57,757 INFO  ExportHelperExtension.cs: 1136 - Found 36 in Hex Ball Bearing-1
2025-04-12 19:38:57,757 INFO  ExportHelperExtension.cs: 1145 - Found 0 features of type [RefAxis] in Hex Ball Bearing-1
2025-04-12 19:38:57,757 INFO  ExportHelperExtension.cs: 1125 - Retrieving features of type [RefAxis] from Gearbox2-2
2025-04-12 19:38:57,757 INFO  ExportHelperExtension.cs: 1136 - Found 83 in Gearbox2-2
2025-04-12 19:38:57,757 INFO  ExportHelperExtension.cs: 1145 - Found 0 features of type [RefAxis] in Gearbox2-2
2025-04-12 19:38:57,757 INFO  ExportHelperExtension.cs: 1125 - Retrieving features of type [RefAxis] from WCP Cam-1
2025-04-12 19:38:57,757 INFO  ExportHelperExtension.cs: 1136 - Found 36 in WCP Cam-1
2025-04-12 19:38:57,757 INFO  ExportHelperExtension.cs: 1145 - Found 0 features of type [RefAxis] in WCP Cam-1
2025-04-12 19:38:57,757 INFO  ExportHelperExtension.cs: 1125 - Retrieving features of type [RefAxis] from WCP Cam-3
2025-04-12 19:38:57,757 INFO  ExportHelperExtension.cs: 1136 - Found 36 in WCP Cam-3
2025-04-12 19:38:57,757 INFO  ExportHelperExtension.cs: 1145 - Found 0 features of type [RefAxis] in WCP Cam-3
2025-04-12 19:38:59,467 INFO  SwAddin.cs: 339 - Loading config tree
2025-04-12 19:38:59,482 INFO  ConfigurationSerialization.cs: 276 - URDF Configuration found
<Link z:Id="i1" xmlns="http://schemas.datacontract.org/2004/07/SW2URDF" xmlns:i="http://www.w3.org/2001/XMLSchema-instance" xmlns:z="http://schemas.microsoft.com/2003/10/Serialization/"><Attributes><Attribute z:Id="i2"><AttributeType>name</AttributeType><IsRequired>true</IsRequired><Value i:type="a:string" xmlns:a="http://www.w3.org/2001/XMLSchema">base_link</Value></Attribute></Attributes><ChildElements><URDFElement z:Id="i3" i:type="Inertial"><Attributes/><ChildElements><URDFElement z:Id="i4" i:type="Origin"><Attributes><Attribute z:Id="i5"><AttributeType>xyz</AttributeType><IsRequired>true</IsRequired><Value i:type="a:ArrayOfdouble" xmlns:a="http://schemas.microsoft.com/2003/10/Serialization/Arrays"><a:double>0</a:double><a:double>0</a:double><a:double>0</a:double></Value></Attribute><Attribute z:Id="i6"><AttributeType>rpy</AttributeType><IsRequired>true</IsRequired><Value i:type="a:ArrayOfdouble" xmlns:a="http://schemas.microsoft.com/2003/10/Serialization/Arrays"><a:double>0</a:double><a:double>0</a:double><a:double>0</a:double></Value></Attribute></Attributes><ChildElements/><ElementName>origin</ElementName><required>false</required><RPYAttribute z:Ref="i6"/><XYZAttribute z:Ref="i5"/><isCustomized>false</isCustomized></URDFElement><URDFElement z:Id="i7" i:type="Mass"><Attributes><Attribute z:Id="i8"><AttributeType>value</AttributeType><IsRequired>true</IsRequired><Value i:type="a:double" xmlns:a="http://www.w3.org/2001/XMLSchema">0</Value></Attribute></Attributes><ChildElements/><ElementName>mass</ElementName><required>false</required><ValueAttribute z:Ref="i8"/></URDFElement><URDFElement z:Id="i9" i:type="Inertia"><Attributes><Attribute z:Id="i10"><AttributeType>ixx</AttributeType><IsRequired>true</IsRequired><Value i:type="a:double" xmlns:a="http://www.w3.org/2001/XMLSchema">0</Value></Attribute><Attribute z:Id="i11"><AttributeType>ixy</AttributeType><IsRequired>true</IsRequired><Value i:type="a:double" xmlns:a="http://www.w3.org/2001/XMLSchema">0</Value></Attribute><Attribute z:Id="i12"><AttributeType>ixz</AttributeType><IsRequired>true</IsRequired><Value i:type="a:double" xmlns:a="http://www.w3.org/2001/XMLSchema">0</Value></Attribute><Attribute z:Id="i13"><AttributeType>iyy</AttributeType><IsRequired>true</IsRequired><Value i:type="a:double" xmlns:a="http://www.w3.org/2001/XMLSchema">0</Value></Attribute><Attribute z:Id="i14"><AttributeType>iyz</AttributeType><IsRequired>true</IsRequired><Value i:type="a:double" xmlns:a="http://www.w3.org/2001/XMLSchema">0</Value></Attribute><Attribute z:Id="i15"><AttributeType>izz</AttributeType><IsRequired>true</IsRequired><Value i:type="a:double" xmlns:a="http://www.w3.org/2001/XMLSchema">0</Value></Attribute></Attributes><ChildElements/><ElementName>inertia</ElementName><required>false</required><IxxAttribute z:Ref="i10"/><IxyAttribute z:Ref="i11"/><IxzAttribute z:Ref="i12"/><IyyAttribute z:Ref="i13"/><IyzAttribute z:Ref="i14"/><IzzAttribute z:Ref="i15"/></URDFElement></ChildElements><ElementName>inertial</ElementName><required>false</required><Inertia z:Ref="i9"/><Mass z:Ref="i7"/><Origin z:Ref="i4"/></URDFElement><URDFElement z:Id="i16" i:type="Visual"><Attributes/><ChildElements><URDFElement z:Id="i17" i:type="Origin"><Attributes><Attribute z:Id="i18"><AttributeType>xyz</AttributeType><IsRequired>true</IsRequired><Value i:type="a:ArrayOfdouble" xmlns:a="http://schemas.microsoft.com/2003/10/Serialization/Arrays"><a:double>0</a:double><a:double>0</a:double><a:double>0</a:double></Value></Attribute><Attribute z:Id="i19"><AttributeType>rpy</AttributeType><IsRequired>true</IsRequired><Value i:type="a:ArrayOfdouble" xmlns:a="http://schemas.microsoft.com/2003/10/Serialization/Arrays"><a:double>0</a:double><a:double>0</a:double><a:double>0</a:double></Value></Attribute></Attributes><ChildElements/><ElementName>origin</ElementName><required>false</required><RPYAttribute z:Ref="i19"/><XYZAttribute z:Ref="i18"/><isCustomized>false</isCustomized></URDFElement><URDFElement z:Id="i20" i:type="Geometry"><Attributes/><ChildElements><URDFElement z:Id="i21" i:type="Mesh"><Attributes><Attribute z:Id="i22"><AttributeType>filename</AttributeType><IsRequired>true</IsRequired><Value i:nil="true"/></Attribute></Attributes><ChildElements/><ElementName>mesh</ElementName><required>false</required><FilenameAttribute z:Ref="i22"/></URDFElement></ChildElements><ElementName>geometry</ElementName><required>true</required><Mesh z:Ref="i21"/></URDFElement><URDFElement z:Id="i23" i:type="Material"><Attributes><Attribute z:Id="i24"><AttributeType>name</AttributeType><IsRequired>true</IsRequired><Value i:type="a:string" xmlns:a="http://www.w3.org/2001/XMLSchema"/></Attribute></Attributes><ChildElements><URDFElement z:Id="i25" i:type="Color"><Attributes><Attribute z:Id="i26"><AttributeType>rgba</AttributeType><IsRequired>true</IsRequired><Value i:type="a:ArrayOfdouble" xmlns:a="http://schemas.microsoft.com/2003/10/Serialization/Arrays"><a:double>1</a:double><a:double>1</a:double><a:double>1</a:double><a:double>1</a:double></Value></Attribute></Attributes><ChildElements/><ElementName>color</ElementName><required>false</required><RGBAAttribute z:Ref="i26"/></URDFElement><URDFElement z:Id="i27" i:type="Texture"><Attributes><Attribute z:Id="i28"><AttributeType>filename</AttributeType><IsRequired>true</IsRequired><Value i:nil="true"/></Attribute></Attributes><ChildElements/><ElementName>texture</ElementName><required>false</required><FilenameAttribute z:Ref="i28"/><wFilename/></URDFElement></ChildElements><ElementName>material</ElementName><required>false</required><Color z:Ref="i25"/><NameAttribute z:Ref="i24"/><Texture z:Ref="i27"/></URDFElement></ChildElements><ElementName>visual</ElementName><required>false</required><Geometry z:Ref="i20"/><Material z:Ref="i23"/><Origin z:Ref="i17"/></URDFElement><URDFElement z:Id="i29" i:type="Collision"><Attributes/><ChildElements><URDFElement z:Id="i30" i:type="Origin"><Attributes><Attribute z:Id="i31"><AttributeType>xyz</AttributeType><IsRequired>true</IsRequired><Value i:type="a:ArrayOfdouble" xmlns:a="http://schemas.microsoft.com/2003/10/Serialization/Arrays"><a:double>0</a:double><a:double>0</a:double><a:double>0</a:double></Value></Attribute><Attribute z:Id="i32"><AttributeType>rpy</AttributeType><IsRequired>true</IsRequired><Value i:type="a:ArrayOfdouble" xmlns:a="http://schemas.microsoft.com/2003/10/Serialization/Arrays"><a:double>0</a:double><a:double>0</a:double><a:double>0</a:double></Value></Attribute></Attributes><ChildElements/><ElementName>origin</ElementName><required>false</required><RPYAttribute z:Ref="i32"/><XYZAttribute z:Ref="i31"/><isCustomized>false</isCustomized></URDFElement><URDFElement z:Id="i33" i:type="Geometry"><Attributes/><ChildElements><URDFElement z:Id="i34" i:type="Mesh"><Attributes><Attribute z:Id="i35"><AttributeType>filename</AttributeType><IsRequired>true</IsRequired><Value i:nil="true"/></Attribute></Attributes><ChildElements/><ElementName>mesh</ElementName><required>false</required><FilenameAttribute z:Ref="i35"/></URDFElement></ChildElements><ElementName>geometry</ElementName><required>true</required><Mesh z:Ref="i34"/></URDFElement></ChildElements><ElementName>collision</ElementName><required>false</required><Geometry z:Ref="i33"/><Origin z:Ref="i30"/></URDFElement><URDFElement z:Id="i36" i:type="Joint"><Attributes><Attribute z:Id="i37"><AttributeType>name</AttributeType><IsRequired>true</IsRequired><Value i:type="a:string" xmlns:a="http://www.w3.org/2001/XMLSchema"/></Attribute><Attribute z:Id="i38"><AttributeType>type</AttributeType><IsRequired>true</IsRequired><Value i:type="a:string" xmlns:a="http://www.w3.org/2001/XMLSchema"/></Attribute></Attributes><ChildElements><URDFElement z:Id="i39" i:type="Origin"><Attributes><Attribute z:Id="i40"><AttributeType>xyz</AttributeType><IsRequired>true</IsRequired><Value i:type="a:ArrayOfdouble" xmlns:a="http://schemas.microsoft.com/2003/10/Serialization/Arrays"><a:double>0</a:double><a:double>0</a:double><a:double>0</a:double></Value></Attribute><Attribute z:Id="i41"><AttributeType>rpy</AttributeType><IsRequired>true</IsRequired><Value i:type="a:ArrayOfdouble" xmlns:a="http://schemas.microsoft.com/2003/10/Serialization/Arrays"><a:double>0</a:double><a:double>0</a:double><a:double>0</a:double></Value></Attribute></Attributes><ChildElements/><ElementName>origin</ElementName><required>false</required><RPYAttribute z:Ref="i41"/><XYZAttribute z:Ref="i40"/><isCustomized>false</isCustomized></URDFElement><URDFElement z:Id="i42" i:type="ParentLink"><Attributes><Attribute z:Id="i43"><AttributeType>link</AttributeType><IsRequired>true</IsRequired><Value i:type="a:string" xmlns:a="http://www.w3.org/2001/XMLSchema"/></Attribute></Attributes><ChildElements/><ElementName>parent</ElementName><required>true</required><NameAttribute z:Ref="i43"/></URDFElement><URDFElement z:Id="i44" i:type="ChildLink"><Attributes><Attribute z:Id="i45"><AttributeType>link</AttributeType><IsRequired>true</IsRequired><Value i:type="a:string" xmlns:a="http://www.w3.org/2001/XMLSchema"/></Attribute></Attributes><ChildElements/><ElementName>child</ElementName><required>true</required><NameAttribute z:Ref="i45"/></URDFElement><URDFElement z:Id="i46" i:type="Axis"><Attributes><Attribute z:Id="i47"><AttributeType>xyz</AttributeType><IsRequired>true</IsRequired><Value i:type="a:ArrayOfdouble" xmlns:a="http://schemas.microsoft.com/2003/10/Serialization/Arrays"><a:double>0</a:double><a:double>0</a:double><a:double>0</a:double></Value></Attribute></Attributes><ChildElements/><ElementName>axis</ElementName><required>false</required><XYZAttribute z:Ref="i47"/></URDFElement><URDFElement z:Id="i48" i:type="Limit"><Attributes><Attribute z:Id="i49"><AttributeType>lower</AttributeType><IsRequired>false</IsRequired><Value i:nil="true"/></Attribute><Attribute z:Id="i50"><AttributeType>upper</AttributeType><IsRequired>false</IsRequired><Value i:nil="true"/></Attribute><Attribute z:Id="i51"><AttributeType>effort</AttributeType><IsRequired>true</IsRequired><Value i:nil="true"/></Attribute><Attribute z:Id="i52"><AttributeType>velocity</AttributeType><IsRequired>true</IsRequired><Value i:nil="true"/></Attribute></Attributes><ChildElements/><ElementName>limit</ElementName><required>false</required><EffortAttribute z:Ref="i51"/><LowerAttribute z:Ref="i49"/><UpperAttribute z:Ref="i50"/><VelocityAttribute z:Ref="i52"/></URDFElement><URDFElement z:Id="i53" i:type="Calibration"><Attributes><Attribute z:Id="i54"><AttributeType>rising</AttributeType><IsRequired>false</IsRequired><Value i:nil="true"/></Attribute><Attribute z:Id="i55"><AttributeType>falling</AttributeType><IsRequired>false</IsRequired><Value i:nil="true"/></Attribute></Attributes><ChildElements/><ElementName>calibration</ElementName><required>false</required><FallingAttribute z:Ref="i55"/><RisingAttribute z:Ref="i54"/></URDFElement><URDFElement z:Id="i56" i:type="Dynamics"><Attributes><Attribute z:Id="i57"><AttributeType>damping</AttributeType><IsRequired>false</IsRequired><Value i:nil="true"/></Attribute><Attribute z:Id="i58"><AttributeType>friction</AttributeType><IsRequired>false</IsRequired><Value i:nil="true"/></Attribute></Attributes><ChildElements/><ElementName>dynamics</ElementName><required>false</required><DampingAttribute z:Ref="i57"/><FrictionAttribute z:Ref="i58"/></URDFElement><URDFElement z:Id="i59" i:type="SafetyController"><Attributes><Attribute z:Id="i60"><AttributeType>soft_upper_limit</AttributeType><IsRequired>false</IsRequired><Value i:nil="true"/></Attribute><Attribute z:Id="i61"><AttributeType>soft_lower_limit</AttributeType><IsRequired>false</IsRequired><Value i:nil="true"/></Attribute><Attribute z:Id="i62"><AttributeType>k_position</AttributeType><IsRequired>false</IsRequired><Value i:nil="true"/></Attribute><Attribute z:Id="i63"><AttributeType>k_velocity</AttributeType><IsRequired>true</IsRequired><Value i:nil="true"/></Attribute></Attributes><ChildElements/><ElementName>safety_controller</ElementName><required>false</required><KPositionAttribute z:Ref="i62"/><KVelocityAttribute z:Ref="i63"/><SoftLowerAttribute z:Ref="i61"/><SoftUpperAttribute z:Ref="i60"/></URDFElement><URDFElement z:Id="i64" i:type="Mimic"><Attributes><Attribute z:Id="i65"><AttributeType>joint</AttributeType><IsRequired>true</IsRequired><Value i:nil="true"/></Attribute><Attribute z:Id="i66"><AttributeType>multiplier</AttributeType><IsRequired>false</IsRequired><Value i:nil="true"/></Attribute><Attribute z:Id="i67"><AttributeType>offset</AttributeType><IsRequired>false</IsRequired><Value i:nil="true"/></Attribute></Attributes><ChildElements/><ElementName>mimic</ElementName><required>false</required><JointNameAttribute z:Ref="i65"/><MultiplierAttribute z:Ref="i66"/><OffsetAttribute z:Ref="i67"/></URDFElement></ChildElements><ElementName>joint</ElementName><required>false</required><Axis z:Ref="i46"/><AxisName/><Calibration z:Ref="i53"/><Child z:Ref="i44"/><CoordinateSystemName>Automatically Generate</CoordinateSystemName><Dynamics z:Ref="i56"/><Limit z:Ref="i48"/><Mimic z:Ref="i64"/><NameAttribute z:Ref="i37"/><Origin z:Ref="i39"/><Parent z:Ref="i42"/><Safety z:Ref="i59"/><TypeAttribute z:Ref="i38"/></URDFElement></ChildElements><ElementName>link</ElementName><required>true</required><Children><Link z:Id="i68"><Attributes><Attribute z:Id="i69"><AttributeType>name</AttributeType><IsRequired>true</IsRequired><Value i:type="a:string" xmlns:a="http://www.w3.org/2001/XMLSchema">left_wheel</Value></Attribute></Attributes><ChildElements><URDFElement z:Id="i70" i:type="Inertial"><Attributes/><ChildElements><URDFElement z:Id="i71" i:type="Origin"><Attributes><Attribute z:Id="i72"><AttributeType>xyz</AttributeType><IsRequired>true</IsRequired><Value i:type="a:ArrayOfdouble" xmlns:a="http://schemas.microsoft.com/2003/10/Serialization/Arrays"><a:double>0</a:double><a:double>0</a:double><a:double>0</a:double></Value></Attribute><Attribute z:Id="i73"><AttributeType>rpy</AttributeType><IsRequired>true</IsRequired><Value i:type="a:ArrayOfdouble" xmlns:a="http://schemas.microsoft.com/2003/10/Serialization/Arrays"><a:double>0</a:double><a:double>0</a:double><a:double>0</a:double></Value></Attribute></Attributes><ChildElements/><ElementName>origin</ElementName><required>false</required><RPYAttribute z:Ref="i73"/><XYZAttribute z:Ref="i72"/><isCustomized>false</isCustomized></URDFElement><URDFElement z:Id="i74" i:type="Mass"><Attributes><Attribute z:Id="i75"><AttributeType>value</AttributeType><IsRequired>true</IsRequired><Value i:type="a:double" xmlns:a="http://www.w3.org/2001/XMLSchema">0</Value></Attribute></Attributes><ChildElements/><ElementName>mass</ElementName><required>false</required><ValueAttribute z:Ref="i75"/></URDFElement><URDFElement z:Id="i76" i:type="Inertia"><Attributes><Attribute z:Id="i77"><AttributeType>ixx</AttributeType><IsRequired>true</IsRequired><Value i:type="a:double" xmlns:a="http://www.w3.org/2001/XMLSchema">0</Value></Attribute><Attribute z:Id="i78"><AttributeType>ixy</AttributeType><IsRequired>true</IsRequired><Value i:type="a:double" xmlns:a="http://www.w3.org/2001/XMLSchema">0</Value></Attribute><Attribute z:Id="i79"><AttributeType>ixz</AttributeType><IsRequired>true</IsRequired><Value i:type="a:double" xmlns:a="http://www.w3.org/2001/XMLSchema">0</Value></Attribute><Attribute z:Id="i80"><AttributeType>iyy</AttributeType><IsRequired>true</IsRequired><Value i:type="a:double" xmlns:a="http://www.w3.org/2001/XMLSchema">0</Value></Attribute><Attribute z:Id="i81"><AttributeType>iyz</AttributeType><IsRequired>true</IsRequired><Value i:type="a:double" xmlns:a="http://www.w3.org/2001/XMLSchema">0</Value></Attribute><Attribute z:Id="i82"><AttributeType>izz</AttributeType><IsRequired>true</IsRequired><Value i:type="a:double" xmlns:a="http://www.w3.org/2001/XMLSchema">0</Value></Attribute></Attributes><ChildElements/><ElementName>inertia</ElementName><required>false</required><IxxAttribute z:Ref="i77"/><IxyAttribute z:Ref="i78"/><IxzAttribute z:Ref="i79"/><IyyAttribute z:Ref="i80"/><IyzAttribute z:Ref="i81"/><IzzAttribute z:Ref="i82"/></URDFElement></ChildElements><ElementName>inertial</ElementName><required>false</required><Inertia z:Ref="i76"/><Mass z:Ref="i74"/><Origin z:Ref="i71"/></URDFElement><URDFElement z:Id="i83" i:type="Visual"><Attributes/><ChildElements><URDFElement z:Id="i84" i:type="Origin"><Attributes><Attribute z:Id="i85"><AttributeType>xyz</AttributeType><IsRequired>true</IsRequired><Value i:type="a:ArrayOfdouble" xmlns:a="http://schemas.microsoft.com/2003/10/Serialization/Arrays"><a:double>0</a:double><a:double>0</a:double><a:double>0</a:double></Value></Attribute><Attribute z:Id="i86"><AttributeType>rpy</AttributeType><IsRequired>true</IsRequired><Value i:type="a:ArrayOfdouble" xmlns:a="http://schemas.microsoft.com/2003/10/Serialization/Arrays"><a:double>0</a:double><a:double>0</a:double><a:double>0</a:double></Value></Attribute></Attributes><ChildElements/><ElementName>origin</ElementName><required>false</required><RPYAttribute z:Ref="i86"/><XYZAttribute z:Ref="i85"/><isCustomized>false</isCustomized></URDFElement><URDFElement z:Id="i87" i:type="Geometry"><Attributes/><ChildElements><URDFElement z:Id="i88" i:type="Mesh"><Attributes><Attribute z:Id="i89"><AttributeType>filename</AttributeType><IsRequired>true</IsRequired><Value i:nil="true"/></Attribute></Attributes><ChildElements/><ElementName>mesh</ElementName><required>false</required><FilenameAttribute z:Ref="i89"/></URDFElement></ChildElements><ElementName>geometry</ElementName><required>true</required><Mesh z:Ref="i88"/></URDFElement><URDFElement z:Id="i90" i:type="Material"><Attributes><Attribute z:Id="i91"><AttributeType>name</AttributeType><IsRequired>true</IsRequired><Value i:type="a:string" xmlns:a="http://www.w3.org/2001/XMLSchema"/></Attribute></Attributes><ChildElements><URDFElement z:Id="i92" i:type="Color"><Attributes><Attribute z:Id="i93"><AttributeType>rgba</AttributeType><IsRequired>true</IsRequired><Value i:type="a:ArrayOfdouble" xmlns:a="http://schemas.microsoft.com/2003/10/Serialization/Arrays"><a:double>1</a:double><a:double>1</a:double><a:double>1</a:double><a:double>1</a:double></Value></Attribute></Attributes><ChildElements/><ElementName>color</ElementName><required>false</required><RGBAAttribute z:Ref="i93"/></URDFElement><URDFElement z:Id="i94" i:type="Texture"><Attributes><Attribute z:Id="i95"><AttributeType>filename</AttributeType><IsRequired>true</IsRequired><Value i:nil="true"/></Attribute></Attributes><ChildElements/><ElementName>texture</ElementName><required>false</required><FilenameAttribute z:Ref="i95"/><wFilename/></URDFElement></ChildElements><ElementName>material</ElementName><required>false</required><Color z:Ref="i92"/><NameAttribute z:Ref="i91"/><Texture z:Ref="i94"/></URDFElement></ChildElements><ElementName>visual</ElementName><required>false</required><Geometry z:Ref="i87"/><Material z:Ref="i90"/><Origin z:Ref="i84"/></URDFElement><URDFElement z:Id="i96" i:type="Collision"><Attributes/><ChildElements><URDFElement z:Id="i97" i:type="Origin"><Attributes><Attribute z:Id="i98"><AttributeType>xyz</AttributeType><IsRequired>true</IsRequired><Value i:type="a:ArrayOfdouble" xmlns:a="http://schemas.microsoft.com/2003/10/Serialization/Arrays"><a:double>0</a:double><a:double>0</a:double><a:double>0</a:double></Value></Attribute><Attribute z:Id="i99"><AttributeType>rpy</AttributeType><IsRequired>true</IsRequired><Value i:type="a:ArrayOfdouble" xmlns:a="http://schemas.microsoft.com/2003/10/Serialization/Arrays"><a:double>0</a:double><a:double>0</a:double><a:double>0</a:double></Value></Attribute></Attributes><ChildElements/><ElementName>origin</ElementName><required>false</required><RPYAttribute z:Ref="i99"/><XYZAttribute z:Ref="i98"/><isCustomized>false</isCustomized></URDFElement><URDFElement z:Id="i100" i:type="Geometry"><Attributes/><ChildElements><URDFElement z:Id="i101" i:type="Mesh"><Attributes><Attribute z:Id="i102"><AttributeType>filename</AttributeType><IsRequired>true</IsRequired><Value i:nil="true"/></Attribute></Attributes><ChildElements/><ElementName>mesh</ElementName><required>false</required><FilenameAttribute z:Ref="i102"/></URDFElement></ChildElements><ElementName>geometry</ElementName><required>true</required><Mesh z:Ref="i101"/></URDFElement></ChildElements><ElementName>collision</ElementName><required>false</required><Geometry z:Ref="i100"/><Origin z:Ref="i97"/></URDFElement><URDFElement z:Id="i103" i:type="Joint"><Attributes><Attribute z:Id="i104"><AttributeType>name</AttributeType><IsRequired>true</IsRequired><Value i:type="a:string" xmlns:a="http://www.w3.org/2001/XMLSchema">left_wheel_joint</Value></Attribute><Attribute z:Id="i105"><AttributeType>type</AttributeType><IsRequired>true</IsRequired><Value i:type="a:string" xmlns:a="http://www.w3.org/2001/XMLSchema">Automatically Detect</Value></Attribute></Attributes><ChildElements><URDFElement z:Id="i106" i:type="Origin"><Attributes><Attribute z:Id="i107"><AttributeType>xyz</AttributeType><IsRequired>true</IsRequired><Value i:type="a:ArrayOfdouble" xmlns:a="http://schemas.microsoft.com/2003/10/Serialization/Arrays"><a:double>0</a:double><a:double>0</a:double><a:double>0</a:double></Value></Attribute><Attribute z:Id="i108"><AttributeType>rpy</AttributeType><IsRequired>true</IsRequired><Value i:type="a:ArrayOfdouble" xmlns:a="http://schemas.microsoft.com/2003/10/Serialization/Arrays"><a:double>0</a:double><a:double>0</a:double><a:double>0</a:double></Value></Attribute></Attributes><ChildElements/><ElementName>origin</ElementName><required>false</required><RPYAttribute z:Ref="i108"/><XYZAttribute z:Ref="i107"/><isCustomized>false</isCustomized></URDFElement><URDFElement z:Id="i109" i:type="ParentLink"><Attributes><Attribute z:Id="i110"><AttributeType>link</AttributeType><IsRequired>true</IsRequired><Value i:type="a:string" xmlns:a="http://www.w3.org/2001/XMLSchema"/></Attribute></Attributes><ChildElements/><ElementName>parent</ElementName><required>true</required><NameAttribute z:Ref="i110"/></URDFElement><URDFElement z:Id="i111" i:type="ChildLink"><Attributes><Attribute z:Id="i112"><AttributeType>link</AttributeType><IsRequired>true</IsRequired><Value i:type="a:string" xmlns:a="http://www.w3.org/2001/XMLSchema"/></Attribute></Attributes><ChildElements/><ElementName>child</ElementName><required>true</required><NameAttribute z:Ref="i112"/></URDFElement><URDFElement z:Id="i113" i:type="Axis"><Attributes><Attribute z:Id="i114"><AttributeType>xyz</AttributeType><IsRequired>true</IsRequired><Value i:type="a:ArrayOfdouble" xmlns:a="http://schemas.microsoft.com/2003/10/Serialization/Arrays"><a:double>0</a:double><a:double>0</a:double><a:double>0</a:double></Value></Attribute></Attributes><ChildElements/><ElementName>axis</ElementName><required>false</required><XYZAttribute z:Ref="i114"/></URDFElement><URDFElement z:Id="i115" i:type="Limit"><Attributes><Attribute z:Id="i116"><AttributeType>lower</AttributeType><IsRequired>false</IsRequired><Value i:nil="true"/></Attribute><Attribute z:Id="i117"><AttributeType>upper</AttributeType><IsRequired>false</IsRequired><Value i:nil="true"/></Attribute><Attribute z:Id="i118"><AttributeType>effort</AttributeType><IsRequired>true</IsRequired><Value i:nil="true"/></Attribute><Attribute z:Id="i119"><AttributeType>velocity</AttributeType><IsRequired>true</IsRequired><Value i:nil="true"/></Attribute></Attributes><ChildElements/><ElementName>limit</ElementName><required>false</required><EffortAttribute z:Ref="i118"/><LowerAttribute z:Ref="i116"/><UpperAttribute z:Ref="i117"/><VelocityAttribute z:Ref="i119"/></URDFElement><URDFElement z:Id="i120" i:type="Calibration"><Attributes><Attribute z:Id="i121"><AttributeType>rising</AttributeType><IsRequired>false</IsRequired><Value i:nil="true"/></Attribute><Attribute z:Id="i122"><AttributeType>falling</AttributeType><IsRequired>false</IsRequired><Value i:nil="true"/></Attribute></Attributes><ChildElements/><ElementName>calibration</ElementName><required>false</required><FallingAttribute z:Ref="i122"/><RisingAttribute z:Ref="i121"/></URDFElement><URDFElement z:Id="i123" i:type="Dynamics"><Attributes><Attribute z:Id="i124"><AttributeType>damping</AttributeType><IsRequired>false</IsRequired><Value i:nil="true"/></Attribute><Attribute z:Id="i125"><AttributeType>friction</AttributeType><IsRequired>false</IsRequired><Value i:nil="true"/></Attribute></Attributes><ChildElements/><ElementName>dynamics</ElementName><required>false</required><DampingAttribute z:Ref="i124"/><FrictionAttribute z:Ref="i125"/></URDFElement><URDFElement z:Id="i126" i:type="SafetyController"><Attributes><Attribute z:Id="i127"><AttributeType>soft_upper_limit</AttributeType><IsRequired>false</IsRequired><Value i:nil="true"/></Attribute><Attribute z:Id="i128"><AttributeType>soft_lower_limit</AttributeType><IsRequired>false</IsRequired><Value i:nil="true"/></Attribute><Attribute z:Id="i129"><AttributeType>k_position</AttributeType><IsRequired>false</IsRequired><Value i:nil="true"/></Attribute><Attribute z:Id="i130"><AttributeType>k_velocity</AttributeType><IsRequired>true</IsRequired><Value i:nil="true"/></Attribute></Attributes><ChildElements/><ElementName>safety_controller</ElementName><required>false</required><KPositionAttribute z:Ref="i129"/><KVelocityAttribute z:Ref="i130"/><SoftLowerAttribute z:Ref="i128"/><SoftUpperAttribute z:Ref="i127"/></URDFElement><URDFElement z:Id="i131" i:type="Mimic"><Attributes><Attribute z:Id="i132"><AttributeType>joint</AttributeType><IsRequired>true</IsRequired><Value i:nil="true"/></Attribute><Attribute z:Id="i133"><AttributeType>multiplier</AttributeType><IsRequired>false</IsRequired><Value i:nil="true"/></Attribute><Attribute z:Id="i134"><AttributeType>offset</AttributeType><IsRequired>false</IsRequired><Value i:nil="true"/></Attribute></Attributes><ChildElements/><ElementName>mimic</ElementName><required>false</required><JointNameAttribute z:Ref="i132"/><MultiplierAttribute z:Ref="i133"/><OffsetAttribute z:Ref="i134"/></URDFElement></ChildElements><ElementName>joint</ElementName><required>false</required><Axis z:Ref="i113"/><AxisName>Automatically Generate</AxisName><Calibration z:Ref="i120"/><Child z:Ref="i111"/><CoordinateSystemName>Automatically Generate</CoordinateSystemName><Dynamics z:Ref="i123"/><Limit z:Ref="i115"/><Mimic z:Ref="i131"/><NameAttribute z:Ref="i104"/><Origin z:Ref="i106"/><Parent z:Ref="i109"/><Safety z:Ref="i126"/><TypeAttribute z:Ref="i105"/></URDFElement></ChildElements><ElementName>link</ElementName><required>true</required><Children/><Collision z:Ref="i96"/><Inertial z:Ref="i70"/><Joint z:Ref="i103"/><NameAttribute z:Ref="i69"/><Parent z:Ref="i1"/><STLQualityFine>false</STLQualityFine><SWComponentPIDs xmlns:a="http://schemas.microsoft.com/2003/10/Serialization/Arrays"><a:base64Binary>gD4AAAUAAAD//v8bNQBpAG4AIABDAG8AbABzAG8AbgAgAFcAaABlAGUAbAAtADIAQABBAHMAcwBlAG0AYgBsAHkABAAAABAAAAABAAAAAQAAAPMBAAA=</a:base64Binary></SWComponentPIDs><SWMainComponentPID i:nil="true"/><Visual z:Ref="i83"/><isFixedFrame>false</isFixedFrame><isIncomplete>false</isIncomplete></Link><Link z:Id="i135"><Attributes><Attribute z:Id="i136"><AttributeType>name</AttributeType><IsRequired>true</IsRequired><Value i:type="a:string" xmlns:a="http://www.w3.org/2001/XMLSchema">right_wheel</Value></Attribute></Attributes><ChildElements><URDFElement z:Id="i137" i:type="Inertial"><Attributes/><ChildElements><URDFElement z:Id="i138" i:type="Origin"><Attributes><Attribute z:Id="i139"><AttributeType>xyz</AttributeType><IsRequired>true</IsRequired><Value i:type="a:ArrayOfdouble" xmlns:a="http://schemas.microsoft.com/2003/10/Serialization/Arrays"><a:double>0</a:double><a:double>0</a:double><a:double>0</a:double></Value></Attribute><Attribute z:Id="i140"><AttributeType>rpy</AttributeType><IsRequired>true</IsRequired><Value i:type="a:ArrayOfdouble" xmlns:a="http://schemas.microsoft.com/2003/10/Serialization/Arrays"><a:double>0</a:double><a:double>0</a:double><a:double>0</a:double></Value></Attribute></Attributes><ChildElements/><ElementName>origin</ElementName><required>false</required><RPYAttribute z:Ref="i140"/><XYZAttribute z:Ref="i139"/><isCustomized>false</isCustomized></URDFElement><URDFElement z:Id="i141" i:type="Mass"><Attributes><Attribute z:Id="i142"><AttributeType>value</AttributeType><IsRequired>true</IsRequired><Value i:type="a:double" xmlns:a="http://www.w3.org/2001/XMLSchema">0</Value></Attribute></Attributes><ChildElements/><ElementName>mass</ElementName><required>false</required><ValueAttribute z:Ref="i142"/></URDFElement><URDFElement z:Id="i143" i:type="Inertia"><Attributes><Attribute z:Id="i144"><AttributeType>ixx</AttributeType><IsRequired>true</IsRequired><Value i:type="a:double" xmlns:a="http://www.w3.org/2001/XMLSchema">0</Value></Attribute><Attribute z:Id="i145"><AttributeType>ixy</AttributeType><IsRequired>true</IsRequired><Value i:type="a:double" xmlns:a="http://www.w3.org/2001/XMLSchema">0</Value></Attribute><Attribute z:Id="i146"><AttributeType>ixz</AttributeType><IsRequired>true</IsRequired><Value i:type="a:double" xmlns:a="http://www.w3.org/2001/XMLSchema">0</Value></Attribute><Attribute z:Id="i147"><AttributeType>iyy</AttributeType><IsRequired>true</IsRequired><Value i:type="a:double" xmlns:a="http://www.w3.org/2001/XMLSchema">0</Value></Attribute><Attribute z:Id="i148"><AttributeType>iyz</AttributeType><IsRequired>true</IsRequired><Value i:type="a:double" xmlns:a="http://www.w3.org/2001/XMLSchema">0</Value></Attribute><Attribute z:Id="i149"><AttributeType>izz</AttributeType><IsRequired>true</IsRequired><Value i:type="a:double" xmlns:a="http://www.w3.org/2001/XMLSchema">0</Value></Attribute></Attributes><ChildElements/><ElementName>inertia</ElementName><required>false</required><IxxAttribute z:Ref="i144"/><IxyAttribute z:Ref="i145"/><IxzAttribute z:Ref="i146"/><IyyAttribute z:Ref="i147"/><IyzAttribute z:Ref="i148"/><IzzAttribute z:Ref="i149"/></URDFElement></ChildElements><ElementName>inertial</ElementName><required>false</required><Inertia z:Ref="i143"/><Mass z:Ref="i141"/><Origin z:Ref="i138"/></URDFElement><URDFElement z:Id="i150" i:type="Visual"><Attributes/><ChildElements><URDFElement z:Id="i151" i:type="Origin"><Attributes><Attribute z:Id="i152"><AttributeType>xyz</AttributeType><IsRequired>true</IsRequired><Value i:type="a:ArrayOfdouble" xmlns:a="http://schemas.microsoft.com/2003/10/Serialization/Arrays"><a:double>0</a:double><a:double>0</a:double><a:double>0</a:double></Value></Attribute><Attribute z:Id="i153"><AttributeType>rpy</AttributeType><IsRequired>true</IsRequired><Value i:type="a:ArrayOfdouble" xmlns:a="http://schemas.microsoft.com/2003/10/Serialization/Arrays"><a:double>0</a:double><a:double>0</a:double><a:double>0</a:double></Value></Attribute></Attributes><ChildElements/><ElementName>origin</ElementName><required>false</required><RPYAttribute z:Ref="i153"/><XYZAttribute z:Ref="i152"/><isCustomized>false</isCustomized></URDFElement><URDFElement z:Id="i154" i:type="Geometry"><Attributes/><ChildElements><URDFElement z:Id="i155" i:type="Mesh"><Attributes><Attribute z:Id="i156"><AttributeType>filename</AttributeType><IsRequired>true</IsRequired><Value i:nil="true"/></Attribute></Attributes><ChildElements/><ElementName>mesh</ElementName><required>false</required><FilenameAttribute z:Ref="i156"/></URDFElement></ChildElements><ElementName>geometry</ElementName><required>true</required><Mesh z:Ref="i155"/></URDFElement><URDFElement z:Id="i157" i:type="Material"><Attributes><Attribute z:Id="i158"><AttributeType>name</AttributeType><IsRequired>true</IsRequired><Value i:type="a:string" xmlns:a="http://www.w3.org/2001/XMLSchema"/></Attribute></Attributes><ChildElements><URDFElement z:Id="i159" i:type="Color"><Attributes><Attribute z:Id="i160"><AttributeType>rgba</AttributeType><IsRequired>true</IsRequired><Value i:type="a:ArrayOfdouble" xmlns:a="http://schemas.microsoft.com/2003/10/Serialization/Arrays"><a:double>1</a:double><a:double>1</a:double><a:double>1</a:double><a:double>1</a:double></Value></Attribute></Attributes><ChildElements/><ElementName>color</ElementName><required>false</required><RGBAAttribute z:Ref="i160"/></URDFElement><URDFElement z:Id="i161" i:type="Texture"><Attributes><Attribute z:Id="i162"><AttributeType>filename</AttributeType><IsRequired>true</IsRequired><Value i:nil="true"/></Attribute></Attributes><ChildElements/><ElementName>texture</ElementName><required>false</required><FilenameAttribute z:Ref="i162"/><wFilename/></URDFElement></ChildElements><ElementName>material</ElementName><required>false</required><Color z:Ref="i159"/><NameAttribute z:Ref="i158"/><Texture z:Ref="i161"/></URDFElement></ChildElements><ElementName>visual</ElementName><required>false</required><Geometry z:Ref="i154"/><Material z:Ref="i157"/><Origin z:Ref="i151"/></URDFElement><URDFElement z:Id="i163" i:type="Collision"><Attributes/><ChildElements><URDFElement z:Id="i164" i:type="Origin"><Attributes><Attribute z:Id="i165"><AttributeType>xyz</AttributeType><IsRequired>true</IsRequired><Value i:type="a:ArrayOfdouble" xmlns:a="http://schemas.microsoft.com/2003/10/Serialization/Arrays"><a:double>0</a:double><a:double>0</a:double><a:double>0</a:double></Value></Attribute><Attribute z:Id="i166"><AttributeType>rpy</AttributeType><IsRequired>true</IsRequired><Value i:type="a:ArrayOfdouble" xmlns:a="http://schemas.microsoft.com/2003/10/Serialization/Arrays"><a:double>0</a:double><a:double>0</a:double><a:double>0</a:double></Value></Attribute></Attributes><ChildElements/><ElementName>origin</ElementName><required>false</required><RPYAttribute z:Ref="i166"/><XYZAttribute z:Ref="i165"/><isCustomized>false</isCustomized></URDFElement><URDFElement z:Id="i167" i:type="Geometry"><Attributes/><ChildElements><URDFElement z:Id="i168" i:type="Mesh"><Attributes><Attribute z:Id="i169"><AttributeType>filename</AttributeType><IsRequired>true</IsRequired><Value i:nil="true"/></Attribute></Attributes><ChildElements/><ElementName>mesh</ElementName><required>false</required><FilenameAttribute z:Ref="i169"/></URDFElement></ChildElements><ElementName>geometry</ElementName><required>true</required><Mesh z:Ref="i168"/></URDFElement></ChildElements><ElementName>collision</ElementName><required>false</required><Geometry z:Ref="i167"/><Origin z:Ref="i164"/></URDFElement><URDFElement z:Id="i170" i:type="Joint"><Attributes><Attribute z:Id="i171"><AttributeType>name</AttributeType><IsRequired>true</IsRequired><Value i:type="a:string" xmlns:a="http://www.w3.org/2001/XMLSchema">right_wheel_joint</Value></Attribute><Attribute z:Id="i172"><AttributeType>type</AttributeType><IsRequired>true</IsRequired><Value i:type="a:string" xmlns:a="http://www.w3.org/2001/XMLSchema">Automatically Detect</Value></Attribute></Attributes><ChildElements><URDFElement z:Id="i173" i:type="Origin"><Attributes><Attribute z:Id="i174"><AttributeType>xyz</AttributeType><IsRequired>true</IsRequired><Value i:type="a:ArrayOfdouble" xmlns:a="http://schemas.microsoft.com/2003/10/Serialization/Arrays"><a:double>0</a:double><a:double>0</a:double><a:double>0</a:double></Value></Attribute><Attribute z:Id="i175"><AttributeType>rpy</AttributeType><IsRequired>true</IsRequired><Value i:type="a:ArrayOfdouble" xmlns:a="http://schemas.microsoft.com/2003/10/Serialization/Arrays"><a:double>0</a:double><a:double>0</a:double><a:double>0</a:double></Value></Attribute></Attributes><ChildElements/><ElementName>origin</ElementName><required>false</required><RPYAttribute z:Ref="i175"/><XYZAttribute z:Ref="i174"/><isCustomized>false</isCustomized></URDFElement><URDFElement z:Id="i176" i:type="ParentLink"><Attributes><Attribute z:Id="i177"><AttributeType>link</AttributeType><IsRequired>true</IsRequired><Value i:type="a:string" xmlns:a="http://www.w3.org/2001/XMLSchema"/></Attribute></Attributes><ChildElements/><ElementName>parent</ElementName><required>true</required><NameAttribute z:Ref="i177"/></URDFElement><URDFElement z:Id="i178" i:type="ChildLink"><Attributes><Attribute z:Id="i179"><AttributeType>link</AttributeType><IsRequired>true</IsRequired><Value i:type="a:string" xmlns:a="http://www.w3.org/2001/XMLSchema"/></Attribute></Attributes><ChildElements/><ElementName>child</ElementName><required>true</required><NameAttribute z:Ref="i179"/></URDFElement><URDFElement z:Id="i180" i:type="Axis"><Attributes><Attribute z:Id="i181"><AttributeType>xyz</AttributeType><IsRequired>true</IsRequired><Value i:type="a:ArrayOfdouble" xmlns:a="http://schemas.microsoft.com/2003/10/Serialization/Arrays"><a:double>0</a:double><a:double>0</a:double><a:double>0</a:double></Value></Attribute></Attributes><ChildElements/><ElementName>axis</ElementName><required>false</required><XYZAttribute z:Ref="i181"/></URDFElement><URDFElement z:Id="i182" i:type="Limit"><Attributes><Attribute z:Id="i183"><AttributeType>lower</AttributeType><IsRequired>false</IsRequired><Value i:nil="true"/></Attribute><Attribute z:Id="i184"><AttributeType>upper</AttributeType><IsRequired>false</IsRequired><Value i:nil="true"/></Attribute><Attribute z:Id="i185"><AttributeType>effort</AttributeType><IsRequired>true</IsRequired><Value i:nil="true"/></Attribute><Attribute z:Id="i186"><AttributeType>velocity</AttributeType><IsRequired>true</IsRequired><Value i:nil="true"/></Attribute></Attributes><ChildElements/><ElementName>limit</ElementName><required>false</required><EffortAttribute z:Ref="i185"/><LowerAttribute z:Ref="i183"/><UpperAttribute z:Ref="i184"/><VelocityAttribute z:Ref="i186"/></URDFElement><URDFElement z:Id="i187" i:type="Calibration"><Attributes><Attribute z:Id="i188"><AttributeType>rising</AttributeType><IsRequired>false</IsRequired><Value i:nil="true"/></Attribute><Attribute z:Id="i189"><AttributeType>falling</AttributeType><IsRequired>false</IsRequired><Value i:nil="true"/></Attribute></Attributes><ChildElements/><ElementName>calibration</ElementName><required>false</required><FallingAttribute z:Ref="i189"/><RisingAttribute z:Ref="i188"/></URDFElement><URDFElement z:Id="i190" i:type="Dynamics"><Attributes><Attribute z:Id="i191"><AttributeType>damping</AttributeType><IsRequired>false</IsRequired><Value i:nil="true"/></Attribute><Attribute z:Id="i192"><AttributeType>friction</AttributeType><IsRequired>false</IsRequired><Value i:nil="true"/></Attribute></Attributes><ChildElements/><ElementName>dynamics</ElementName><required>false</required><DampingAttribute z:Ref="i191"/><FrictionAttribute z:Ref="i192"/></URDFElement><URDFElement z:Id="i193" i:type="SafetyController"><Attributes><Attribute z:Id="i194"><AttributeType>soft_upper_limit</AttributeType><IsRequired>false</IsRequired><Value i:nil="true"/></Attribute><Attribute z:Id="i195"><AttributeType>soft_lower_limit</AttributeType><IsRequired>false</IsRequired><Value i:nil="true"/></Attribute><Attribute z:Id="i196"><AttributeType>k_position</AttributeType><IsRequired>false</IsRequired><Value i:nil="true"/></Attribute><Attribute z:Id="i197"><AttributeType>k_velocity</AttributeType><IsRequired>true</IsRequired><Value i:nil="true"/></Attribute></Attributes><ChildElements/><ElementName>safety_controller</ElementName><required>false</required><KPositionAttribute z:Ref="i196"/><KVelocityAttribute z:Ref="i197"/><SoftLowerAttribute z:Ref="i195"/><SoftUpperAttribute z:Ref="i194"/></URDFElement><URDFElement z:Id="i198" i:type="Mimic"><Attributes><Attribute z:Id="i199"><AttributeType>joint</AttributeType><IsRequired>true</IsRequired><Value i:nil="true"/></Attribute><Attribute z:Id="i200"><AttributeType>multiplier</AttributeType><IsRequired>false</IsRequired><Value i:nil="true"/></Attribute><Attribute z:Id="i201"><AttributeType>offset</AttributeType><IsRequired>false</IsRequired><Value i:nil="true"/></Attribute></Attributes><ChildElements/><ElementName>mimic</ElementName><required>false</required><JointNameAttribute z:Ref="i199"/><MultiplierAttribute z:Ref="i200"/><OffsetAttribute z:Ref="i201"/></URDFElement></ChildElements><ElementName>joint</ElementName><required>false</required><Axis z:Ref="i180"/><AxisName>Automatically Generate</AxisName><Calibration z:Ref="i187"/><Child z:Ref="i178"/><CoordinateSystemName>Automatically Generate</CoordinateSystemName><Dynamics z:Ref="i190"/><Limit z:Ref="i182"/><Mimic z:Ref="i198"/><NameAttribute z:Ref="i171"/><Origin z:Ref="i173"/><Parent z:Ref="i176"/><Safety z:Ref="i193"/><TypeAttribute z:Ref="i172"/></URDFElement></ChildElements><ElementName>link</ElementName><required>true</required><Children/><Collision z:Ref="i163"/><Inertial z:Ref="i137"/><Joint z:Ref="i170"/><NameAttribute z:Ref="i136"/><Parent z:Ref="i1"/><STLQualityFine>false</STLQualityFine><SWComponentPIDs xmlns:a="http://schemas.microsoft.com/2003/10/Serialization/Arrays"><a:base64Binary>gD4AAAUAAAD//v8bNQBpAG4AIABDAG8AbABzAG8AbgAgAFcAaABlAGUAbAAtADEAQABBAHMAcwBlAG0AYgBsAHkABAAAABAAAAABAAAAAQAAALEBAAA=</a:base64Binary></SWComponentPIDs><SWMainComponentPID i:nil="true"/><Visual z:Ref="i150"/><isFixedFrame>false</isFixedFrame><isIncomplete>false</isIncomplete></Link></Children><Collision z:Ref="i29"/><Inertial z:Ref="i3"/><Joint z:Ref="i36"/><NameAttribute z:Ref="i2"/><Parent i:nil="true"/><STLQualityFine>false</STLQualityFine><SWComponentPIDs xmlns:a="http://schemas.microsoft.com/2003/10/Serialization/Arrays"><a:base64Binary>gD4AAAUAAAD//v8VUwBpAGQAZQAgAFAAaQBlAGMAZQAtADEAQABBAHMAcwBlAG0AYgBsAHkABAAAABAAAAABAAAAAQAAABkAAAA=</a:base64Binary><a:base64Binary>gD4AAAUAAAD//v8VUwBpAGQAZQAgAFAAaQBlAGMAZQAtADIAQABBAHMAcwBlAG0AYgBsAHkABAAAABAAAAABAAAAAQAAADsAAAA=</a:base64Binary><a:base64Binary>gD4AAAUAAAD//v8cRgByAG8AbgB0ACAAQwBlAG4AdABlAHIAIABCAGUAYQBtAC0AMQBAAEEAcwBzAGUAbQBiAGwAeQAEAAAAEAAAAAEAAAABAAAAVQAAAA==</a:base64Binary><a:base64Binary>gD4AAAUAAAD//v8bQgBhAGMAawAgAEMAZQBuAHQAZQByACAAQgBlAGEAbQAtADEAQABBAHMAcwBlAG0AYgBsAHkABAAAABAAAAABAAAAAQAAAGIAAAA=</a:base64Binary><a:base64Binary>gD4AAAUAAAD//v8eTQBpAGQAZABsAGUAIABUAC0AUwBsAG8AdAAgAFAAaQBlAGMAZQAtADEAQABBAHMAcwBlAG0AYgBsAHkABAAAABAAAAABAAAAAQAAAHcAAAA=</a:base64Binary><a:base64Binary>gD4AAAUAAAD//v8cRgByAG8AbgB0ACAARgByAGEAbQBlACAAUABpAGUAYwBlAC0AMQBAAEEAcwBzAGUAbQBiAGwAeQAEAAAAEAAAAAEAAAABAAAAgQAAAA==</a:base64Binary><a:base64Binary>gD4AAAUAAAD//v8bQgBhAGMAawAgAEYAcgBhAG0AZQAgAFAAaQBlAGMAZQAtADEAQABBAHMAcwBlAG0AYgBsAHkABAAAABAAAAABAAAAAQAAAI4AAAA=</a:base64Binary><a:base64Binary>gD4AAAUAAAD//v8bTQBpAGQAZABsAGUAIABGAHIAbwBuAHQAIABCAGEAcgAtADEAQABBAHMAcwBlAG0AYgBsAHkABAAAABAAAAABAAAAAQAAAJ0AAAA=</a:base64Binary><a:base64Binary>gD4AAAUAAAD//v8bTQBpAGQAZABsAGUAIABGAHIAbwBuAHQAIABCAGEAcgAtADIAQABBAHMAcwBlAG0AYgBsAHkABAAAABAAAAABAAAAAQAAAJ8AAAA=</a:base64Binary><a:base64Binary>gD4AAAUAAAD//v8TRQBuAGQAIABDAGEAcAAtADEAMgBAAEEAcwBzAGUAbQBiAGwAeQAEAAAAEAAAAAEAAAABAAAAoQAAAA==</a:base64Binary><a:base64Binary>gD4AAAUAAAD//v8TRQBuAGQAIABDAGEAcAAtADEAMQBAAEEAcwBzAGUAbQBiAGwAeQAEAAAAEAAAAAEAAAABAAAAoAAAAA==</a:base64Binary><a:base64Binary>gD4AAAUAAAD//v8TRQBuAGQAIABDAGEAcAAtADEAMABAAEEAcwBzAGUAbQBiAGwAeQAEAAAAEAAAAAEAAAABAAAAngAAAA==</a:base64Binary><a:base64Binary>gD4AAAUAAAD//v8SRQBuAGQAIABDAGEAcAAtADkAQABBAHMAcwBlAG0AYgBsAHkABAAAABAAAAABAAAAAQAAAJwAAAA=</a:base64Binary><a:base64Binary>gD4AAAUAAAD//v8SRQBuAGQAIABDAGEAcAAtADgAQABBAHMAcwBlAG0AYgBsAHkABAAAABAAAAABAAAAAQAAAGQAAAA=</a:base64Binary><a:base64Binary>gD4AAAUAAAD//v8SRQBuAGQAIABDAGEAcAAtADcAQABBAHMAcwBlAG0AYgBsAHkABAAAABAAAAABAAAAAQAAAGMAAAA=</a:base64Binary><a:base64Binary>gD4AAAUAAAD//v8SRQBuAGQAIABDAGEAcAAtADYAQABBAHMAcwBlAG0AYgBsAHkABAAAABAAAAABAAAAAQAAAFcAAAA=</a:base64Binary><a:base64Binary>gD4AAAUAAAD//v8SRQBuAGQAIABDAGEAcAAtADUAQABBAHMAcwBlAG0AYgBsAHkABAAAABAAAAABAAAAAQAAAFYAAAA=</a:base64Binary><a:base64Binary>gD4AAAUAAAD//v8SRQBuAGQAIABDAGEAcAAtADQAQABBAHMAcwBlAG0AYgBsAHkABAAAABAAAAABAAAAAQAAADkAAAA=</a:base64Binary><a:base64Binary>gD4AAAUAAAD//v8SRQBuAGQAIABDAGEAcAAtADMAQABBAHMAcwBlAG0AYgBsAHkABAAAABAAAAABAAAAAQAAADgAAAA=</a:base64Binary><a:base64Binary>gD4AAAUAAAD//v8SRQBuAGQAIABDAGEAcAAtADIAQABBAHMAcwBlAG0AYgBsAHkABAAAABAAAAABAAAAAQAAAC0AAAA=</a:base64Binary><a:base64Binary>gD4AAAUAAAD//v8SRQBuAGQAIABDAGEAcAAtADEAQABBAHMAcwBlAG0AYgBsAHkABAAAABAAAAABAAAAAQAAACwAAAA=</a:base64Binary><a:base64Binary>gD4AAAUAAAD//v8kVABzAGwAbwB0ACAAQgBhAHQAdABlAHIAeQAgAEgAbwBsAGQAZQByACAAQgBhAHIAcwAtADEAQABBAHMAcwBlAG0AYgBsAHkABAAAABAAAAABAAAAAQAAADcBAAA=</a:base64Binary><a:base64Binary>gD4AAAUAAAD//v8kVABzAGwAbwB0ACAAQgBhAHQAdABlAHIAeQAgAEgAbwBsAGQAZQByACAAQgBhAHIAcwAtADIAQABBAHMAcwBlAG0AYgBsAHkABAAAABAAAAABAAAAAQAAADgBAAA=</a:base64Binary><a:base64Binary>gD4AAAUAAAD//v8kVABzAGwAbwB0ACAAQgBhAHQAdABlAHIAeQAgAEgAbwBsAGQAZQByACAAQgBhAHIAcwAtADMAQABBAHMAcwBlAG0AYgBsAHkABAAAABAAAAABAAAAAQAAADkBAAA=</a:base64Binary><a:base64Binary>gD4AAAUAAAD//v8iRQBsAGUAYwB0AHIAbwBuAGkAYwBzACAAQgBvAGEAcgBkACAAUwBpAGQAZQBzAC0AMQBAAEEAcwBzAGUAbQBiAGwAeQAEAAAAEAAAAAEAAAABAAAAWQEAAA==</a:base64Binary><a:base64Binary>gD4AAAUAAAD//v8iRQBsAGUAYwB0AHIAbwBuAGkAYwBzACAAQgBvAGEAcgBkACAAUwBpAGQAZQBzAC0AMgBAAEEAcwBzAGUAbQBiAGwAeQAEAAAAEAAAAAEAAAABAAAAWgEAAA==</a:base64Binary><a:base64Binary>gD4AAAUAAAD//v8UQgBhAGMAawAgAFIAYQBpAGwALQAyAEAAQQBzAHMAZQBtAGIAbAB5AAQAAAAQAAAAAQAAAAEAAABcAQAA</a:base64Binary><a:base64Binary>gD4AAAUAAAD//v8UQgBhAGMAawAgAFIAYQBpAGwALQAzAEAAQQBzAHMAZQBtAGIAbAB5AAQAAAAQAAAAAQAAAAEAAABdAQAA</a:base64Binary><a:base64Binary>gD4AAAUAAAD//v8mRQBsAGUAYwB0AHIAbwBuAGkAYwBzACAAQgBvAGEAcgBkACAAUwB0AGEAbgBkAG8AZgBmAHMALQAxAEAAQQBzAHMAZQBtAGIAbAB5AAQAAAAQAAAAAQAAAAEAAAB3AQAA</a:base64Binary><a:base64Binary>gD4AAAUAAAD//v8mRQBsAGUAYwB0AHIAbwBuAGkAYwBzACAAQgBvAGEAcgBkACAAUwB0AGEAbgBkAG8AZgBmAHMALQAyAEAAQQBzAHMAZQBtAGIAbAB5AAQAAAAQAAAAAQAAAAEAAAB4AQAA</a:base64Binary><a:base64Binary>gD4AAAUAAAD//v8mRQBsAGUAYwB0AHIAbwBuAGkAYwBzACAAQgBvAGEAcgBkACAAUwB0AGEAbgBkAG8AZgBmAHMALQAzAEAAQQBzAHMAZQBtAGIAbAB5AAQAAAAQAAAAAQAAAAEAAAB5AQAA</a:base64Binary><a:base64Binary>gD4AAAUAAAD//v8mRQBsAGUAYwB0AHIAbwBuAGkAYwBzACAAQgBvAGEAcgBkACAAUwB0AGEAbgBkAG8AZgBmAHMALQA0AEAAQQBzAHMAZQBtAGIAbAB5AAQAAAAQAAAAAQAAAAEAAAB6AQAA</a:base64Binary><a:base64Binary>gD4AAAUAAAD//v8aTgBlAHcAIAAxADIAVgAgAGIAYQB0AHQAZQByAHkALQAyAEAAQQBzAHMAZQBtAGIAbAB5AAQAAAAQAAAAAQAAAAEAAAAqAgAA</a:base64Binary><a:base64Binary>gD4AAAUAAAD//v8TRwBlAGEAcgBiAG8AeAAyAC0AMQBAAEEAcwBzAGUAbQBiAGwAeQAEAAAAEAAAAAEAAAABAAAAQQIAAA==</a:base64Binary><a:base64Binary>gD4AAAUAAAD//v8TRwBlAGEAcgBiAG8AeAAyAC0AMgBAAEEAcwBzAGUAbQBiAGwAeQAEAAAAEAAAAAEAAAABAAAAWwIAAA==</a:base64Binary><a:base64Binary>gD4AAAUAAAD//v8fQwBvAGwAcwBvAG4AIABoAGUAeAAgAHcAaABlAGUAbAAgAGgAdQBiAC0AMgBAAEEAcwBzAGUAbQBiAGwAeQAEAAAAEAAAAAEAAAABAAAAYAIAAA==</a:base64Binary><a:base64Binary>gD4AAAUAAAD//v8fQwBvAGwAcwBvAG4AIABoAGUAeAAgAHcAaABlAGUAbAAgAGgAdQBiAC0AMQBAAEEAcwBzAGUAbQBiAGwAeQAEAAAAEAAAAAEAAAABAAAASgIAAA==</a:base64Binary><a:base64Binary>gD4AAAUAAAD//v8kVABzAGwAbwB0ACAAQgBhAHQAdABlAHIAeQAgAEgAbwBsAGQAZQByACAAQgBhAHIAcwAtADQAQABBAHMAcwBlAG0AYgBsAHkABAAAABAAAAABAAAAAQAAAHcCAAA=</a:base64Binary><a:base64Binary>gD4AAAUAAAD//v9FUwBpAGQAZQAgAFcAaABlAGUAbAAgAEEAcwBzAGUAbQBiAGwAeQAtADEAQABBAHMAcwBlAG0AYgBsAHkALwA1AGkAbgAgAEMAbwBsAHMAbwBuACAAVwBoAGUAZQBsAC0AMQBAAFMAaQBkAGUAIABXAGgAZQBlAGwAIABBAHMAcwBlAG0AYgBsAHkABAAAABAAAAABAAAAAgAAABgAAAAZAAAA</a:base64Binary><a:base64Binary>gD4AAAUAAAD//v9FUwBpAGQAZQAgAFcAaABlAGUAbAAgAEEAcwBzAGUAbQBiAGwAeQAtADMAQABBAHMAcwBlAG0AYgBsAHkALwA1AGkAbgAgAEMAbwBsAHMAbwBuACAAVwBoAGUAZQBsAC0AMQBAAFMAaQBkAGUAIABXAGgAZQBlAGwAIABBAHMAcwBlAG0AYgBsAHkABAAAABAAAAABAAAAAgAAADwAAAAZAAAA</a:base64Binary><a:base64Binary>gD4AAAUAAAD//v9FVwBoAGUAZQBsACAAQQBzAHMAZQBtAGIAbAB5ACAAQgBhAGMAawAtADEAQABBAHMAcwBlAG0AYgBsAHkALwA1AGkAbgAgAEMAbwBsAHMAbwBuACAAVwBoAGUAZQBsAC0AMQBAAFcAaABlAGUAbAAgAEEAcwBzAGUAbQBiAGwAeQAgAEIAYQBjAGsABAAAABAAAAABAAAAAgAAACUAAAAZAAAA</a:base64Binary><a:base64Binary>gD4AAAUAAAD//v9FVwBoAGUAZQBsACAAQQBzAHMAZQBtAGIAbAB5ACAAQgBhAGMAawAtADIAQABBAHMAcwBlAG0AYgBsAHkALwA1AGkAbgAgAEMAbwBsAHMAbwBuACAAVwBoAGUAZQBsAC0AMQBAAFcAaABlAGUAbAAgAEEAcwBzAGUAbQBiAGwAeQAgAEIAYQBjAGsABAAAABAAAAABAAAAAgAAAEIAAAAZAAAA</a:base64Binary><a:base64Binary>gD4AAAUAAAD//v9KVwBoAGUAZQBsACAAQQBzAHMAZQBtAGIAbAB5ACAAQgBhAGMAawAtADIAQABBAHMAcwBlAG0AYgBsAHkALwBLAGUAeQBlAGQAIABzAGgAYQBmAHQAIAB3AGgAZQBlAGwAIABoAHUAYgAtADEAQABXAGgAZQBlAGwAIABBAHMAcwBlAG0AYgBsAHkAIABCAGEAYwBrAAQAAAAQAAAAAQAAAAIAAABCAAAAGgAAAA==</a:base64Binary><a:base64Binary>gD4AAAUAAAD//v9KUwBpAGQAZQAgAFcAaABlAGUAbAAgAEEAcwBzAGUAbQBiAGwAeQAtADMAQABBAHMAcwBlAG0AYgBsAHkALwBLAGUAeQBlAGQAIABzAGgAYQBmAHQAIAB3AGgAZQBlAGwAIABoAHUAYgAtADEAQABTAGkAZABlACAAVwBoAGUAZQBsACAAQQBzAHMAZQBtAGIAbAB5AAQAAAAQAAAAAQAAAAIAAAA8AAAAGgAAAA==</a:base64Binary><a:base64Binary>gD4AAAUAAAD//v9GUwBpAGQAZQAgAFcAaABlAGUAbAAgAEEAcwBzAGUAbQBiAGwAeQAtADEAQABBAHMAcwBlAG0AYgBsAHkALwBLAGUAeQBlAGQAIABTAGgAYQBmAHQAIABTAGkAZABlAHMALQAxAEAAUwBpAGQAZQAgAFcAaABlAGUAbAAgAEEAcwBzAGUAbQBiAGwAeQAEAAAAEAAAAAEAAAACAAAAGAAAABgAAAA=</a:base64Binary><a:base64Binary>gD4AAAUAAAD//v9KVwBoAGUAZQBsACAAQQBzAHMAZQBtAGIAbAB5ACAAQgBhAGMAawAtADEAQABBAHMAcwBlAG0AYgBsAHkALwBLAGUAeQBlAGQAIABzAGgAYQBmAHQAIAB3AGgAZQBlAGwAIABoAHUAYgAtADEAQABXAGgAZQBlAGwAIABBAHMAcwBlAG0AYgBsAHkAIABCAGEAYwBrAAQAAAAQAAAAAQAAAAIAAAAlAAAAGgAAAA==</a:base64Binary><a:base64Binary>gD4AAAUAAAD//v9KUwBpAGQAZQAgAFcAaABlAGUAbAAgAEEAcwBzAGUAbQBiAGwAeQAtADEAQABBAHMAcwBlAG0AYgBsAHkALwBLAGUAeQBlAGQAIABzAGgAYQBmAHQAIAB3AGgAZQBlAGwAIABoAHUAYgAtADEAQABTAGkAZABlACAAVwBoAGUAZQBsACAAQQBzAHMAZQBtAGIAbAB5AAQAAAAQAAAAAQAAAAIAAAAYAAAAGgAAAA==</a:base64Binary><a:base64Binary>gD4AAAUAAAD//v9FVwBoAGUAZQBsACAAQQBzAHMAZQBtAGIAbAB5ACAAQgBhAGMAawAtADEAQABBAHMAcwBlAG0AYgBsAHkALwBLAGUAeQBlAGQAIABTAGgAYQBmAHQAIABCAGEAYwBrAC0AMQBAAFcAaABlAGUAbAAgAEEAcwBzAGUAbQBiAGwAeQAgAEIAYQBjAGsABAAAABAAAAABAAAAAgAAACUAAAAYAAAA</a:base64Binary><a:base64Binary>gD4AAAUAAAD//v9GUwBpAGQAZQAgAFcAaABlAGUAbAAgAEEAcwBzAGUAbQBiAGwAeQAtADMAQABBAHMAcwBlAG0AYgBsAHkALwBLAGUAeQBlAGQAIABTAGgAYQBmAHQAIABTAGkAZABlAHMALQAxAEAAUwBpAGQAZQAgAFcAaABlAGUAbAAgAEEAcwBzAGUAbQBiAGwAeQAEAAAAEAAAAAEAAAACAAAAPAAAABgAAAA=</a:base64Binary><a:base64Binary>gD4AAAUAAAD//v9FVwBoAGUAZQBsACAAQQBzAHMAZQBtAGIAbAB5ACAAQgBhAGMAawAtADIAQABBAHMAcwBlAG0AYgBsAHkALwBLAGUAeQBlAGQAIABTAGgAYQBmAHQAIABCAGEAYwBrAC0AMQBAAFcAaABlAGUAbAAgAEEAcwBzAGUAbQBiAGwAeQAgAEIAYQBjAGsABAAAABAAAAABAAAAAgAAAEIAAAAYAAAA</a:base64Binary></SWComponentPIDs><SWMainComponentPID i:nil="true"/><Visual z:Ref="i16"/><isFixedFrame>false</isFixedFrame><isIncomplete>false</isIncomplete></Link>
2025-04-12 19:38:59,530 INFO  LinkNode.cs: 35 - Building node base_link
2025-04-12 19:38:59,530 INFO  LinkNode.cs: 35 - Building node left_wheel
2025-04-12 19:38:59,530 INFO  LinkNode.cs: 35 - Building node right_wheel
2025-04-12 19:38:59,530 INFO  CommonSwOperations.cs: 221 - Loading SolidWorks components for base_link from C:\Users\joeys\OneDrive\Documents\UGV_SolidWorks\Drivetrain 2\Assembly.SLDASM
2025-04-12 19:38:59,530 INFO  CommonSwOperations.cs: 245 - Loading component with PID ?>     ???S i d e   P i e c e - 1 @ A s s e m b l y                
2025-04-12 19:38:59,530 INFO  CommonSwOperations.cs: 254 - Successfully loaded component C:\Users\joeys\OneDrive\Documents\UGV_SolidWorks\Drivetrain 2\Side Piece.SLDPRT
2025-04-12 19:38:59,530 INFO  CommonSwOperations.cs: 245 - Loading component with PID ?>     ???S i d e   P i e c e - 2 @ A s s e m b l y             ;   
2025-04-12 19:38:59,530 INFO  CommonSwOperations.cs: 254 - Successfully loaded component C:\Users\joeys\OneDrive\Documents\UGV_SolidWorks\Drivetrain 2\Side Piece.SLDPRT
2025-04-12 19:38:59,530 INFO  CommonSwOperations.cs: 245 - Loading component with PID ?>     ???F r o n t   C e n t e r   B e a m - 1 @ A s s e m b l y             U   
2025-04-12 19:38:59,530 INFO  CommonSwOperations.cs: 254 - Successfully loaded component C:\Users\joeys\OneDrive\Documents\UGV_SolidWorks\Drivetrain 2\Front Center Beam.SLDPRT
2025-04-12 19:38:59,530 INFO  CommonSwOperations.cs: 245 - Loading component with PID ?>     ???B a c k   C e n t e r   B e a m - 1 @ A s s e m b l y             b   
2025-04-12 19:38:59,530 INFO  CommonSwOperations.cs: 254 - Successfully loaded component C:\Users\joeys\OneDrive\Documents\UGV_SolidWorks\Drivetrain 2\Back Center Beam.SLDPRT
2025-04-12 19:38:59,530 INFO  CommonSwOperations.cs: 245 - Loading component with PID ?>     ???M i d d l e   T - S l o t   P i e c e - 1 @ A s s e m b l y             w   
2025-04-12 19:38:59,530 INFO  CommonSwOperations.cs: 254 - Successfully loaded component C:\Users\joeys\OneDrive\Documents\UGV_SolidWorks\Drivetrain 2\Middle T-Slot Piece.SLDPRT
2025-04-12 19:38:59,530 INFO  CommonSwOperations.cs: 245 - Loading component with PID ?>     ???F r o n t   F r a m e   P i e c e - 1 @ A s s e m b l y             ?   
2025-04-12 19:38:59,530 INFO  CommonSwOperations.cs: 254 - Successfully loaded component C:\Users\joeys\OneDrive\Documents\UGV_SolidWorks\Drivetrain 2\Front Frame Piece.SLDPRT
2025-04-12 19:38:59,530 INFO  CommonSwOperations.cs: 245 - Loading component with PID ?>     ???B a c k   F r a m e   P i e c e - 1 @ A s s e m b l y             ?   
2025-04-12 19:38:59,530 INFO  CommonSwOperations.cs: 254 - Successfully loaded component C:\Users\joeys\OneDrive\Documents\UGV_SolidWorks\Drivetrain 2\Back Frame Piece.SLDPRT
2025-04-12 19:38:59,530 INFO  CommonSwOperations.cs: 245 - Loading component with PID ?>     ???M i d d l e   F r o n t   B a r - 1 @ A s s e m b l y             ?   
2025-04-12 19:38:59,546 INFO  CommonSwOperations.cs: 254 - Successfully loaded component C:\Users\joeys\OneDrive\Documents\UGV_SolidWorks\Drivetrain 2\Middle Front Bar.SLDPRT
2025-04-12 19:38:59,546 INFO  CommonSwOperations.cs: 245 - Loading component with PID ?>     ???M i d d l e   F r o n t   B a r - 2 @ A s s e m b l y             ?   
2025-04-12 19:38:59,546 INFO  CommonSwOperations.cs: 254 - Successfully loaded component C:\Users\joeys\OneDrive\Documents\UGV_SolidWorks\Drivetrain 2\Middle Front Bar.SLDPRT
2025-04-12 19:38:59,546 INFO  CommonSwOperations.cs: 245 - Loading component with PID ?>     ???E n d   C a p - 1 2 @ A s s e m b l y             ?   
2025-04-12 19:38:59,546 INFO  CommonSwOperations.cs: 254 - Successfully loaded component C:\Users\joeys\OneDrive\Documents\UGV_SolidWorks\Drivetrain 2\End Cap.SLDPRT
2025-04-12 19:38:59,546 INFO  CommonSwOperations.cs: 245 - Loading component with PID ?>     ???E n d   C a p - 1 1 @ A s s e m b l y             ?   
2025-04-12 19:38:59,546 INFO  CommonSwOperations.cs: 254 - Successfully loaded component C:\Users\joeys\OneDrive\Documents\UGV_SolidWorks\Drivetrain 2\End Cap.SLDPRT
2025-04-12 19:38:59,546 INFO  CommonSwOperations.cs: 245 - Loading component with PID ?>     ???E n d   C a p - 1 0 @ A s s e m b l y             ?   
2025-04-12 19:38:59,546 INFO  CommonSwOperations.cs: 254 - Successfully loaded component C:\Users\joeys\OneDrive\Documents\UGV_SolidWorks\Drivetrain 2\End Cap.SLDPRT
2025-04-12 19:38:59,546 INFO  CommonSwOperations.cs: 245 - Loading component with PID ?>     ???E n d   C a p - 9 @ A s s e m b l y             ?   
2025-04-12 19:38:59,546 INFO  CommonSwOperations.cs: 254 - Successfully loaded component C:\Users\joeys\OneDrive\Documents\UGV_SolidWorks\Drivetrain 2\End Cap.SLDPRT
2025-04-12 19:38:59,546 INFO  CommonSwOperations.cs: 245 - Loading component with PID ?>     ???E n d   C a p - 8 @ A s s e m b l y             d   
2025-04-12 19:38:59,546 INFO  CommonSwOperations.cs: 254 - Successfully loaded component C:\Users\joeys\OneDrive\Documents\UGV_SolidWorks\Drivetrain 2\End Cap.SLDPRT
2025-04-12 19:38:59,546 INFO  CommonSwOperations.cs: 245 - Loading component with PID ?>     ???E n d   C a p - 7 @ A s s e m b l y             c   
2025-04-12 19:38:59,546 INFO  CommonSwOperations.cs: 254 - Successfully loaded component C:\Users\joeys\OneDrive\Documents\UGV_SolidWorks\Drivetrain 2\End Cap.SLDPRT
2025-04-12 19:38:59,546 INFO  CommonSwOperations.cs: 245 - Loading component with PID ?>     ???E n d   C a p - 6 @ A s s e m b l y             W   
2025-04-12 19:38:59,546 INFO  CommonSwOperations.cs: 254 - Successfully loaded component C:\Users\joeys\OneDrive\Documents\UGV_SolidWorks\Drivetrain 2\End Cap.SLDPRT
2025-04-12 19:38:59,546 INFO  CommonSwOperations.cs: 245 - Loading component with PID ?>     ???E n d   C a p - 5 @ A s s e m b l y             V   
2025-04-12 19:38:59,546 INFO  CommonSwOperations.cs: 254 - Successfully loaded component C:\Users\joeys\OneDrive\Documents\UGV_SolidWorks\Drivetrain 2\End Cap.SLDPRT
2025-04-12 19:38:59,546 INFO  CommonSwOperations.cs: 245 - Loading component with PID ?>     ???E n d   C a p - 4 @ A s s e m b l y             9   
2025-04-12 19:38:59,546 INFO  CommonSwOperations.cs: 254 - Successfully loaded component C:\Users\joeys\OneDrive\Documents\UGV_SolidWorks\Drivetrain 2\End Cap.SLDPRT
2025-04-12 19:38:59,546 INFO  CommonSwOperations.cs: 245 - Loading component with PID ?>     ???E n d   C a p - 3 @ A s s e m b l y             8   
2025-04-12 19:38:59,546 INFO  CommonSwOperations.cs: 254 - Successfully loaded component C:\Users\joeys\OneDrive\Documents\UGV_SolidWorks\Drivetrain 2\End Cap.SLDPRT
2025-04-12 19:38:59,546 INFO  CommonSwOperations.cs: 245 - Loading component with PID ?>     ???E n d   C a p - 2 @ A s s e m b l y             -   
2025-04-12 19:38:59,546 INFO  CommonSwOperations.cs: 254 - Successfully loaded component C:\Users\joeys\OneDrive\Documents\UGV_SolidWorks\Drivetrain 2\End Cap.SLDPRT
2025-04-12 19:38:59,546 INFO  CommonSwOperations.cs: 245 - Loading component with PID ?>     ???E n d   C a p - 1 @ A s s e m b l y             ,   
2025-04-12 19:38:59,546 INFO  CommonSwOperations.cs: 254 - Successfully loaded component C:\Users\joeys\OneDrive\Documents\UGV_SolidWorks\Drivetrain 2\End Cap.SLDPRT
2025-04-12 19:38:59,546 INFO  CommonSwOperations.cs: 245 - Loading component with PID ?>     ???$T s l o t   B a t t e r y   H o l d e r   B a r s - 1 @ A s s e m b l y             7  
2025-04-12 19:38:59,546 INFO  CommonSwOperations.cs: 254 - Successfully loaded component C:\Users\joeys\OneDrive\Documents\UGV_SolidWorks\Drivetrain 2\Tslot Battery Holder Bars.SLDPRT
2025-04-12 19:38:59,546 INFO  CommonSwOperations.cs: 245 - Loading component with PID ?>     ???$T s l o t   B a t t e r y   H o l d e r   B a r s - 2 @ A s s e m b l y             8  
2025-04-12 19:38:59,546 INFO  CommonSwOperations.cs: 254 - Successfully loaded component C:\Users\joeys\OneDrive\Documents\UGV_SolidWorks\Drivetrain 2\Tslot Battery Holder Bars.SLDPRT
2025-04-12 19:38:59,546 INFO  CommonSwOperations.cs: 245 - Loading component with PID ?>     ???$T s l o t   B a t t e r y   H o l d e r   B a r s - 3 @ A s s e m b l y             9  
2025-04-12 19:38:59,546 INFO  CommonSwOperations.cs: 254 - Successfully loaded component C:\Users\joeys\OneDrive\Documents\UGV_SolidWorks\Drivetrain 2\Tslot Battery Holder Bars.SLDPRT
2025-04-12 19:38:59,546 INFO  CommonSwOperations.cs: 245 - Loading component with PID ?>     ???"E l e c t r o n i c s   B o a r d   S i d e s - 1 @ A s s e m b l y             Y  
2025-04-12 19:38:59,546 INFO  CommonSwOperations.cs: 254 - Successfully loaded component C:\Users\joeys\OneDrive\Documents\UGV_SolidWorks\Drivetrain 2\Electronics Board Sides.SLDPRT
2025-04-12 19:38:59,546 INFO  CommonSwOperations.cs: 245 - Loading component with PID ?>     ???"E l e c t r o n i c s   B o a r d   S i d e s - 2 @ A s s e m b l y             Z  
2025-04-12 19:38:59,546 INFO  CommonSwOperations.cs: 254 - Successfully loaded component C:\Users\joeys\OneDrive\Documents\UGV_SolidWorks\Drivetrain 2\Electronics Board Sides.SLDPRT
2025-04-12 19:38:59,546 INFO  CommonSwOperations.cs: 245 - Loading component with PID ?>     ???B a c k   R a i l - 2 @ A s s e m b l y             \  
2025-04-12 19:38:59,546 INFO  CommonSwOperations.cs: 254 - Successfully loaded component C:\Users\joeys\OneDrive\Documents\UGV_SolidWorks\Drivetrain 2\Back Rail.SLDPRT
2025-04-12 19:38:59,546 INFO  CommonSwOperations.cs: 245 - Loading component with PID ?>     ???B a c k   R a i l - 3 @ A s s e m b l y             ]  
2025-04-12 19:38:59,546 INFO  CommonSwOperations.cs: 254 - Successfully loaded component C:\Users\joeys\OneDrive\Documents\UGV_SolidWorks\Drivetrain 2\Back Rail.SLDPRT
2025-04-12 19:38:59,546 INFO  CommonSwOperations.cs: 245 - Loading component with PID ?>     ???&E l e c t r o n i c s   B o a r d   S t a n d o f f s - 1 @ A s s e m b l y             w  
2025-04-12 19:38:59,546 INFO  CommonSwOperations.cs: 254 - Successfully loaded component C:\Users\joeys\OneDrive\Documents\UGV_SolidWorks\Drivetrain 2\Electronics Board Standoffs.SLDPRT
2025-04-12 19:38:59,546 INFO  CommonSwOperations.cs: 245 - Loading component with PID ?>     ???&E l e c t r o n i c s   B o a r d   S t a n d o f f s - 2 @ A s s e m b l y             x  
2025-04-12 19:38:59,546 INFO  CommonSwOperations.cs: 254 - Successfully loaded component C:\Users\joeys\OneDrive\Documents\UGV_SolidWorks\Drivetrain 2\Electronics Board Standoffs.SLDPRT
2025-04-12 19:38:59,546 INFO  CommonSwOperations.cs: 245 - Loading component with PID ?>     ???&E l e c t r o n i c s   B o a r d   S t a n d o f f s - 3 @ A s s e m b l y             y  
2025-04-12 19:38:59,546 INFO  CommonSwOperations.cs: 254 - Successfully loaded component C:\Users\joeys\OneDrive\Documents\UGV_SolidWorks\Drivetrain 2\Electronics Board Standoffs.SLDPRT
2025-04-12 19:38:59,546 INFO  CommonSwOperations.cs: 245 - Loading component with PID ?>     ???&E l e c t r o n i c s   B o a r d   S t a n d o f f s - 4 @ A s s e m b l y             z  
2025-04-12 19:38:59,546 INFO  CommonSwOperations.cs: 254 - Successfully loaded component C:\Users\joeys\OneDrive\Documents\UGV_SolidWorks\Drivetrain 2\Electronics Board Standoffs.SLDPRT
2025-04-12 19:38:59,546 INFO  CommonSwOperations.cs: 245 - Loading component with PID ?>     ???N e w   1 2 V   b a t t e r y - 2 @ A s s e m b l y             *  
2025-04-12 19:38:59,546 INFO  CommonSwOperations.cs: 254 - Successfully loaded component C:\Users\joeys\OneDrive\Documents\UGV_SolidWorks\Drivetrain 2\New 12V battery.SLDPRT
2025-04-12 19:38:59,546 INFO  CommonSwOperations.cs: 245 - Loading component with PID ?>     ???G e a r b o x 2 - 1 @ A s s e m b l y             A  
2025-04-12 19:38:59,562 INFO  CommonSwOperations.cs: 254 - Successfully loaded component C:\Users\joeys\OneDrive\Documents\UGV_SolidWorks\Drivetrain 2\Gearbox2.SLDASM
2025-04-12 19:38:59,562 INFO  CommonSwOperations.cs: 245 - Loading component with PID ?>     ???G e a r b o x 2 - 2 @ A s s e m b l y             [  
2025-04-12 19:38:59,562 INFO  CommonSwOperations.cs: 254 - Successfully loaded component C:\Users\joeys\OneDrive\Documents\UGV_SolidWorks\Drivetrain 2\Gearbox2.SLDASM
2025-04-12 19:38:59,562 INFO  CommonSwOperations.cs: 245 - Loading component with PID ?>     ???C o l s o n   h e x   w h e e l   h u b - 2 @ A s s e m b l y             `  
2025-04-12 19:38:59,562 INFO  CommonSwOperations.cs: 254 - Successfully loaded component C:\Users\joeys\OneDrive\Documents\UGV_SolidWorks\Drivetrain 2\Colson hex wheel hub.SLDPRT
2025-04-12 19:38:59,562 INFO  CommonSwOperations.cs: 245 - Loading component with PID ?>     ???C o l s o n   h e x   w h e e l   h u b - 1 @ A s s e m b l y             J  
2025-04-12 19:38:59,562 INFO  CommonSwOperations.cs: 254 - Successfully loaded component C:\Users\joeys\OneDrive\Documents\UGV_SolidWorks\Drivetrain 2\Colson hex wheel hub.SLDPRT
2025-04-12 19:38:59,562 INFO  CommonSwOperations.cs: 245 - Loading component with PID ?>     ???$T s l o t   B a t t e r y   H o l d e r   B a r s - 4 @ A s s e m b l y             w  
2025-04-12 19:38:59,562 INFO  CommonSwOperations.cs: 254 - Successfully loaded component C:\Users\joeys\OneDrive\Documents\UGV_SolidWorks\Drivetrain 2\Tslot Battery Holder Bars.SLDPRT
2025-04-12 19:38:59,562 INFO  CommonSwOperations.cs: 245 - Loading component with PID ?>     ???ES i d e   W h e e l   A s s e m b l y - 1 @ A s s e m b l y / 5 i n   C o l s o n   W h e e l - 1 @ S i d e   W h e e l   A s s e m b l y                   
2025-04-12 19:38:59,562 INFO  CommonSwOperations.cs: 254 - Successfully loaded component C:\Users\joeys\OneDrive\Documents\UGV_SolidWorks\Drivetrain 2\5in Colson Wheel.SLDPRT
2025-04-12 19:38:59,562 INFO  CommonSwOperations.cs: 245 - Loading component with PID ?>     ???ES i d e   W h e e l   A s s e m b l y - 3 @ A s s e m b l y / 5 i n   C o l s o n   W h e e l - 1 @ S i d e   W h e e l   A s s e m b l y             <      
2025-04-12 19:38:59,562 INFO  CommonSwOperations.cs: 254 - Successfully loaded component C:\Users\joeys\OneDrive\Documents\UGV_SolidWorks\Drivetrain 2\5in Colson Wheel.SLDPRT
2025-04-12 19:38:59,562 INFO  CommonSwOperations.cs: 245 - Loading component with PID ?>     ???EW h e e l   A s s e m b l y   B a c k - 1 @ A s s e m b l y / 5 i n   C o l s o n   W h e e l - 1 @ W h e e l   A s s e m b l y   B a c k             %      
2025-04-12 19:38:59,562 INFO  CommonSwOperations.cs: 254 - Successfully loaded component C:\Users\joeys\OneDrive\Documents\UGV_SolidWorks\Drivetrain 2\5in Colson Wheel.SLDPRT
2025-04-12 19:38:59,562 INFO  CommonSwOperations.cs: 245 - Loading component with PID ?>     ???EW h e e l   A s s e m b l y   B a c k - 2 @ A s s e m b l y / 5 i n   C o l s o n   W h e e l - 1 @ W h e e l   A s s e m b l y   B a c k             B      
2025-04-12 19:38:59,562 INFO  CommonSwOperations.cs: 254 - Successfully loaded component C:\Users\joeys\OneDrive\Documents\UGV_SolidWorks\Drivetrain 2\5in Colson Wheel.SLDPRT
2025-04-12 19:38:59,562 INFO  CommonSwOperations.cs: 245 - Loading component with PID ?>     ???JW h e e l   A s s e m b l y   B a c k - 2 @ A s s e m b l y / K e y e d   s h a f t   w h e e l   h u b - 1 @ W h e e l   A s s e m b l y   B a c k             B      
2025-04-12 19:38:59,562 INFO  CommonSwOperations.cs: 254 - Successfully loaded component C:\Users\joeys\OneDrive\Documents\UGV_SolidWorks\Drivetrain 2\Keyed shaft wheel hub.SLDPRT
2025-04-12 19:38:59,562 INFO  CommonSwOperations.cs: 245 - Loading component with PID ?>     ???JS i d e   W h e e l   A s s e m b l y - 3 @ A s s e m b l y / K e y e d   s h a f t   w h e e l   h u b - 1 @ S i d e   W h e e l   A s s e m b l y             <      
2025-04-12 19:38:59,562 INFO  CommonSwOperations.cs: 254 - Successfully loaded component C:\Users\joeys\OneDrive\Documents\UGV_SolidWorks\Drivetrain 2\Keyed shaft wheel hub.SLDPRT
2025-04-12 19:38:59,562 INFO  CommonSwOperations.cs: 245 - Loading component with PID ?>     ???FS i d e   W h e e l   A s s e m b l y - 1 @ A s s e m b l y / K e y e d   S h a f t   S i d e s - 1 @ S i d e   W h e e l   A s s e m b l y                   
2025-04-12 19:38:59,562 INFO  CommonSwOperations.cs: 254 - Successfully loaded component C:\Users\joeys\OneDrive\Documents\UGV_SolidWorks\Drivetrain 2\Keyed Shaft Sides.SLDPRT
2025-04-12 19:38:59,562 INFO  CommonSwOperations.cs: 245 - Loading component with PID ?>     ???JW h e e l   A s s e m b l y   B a c k - 1 @ A s s e m b l y / K e y e d   s h a f t   w h e e l   h u b - 1 @ W h e e l   A s s e m b l y   B a c k             %      
2025-04-12 19:38:59,562 INFO  CommonSwOperations.cs: 254 - Successfully loaded component C:\Users\joeys\OneDrive\Documents\UGV_SolidWorks\Drivetrain 2\Keyed shaft wheel hub.SLDPRT
2025-04-12 19:38:59,562 INFO  CommonSwOperations.cs: 245 - Loading component with PID ?>     ???JS i d e   W h e e l   A s s e m b l y - 1 @ A s s e m b l y / K e y e d   s h a f t   w h e e l   h u b - 1 @ S i d e   W h e e l   A s s e m b l y                   
2025-04-12 19:38:59,562 INFO  CommonSwOperations.cs: 254 - Successfully loaded component C:\Users\joeys\OneDrive\Documents\UGV_SolidWorks\Drivetrain 2\Keyed shaft wheel hub.SLDPRT
2025-04-12 19:38:59,562 INFO  CommonSwOperations.cs: 245 - Loading component with PID ?>     ???EW h e e l   A s s e m b l y   B a c k - 1 @ A s s e m b l y / K e y e d   S h a f t   B a c k - 1 @ W h e e l   A s s e m b l y   B a c k             %      
2025-04-12 19:38:59,562 INFO  CommonSwOperations.cs: 254 - Successfully loaded component C:\Users\joeys\OneDrive\Documents\UGV_SolidWorks\Drivetrain 2\Keyed Shaft Back.SLDPRT
2025-04-12 19:38:59,562 INFO  CommonSwOperations.cs: 245 - Loading component with PID ?>     ???FS i d e   W h e e l   A s s e m b l y - 3 @ A s s e m b l y / K e y e d   S h a f t   S i d e s - 1 @ S i d e   W h e e l   A s s e m b l y             <      
2025-04-12 19:38:59,562 INFO  CommonSwOperations.cs: 254 - Successfully loaded component C:\Users\joeys\OneDrive\Documents\UGV_SolidWorks\Drivetrain 2\Keyed Shaft Sides.SLDPRT
2025-04-12 19:38:59,562 INFO  CommonSwOperations.cs: 245 - Loading component with PID ?>     ???EW h e e l   A s s e m b l y   B a c k - 2 @ A s s e m b l y / K e y e d   S h a f t   B a c k - 1 @ W h e e l   A s s e m b l y   B a c k             B      
2025-04-12 19:38:59,562 INFO  CommonSwOperations.cs: 254 - Successfully loaded component C:\Users\joeys\OneDrive\Documents\UGV_SolidWorks\Drivetrain 2\Keyed Shaft Back.SLDPRT
2025-04-12 19:38:59,562 INFO  CommonSwOperations.cs: 230 - Loaded 50 components for link base_link
2025-04-12 19:38:59,562 INFO  CommonSwOperations.cs: 221 - Loading SolidWorks components for left_wheel from C:\Users\joeys\OneDrive\Documents\UGV_SolidWorks\Drivetrain 2\Assembly.SLDASM
2025-04-12 19:38:59,562 INFO  CommonSwOperations.cs: 245 - Loading component with PID ?>     ???5 i n   C o l s o n   W h e e l - 2 @ A s s e m b l y             ?  
2025-04-12 19:38:59,562 INFO  CommonSwOperations.cs: 254 - Successfully loaded component C:\Users\joeys\OneDrive\Documents\UGV_SolidWorks\Drivetrain 2\5in Colson Wheel.SLDPRT
2025-04-12 19:38:59,562 INFO  CommonSwOperations.cs: 230 - Loaded 1 components for link left_wheel
2025-04-12 19:38:59,562 INFO  CommonSwOperations.cs: 221 - Loading SolidWorks components for right_wheel from C:\Users\joeys\OneDrive\Documents\UGV_SolidWorks\Drivetrain 2\Assembly.SLDASM
2025-04-12 19:38:59,562 INFO  CommonSwOperations.cs: 245 - Loading component with PID ?>     ???5 i n   C o l s o n   W h e e l - 1 @ A s s e m b l y             ?  
2025-04-12 19:38:59,562 INFO  CommonSwOperations.cs: 254 - Successfully loaded component C:\Users\joeys\OneDrive\Documents\UGV_SolidWorks\Drivetrain 2\5in Colson Wheel.SLDPRT
2025-04-12 19:38:59,562 INFO  CommonSwOperations.cs: 230 - Loaded 1 components for link right_wheel
2025-04-12 19:39:00,640 INFO  SwAddin.cs: 344 - Showing property manager
2025-04-12 19:39:06,477 INFO  ExportPropertyManager.cs: 1018 - OnComboboxSelectionChanged called. This method no longer throws an Exception. It just silently does nothing. Ok, except for this logging message
2025-04-12 19:39:18,425 INFO  ExportPropertyManager.cs: 1018 - OnComboboxSelectionChanged called. This method no longer throws an Exception. It just silently does nothing. Ok, except for this logging message
2025-04-12 19:39:21,460 INFO  ExportPropertyManager.cs: 1018 - OnComboboxSelectionChanged called. This method no longer throws an Exception. It just silently does nothing. Ok, except for this logging message
2025-04-12 19:39:25,462 INFO  ExportPropertyManager.cs: 1018 - OnComboboxSelectionChanged called. This method no longer throws an Exception. It just silently does nothing. Ok, except for this logging message
2025-04-12 19:39:46,210 INFO  ExportPropertyManager.cs: 422 - Configuration saved
2025-04-12 19:39:46,210 INFO  ConfigurationSerialization.cs: 276 - URDF Configuration found
<Link z:Id="i1" xmlns="http://schemas.datacontract.org/2004/07/SW2URDF" xmlns:i="http://www.w3.org/2001/XMLSchema-instance" xmlns:z="http://schemas.microsoft.com/2003/10/Serialization/"><Attributes><Attribute z:Id="i2"><AttributeType>name</AttributeType><IsRequired>true</IsRequired><Value i:type="a:string" xmlns:a="http://www.w3.org/2001/XMLSchema">base_link</Value></Attribute></Attributes><ChildElements><URDFElement z:Id="i3" i:type="Inertial"><Attributes/><ChildElements><URDFElement z:Id="i4" i:type="Origin"><Attributes><Attribute z:Id="i5"><AttributeType>xyz</AttributeType><IsRequired>true</IsRequired><Value i:type="a:ArrayOfdouble" xmlns:a="http://schemas.microsoft.com/2003/10/Serialization/Arrays"><a:double>0</a:double><a:double>0</a:double><a:double>0</a:double></Value></Attribute><Attribute z:Id="i6"><AttributeType>rpy</AttributeType><IsRequired>true</IsRequired><Value i:type="a:ArrayOfdouble" xmlns:a="http://schemas.microsoft.com/2003/10/Serialization/Arrays"><a:double>0</a:double><a:double>0</a:double><a:double>0</a:double></Value></Attribute></Attributes><ChildElements/><ElementName>origin</ElementName><required>false</required><RPYAttribute z:Ref="i6"/><XYZAttribute z:Ref="i5"/><isCustomized>false</isCustomized></URDFElement><URDFElement z:Id="i7" i:type="Mass"><Attributes><Attribute z:Id="i8"><AttributeType>value</AttributeType><IsRequired>true</IsRequired><Value i:type="a:double" xmlns:a="http://www.w3.org/2001/XMLSchema">0</Value></Attribute></Attributes><ChildElements/><ElementName>mass</ElementName><required>false</required><ValueAttribute z:Ref="i8"/></URDFElement><URDFElement z:Id="i9" i:type="Inertia"><Attributes><Attribute z:Id="i10"><AttributeType>ixx</AttributeType><IsRequired>true</IsRequired><Value i:type="a:double" xmlns:a="http://www.w3.org/2001/XMLSchema">0</Value></Attribute><Attribute z:Id="i11"><AttributeType>ixy</AttributeType><IsRequired>true</IsRequired><Value i:type="a:double" xmlns:a="http://www.w3.org/2001/XMLSchema">0</Value></Attribute><Attribute z:Id="i12"><AttributeType>ixz</AttributeType><IsRequired>true</IsRequired><Value i:type="a:double" xmlns:a="http://www.w3.org/2001/XMLSchema">0</Value></Attribute><Attribute z:Id="i13"><AttributeType>iyy</AttributeType><IsRequired>true</IsRequired><Value i:type="a:double" xmlns:a="http://www.w3.org/2001/XMLSchema">0</Value></Attribute><Attribute z:Id="i14"><AttributeType>iyz</AttributeType><IsRequired>true</IsRequired><Value i:type="a:double" xmlns:a="http://www.w3.org/2001/XMLSchema">0</Value></Attribute><Attribute z:Id="i15"><AttributeType>izz</AttributeType><IsRequired>true</IsRequired><Value i:type="a:double" xmlns:a="http://www.w3.org/2001/XMLSchema">0</Value></Attribute></Attributes><ChildElements/><ElementName>inertia</ElementName><required>false</required><IxxAttribute z:Ref="i10"/><IxyAttribute z:Ref="i11"/><IxzAttribute z:Ref="i12"/><IyyAttribute z:Ref="i13"/><IyzAttribute z:Ref="i14"/><IzzAttribute z:Ref="i15"/></URDFElement></ChildElements><ElementName>inertial</ElementName><required>false</required><Inertia z:Ref="i9"/><Mass z:Ref="i7"/><Origin z:Ref="i4"/></URDFElement><URDFElement z:Id="i16" i:type="Visual"><Attributes/><ChildElements><URDFElement z:Id="i17" i:type="Origin"><Attributes><Attribute z:Id="i18"><AttributeType>xyz</AttributeType><IsRequired>true</IsRequired><Value i:type="a:ArrayOfdouble" xmlns:a="http://schemas.microsoft.com/2003/10/Serialization/Arrays"><a:double>0</a:double><a:double>0</a:double><a:double>0</a:double></Value></Attribute><Attribute z:Id="i19"><AttributeType>rpy</AttributeType><IsRequired>true</IsRequired><Value i:type="a:ArrayOfdouble" xmlns:a="http://schemas.microsoft.com/2003/10/Serialization/Arrays"><a:double>0</a:double><a:double>0</a:double><a:double>0</a:double></Value></Attribute></Attributes><ChildElements/><ElementName>origin</ElementName><required>false</required><RPYAttribute z:Ref="i19"/><XYZAttribute z:Ref="i18"/><isCustomized>false</isCustomized></URDFElement><URDFElement z:Id="i20" i:type="Geometry"><Attributes/><ChildElements><URDFElement z:Id="i21" i:type="Mesh"><Attributes><Attribute z:Id="i22"><AttributeType>filename</AttributeType><IsRequired>true</IsRequired><Value i:nil="true"/></Attribute></Attributes><ChildElements/><ElementName>mesh</ElementName><required>false</required><FilenameAttribute z:Ref="i22"/></URDFElement></ChildElements><ElementName>geometry</ElementName><required>true</required><Mesh z:Ref="i21"/></URDFElement><URDFElement z:Id="i23" i:type="Material"><Attributes><Attribute z:Id="i24"><AttributeType>name</AttributeType><IsRequired>true</IsRequired><Value i:type="a:string" xmlns:a="http://www.w3.org/2001/XMLSchema"/></Attribute></Attributes><ChildElements><URDFElement z:Id="i25" i:type="Color"><Attributes><Attribute z:Id="i26"><AttributeType>rgba</AttributeType><IsRequired>true</IsRequired><Value i:type="a:ArrayOfdouble" xmlns:a="http://schemas.microsoft.com/2003/10/Serialization/Arrays"><a:double>1</a:double><a:double>1</a:double><a:double>1</a:double><a:double>1</a:double></Value></Attribute></Attributes><ChildElements/><ElementName>color</ElementName><required>false</required><RGBAAttribute z:Ref="i26"/></URDFElement><URDFElement z:Id="i27" i:type="Texture"><Attributes><Attribute z:Id="i28"><AttributeType>filename</AttributeType><IsRequired>true</IsRequired><Value i:nil="true"/></Attribute></Attributes><ChildElements/><ElementName>texture</ElementName><required>false</required><FilenameAttribute z:Ref="i28"/><wFilename/></URDFElement></ChildElements><ElementName>material</ElementName><required>false</required><Color z:Ref="i25"/><NameAttribute z:Ref="i24"/><Texture z:Ref="i27"/></URDFElement></ChildElements><ElementName>visual</ElementName><required>false</required><Geometry z:Ref="i20"/><Material z:Ref="i23"/><Origin z:Ref="i17"/></URDFElement><URDFElement z:Id="i29" i:type="Collision"><Attributes/><ChildElements><URDFElement z:Id="i30" i:type="Origin"><Attributes><Attribute z:Id="i31"><AttributeType>xyz</AttributeType><IsRequired>true</IsRequired><Value i:type="a:ArrayOfdouble" xmlns:a="http://schemas.microsoft.com/2003/10/Serialization/Arrays"><a:double>0</a:double><a:double>0</a:double><a:double>0</a:double></Value></Attribute><Attribute z:Id="i32"><AttributeType>rpy</AttributeType><IsRequired>true</IsRequired><Value i:type="a:ArrayOfdouble" xmlns:a="http://schemas.microsoft.com/2003/10/Serialization/Arrays"><a:double>0</a:double><a:double>0</a:double><a:double>0</a:double></Value></Attribute></Attributes><ChildElements/><ElementName>origin</ElementName><required>false</required><RPYAttribute z:Ref="i32"/><XYZAttribute z:Ref="i31"/><isCustomized>false</isCustomized></URDFElement><URDFElement z:Id="i33" i:type="Geometry"><Attributes/><ChildElements><URDFElement z:Id="i34" i:type="Mesh"><Attributes><Attribute z:Id="i35"><AttributeType>filename</AttributeType><IsRequired>true</IsRequired><Value i:nil="true"/></Attribute></Attributes><ChildElements/><ElementName>mesh</ElementName><required>false</required><FilenameAttribute z:Ref="i35"/></URDFElement></ChildElements><ElementName>geometry</ElementName><required>true</required><Mesh z:Ref="i34"/></URDFElement></ChildElements><ElementName>collision</ElementName><required>false</required><Geometry z:Ref="i33"/><Origin z:Ref="i30"/></URDFElement><URDFElement z:Id="i36" i:type="Joint"><Attributes><Attribute z:Id="i37"><AttributeType>name</AttributeType><IsRequired>true</IsRequired><Value i:type="a:string" xmlns:a="http://www.w3.org/2001/XMLSchema"/></Attribute><Attribute z:Id="i38"><AttributeType>type</AttributeType><IsRequired>true</IsRequired><Value i:type="a:string" xmlns:a="http://www.w3.org/2001/XMLSchema"/></Attribute></Attributes><ChildElements><URDFElement z:Id="i39" i:type="Origin"><Attributes><Attribute z:Id="i40"><AttributeType>xyz</AttributeType><IsRequired>true</IsRequired><Value i:type="a:ArrayOfdouble" xmlns:a="http://schemas.microsoft.com/2003/10/Serialization/Arrays"><a:double>0</a:double><a:double>0</a:double><a:double>0</a:double></Value></Attribute><Attribute z:Id="i41"><AttributeType>rpy</AttributeType><IsRequired>true</IsRequired><Value i:type="a:ArrayOfdouble" xmlns:a="http://schemas.microsoft.com/2003/10/Serialization/Arrays"><a:double>0</a:double><a:double>0</a:double><a:double>0</a:double></Value></Attribute></Attributes><ChildElements/><ElementName>origin</ElementName><required>false</required><RPYAttribute z:Ref="i41"/><XYZAttribute z:Ref="i40"/><isCustomized>false</isCustomized></URDFElement><URDFElement z:Id="i42" i:type="ParentLink"><Attributes><Attribute z:Id="i43"><AttributeType>link</AttributeType><IsRequired>true</IsRequired><Value i:type="a:string" xmlns:a="http://www.w3.org/2001/XMLSchema"/></Attribute></Attributes><ChildElements/><ElementName>parent</ElementName><required>true</required><NameAttribute z:Ref="i43"/></URDFElement><URDFElement z:Id="i44" i:type="ChildLink"><Attributes><Attribute z:Id="i45"><AttributeType>link</AttributeType><IsRequired>true</IsRequired><Value i:type="a:string" xmlns:a="http://www.w3.org/2001/XMLSchema"/></Attribute></Attributes><ChildElements/><ElementName>child</ElementName><required>true</required><NameAttribute z:Ref="i45"/></URDFElement><URDFElement z:Id="i46" i:type="Axis"><Attributes><Attribute z:Id="i47"><AttributeType>xyz</AttributeType><IsRequired>true</IsRequired><Value i:type="a:ArrayOfdouble" xmlns:a="http://schemas.microsoft.com/2003/10/Serialization/Arrays"><a:double>0</a:double><a:double>0</a:double><a:double>0</a:double></Value></Attribute></Attributes><ChildElements/><ElementName>axis</ElementName><required>false</required><XYZAttribute z:Ref="i47"/></URDFElement><URDFElement z:Id="i48" i:type="Limit"><Attributes><Attribute z:Id="i49"><AttributeType>lower</AttributeType><IsRequired>false</IsRequired><Value i:nil="true"/></Attribute><Attribute z:Id="i50"><AttributeType>upper</AttributeType><IsRequired>false</IsRequired><Value i:nil="true"/></Attribute><Attribute z:Id="i51"><AttributeType>effort</AttributeType><IsRequired>true</IsRequired><Value i:nil="true"/></Attribute><Attribute z:Id="i52"><AttributeType>velocity</AttributeType><IsRequired>true</IsRequired><Value i:nil="true"/></Attribute></Attributes><ChildElements/><ElementName>limit</ElementName><required>false</required><EffortAttribute z:Ref="i51"/><LowerAttribute z:Ref="i49"/><UpperAttribute z:Ref="i50"/><VelocityAttribute z:Ref="i52"/></URDFElement><URDFElement z:Id="i53" i:type="Calibration"><Attributes><Attribute z:Id="i54"><AttributeType>rising</AttributeType><IsRequired>false</IsRequired><Value i:nil="true"/></Attribute><Attribute z:Id="i55"><AttributeType>falling</AttributeType><IsRequired>false</IsRequired><Value i:nil="true"/></Attribute></Attributes><ChildElements/><ElementName>calibration</ElementName><required>false</required><FallingAttribute z:Ref="i55"/><RisingAttribute z:Ref="i54"/></URDFElement><URDFElement z:Id="i56" i:type="Dynamics"><Attributes><Attribute z:Id="i57"><AttributeType>damping</AttributeType><IsRequired>false</IsRequired><Value i:nil="true"/></Attribute><Attribute z:Id="i58"><AttributeType>friction</AttributeType><IsRequired>false</IsRequired><Value i:nil="true"/></Attribute></Attributes><ChildElements/><ElementName>dynamics</ElementName><required>false</required><DampingAttribute z:Ref="i57"/><FrictionAttribute z:Ref="i58"/></URDFElement><URDFElement z:Id="i59" i:type="SafetyController"><Attributes><Attribute z:Id="i60"><AttributeType>soft_upper_limit</AttributeType><IsRequired>false</IsRequired><Value i:nil="true"/></Attribute><Attribute z:Id="i61"><AttributeType>soft_lower_limit</AttributeType><IsRequired>false</IsRequired><Value i:nil="true"/></Attribute><Attribute z:Id="i62"><AttributeType>k_position</AttributeType><IsRequired>false</IsRequired><Value i:nil="true"/></Attribute><Attribute z:Id="i63"><AttributeType>k_velocity</AttributeType><IsRequired>true</IsRequired><Value i:nil="true"/></Attribute></Attributes><ChildElements/><ElementName>safety_controller</ElementName><required>false</required><KPositionAttribute z:Ref="i62"/><KVelocityAttribute z:Ref="i63"/><SoftLowerAttribute z:Ref="i61"/><SoftUpperAttribute z:Ref="i60"/></URDFElement><URDFElement z:Id="i64" i:type="Mimic"><Attributes><Attribute z:Id="i65"><AttributeType>joint</AttributeType><IsRequired>true</IsRequired><Value i:nil="true"/></Attribute><Attribute z:Id="i66"><AttributeType>multiplier</AttributeType><IsRequired>false</IsRequired><Value i:nil="true"/></Attribute><Attribute z:Id="i67"><AttributeType>offset</AttributeType><IsRequired>false</IsRequired><Value i:nil="true"/></Attribute></Attributes><ChildElements/><ElementName>mimic</ElementName><required>false</required><JointNameAttribute z:Ref="i65"/><MultiplierAttribute z:Ref="i66"/><OffsetAttribute z:Ref="i67"/></URDFElement></ChildElements><ElementName>joint</ElementName><required>false</required><Axis z:Ref="i46"/><AxisName/><Calibration z:Ref="i53"/><Child z:Ref="i44"/><CoordinateSystemName>Automatically Generate</CoordinateSystemName><Dynamics z:Ref="i56"/><Limit z:Ref="i48"/><Mimic z:Ref="i64"/><NameAttribute z:Ref="i37"/><Origin z:Ref="i39"/><Parent z:Ref="i42"/><Safety z:Ref="i59"/><TypeAttribute z:Ref="i38"/></URDFElement></ChildElements><ElementName>link</ElementName><required>true</required><Children><Link z:Id="i68"><Attributes><Attribute z:Id="i69"><AttributeType>name</AttributeType><IsRequired>true</IsRequired><Value i:type="a:string" xmlns:a="http://www.w3.org/2001/XMLSchema">left_wheel</Value></Attribute></Attributes><ChildElements><URDFElement z:Id="i70" i:type="Inertial"><Attributes/><ChildElements><URDFElement z:Id="i71" i:type="Origin"><Attributes><Attribute z:Id="i72"><AttributeType>xyz</AttributeType><IsRequired>true</IsRequired><Value i:type="a:ArrayOfdouble" xmlns:a="http://schemas.microsoft.com/2003/10/Serialization/Arrays"><a:double>0</a:double><a:double>0</a:double><a:double>0</a:double></Value></Attribute><Attribute z:Id="i73"><AttributeType>rpy</AttributeType><IsRequired>true</IsRequired><Value i:type="a:ArrayOfdouble" xmlns:a="http://schemas.microsoft.com/2003/10/Serialization/Arrays"><a:double>0</a:double><a:double>0</a:double><a:double>0</a:double></Value></Attribute></Attributes><ChildElements/><ElementName>origin</ElementName><required>false</required><RPYAttribute z:Ref="i73"/><XYZAttribute z:Ref="i72"/><isCustomized>false</isCustomized></URDFElement><URDFElement z:Id="i74" i:type="Mass"><Attributes><Attribute z:Id="i75"><AttributeType>value</AttributeType><IsRequired>true</IsRequired><Value i:type="a:double" xmlns:a="http://www.w3.org/2001/XMLSchema">0</Value></Attribute></Attributes><ChildElements/><ElementName>mass</ElementName><required>false</required><ValueAttribute z:Ref="i75"/></URDFElement><URDFElement z:Id="i76" i:type="Inertia"><Attributes><Attribute z:Id="i77"><AttributeType>ixx</AttributeType><IsRequired>true</IsRequired><Value i:type="a:double" xmlns:a="http://www.w3.org/2001/XMLSchema">0</Value></Attribute><Attribute z:Id="i78"><AttributeType>ixy</AttributeType><IsRequired>true</IsRequired><Value i:type="a:double" xmlns:a="http://www.w3.org/2001/XMLSchema">0</Value></Attribute><Attribute z:Id="i79"><AttributeType>ixz</AttributeType><IsRequired>true</IsRequired><Value i:type="a:double" xmlns:a="http://www.w3.org/2001/XMLSchema">0</Value></Attribute><Attribute z:Id="i80"><AttributeType>iyy</AttributeType><IsRequired>true</IsRequired><Value i:type="a:double" xmlns:a="http://www.w3.org/2001/XMLSchema">0</Value></Attribute><Attribute z:Id="i81"><AttributeType>iyz</AttributeType><IsRequired>true</IsRequired><Value i:type="a:double" xmlns:a="http://www.w3.org/2001/XMLSchema">0</Value></Attribute><Attribute z:Id="i82"><AttributeType>izz</AttributeType><IsRequired>true</IsRequired><Value i:type="a:double" xmlns:a="http://www.w3.org/2001/XMLSchema">0</Value></Attribute></Attributes><ChildElements/><ElementName>inertia</ElementName><required>false</required><IxxAttribute z:Ref="i77"/><IxyAttribute z:Ref="i78"/><IxzAttribute z:Ref="i79"/><IyyAttribute z:Ref="i80"/><IyzAttribute z:Ref="i81"/><IzzAttribute z:Ref="i82"/></URDFElement></ChildElements><ElementName>inertial</ElementName><required>false</required><Inertia z:Ref="i76"/><Mass z:Ref="i74"/><Origin z:Ref="i71"/></URDFElement><URDFElement z:Id="i83" i:type="Visual"><Attributes/><ChildElements><URDFElement z:Id="i84" i:type="Origin"><Attributes><Attribute z:Id="i85"><AttributeType>xyz</AttributeType><IsRequired>true</IsRequired><Value i:type="a:ArrayOfdouble" xmlns:a="http://schemas.microsoft.com/2003/10/Serialization/Arrays"><a:double>0</a:double><a:double>0</a:double><a:double>0</a:double></Value></Attribute><Attribute z:Id="i86"><AttributeType>rpy</AttributeType><IsRequired>true</IsRequired><Value i:type="a:ArrayOfdouble" xmlns:a="http://schemas.microsoft.com/2003/10/Serialization/Arrays"><a:double>0</a:double><a:double>0</a:double><a:double>0</a:double></Value></Attribute></Attributes><ChildElements/><ElementName>origin</ElementName><required>false</required><RPYAttribute z:Ref="i86"/><XYZAttribute z:Ref="i85"/><isCustomized>false</isCustomized></URDFElement><URDFElement z:Id="i87" i:type="Geometry"><Attributes/><ChildElements><URDFElement z:Id="i88" i:type="Mesh"><Attributes><Attribute z:Id="i89"><AttributeType>filename</AttributeType><IsRequired>true</IsRequired><Value i:nil="true"/></Attribute></Attributes><ChildElements/><ElementName>mesh</ElementName><required>false</required><FilenameAttribute z:Ref="i89"/></URDFElement></ChildElements><ElementName>geometry</ElementName><required>true</required><Mesh z:Ref="i88"/></URDFElement><URDFElement z:Id="i90" i:type="Material"><Attributes><Attribute z:Id="i91"><AttributeType>name</AttributeType><IsRequired>true</IsRequired><Value i:type="a:string" xmlns:a="http://www.w3.org/2001/XMLSchema"/></Attribute></Attributes><ChildElements><URDFElement z:Id="i92" i:type="Color"><Attributes><Attribute z:Id="i93"><AttributeType>rgba</AttributeType><IsRequired>true</IsRequired><Value i:type="a:ArrayOfdouble" xmlns:a="http://schemas.microsoft.com/2003/10/Serialization/Arrays"><a:double>1</a:double><a:double>1</a:double><a:double>1</a:double><a:double>1</a:double></Value></Attribute></Attributes><ChildElements/><ElementName>color</ElementName><required>false</required><RGBAAttribute z:Ref="i93"/></URDFElement><URDFElement z:Id="i94" i:type="Texture"><Attributes><Attribute z:Id="i95"><AttributeType>filename</AttributeType><IsRequired>true</IsRequired><Value i:nil="true"/></Attribute></Attributes><ChildElements/><ElementName>texture</ElementName><required>false</required><FilenameAttribute z:Ref="i95"/><wFilename/></URDFElement></ChildElements><ElementName>material</ElementName><required>false</required><Color z:Ref="i92"/><NameAttribute z:Ref="i91"/><Texture z:Ref="i94"/></URDFElement></ChildElements><ElementName>visual</ElementName><required>false</required><Geometry z:Ref="i87"/><Material z:Ref="i90"/><Origin z:Ref="i84"/></URDFElement><URDFElement z:Id="i96" i:type="Collision"><Attributes/><ChildElements><URDFElement z:Id="i97" i:type="Origin"><Attributes><Attribute z:Id="i98"><AttributeType>xyz</AttributeType><IsRequired>true</IsRequired><Value i:type="a:ArrayOfdouble" xmlns:a="http://schemas.microsoft.com/2003/10/Serialization/Arrays"><a:double>0</a:double><a:double>0</a:double><a:double>0</a:double></Value></Attribute><Attribute z:Id="i99"><AttributeType>rpy</AttributeType><IsRequired>true</IsRequired><Value i:type="a:ArrayOfdouble" xmlns:a="http://schemas.microsoft.com/2003/10/Serialization/Arrays"><a:double>0</a:double><a:double>0</a:double><a:double>0</a:double></Value></Attribute></Attributes><ChildElements/><ElementName>origin</ElementName><required>false</required><RPYAttribute z:Ref="i99"/><XYZAttribute z:Ref="i98"/><isCustomized>false</isCustomized></URDFElement><URDFElement z:Id="i100" i:type="Geometry"><Attributes/><ChildElements><URDFElement z:Id="i101" i:type="Mesh"><Attributes><Attribute z:Id="i102"><AttributeType>filename</AttributeType><IsRequired>true</IsRequired><Value i:nil="true"/></Attribute></Attributes><ChildElements/><ElementName>mesh</ElementName><required>false</required><FilenameAttribute z:Ref="i102"/></URDFElement></ChildElements><ElementName>geometry</ElementName><required>true</required><Mesh z:Ref="i101"/></URDFElement></ChildElements><ElementName>collision</ElementName><required>false</required><Geometry z:Ref="i100"/><Origin z:Ref="i97"/></URDFElement><URDFElement z:Id="i103" i:type="Joint"><Attributes><Attribute z:Id="i104"><AttributeType>name</AttributeType><IsRequired>true</IsRequired><Value i:type="a:string" xmlns:a="http://www.w3.org/2001/XMLSchema">left_wheel_joint</Value></Attribute><Attribute z:Id="i105"><AttributeType>type</AttributeType><IsRequired>true</IsRequired><Value i:type="a:string" xmlns:a="http://www.w3.org/2001/XMLSchema">Automatically Detect</Value></Attribute></Attributes><ChildElements><URDFElement z:Id="i106" i:type="Origin"><Attributes><Attribute z:Id="i107"><AttributeType>xyz</AttributeType><IsRequired>true</IsRequired><Value i:type="a:ArrayOfdouble" xmlns:a="http://schemas.microsoft.com/2003/10/Serialization/Arrays"><a:double>0</a:double><a:double>0</a:double><a:double>0</a:double></Value></Attribute><Attribute z:Id="i108"><AttributeType>rpy</AttributeType><IsRequired>true</IsRequired><Value i:type="a:ArrayOfdouble" xmlns:a="http://schemas.microsoft.com/2003/10/Serialization/Arrays"><a:double>0</a:double><a:double>0</a:double><a:double>0</a:double></Value></Attribute></Attributes><ChildElements/><ElementName>origin</ElementName><required>false</required><RPYAttribute z:Ref="i108"/><XYZAttribute z:Ref="i107"/><isCustomized>false</isCustomized></URDFElement><URDFElement z:Id="i109" i:type="ParentLink"><Attributes><Attribute z:Id="i110"><AttributeType>link</AttributeType><IsRequired>true</IsRequired><Value i:type="a:string" xmlns:a="http://www.w3.org/2001/XMLSchema"/></Attribute></Attributes><ChildElements/><ElementName>parent</ElementName><required>true</required><NameAttribute z:Ref="i110"/></URDFElement><URDFElement z:Id="i111" i:type="ChildLink"><Attributes><Attribute z:Id="i112"><AttributeType>link</AttributeType><IsRequired>true</IsRequired><Value i:type="a:string" xmlns:a="http://www.w3.org/2001/XMLSchema"/></Attribute></Attributes><ChildElements/><ElementName>child</ElementName><required>true</required><NameAttribute z:Ref="i112"/></URDFElement><URDFElement z:Id="i113" i:type="Axis"><Attributes><Attribute z:Id="i114"><AttributeType>xyz</AttributeType><IsRequired>true</IsRequired><Value i:type="a:ArrayOfdouble" xmlns:a="http://schemas.microsoft.com/2003/10/Serialization/Arrays"><a:double>0</a:double><a:double>0</a:double><a:double>0</a:double></Value></Attribute></Attributes><ChildElements/><ElementName>axis</ElementName><required>false</required><XYZAttribute z:Ref="i114"/></URDFElement><URDFElement z:Id="i115" i:type="Limit"><Attributes><Attribute z:Id="i116"><AttributeType>lower</AttributeType><IsRequired>false</IsRequired><Value i:nil="true"/></Attribute><Attribute z:Id="i117"><AttributeType>upper</AttributeType><IsRequired>false</IsRequired><Value i:nil="true"/></Attribute><Attribute z:Id="i118"><AttributeType>effort</AttributeType><IsRequired>true</IsRequired><Value i:nil="true"/></Attribute><Attribute z:Id="i119"><AttributeType>velocity</AttributeType><IsRequired>true</IsRequired><Value i:nil="true"/></Attribute></Attributes><ChildElements/><ElementName>limit</ElementName><required>false</required><EffortAttribute z:Ref="i118"/><LowerAttribute z:Ref="i116"/><UpperAttribute z:Ref="i117"/><VelocityAttribute z:Ref="i119"/></URDFElement><URDFElement z:Id="i120" i:type="Calibration"><Attributes><Attribute z:Id="i121"><AttributeType>rising</AttributeType><IsRequired>false</IsRequired><Value i:nil="true"/></Attribute><Attribute z:Id="i122"><AttributeType>falling</AttributeType><IsRequired>false</IsRequired><Value i:nil="true"/></Attribute></Attributes><ChildElements/><ElementName>calibration</ElementName><required>false</required><FallingAttribute z:Ref="i122"/><RisingAttribute z:Ref="i121"/></URDFElement><URDFElement z:Id="i123" i:type="Dynamics"><Attributes><Attribute z:Id="i124"><AttributeType>damping</AttributeType><IsRequired>false</IsRequired><Value i:nil="true"/></Attribute><Attribute z:Id="i125"><AttributeType>friction</AttributeType><IsRequired>false</IsRequired><Value i:nil="true"/></Attribute></Attributes><ChildElements/><ElementName>dynamics</ElementName><required>false</required><DampingAttribute z:Ref="i124"/><FrictionAttribute z:Ref="i125"/></URDFElement><URDFElement z:Id="i126" i:type="SafetyController"><Attributes><Attribute z:Id="i127"><AttributeType>soft_upper_limit</AttributeType><IsRequired>false</IsRequired><Value i:nil="true"/></Attribute><Attribute z:Id="i128"><AttributeType>soft_lower_limit</AttributeType><IsRequired>false</IsRequired><Value i:nil="true"/></Attribute><Attribute z:Id="i129"><AttributeType>k_position</AttributeType><IsRequired>false</IsRequired><Value i:nil="true"/></Attribute><Attribute z:Id="i130"><AttributeType>k_velocity</AttributeType><IsRequired>true</IsRequired><Value i:nil="true"/></Attribute></Attributes><ChildElements/><ElementName>safety_controller</ElementName><required>false</required><KPositionAttribute z:Ref="i129"/><KVelocityAttribute z:Ref="i130"/><SoftLowerAttribute z:Ref="i128"/><SoftUpperAttribute z:Ref="i127"/></URDFElement><URDFElement z:Id="i131" i:type="Mimic"><Attributes><Attribute z:Id="i132"><AttributeType>joint</AttributeType><IsRequired>true</IsRequired><Value i:nil="true"/></Attribute><Attribute z:Id="i133"><AttributeType>multiplier</AttributeType><IsRequired>false</IsRequired><Value i:nil="true"/></Attribute><Attribute z:Id="i134"><AttributeType>offset</AttributeType><IsRequired>false</IsRequired><Value i:nil="true"/></Attribute></Attributes><ChildElements/><ElementName>mimic</ElementName><required>false</required><JointNameAttribute z:Ref="i132"/><MultiplierAttribute z:Ref="i133"/><OffsetAttribute z:Ref="i134"/></URDFElement></ChildElements><ElementName>joint</ElementName><required>false</required><Axis z:Ref="i113"/><AxisName>Automatically Generate</AxisName><Calibration z:Ref="i120"/><Child z:Ref="i111"/><CoordinateSystemName>Automatically Generate</CoordinateSystemName><Dynamics z:Ref="i123"/><Limit z:Ref="i115"/><Mimic z:Ref="i131"/><NameAttribute z:Ref="i104"/><Origin z:Ref="i106"/><Parent z:Ref="i109"/><Safety z:Ref="i126"/><TypeAttribute z:Ref="i105"/></URDFElement></ChildElements><ElementName>link</ElementName><required>true</required><Children/><Collision z:Ref="i96"/><Inertial z:Ref="i70"/><Joint z:Ref="i103"/><NameAttribute z:Ref="i69"/><Parent z:Ref="i1"/><STLQualityFine>false</STLQualityFine><SWComponentPIDs xmlns:a="http://schemas.microsoft.com/2003/10/Serialization/Arrays"><a:base64Binary>gD4AAAUAAAD//v8bNQBpAG4AIABDAG8AbABzAG8AbgAgAFcAaABlAGUAbAAtADIAQABBAHMAcwBlAG0AYgBsAHkABAAAABAAAAABAAAAAQAAAPMBAAA=</a:base64Binary></SWComponentPIDs><SWMainComponentPID i:nil="true"/><Visual z:Ref="i83"/><isFixedFrame>false</isFixedFrame><isIncomplete>false</isIncomplete></Link><Link z:Id="i135"><Attributes><Attribute z:Id="i136"><AttributeType>name</AttributeType><IsRequired>true</IsRequired><Value i:type="a:string" xmlns:a="http://www.w3.org/2001/XMLSchema">right_wheel</Value></Attribute></Attributes><ChildElements><URDFElement z:Id="i137" i:type="Inertial"><Attributes/><ChildElements><URDFElement z:Id="i138" i:type="Origin"><Attributes><Attribute z:Id="i139"><AttributeType>xyz</AttributeType><IsRequired>true</IsRequired><Value i:type="a:ArrayOfdouble" xmlns:a="http://schemas.microsoft.com/2003/10/Serialization/Arrays"><a:double>0</a:double><a:double>0</a:double><a:double>0</a:double></Value></Attribute><Attribute z:Id="i140"><AttributeType>rpy</AttributeType><IsRequired>true</IsRequired><Value i:type="a:ArrayOfdouble" xmlns:a="http://schemas.microsoft.com/2003/10/Serialization/Arrays"><a:double>0</a:double><a:double>0</a:double><a:double>0</a:double></Value></Attribute></Attributes><ChildElements/><ElementName>origin</ElementName><required>false</required><RPYAttribute z:Ref="i140"/><XYZAttribute z:Ref="i139"/><isCustomized>false</isCustomized></URDFElement><URDFElement z:Id="i141" i:type="Mass"><Attributes><Attribute z:Id="i142"><AttributeType>value</AttributeType><IsRequired>true</IsRequired><Value i:type="a:double" xmlns:a="http://www.w3.org/2001/XMLSchema">0</Value></Attribute></Attributes><ChildElements/><ElementName>mass</ElementName><required>false</required><ValueAttribute z:Ref="i142"/></URDFElement><URDFElement z:Id="i143" i:type="Inertia"><Attributes><Attribute z:Id="i144"><AttributeType>ixx</AttributeType><IsRequired>true</IsRequired><Value i:type="a:double" xmlns:a="http://www.w3.org/2001/XMLSchema">0</Value></Attribute><Attribute z:Id="i145"><AttributeType>ixy</AttributeType><IsRequired>true</IsRequired><Value i:type="a:double" xmlns:a="http://www.w3.org/2001/XMLSchema">0</Value></Attribute><Attribute z:Id="i146"><AttributeType>ixz</AttributeType><IsRequired>true</IsRequired><Value i:type="a:double" xmlns:a="http://www.w3.org/2001/XMLSchema">0</Value></Attribute><Attribute z:Id="i147"><AttributeType>iyy</AttributeType><IsRequired>true</IsRequired><Value i:type="a:double" xmlns:a="http://www.w3.org/2001/XMLSchema">0</Value></Attribute><Attribute z:Id="i148"><AttributeType>iyz</AttributeType><IsRequired>true</IsRequired><Value i:type="a:double" xmlns:a="http://www.w3.org/2001/XMLSchema">0</Value></Attribute><Attribute z:Id="i149"><AttributeType>izz</AttributeType><IsRequired>true</IsRequired><Value i:type="a:double" xmlns:a="http://www.w3.org/2001/XMLSchema">0</Value></Attribute></Attributes><ChildElements/><ElementName>inertia</ElementName><required>false</required><IxxAttribute z:Ref="i144"/><IxyAttribute z:Ref="i145"/><IxzAttribute z:Ref="i146"/><IyyAttribute z:Ref="i147"/><IyzAttribute z:Ref="i148"/><IzzAttribute z:Ref="i149"/></URDFElement></ChildElements><ElementName>inertial</ElementName><required>false</required><Inertia z:Ref="i143"/><Mass z:Ref="i141"/><Origin z:Ref="i138"/></URDFElement><URDFElement z:Id="i150" i:type="Visual"><Attributes/><ChildElements><URDFElement z:Id="i151" i:type="Origin"><Attributes><Attribute z:Id="i152"><AttributeType>xyz</AttributeType><IsRequired>true</IsRequired><Value i:type="a:ArrayOfdouble" xmlns:a="http://schemas.microsoft.com/2003/10/Serialization/Arrays"><a:double>0</a:double><a:double>0</a:double><a:double>0</a:double></Value></Attribute><Attribute z:Id="i153"><AttributeType>rpy</AttributeType><IsRequired>true</IsRequired><Value i:type="a:ArrayOfdouble" xmlns:a="http://schemas.microsoft.com/2003/10/Serialization/Arrays"><a:double>0</a:double><a:double>0</a:double><a:double>0</a:double></Value></Attribute></Attributes><ChildElements/><ElementName>origin</ElementName><required>false</required><RPYAttribute z:Ref="i153"/><XYZAttribute z:Ref="i152"/><isCustomized>false</isCustomized></URDFElement><URDFElement z:Id="i154" i:type="Geometry"><Attributes/><ChildElements><URDFElement z:Id="i155" i:type="Mesh"><Attributes><Attribute z:Id="i156"><AttributeType>filename</AttributeType><IsRequired>true</IsRequired><Value i:nil="true"/></Attribute></Attributes><ChildElements/><ElementName>mesh</ElementName><required>false</required><FilenameAttribute z:Ref="i156"/></URDFElement></ChildElements><ElementName>geometry</ElementName><required>true</required><Mesh z:Ref="i155"/></URDFElement><URDFElement z:Id="i157" i:type="Material"><Attributes><Attribute z:Id="i158"><AttributeType>name</AttributeType><IsRequired>true</IsRequired><Value i:type="a:string" xmlns:a="http://www.w3.org/2001/XMLSchema"/></Attribute></Attributes><ChildElements><URDFElement z:Id="i159" i:type="Color"><Attributes><Attribute z:Id="i160"><AttributeType>rgba</AttributeType><IsRequired>true</IsRequired><Value i:type="a:ArrayOfdouble" xmlns:a="http://schemas.microsoft.com/2003/10/Serialization/Arrays"><a:double>1</a:double><a:double>1</a:double><a:double>1</a:double><a:double>1</a:double></Value></Attribute></Attributes><ChildElements/><ElementName>color</ElementName><required>false</required><RGBAAttribute z:Ref="i160"/></URDFElement><URDFElement z:Id="i161" i:type="Texture"><Attributes><Attribute z:Id="i162"><AttributeType>filename</AttributeType><IsRequired>true</IsRequired><Value i:nil="true"/></Attribute></Attributes><ChildElements/><ElementName>texture</ElementName><required>false</required><FilenameAttribute z:Ref="i162"/><wFilename/></URDFElement></ChildElements><ElementName>material</ElementName><required>false</required><Color z:Ref="i159"/><NameAttribute z:Ref="i158"/><Texture z:Ref="i161"/></URDFElement></ChildElements><ElementName>visual</ElementName><required>false</required><Geometry z:Ref="i154"/><Material z:Ref="i157"/><Origin z:Ref="i151"/></URDFElement><URDFElement z:Id="i163" i:type="Collision"><Attributes/><ChildElements><URDFElement z:Id="i164" i:type="Origin"><Attributes><Attribute z:Id="i165"><AttributeType>xyz</AttributeType><IsRequired>true</IsRequired><Value i:type="a:ArrayOfdouble" xmlns:a="http://schemas.microsoft.com/2003/10/Serialization/Arrays"><a:double>0</a:double><a:double>0</a:double><a:double>0</a:double></Value></Attribute><Attribute z:Id="i166"><AttributeType>rpy</AttributeType><IsRequired>true</IsRequired><Value i:type="a:ArrayOfdouble" xmlns:a="http://schemas.microsoft.com/2003/10/Serialization/Arrays"><a:double>0</a:double><a:double>0</a:double><a:double>0</a:double></Value></Attribute></Attributes><ChildElements/><ElementName>origin</ElementName><required>false</required><RPYAttribute z:Ref="i166"/><XYZAttribute z:Ref="i165"/><isCustomized>false</isCustomized></URDFElement><URDFElement z:Id="i167" i:type="Geometry"><Attributes/><ChildElements><URDFElement z:Id="i168" i:type="Mesh"><Attributes><Attribute z:Id="i169"><AttributeType>filename</AttributeType><IsRequired>true</IsRequired><Value i:nil="true"/></Attribute></Attributes><ChildElements/><ElementName>mesh</ElementName><required>false</required><FilenameAttribute z:Ref="i169"/></URDFElement></ChildElements><ElementName>geometry</ElementName><required>true</required><Mesh z:Ref="i168"/></URDFElement></ChildElements><ElementName>collision</ElementName><required>false</required><Geometry z:Ref="i167"/><Origin z:Ref="i164"/></URDFElement><URDFElement z:Id="i170" i:type="Joint"><Attributes><Attribute z:Id="i171"><AttributeType>name</AttributeType><IsRequired>true</IsRequired><Value i:type="a:string" xmlns:a="http://www.w3.org/2001/XMLSchema">right_wheel_joint</Value></Attribute><Attribute z:Id="i172"><AttributeType>type</AttributeType><IsRequired>true</IsRequired><Value i:type="a:string" xmlns:a="http://www.w3.org/2001/XMLSchema">Automatically Detect</Value></Attribute></Attributes><ChildElements><URDFElement z:Id="i173" i:type="Origin"><Attributes><Attribute z:Id="i174"><AttributeType>xyz</AttributeType><IsRequired>true</IsRequired><Value i:type="a:ArrayOfdouble" xmlns:a="http://schemas.microsoft.com/2003/10/Serialization/Arrays"><a:double>0</a:double><a:double>0</a:double><a:double>0</a:double></Value></Attribute><Attribute z:Id="i175"><AttributeType>rpy</AttributeType><IsRequired>true</IsRequired><Value i:type="a:ArrayOfdouble" xmlns:a="http://schemas.microsoft.com/2003/10/Serialization/Arrays"><a:double>0</a:double><a:double>0</a:double><a:double>0</a:double></Value></Attribute></Attributes><ChildElements/><ElementName>origin</ElementName><required>false</required><RPYAttribute z:Ref="i175"/><XYZAttribute z:Ref="i174"/><isCustomized>false</isCustomized></URDFElement><URDFElement z:Id="i176" i:type="ParentLink"><Attributes><Attribute z:Id="i177"><AttributeType>link</AttributeType><IsRequired>true</IsRequired><Value i:type="a:string" xmlns:a="http://www.w3.org/2001/XMLSchema"/></Attribute></Attributes><ChildElements/><ElementName>parent</ElementName><required>true</required><NameAttribute z:Ref="i177"/></URDFElement><URDFElement z:Id="i178" i:type="ChildLink"><Attributes><Attribute z:Id="i179"><AttributeType>link</AttributeType><IsRequired>true</IsRequired><Value i:type="a:string" xmlns:a="http://www.w3.org/2001/XMLSchema"/></Attribute></Attributes><ChildElements/><ElementName>child</ElementName><required>true</required><NameAttribute z:Ref="i179"/></URDFElement><URDFElement z:Id="i180" i:type="Axis"><Attributes><Attribute z:Id="i181"><AttributeType>xyz</AttributeType><IsRequired>true</IsRequired><Value i:type="a:ArrayOfdouble" xmlns:a="http://schemas.microsoft.com/2003/10/Serialization/Arrays"><a:double>0</a:double><a:double>0</a:double><a:double>0</a:double></Value></Attribute></Attributes><ChildElements/><ElementName>axis</ElementName><required>false</required><XYZAttribute z:Ref="i181"/></URDFElement><URDFElement z:Id="i182" i:type="Limit"><Attributes><Attribute z:Id="i183"><AttributeType>lower</AttributeType><IsRequired>false</IsRequired><Value i:nil="true"/></Attribute><Attribute z:Id="i184"><AttributeType>upper</AttributeType><IsRequired>false</IsRequired><Value i:nil="true"/></Attribute><Attribute z:Id="i185"><AttributeType>effort</AttributeType><IsRequired>true</IsRequired><Value i:nil="true"/></Attribute><Attribute z:Id="i186"><AttributeType>velocity</AttributeType><IsRequired>true</IsRequired><Value i:nil="true"/></Attribute></Attributes><ChildElements/><ElementName>limit</ElementName><required>false</required><EffortAttribute z:Ref="i185"/><LowerAttribute z:Ref="i183"/><UpperAttribute z:Ref="i184"/><VelocityAttribute z:Ref="i186"/></URDFElement><URDFElement z:Id="i187" i:type="Calibration"><Attributes><Attribute z:Id="i188"><AttributeType>rising</AttributeType><IsRequired>false</IsRequired><Value i:nil="true"/></Attribute><Attribute z:Id="i189"><AttributeType>falling</AttributeType><IsRequired>false</IsRequired><Value i:nil="true"/></Attribute></Attributes><ChildElements/><ElementName>calibration</ElementName><required>false</required><FallingAttribute z:Ref="i189"/><RisingAttribute z:Ref="i188"/></URDFElement><URDFElement z:Id="i190" i:type="Dynamics"><Attributes><Attribute z:Id="i191"><AttributeType>damping</AttributeType><IsRequired>false</IsRequired><Value i:nil="true"/></Attribute><Attribute z:Id="i192"><AttributeType>friction</AttributeType><IsRequired>false</IsRequired><Value i:nil="true"/></Attribute></Attributes><ChildElements/><ElementName>dynamics</ElementName><required>false</required><DampingAttribute z:Ref="i191"/><FrictionAttribute z:Ref="i192"/></URDFElement><URDFElement z:Id="i193" i:type="SafetyController"><Attributes><Attribute z:Id="i194"><AttributeType>soft_upper_limit</AttributeType><IsRequired>false</IsRequired><Value i:nil="true"/></Attribute><Attribute z:Id="i195"><AttributeType>soft_lower_limit</AttributeType><IsRequired>false</IsRequired><Value i:nil="true"/></Attribute><Attribute z:Id="i196"><AttributeType>k_position</AttributeType><IsRequired>false</IsRequired><Value i:nil="true"/></Attribute><Attribute z:Id="i197"><AttributeType>k_velocity</AttributeType><IsRequired>true</IsRequired><Value i:nil="true"/></Attribute></Attributes><ChildElements/><ElementName>safety_controller</ElementName><required>false</required><KPositionAttribute z:Ref="i196"/><KVelocityAttribute z:Ref="i197"/><SoftLowerAttribute z:Ref="i195"/><SoftUpperAttribute z:Ref="i194"/></URDFElement><URDFElement z:Id="i198" i:type="Mimic"><Attributes><Attribute z:Id="i199"><AttributeType>joint</AttributeType><IsRequired>true</IsRequired><Value i:nil="true"/></Attribute><Attribute z:Id="i200"><AttributeType>multiplier</AttributeType><IsRequired>false</IsRequired><Value i:nil="true"/></Attribute><Attribute z:Id="i201"><AttributeType>offset</AttributeType><IsRequired>false</IsRequired><Value i:nil="true"/></Attribute></Attributes><ChildElements/><ElementName>mimic</ElementName><required>false</required><JointNameAttribute z:Ref="i199"/><MultiplierAttribute z:Ref="i200"/><OffsetAttribute z:Ref="i201"/></URDFElement></ChildElements><ElementName>joint</ElementName><required>false</required><Axis z:Ref="i180"/><AxisName>Automatically Generate</AxisName><Calibration z:Ref="i187"/><Child z:Ref="i178"/><CoordinateSystemName>Automatically Generate</CoordinateSystemName><Dynamics z:Ref="i190"/><Limit z:Ref="i182"/><Mimic z:Ref="i198"/><NameAttribute z:Ref="i171"/><Origin z:Ref="i173"/><Parent z:Ref="i176"/><Safety z:Ref="i193"/><TypeAttribute z:Ref="i172"/></URDFElement></ChildElements><ElementName>link</ElementName><required>true</required><Children/><Collision z:Ref="i163"/><Inertial z:Ref="i137"/><Joint z:Ref="i170"/><NameAttribute z:Ref="i136"/><Parent z:Ref="i1"/><STLQualityFine>false</STLQualityFine><SWComponentPIDs xmlns:a="http://schemas.microsoft.com/2003/10/Serialization/Arrays"><a:base64Binary>gD4AAAUAAAD//v8bNQBpAG4AIABDAG8AbABzAG8AbgAgAFcAaABlAGUAbAAtADEAQABBAHMAcwBlAG0AYgBsAHkABAAAABAAAAABAAAAAQAAALEBAAA=</a:base64Binary></SWComponentPIDs><SWMainComponentPID i:nil="true"/><Visual z:Ref="i150"/><isFixedFrame>false</isFixedFrame><isIncomplete>false</isIncomplete></Link></Children><Collision z:Ref="i29"/><Inertial z:Ref="i3"/><Joint z:Ref="i36"/><NameAttribute z:Ref="i2"/><Parent i:nil="true"/><STLQualityFine>false</STLQualityFine><SWComponentPIDs xmlns:a="http://schemas.microsoft.com/2003/10/Serialization/Arrays"><a:base64Binary>gD4AAAUAAAD//v8VUwBpAGQAZQAgAFAAaQBlAGMAZQAtADEAQABBAHMAcwBlAG0AYgBsAHkABAAAABAAAAABAAAAAQAAABkAAAA=</a:base64Binary><a:base64Binary>gD4AAAUAAAD//v8VUwBpAGQAZQAgAFAAaQBlAGMAZQAtADIAQABBAHMAcwBlAG0AYgBsAHkABAAAABAAAAABAAAAAQAAADsAAAA=</a:base64Binary><a:base64Binary>gD4AAAUAAAD//v8cRgByAG8AbgB0ACAAQwBlAG4AdABlAHIAIABCAGUAYQBtAC0AMQBAAEEAcwBzAGUAbQBiAGwAeQAEAAAAEAAAAAEAAAABAAAAVQAAAA==</a:base64Binary><a:base64Binary>gD4AAAUAAAD//v8bQgBhAGMAawAgAEMAZQBuAHQAZQByACAAQgBlAGEAbQAtADEAQABBAHMAcwBlAG0AYgBsAHkABAAAABAAAAABAAAAAQAAAGIAAAA=</a:base64Binary><a:base64Binary>gD4AAAUAAAD//v8eTQBpAGQAZABsAGUAIABUAC0AUwBsAG8AdAAgAFAAaQBlAGMAZQAtADEAQABBAHMAcwBlAG0AYgBsAHkABAAAABAAAAABAAAAAQAAAHcAAAA=</a:base64Binary><a:base64Binary>gD4AAAUAAAD//v8cRgByAG8AbgB0ACAARgByAGEAbQBlACAAUABpAGUAYwBlAC0AMQBAAEEAcwBzAGUAbQBiAGwAeQAEAAAAEAAAAAEAAAABAAAAgQAAAA==</a:base64Binary><a:base64Binary>gD4AAAUAAAD//v8bQgBhAGMAawAgAEYAcgBhAG0AZQAgAFAAaQBlAGMAZQAtADEAQABBAHMAcwBlAG0AYgBsAHkABAAAABAAAAABAAAAAQAAAI4AAAA=</a:base64Binary><a:base64Binary>gD4AAAUAAAD//v8bTQBpAGQAZABsAGUAIABGAHIAbwBuAHQAIABCAGEAcgAtADEAQABBAHMAcwBlAG0AYgBsAHkABAAAABAAAAABAAAAAQAAAJ0AAAA=</a:base64Binary><a:base64Binary>gD4AAAUAAAD//v8bTQBpAGQAZABsAGUAIABGAHIAbwBuAHQAIABCAGEAcgAtADIAQABBAHMAcwBlAG0AYgBsAHkABAAAABAAAAABAAAAAQAAAJ8AAAA=</a:base64Binary><a:base64Binary>gD4AAAUAAAD//v8TRQBuAGQAIABDAGEAcAAtADEAMgBAAEEAcwBzAGUAbQBiAGwAeQAEAAAAEAAAAAEAAAABAAAAoQAAAA==</a:base64Binary><a:base64Binary>gD4AAAUAAAD//v8TRQBuAGQAIABDAGEAcAAtADEAMQBAAEEAcwBzAGUAbQBiAGwAeQAEAAAAEAAAAAEAAAABAAAAoAAAAA==</a:base64Binary><a:base64Binary>gD4AAAUAAAD//v8TRQBuAGQAIABDAGEAcAAtADEAMABAAEEAcwBzAGUAbQBiAGwAeQAEAAAAEAAAAAEAAAABAAAAngAAAA==</a:base64Binary><a:base64Binary>gD4AAAUAAAD//v8SRQBuAGQAIABDAGEAcAAtADkAQABBAHMAcwBlAG0AYgBsAHkABAAAABAAAAABAAAAAQAAAJwAAAA=</a:base64Binary><a:base64Binary>gD4AAAUAAAD//v8SRQBuAGQAIABDAGEAcAAtADgAQABBAHMAcwBlAG0AYgBsAHkABAAAABAAAAABAAAAAQAAAGQAAAA=</a:base64Binary><a:base64Binary>gD4AAAUAAAD//v8SRQBuAGQAIABDAGEAcAAtADcAQABBAHMAcwBlAG0AYgBsAHkABAAAABAAAAABAAAAAQAAAGMAAAA=</a:base64Binary><a:base64Binary>gD4AAAUAAAD//v8SRQBuAGQAIABDAGEAcAAtADYAQABBAHMAcwBlAG0AYgBsAHkABAAAABAAAAABAAAAAQAAAFcAAAA=</a:base64Binary><a:base64Binary>gD4AAAUAAAD//v8SRQBuAGQAIABDAGEAcAAtADUAQABBAHMAcwBlAG0AYgBsAHkABAAAABAAAAABAAAAAQAAAFYAAAA=</a:base64Binary><a:base64Binary>gD4AAAUAAAD//v8SRQBuAGQAIABDAGEAcAAtADQAQABBAHMAcwBlAG0AYgBsAHkABAAAABAAAAABAAAAAQAAADkAAAA=</a:base64Binary><a:base64Binary>gD4AAAUAAAD//v8SRQBuAGQAIABDAGEAcAAtADMAQABBAHMAcwBlAG0AYgBsAHkABAAAABAAAAABAAAAAQAAADgAAAA=</a:base64Binary><a:base64Binary>gD4AAAUAAAD//v8SRQBuAGQAIABDAGEAcAAtADIAQABBAHMAcwBlAG0AYgBsAHkABAAAABAAAAABAAAAAQAAAC0AAAA=</a:base64Binary><a:base64Binary>gD4AAAUAAAD//v8SRQBuAGQAIABDAGEAcAAtADEAQABBAHMAcwBlAG0AYgBsAHkABAAAABAAAAABAAAAAQAAACwAAAA=</a:base64Binary><a:base64Binary>gD4AAAUAAAD//v8kVABzAGwAbwB0ACAAQgBhAHQAdABlAHIAeQAgAEgAbwBsAGQAZQByACAAQgBhAHIAcwAtADEAQABBAHMAcwBlAG0AYgBsAHkABAAAABAAAAABAAAAAQAAADcBAAA=</a:base64Binary><a:base64Binary>gD4AAAUAAAD//v8kVABzAGwAbwB0ACAAQgBhAHQAdABlAHIAeQAgAEgAbwBsAGQAZQByACAAQgBhAHIAcwAtADIAQABBAHMAcwBlAG0AYgBsAHkABAAAABAAAAABAAAAAQAAADgBAAA=</a:base64Binary><a:base64Binary>gD4AAAUAAAD//v8kVABzAGwAbwB0ACAAQgBhAHQAdABlAHIAeQAgAEgAbwBsAGQAZQByACAAQgBhAHIAcwAtADMAQABBAHMAcwBlAG0AYgBsAHkABAAAABAAAAABAAAAAQAAADkBAAA=</a:base64Binary><a:base64Binary>gD4AAAUAAAD//v8iRQBsAGUAYwB0AHIAbwBuAGkAYwBzACAAQgBvAGEAcgBkACAAUwBpAGQAZQBzAC0AMQBAAEEAcwBzAGUAbQBiAGwAeQAEAAAAEAAAAAEAAAABAAAAWQEAAA==</a:base64Binary><a:base64Binary>gD4AAAUAAAD//v8iRQBsAGUAYwB0AHIAbwBuAGkAYwBzACAAQgBvAGEAcgBkACAAUwBpAGQAZQBzAC0AMgBAAEEAcwBzAGUAbQBiAGwAeQAEAAAAEAAAAAEAAAABAAAAWgEAAA==</a:base64Binary><a:base64Binary>gD4AAAUAAAD//v8UQgBhAGMAawAgAFIAYQBpAGwALQAyAEAAQQBzAHMAZQBtAGIAbAB5AAQAAAAQAAAAAQAAAAEAAABcAQAA</a:base64Binary><a:base64Binary>gD4AAAUAAAD//v8UQgBhAGMAawAgAFIAYQBpAGwALQAzAEAAQQBzAHMAZQBtAGIAbAB5AAQAAAAQAAAAAQAAAAEAAABdAQAA</a:base64Binary><a:base64Binary>gD4AAAUAAAD//v8mRQBsAGUAYwB0AHIAbwBuAGkAYwBzACAAQgBvAGEAcgBkACAAUwB0AGEAbgBkAG8AZgBmAHMALQAxAEAAQQBzAHMAZQBtAGIAbAB5AAQAAAAQAAAAAQAAAAEAAAB3AQAA</a:base64Binary><a:base64Binary>gD4AAAUAAAD//v8mRQBsAGUAYwB0AHIAbwBuAGkAYwBzACAAQgBvAGEAcgBkACAAUwB0AGEAbgBkAG8AZgBmAHMALQAyAEAAQQBzAHMAZQBtAGIAbAB5AAQAAAAQAAAAAQAAAAEAAAB4AQAA</a:base64Binary><a:base64Binary>gD4AAAUAAAD//v8mRQBsAGUAYwB0AHIAbwBuAGkAYwBzACAAQgBvAGEAcgBkACAAUwB0AGEAbgBkAG8AZgBmAHMALQAzAEAAQQBzAHMAZQBtAGIAbAB5AAQAAAAQAAAAAQAAAAEAAAB5AQAA</a:base64Binary><a:base64Binary>gD4AAAUAAAD//v8mRQBsAGUAYwB0AHIAbwBuAGkAYwBzACAAQgBvAGEAcgBkACAAUwB0AGEAbgBkAG8AZgBmAHMALQA0AEAAQQBzAHMAZQBtAGIAbAB5AAQAAAAQAAAAAQAAAAEAAAB6AQAA</a:base64Binary><a:base64Binary>gD4AAAUAAAD//v8aTgBlAHcAIAAxADIAVgAgAGIAYQB0AHQAZQByAHkALQAyAEAAQQBzAHMAZQBtAGIAbAB5AAQAAAAQAAAAAQAAAAEAAAAqAgAA</a:base64Binary><a:base64Binary>gD4AAAUAAAD//v8TRwBlAGEAcgBiAG8AeAAyAC0AMQBAAEEAcwBzAGUAbQBiAGwAeQAEAAAAEAAAAAEAAAABAAAAQQIAAA==</a:base64Binary><a:base64Binary>gD4AAAUAAAD//v8TRwBlAGEAcgBiAG8AeAAyAC0AMgBAAEEAcwBzAGUAbQBiAGwAeQAEAAAAEAAAAAEAAAABAAAAWwIAAA==</a:base64Binary><a:base64Binary>gD4AAAUAAAD//v8fQwBvAGwAcwBvAG4AIABoAGUAeAAgAHcAaABlAGUAbAAgAGgAdQBiAC0AMgBAAEEAcwBzAGUAbQBiAGwAeQAEAAAAEAAAAAEAAAABAAAAYAIAAA==</a:base64Binary><a:base64Binary>gD4AAAUAAAD//v8fQwBvAGwAcwBvAG4AIABoAGUAeAAgAHcAaABlAGUAbAAgAGgAdQBiAC0AMQBAAEEAcwBzAGUAbQBiAGwAeQAEAAAAEAAAAAEAAAABAAAASgIAAA==</a:base64Binary><a:base64Binary>gD4AAAUAAAD//v8kVABzAGwAbwB0ACAAQgBhAHQAdABlAHIAeQAgAEgAbwBsAGQAZQByACAAQgBhAHIAcwAtADQAQABBAHMAcwBlAG0AYgBsAHkABAAAABAAAAABAAAAAQAAAHcCAAA=</a:base64Binary><a:base64Binary>gD4AAAUAAAD//v9FUwBpAGQAZQAgAFcAaABlAGUAbAAgAEEAcwBzAGUAbQBiAGwAeQAtADEAQABBAHMAcwBlAG0AYgBsAHkALwA1AGkAbgAgAEMAbwBsAHMAbwBuACAAVwBoAGUAZQBsAC0AMQBAAFMAaQBkAGUAIABXAGgAZQBlAGwAIABBAHMAcwBlAG0AYgBsAHkABAAAABAAAAABAAAAAgAAABgAAAAZAAAA</a:base64Binary><a:base64Binary>gD4AAAUAAAD//v9FUwBpAGQAZQAgAFcAaABlAGUAbAAgAEEAcwBzAGUAbQBiAGwAeQAtADMAQABBAHMAcwBlAG0AYgBsAHkALwA1AGkAbgAgAEMAbwBsAHMAbwBuACAAVwBoAGUAZQBsAC0AMQBAAFMAaQBkAGUAIABXAGgAZQBlAGwAIABBAHMAcwBlAG0AYgBsAHkABAAAABAAAAABAAAAAgAAADwAAAAZAAAA</a:base64Binary><a:base64Binary>gD4AAAUAAAD//v9FVwBoAGUAZQBsACAAQQBzAHMAZQBtAGIAbAB5ACAAQgBhAGMAawAtADEAQABBAHMAcwBlAG0AYgBsAHkALwA1AGkAbgAgAEMAbwBsAHMAbwBuACAAVwBoAGUAZQBsAC0AMQBAAFcAaABlAGUAbAAgAEEAcwBzAGUAbQBiAGwAeQAgAEIAYQBjAGsABAAAABAAAAABAAAAAgAAACUAAAAZAAAA</a:base64Binary><a:base64Binary>gD4AAAUAAAD//v9FVwBoAGUAZQBsACAAQQBzAHMAZQBtAGIAbAB5ACAAQgBhAGMAawAtADIAQABBAHMAcwBlAG0AYgBsAHkALwA1AGkAbgAgAEMAbwBsAHMAbwBuACAAVwBoAGUAZQBsAC0AMQBAAFcAaABlAGUAbAAgAEEAcwBzAGUAbQBiAGwAeQAgAEIAYQBjAGsABAAAABAAAAABAAAAAgAAAEIAAAAZAAAA</a:base64Binary><a:base64Binary>gD4AAAUAAAD//v9KVwBoAGUAZQBsACAAQQBzAHMAZQBtAGIAbAB5ACAAQgBhAGMAawAtADIAQABBAHMAcwBlAG0AYgBsAHkALwBLAGUAeQBlAGQAIABzAGgAYQBmAHQAIAB3AGgAZQBlAGwAIABoAHUAYgAtADEAQABXAGgAZQBlAGwAIABBAHMAcwBlAG0AYgBsAHkAIABCAGEAYwBrAAQAAAAQAAAAAQAAAAIAAABCAAAAGgAAAA==</a:base64Binary><a:base64Binary>gD4AAAUAAAD//v9KUwBpAGQAZQAgAFcAaABlAGUAbAAgAEEAcwBzAGUAbQBiAGwAeQAtADMAQABBAHMAcwBlAG0AYgBsAHkALwBLAGUAeQBlAGQAIABzAGgAYQBmAHQAIAB3AGgAZQBlAGwAIABoAHUAYgAtADEAQABTAGkAZABlACAAVwBoAGUAZQBsACAAQQBzAHMAZQBtAGIAbAB5AAQAAAAQAAAAAQAAAAIAAAA8AAAAGgAAAA==</a:base64Binary><a:base64Binary>gD4AAAUAAAD//v9GUwBpAGQAZQAgAFcAaABlAGUAbAAgAEEAcwBzAGUAbQBiAGwAeQAtADEAQABBAHMAcwBlAG0AYgBsAHkALwBLAGUAeQBlAGQAIABTAGgAYQBmAHQAIABTAGkAZABlAHMALQAxAEAAUwBpAGQAZQAgAFcAaABlAGUAbAAgAEEAcwBzAGUAbQBiAGwAeQAEAAAAEAAAAAEAAAACAAAAGAAAABgAAAA=</a:base64Binary><a:base64Binary>gD4AAAUAAAD//v9KVwBoAGUAZQBsACAAQQBzAHMAZQBtAGIAbAB5ACAAQgBhAGMAawAtADEAQABBAHMAcwBlAG0AYgBsAHkALwBLAGUAeQBlAGQAIABzAGgAYQBmAHQAIAB3AGgAZQBlAGwAIABoAHUAYgAtADEAQABXAGgAZQBlAGwAIABBAHMAcwBlAG0AYgBsAHkAIABCAGEAYwBrAAQAAAAQAAAAAQAAAAIAAAAlAAAAGgAAAA==</a:base64Binary><a:base64Binary>gD4AAAUAAAD//v9KUwBpAGQAZQAgAFcAaABlAGUAbAAgAEEAcwBzAGUAbQBiAGwAeQAtADEAQABBAHMAcwBlAG0AYgBsAHkALwBLAGUAeQBlAGQAIABzAGgAYQBmAHQAIAB3AGgAZQBlAGwAIABoAHUAYgAtADEAQABTAGkAZABlACAAVwBoAGUAZQBsACAAQQBzAHMAZQBtAGIAbAB5AAQAAAAQAAAAAQAAAAIAAAAYAAAAGgAAAA==</a:base64Binary><a:base64Binary>gD4AAAUAAAD//v9FVwBoAGUAZQBsACAAQQBzAHMAZQBtAGIAbAB5ACAAQgBhAGMAawAtADEAQABBAHMAcwBlAG0AYgBsAHkALwBLAGUAeQBlAGQAIABTAGgAYQBmAHQAIABCAGEAYwBrAC0AMQBAAFcAaABlAGUAbAAgAEEAcwBzAGUAbQBiAGwAeQAgAEIAYQBjAGsABAAAABAAAAABAAAAAgAAACUAAAAYAAAA</a:base64Binary><a:base64Binary>gD4AAAUAAAD//v9GUwBpAGQAZQAgAFcAaABlAGUAbAAgAEEAcwBzAGUAbQBiAGwAeQAtADMAQABBAHMAcwBlAG0AYgBsAHkALwBLAGUAeQBlAGQAIABTAGgAYQBmAHQAIABTAGkAZABlAHMALQAxAEAAUwBpAGQAZQAgAFcAaABlAGUAbAAgAEEAcwBzAGUAbQBiAGwAeQAEAAAAEAAAAAEAAAACAAAAPAAAABgAAAA=</a:base64Binary><a:base64Binary>gD4AAAUAAAD//v9FVwBoAGUAZQBsACAAQQBzAHMAZQBtAGIAbAB5ACAAQgBhAGMAawAtADIAQABBAHMAcwBlAG0AYgBsAHkALwBLAGUAeQBlAGQAIABTAGgAYQBmAHQAIABCAGEAYwBrAC0AMQBAAFcAaABlAGUAbAAgAEEAcwBzAGUAbQBiAGwAeQAgAEIAYQBjAGsABAAAABAAAAABAAAAAgAAAEIAAAAYAAAA</a:base64Binary></SWComponentPIDs><SWMainComponentPID i:nil="true"/><Visual z:Ref="i16"/><isFixedFrame>false</isFixedFrame><isIncomplete>false</isIncomplete></Link>
2025-04-12 19:40:00,083 INFO  ExportHelperExtension.cs: 347 - Creating joint left_wheel
2025-04-12 19:40:00,083 INFO  ExportHelperExtension.cs: 1397 - Fixing components for base_link
2025-04-12 19:40:00,083 INFO  ExportHelperExtension.cs: 1402 - Fixing 25
2025-04-12 19:40:00,083 INFO  ExportHelperExtension.cs: 1409 - Component 25 is already fixed
2025-04-12 19:40:00,083 INFO  ExportHelperExtension.cs: 1402 - Fixing 59
2025-04-12 19:40:00,083 INFO  ExportHelperExtension.cs: 1402 - Fixing 85
2025-04-12 19:40:00,083 INFO  ExportHelperExtension.cs: 1402 - Fixing 98
2025-04-12 19:40:00,083 INFO  ExportHelperExtension.cs: 1402 - Fixing 119
2025-04-12 19:40:00,083 INFO  ExportHelperExtension.cs: 1402 - Fixing 129
2025-04-12 19:40:00,083 INFO  ExportHelperExtension.cs: 1402 - Fixing 142
2025-04-12 19:40:00,083 INFO  ExportHelperExtension.cs: 1402 - Fixing 157
2025-04-12 19:40:00,083 INFO  ExportHelperExtension.cs: 1402 - Fixing 159
2025-04-12 19:40:00,083 INFO  ExportHelperExtension.cs: 1402 - Fixing 161
2025-04-12 19:40:00,083 INFO  ExportHelperExtension.cs: 1402 - Fixing 160
2025-04-12 19:40:00,083 INFO  ExportHelperExtension.cs: 1402 - Fixing 158
2025-04-12 19:40:00,083 INFO  ExportHelperExtension.cs: 1402 - Fixing 156
2025-04-12 19:40:00,083 INFO  ExportHelperExtension.cs: 1402 - Fixing 100
2025-04-12 19:40:00,083 INFO  ExportHelperExtension.cs: 1402 - Fixing 99
2025-04-12 19:40:00,083 INFO  ExportHelperExtension.cs: 1402 - Fixing 87
2025-04-12 19:40:00,083 INFO  ExportHelperExtension.cs: 1402 - Fixing 86
2025-04-12 19:40:00,083 INFO  ExportHelperExtension.cs: 1402 - Fixing 57
2025-04-12 19:40:00,083 INFO  ExportHelperExtension.cs: 1402 - Fixing 56
2025-04-12 19:40:00,083 INFO  ExportHelperExtension.cs: 1402 - Fixing 45
2025-04-12 19:40:00,098 INFO  ExportHelperExtension.cs: 1402 - Fixing 44
2025-04-12 19:40:00,098 INFO  ExportHelperExtension.cs: 1402 - Fixing 311
2025-04-12 19:40:00,098 INFO  ExportHelperExtension.cs: 1402 - Fixing 312
2025-04-12 19:40:00,098 INFO  ExportHelperExtension.cs: 1402 - Fixing 313
2025-04-12 19:40:00,098 INFO  ExportHelperExtension.cs: 1402 - Fixing 345
2025-04-12 19:40:00,098 INFO  ExportHelperExtension.cs: 1402 - Fixing 346
2025-04-12 19:40:00,098 INFO  ExportHelperExtension.cs: 1402 - Fixing 348
2025-04-12 19:40:00,098 INFO  ExportHelperExtension.cs: 1402 - Fixing 349
2025-04-12 19:40:00,098 INFO  ExportHelperExtension.cs: 1402 - Fixing 375
2025-04-12 19:40:00,098 INFO  ExportHelperExtension.cs: 1402 - Fixing 376
2025-04-12 19:40:00,098 INFO  ExportHelperExtension.cs: 1402 - Fixing 377
2025-04-12 19:40:00,098 INFO  ExportHelperExtension.cs: 1402 - Fixing 378
2025-04-12 19:40:00,098 INFO  ExportHelperExtension.cs: 1402 - Fixing 554
2025-04-12 19:40:00,098 INFO  ExportHelperExtension.cs: 1402 - Fixing 577
2025-04-12 19:40:00,098 INFO  ExportHelperExtension.cs: 1402 - Fixing 603
2025-04-12 19:40:00,098 INFO  ExportHelperExtension.cs: 1402 - Fixing 608
2025-04-12 19:40:00,098 INFO  ExportHelperExtension.cs: 1402 - Fixing 586
2025-04-12 19:40:00,098 INFO  ExportHelperExtension.cs: 1402 - Fixing 631
2025-04-12 19:40:00,098 INFO  ExportHelperExtension.cs: 1402 - Fixing 25
2025-04-12 19:40:00,098 INFO  ExportHelperExtension.cs: 1402 - Fixing 25
2025-04-12 19:40:00,098 INFO  ExportHelperExtension.cs: 1402 - Fixing 25
2025-04-12 19:40:00,098 INFO  ExportHelperExtension.cs: 1402 - Fixing 25
2025-04-12 19:40:00,098 INFO  ExportHelperExtension.cs: 1402 - Fixing 26
2025-04-12 19:40:00,098 INFO  ExportHelperExtension.cs: 1402 - Fixing 26
2025-04-12 19:40:00,098 INFO  ExportHelperExtension.cs: 1402 - Fixing 24
2025-04-12 19:40:00,098 INFO  ExportHelperExtension.cs: 1402 - Fixing 26
2025-04-12 19:40:00,098 INFO  ExportHelperExtension.cs: 1402 - Fixing 26
2025-04-12 19:40:00,098 INFO  ExportHelperExtension.cs: 1402 - Fixing 24
2025-04-12 19:40:00,098 INFO  ExportHelperExtension.cs: 1402 - Fixing 24
2025-04-12 19:40:00,098 INFO  ExportHelperExtension.cs: 1402 - Fixing 24
2025-04-12 19:40:01,845 INFO  ExportHelperExtension.cs: 832 - R1: 0, 0
2025-04-12 19:40:01,845 INFO  ExportHelperExtension.cs: 841 - R2: 0, 0
2025-04-12 19:40:01,845 INFO  ExportHelperExtension.cs: 849 - L1: 0
2025-04-12 19:40:01,845 INFO  ExportHelperExtension.cs: 857 - L2: 0
2025-04-12 19:40:01,861 INFO  ExportHelperExtension.cs: 1352 - Unfixing component 59
2025-04-12 19:40:01,861 INFO  ExportHelperExtension.cs: 1352 - Unfixing component 85
2025-04-12 19:40:01,861 INFO  ExportHelperExtension.cs: 1352 - Unfixing component 98
2025-04-12 19:40:01,861 INFO  ExportHelperExtension.cs: 1352 - Unfixing component 119
2025-04-12 19:40:01,861 INFO  ExportHelperExtension.cs: 1352 - Unfixing component 129
2025-04-12 19:40:01,861 INFO  ExportHelperExtension.cs: 1352 - Unfixing component 142
2025-04-12 19:40:01,861 INFO  ExportHelperExtension.cs: 1352 - Unfixing component 157
2025-04-12 19:40:01,861 INFO  ExportHelperExtension.cs: 1352 - Unfixing component 159
2025-04-12 19:40:01,861 INFO  ExportHelperExtension.cs: 1352 - Unfixing component 161
2025-04-12 19:40:01,876 INFO  ExportHelperExtension.cs: 1352 - Unfixing component 160
2025-04-12 19:40:01,876 INFO  ExportHelperExtension.cs: 1352 - Unfixing component 158
2025-04-12 19:40:01,876 INFO  ExportHelperExtension.cs: 1352 - Unfixing component 156
2025-04-12 19:40:01,876 INFO  ExportHelperExtension.cs: 1352 - Unfixing component 100
2025-04-12 19:40:01,876 INFO  ExportHelperExtension.cs: 1352 - Unfixing component 99
2025-04-12 19:40:01,876 INFO  ExportHelperExtension.cs: 1352 - Unfixing component 87
2025-04-12 19:40:01,876 INFO  ExportHelperExtension.cs: 1352 - Unfixing component 86
2025-04-12 19:40:01,876 INFO  ExportHelperExtension.cs: 1352 - Unfixing component 57
2025-04-12 19:40:01,876 INFO  ExportHelperExtension.cs: 1352 - Unfixing component 56
2025-04-12 19:40:01,876 INFO  ExportHelperExtension.cs: 1352 - Unfixing component 45
2025-04-12 19:40:01,876 INFO  ExportHelperExtension.cs: 1352 - Unfixing component 44
2025-04-12 19:40:01,876 INFO  ExportHelperExtension.cs: 1352 - Unfixing component 311
2025-04-12 19:40:01,876 INFO  ExportHelperExtension.cs: 1352 - Unfixing component 312
2025-04-12 19:40:01,876 INFO  ExportHelperExtension.cs: 1352 - Unfixing component 313
2025-04-12 19:40:01,876 INFO  ExportHelperExtension.cs: 1352 - Unfixing component 345
2025-04-12 19:40:01,876 INFO  ExportHelperExtension.cs: 1352 - Unfixing component 346
2025-04-12 19:40:01,876 INFO  ExportHelperExtension.cs: 1352 - Unfixing component 348
2025-04-12 19:40:01,876 INFO  ExportHelperExtension.cs: 1352 - Unfixing component 349
2025-04-12 19:40:01,876 INFO  ExportHelperExtension.cs: 1352 - Unfixing component 375
2025-04-12 19:40:01,876 INFO  ExportHelperExtension.cs: 1352 - Unfixing component 376
2025-04-12 19:40:01,876 INFO  ExportHelperExtension.cs: 1352 - Unfixing component 377
2025-04-12 19:40:01,876 INFO  ExportHelperExtension.cs: 1352 - Unfixing component 378
2025-04-12 19:40:01,876 INFO  ExportHelperExtension.cs: 1352 - Unfixing component 554
2025-04-12 19:40:01,876 INFO  ExportHelperExtension.cs: 1352 - Unfixing component 577
2025-04-12 19:40:01,876 INFO  ExportHelperExtension.cs: 1352 - Unfixing component 603
2025-04-12 19:40:01,876 INFO  ExportHelperExtension.cs: 1352 - Unfixing component 608
2025-04-12 19:40:01,876 INFO  ExportHelperExtension.cs: 1352 - Unfixing component 586
2025-04-12 19:40:01,876 INFO  ExportHelperExtension.cs: 1352 - Unfixing component 631
2025-04-12 19:40:01,876 INFO  ExportHelperExtension.cs: 1352 - Unfixing component 25
2025-04-12 19:40:01,876 INFO  ExportHelperExtension.cs: 1352 - Unfixing component 25
2025-04-12 19:40:01,876 INFO  ExportHelperExtension.cs: 1352 - Unfixing component 25
2025-04-12 19:40:01,876 INFO  ExportHelperExtension.cs: 1352 - Unfixing component 25
2025-04-12 19:40:01,876 INFO  ExportHelperExtension.cs: 1352 - Unfixing component 26
2025-04-12 19:40:01,876 INFO  ExportHelperExtension.cs: 1352 - Unfixing component 26
2025-04-12 19:40:01,876 INFO  ExportHelperExtension.cs: 1352 - Unfixing component 24
2025-04-12 19:40:01,876 INFO  ExportHelperExtension.cs: 1352 - Unfixing component 26
2025-04-12 19:40:01,876 INFO  ExportHelperExtension.cs: 1352 - Unfixing component 26
2025-04-12 19:40:01,876 INFO  ExportHelperExtension.cs: 1352 - Unfixing component 24
2025-04-12 19:40:01,876 INFO  ExportHelperExtension.cs: 1352 - Unfixing component 24
2025-04-12 19:40:01,876 INFO  ExportHelperExtension.cs: 1352 - Unfixing component 24
2025-04-12 19:40:05,667 WARN  ExportHelperExtension.cs: 351 - Creating joint from parent base_link to child left_wheel failed
2025-04-12 19:40:05,763 INFO  ExportHelperExtension.cs: 347 - Creating joint right_wheel
2025-04-12 19:40:05,763 INFO  ExportHelperExtension.cs: 1397 - Fixing components for base_link
2025-04-12 19:40:05,763 INFO  ExportHelperExtension.cs: 1402 - Fixing 25
2025-04-12 19:40:05,763 INFO  ExportHelperExtension.cs: 1409 - Component 25 is already fixed
2025-04-12 19:40:05,763 INFO  ExportHelperExtension.cs: 1402 - Fixing 59
2025-04-12 19:40:05,763 INFO  ExportHelperExtension.cs: 1402 - Fixing 85
2025-04-12 19:40:05,763 INFO  ExportHelperExtension.cs: 1402 - Fixing 98
2025-04-12 19:40:05,763 INFO  ExportHelperExtension.cs: 1402 - Fixing 119
2025-04-12 19:40:05,763 INFO  ExportHelperExtension.cs: 1402 - Fixing 129
2025-04-12 19:40:05,763 INFO  ExportHelperExtension.cs: 1402 - Fixing 142
2025-04-12 19:40:05,763 INFO  ExportHelperExtension.cs: 1402 - Fixing 157
2025-04-12 19:40:05,763 INFO  ExportHelperExtension.cs: 1402 - Fixing 159
2025-04-12 19:40:05,763 INFO  ExportHelperExtension.cs: 1402 - Fixing 161
2025-04-12 19:40:05,763 INFO  ExportHelperExtension.cs: 1402 - Fixing 160
2025-04-12 19:40:05,763 INFO  ExportHelperExtension.cs: 1402 - Fixing 158
2025-04-12 19:40:05,763 INFO  ExportHelperExtension.cs: 1402 - Fixing 156
2025-04-12 19:40:05,763 INFO  ExportHelperExtension.cs: 1402 - Fixing 100
2025-04-12 19:40:05,763 INFO  ExportHelperExtension.cs: 1402 - Fixing 99
2025-04-12 19:40:05,763 INFO  ExportHelperExtension.cs: 1402 - Fixing 87
2025-04-12 19:40:05,763 INFO  ExportHelperExtension.cs: 1402 - Fixing 86
2025-04-12 19:40:05,763 INFO  ExportHelperExtension.cs: 1402 - Fixing 57
2025-04-12 19:40:05,763 INFO  ExportHelperExtension.cs: 1402 - Fixing 56
2025-04-12 19:40:05,763 INFO  ExportHelperExtension.cs: 1402 - Fixing 45
2025-04-12 19:40:05,763 INFO  ExportHelperExtension.cs: 1402 - Fixing 44
2025-04-12 19:40:05,763 INFO  ExportHelperExtension.cs: 1402 - Fixing 311
2025-04-12 19:40:05,763 INFO  ExportHelperExtension.cs: 1402 - Fixing 312
2025-04-12 19:40:05,763 INFO  ExportHelperExtension.cs: 1402 - Fixing 313
2025-04-12 19:40:05,763 INFO  ExportHelperExtension.cs: 1402 - Fixing 345
2025-04-12 19:40:05,763 INFO  ExportHelperExtension.cs: 1402 - Fixing 346
2025-04-12 19:40:05,763 INFO  ExportHelperExtension.cs: 1402 - Fixing 348
2025-04-12 19:40:05,763 INFO  ExportHelperExtension.cs: 1402 - Fixing 349
2025-04-12 19:40:05,763 INFO  ExportHelperExtension.cs: 1402 - Fixing 375
2025-04-12 19:40:05,763 INFO  ExportHelperExtension.cs: 1402 - Fixing 376
2025-04-12 19:40:05,763 INFO  ExportHelperExtension.cs: 1402 - Fixing 377
2025-04-12 19:40:05,763 INFO  ExportHelperExtension.cs: 1402 - Fixing 378
2025-04-12 19:40:05,763 INFO  ExportHelperExtension.cs: 1402 - Fixing 554
2025-04-12 19:40:05,763 INFO  ExportHelperExtension.cs: 1402 - Fixing 577
2025-04-12 19:40:05,763 INFO  ExportHelperExtension.cs: 1402 - Fixing 603
2025-04-12 19:40:05,763 INFO  ExportHelperExtension.cs: 1402 - Fixing 608
2025-04-12 19:40:05,763 INFO  ExportHelperExtension.cs: 1402 - Fixing 586
2025-04-12 19:40:05,763 INFO  ExportHelperExtension.cs: 1402 - Fixing 631
2025-04-12 19:40:05,763 INFO  ExportHelperExtension.cs: 1402 - Fixing 25
2025-04-12 19:40:05,763 INFO  ExportHelperExtension.cs: 1402 - Fixing 25
2025-04-12 19:40:05,763 INFO  ExportHelperExtension.cs: 1402 - Fixing 25
2025-04-12 19:40:05,763 INFO  ExportHelperExtension.cs: 1402 - Fixing 25
2025-04-12 19:40:05,763 INFO  ExportHelperExtension.cs: 1402 - Fixing 26
2025-04-12 19:40:05,763 INFO  ExportHelperExtension.cs: 1402 - Fixing 26
2025-04-12 19:40:05,763 INFO  ExportHelperExtension.cs: 1402 - Fixing 24
2025-04-12 19:40:05,763 INFO  ExportHelperExtension.cs: 1402 - Fixing 26
2025-04-12 19:40:05,763 INFO  ExportHelperExtension.cs: 1402 - Fixing 26
2025-04-12 19:40:05,763 INFO  ExportHelperExtension.cs: 1402 - Fixing 24
2025-04-12 19:40:05,763 INFO  ExportHelperExtension.cs: 1402 - Fixing 24
2025-04-12 19:40:05,763 INFO  ExportHelperExtension.cs: 1402 - Fixing 24
2025-04-12 19:40:07,197 INFO  ExportHelperExtension.cs: 832 - R1: 0, 0
2025-04-12 19:40:07,197 INFO  ExportHelperExtension.cs: 841 - R2: 0, 0
2025-04-12 19:40:07,197 INFO  ExportHelperExtension.cs: 849 - L1: 0
2025-04-12 19:40:07,197 INFO  ExportHelperExtension.cs: 857 - L2: 0
2025-04-12 19:40:07,197 INFO  ExportHelperExtension.cs: 1352 - Unfixing component 59
2025-04-12 19:40:07,197 INFO  ExportHelperExtension.cs: 1352 - Unfixing component 85
2025-04-12 19:40:07,197 INFO  ExportHelperExtension.cs: 1352 - Unfixing component 98
2025-04-12 19:40:07,197 INFO  ExportHelperExtension.cs: 1352 - Unfixing component 119
2025-04-12 19:40:07,197 INFO  ExportHelperExtension.cs: 1352 - Unfixing component 129
2025-04-12 19:40:07,197 INFO  ExportHelperExtension.cs: 1352 - Unfixing component 142
2025-04-12 19:40:07,197 INFO  ExportHelperExtension.cs: 1352 - Unfixing component 157
2025-04-12 19:40:07,202 INFO  ExportHelperExtension.cs: 1352 - Unfixing component 159
2025-04-12 19:40:07,202 INFO  ExportHelperExtension.cs: 1352 - Unfixing component 161
2025-04-12 19:40:07,202 INFO  ExportHelperExtension.cs: 1352 - Unfixing component 160
2025-04-12 19:40:07,202 INFO  ExportHelperExtension.cs: 1352 - Unfixing component 158
2025-04-12 19:40:07,202 INFO  ExportHelperExtension.cs: 1352 - Unfixing component 156
2025-04-12 19:40:07,202 INFO  ExportHelperExtension.cs: 1352 - Unfixing component 100
2025-04-12 19:40:07,202 INFO  ExportHelperExtension.cs: 1352 - Unfixing component 99
2025-04-12 19:40:07,202 INFO  ExportHelperExtension.cs: 1352 - Unfixing component 87
2025-04-12 19:40:07,202 INFO  ExportHelperExtension.cs: 1352 - Unfixing component 86
2025-04-12 19:40:07,202 INFO  ExportHelperExtension.cs: 1352 - Unfixing component 57
2025-04-12 19:40:07,202 INFO  ExportHelperExtension.cs: 1352 - Unfixing component 56
2025-04-12 19:40:07,205 INFO  ExportHelperExtension.cs: 1352 - Unfixing component 45
2025-04-12 19:40:07,205 INFO  ExportHelperExtension.cs: 1352 - Unfixing component 44
2025-04-12 19:40:07,207 INFO  ExportHelperExtension.cs: 1352 - Unfixing component 311
2025-04-12 19:40:07,207 INFO  ExportHelperExtension.cs: 1352 - Unfixing component 312
2025-04-12 19:40:07,207 INFO  ExportHelperExtension.cs: 1352 - Unfixing component 313
2025-04-12 19:40:07,207 INFO  ExportHelperExtension.cs: 1352 - Unfixing component 345
2025-04-12 19:40:07,207 INFO  ExportHelperExtension.cs: 1352 - Unfixing component 346
2025-04-12 19:40:07,207 INFO  ExportHelperExtension.cs: 1352 - Unfixing component 348
2025-04-12 19:40:07,207 INFO  ExportHelperExtension.cs: 1352 - Unfixing component 349
2025-04-12 19:40:07,207 INFO  ExportHelperExtension.cs: 1352 - Unfixing component 375
2025-04-12 19:40:07,207 INFO  ExportHelperExtension.cs: 1352 - Unfixing component 376
2025-04-12 19:40:07,207 INFO  ExportHelperExtension.cs: 1352 - Unfixing component 377
2025-04-12 19:40:07,207 INFO  ExportHelperExtension.cs: 1352 - Unfixing component 378
2025-04-12 19:40:07,207 INFO  ExportHelperExtension.cs: 1352 - Unfixing component 554
2025-04-12 19:40:07,207 INFO  ExportHelperExtension.cs: 1352 - Unfixing component 577
2025-04-12 19:40:07,212 INFO  ExportHelperExtension.cs: 1352 - Unfixing component 603
2025-04-12 19:40:07,212 INFO  ExportHelperExtension.cs: 1352 - Unfixing component 608
2025-04-12 19:40:07,212 INFO  ExportHelperExtension.cs: 1352 - Unfixing component 586
2025-04-12 19:40:07,212 INFO  ExportHelperExtension.cs: 1352 - Unfixing component 631
2025-04-12 19:40:07,212 INFO  ExportHelperExtension.cs: 1352 - Unfixing component 25
2025-04-12 19:40:07,212 INFO  ExportHelperExtension.cs: 1352 - Unfixing component 25
2025-04-12 19:40:07,212 INFO  ExportHelperExtension.cs: 1352 - Unfixing component 25
2025-04-12 19:40:07,212 INFO  ExportHelperExtension.cs: 1352 - Unfixing component 25
2025-04-12 19:40:07,212 INFO  ExportHelperExtension.cs: 1352 - Unfixing component 26
2025-04-12 19:40:07,212 INFO  ExportHelperExtension.cs: 1352 - Unfixing component 26
2025-04-12 19:40:07,212 INFO  ExportHelperExtension.cs: 1352 - Unfixing component 24
2025-04-12 19:40:07,212 INFO  ExportHelperExtension.cs: 1352 - Unfixing component 26
2025-04-12 19:40:07,212 INFO  ExportHelperExtension.cs: 1352 - Unfixing component 26
2025-04-12 19:40:07,212 INFO  ExportHelperExtension.cs: 1352 - Unfixing component 24
2025-04-12 19:40:07,212 INFO  ExportHelperExtension.cs: 1352 - Unfixing component 24
2025-04-12 19:40:07,212 INFO  ExportHelperExtension.cs: 1352 - Unfixing component 24
2025-04-12 19:40:11,064 WARN  ExportHelperExtension.cs: 351 - Creating joint from parent base_link to child right_wheel failed
2025-04-12 19:40:11,286 INFO  ExportHelperExtension.cs: 1125 - Retrieving features of type [CoordSys] from Assembly.SLDASM
2025-04-12 19:40:11,286 INFO  ExportHelperExtension.cs: 1136 - Found 291 in Assembly.SLDASM
2025-04-12 19:40:11,286 INFO  ExportHelperExtension.cs: 1145 - Found 4 features of type [CoordSys] in Assembly.SLDASM
2025-04-12 19:40:11,286 INFO  ExportHelperExtension.cs: 1148 - Proceeding through assembly components
2025-04-12 19:40:11,286 INFO  ExportHelperExtension.cs: 1160 - 56 components to check
2025-04-12 19:40:11,286 INFO  ExportHelperExtension.cs: 1125 - Retrieving features of type [CoordSys] from Side Piece-2
2025-04-12 19:40:11,286 INFO  ExportHelperExtension.cs: 1136 - Found 48 in Side Piece-2
2025-04-12 19:40:11,286 INFO  ExportHelperExtension.cs: 1145 - Found 0 features of type [CoordSys] in Side Piece-2
2025-04-12 19:40:11,286 INFO  ExportHelperExtension.cs: 1125 - Retrieving features of type [CoordSys] from Wheel Assembly Back-2
2025-04-12 19:40:11,286 INFO  ExportHelperExtension.cs: 1136 - Found 40 in Wheel Assembly Back-2
2025-04-12 19:40:11,286 INFO  ExportHelperExtension.cs: 1145 - Found 0 features of type [CoordSys] in Wheel Assembly Back-2
2025-04-12 19:40:11,286 INFO  ExportHelperExtension.cs: 1125 - Retrieving features of type [CoordSys] from End Cap-6
2025-04-12 19:40:11,286 INFO  ExportHelperExtension.cs: 1136 - Found 40 in End Cap-6
2025-04-12 19:40:11,286 INFO  ExportHelperExtension.cs: 1145 - Found 0 features of type [CoordSys] in End Cap-6
2025-04-12 19:40:11,286 INFO  ExportHelperExtension.cs: 1125 - Retrieving features of type [CoordSys] from End Cap-3
2025-04-12 19:40:11,286 INFO  ExportHelperExtension.cs: 1136 - Found 40 in End Cap-3
2025-04-12 19:40:11,286 INFO  ExportHelperExtension.cs: 1145 - Found 0 features of type [CoordSys] in End Cap-3
2025-04-12 19:40:11,301 INFO  ExportHelperExtension.cs: 1125 - Retrieving features of type [CoordSys] from End Cap-8
2025-04-12 19:40:11,301 INFO  ExportHelperExtension.cs: 1136 - Found 40 in End Cap-8
2025-04-12 19:40:11,301 INFO  ExportHelperExtension.cs: 1145 - Found 0 features of type [CoordSys] in End Cap-8
2025-04-12 19:40:11,301 INFO  ExportHelperExtension.cs: 1125 - Retrieving features of type [CoordSys] from End Cap-2
2025-04-12 19:40:11,301 INFO  ExportHelperExtension.cs: 1136 - Found 40 in End Cap-2
2025-04-12 19:40:11,301 INFO  ExportHelperExtension.cs: 1145 - Found 0 features of type [CoordSys] in End Cap-2
2025-04-12 19:40:11,301 INFO  ExportHelperExtension.cs: 1125 - Retrieving features of type [CoordSys] from End Cap-1
2025-04-12 19:40:11,301 INFO  ExportHelperExtension.cs: 1136 - Found 40 in End Cap-1
2025-04-12 19:40:11,301 INFO  ExportHelperExtension.cs: 1145 - Found 0 features of type [CoordSys] in End Cap-1
2025-04-12 19:40:11,301 INFO  ExportHelperExtension.cs: 1125 - Retrieving features of type [CoordSys] from Side Piece-1
2025-04-12 19:40:11,301 INFO  ExportHelperExtension.cs: 1136 - Found 48 in Side Piece-1
2025-04-12 19:40:11,301 INFO  ExportHelperExtension.cs: 1145 - Found 0 features of type [CoordSys] in Side Piece-1
2025-04-12 19:40:11,301 INFO  ExportHelperExtension.cs: 1125 - Retrieving features of type [CoordSys] from Wheel Assembly Back-1
2025-04-12 19:40:11,301 INFO  ExportHelperExtension.cs: 1136 - Found 40 in Wheel Assembly Back-1
2025-04-12 19:40:11,301 INFO  ExportHelperExtension.cs: 1145 - Found 0 features of type [CoordSys] in Wheel Assembly Back-1
2025-04-12 19:40:11,301 INFO  ExportHelperExtension.cs: 1125 - Retrieving features of type [CoordSys] from Side Wheel Assembly-1
2025-04-12 19:40:11,301 INFO  ExportHelperExtension.cs: 1136 - Found 38 in Side Wheel Assembly-1
2025-04-12 19:40:11,301 INFO  ExportHelperExtension.cs: 1145 - Found 0 features of type [CoordSys] in Side Wheel Assembly-1
2025-04-12 19:40:11,301 INFO  ExportHelperExtension.cs: 1125 - Retrieving features of type [CoordSys] from End Cap-4
2025-04-12 19:40:11,301 INFO  ExportHelperExtension.cs: 1136 - Found 40 in End Cap-4
2025-04-12 19:40:11,301 INFO  ExportHelperExtension.cs: 1145 - Found 0 features of type [CoordSys] in End Cap-4
2025-04-12 19:40:11,301 INFO  ExportHelperExtension.cs: 1125 - Retrieving features of type [CoordSys] from Side Wheel Assembly-3
2025-04-12 19:40:11,301 INFO  ExportHelperExtension.cs: 1136 - Found 38 in Side Wheel Assembly-3
2025-04-12 19:40:11,301 INFO  ExportHelperExtension.cs: 1145 - Found 0 features of type [CoordSys] in Side Wheel Assembly-3
2025-04-12 19:40:11,301 INFO  ExportHelperExtension.cs: 1125 - Retrieving features of type [CoordSys] from Front Center Beam-1
2025-04-12 19:40:11,301 INFO  ExportHelperExtension.cs: 1136 - Found 44 in Front Center Beam-1
2025-04-12 19:40:11,301 INFO  ExportHelperExtension.cs: 1145 - Found 0 features of type [CoordSys] in Front Center Beam-1
2025-04-12 19:40:11,301 INFO  ExportHelperExtension.cs: 1125 - Retrieving features of type [CoordSys] from End Cap-5
2025-04-12 19:40:11,301 INFO  ExportHelperExtension.cs: 1136 - Found 40 in End Cap-5
2025-04-12 19:40:11,301 INFO  ExportHelperExtension.cs: 1145 - Found 0 features of type [CoordSys] in End Cap-5
2025-04-12 19:40:11,301 INFO  ExportHelperExtension.cs: 1125 - Retrieving features of type [CoordSys] from Back Center Beam-1
2025-04-12 19:40:11,301 INFO  ExportHelperExtension.cs: 1136 - Found 41 in Back Center Beam-1
2025-04-12 19:40:11,301 INFO  ExportHelperExtension.cs: 1145 - Found 0 features of type [CoordSys] in Back Center Beam-1
2025-04-12 19:40:11,301 INFO  ExportHelperExtension.cs: 1125 - Retrieving features of type [CoordSys] from End Cap-7
2025-04-12 19:40:11,301 INFO  ExportHelperExtension.cs: 1136 - Found 40 in End Cap-7
2025-04-12 19:40:11,301 INFO  ExportHelperExtension.cs: 1145 - Found 0 features of type [CoordSys] in End Cap-7
2025-04-12 19:40:11,301 INFO  ExportHelperExtension.cs: 1125 - Retrieving features of type [CoordSys] from Middle Front Bar-1
2025-04-12 19:40:11,301 INFO  ExportHelperExtension.cs: 1136 - Found 34 in Middle Front Bar-1
2025-04-12 19:40:11,301 INFO  ExportHelperExtension.cs: 1145 - Found 0 features of type [CoordSys] in Middle Front Bar-1
2025-04-12 19:40:11,301 INFO  ExportHelperExtension.cs: 1125 - Retrieving features of type [CoordSys] from End Cap-12
2025-04-12 19:40:11,301 INFO  ExportHelperExtension.cs: 1136 - Found 40 in End Cap-12
2025-04-12 19:40:11,301 INFO  ExportHelperExtension.cs: 1145 - Found 0 features of type [CoordSys] in End Cap-12
2025-04-12 19:40:11,301 INFO  ExportHelperExtension.cs: 1125 - Retrieving features of type [CoordSys] from Electronics Board Sides-1
2025-04-12 19:40:11,301 INFO  ExportHelperExtension.cs: 1136 - Found 40 in Electronics Board Sides-1
2025-04-12 19:40:11,301 INFO  ExportHelperExtension.cs: 1145 - Found 0 features of type [CoordSys] in Electronics Board Sides-1
2025-04-12 19:40:11,317 INFO  ExportHelperExtension.cs: 1125 - Retrieving features of type [CoordSys] from Tslot Battery Holder Bars-3
2025-04-12 19:40:11,317 INFO  ExportHelperExtension.cs: 1136 - Found 40 in Tslot Battery Holder Bars-3
2025-04-12 19:40:11,317 INFO  ExportHelperExtension.cs: 1145 - Found 0 features of type [CoordSys] in Tslot Battery Holder Bars-3
2025-04-12 19:40:11,317 INFO  ExportHelperExtension.cs: 1125 - Retrieving features of type [CoordSys] from Tslot Battery Holder Bars-2
2025-04-12 19:40:11,317 INFO  ExportHelperExtension.cs: 1136 - Found 40 in Tslot Battery Holder Bars-2
2025-04-12 19:40:11,317 INFO  ExportHelperExtension.cs: 1145 - Found 0 features of type [CoordSys] in Tslot Battery Holder Bars-2
2025-04-12 19:40:11,317 INFO  ExportHelperExtension.cs: 1125 - Retrieving features of type [CoordSys] from Electronics Board Standoffs-1
2025-04-12 19:40:11,317 INFO  ExportHelperExtension.cs: 1136 - Found 40 in Electronics Board Standoffs-1
2025-04-12 19:40:11,317 INFO  ExportHelperExtension.cs: 1145 - Found 0 features of type [CoordSys] in Electronics Board Standoffs-1
2025-04-12 19:40:11,317 INFO  ExportHelperExtension.cs: 1125 - Retrieving features of type [CoordSys] from Middle T-Slot Piece-1
2025-04-12 19:40:11,317 INFO  ExportHelperExtension.cs: 1136 - Found 51 in Middle T-Slot Piece-1
2025-04-12 19:40:11,317 INFO  ExportHelperExtension.cs: 1145 - Found 0 features of type [CoordSys] in Middle T-Slot Piece-1
2025-04-12 19:40:11,317 INFO  ExportHelperExtension.cs: 1125 - Retrieving features of type [CoordSys] from End Cap-10
2025-04-12 19:40:11,317 INFO  ExportHelperExtension.cs: 1136 - Found 40 in End Cap-10
2025-04-12 19:40:11,317 INFO  ExportHelperExtension.cs: 1145 - Found 0 features of type [CoordSys] in End Cap-10
2025-04-12 19:40:11,317 INFO  ExportHelperExtension.cs: 1125 - Retrieving features of type [CoordSys] from Front Frame Piece-1
2025-04-12 19:40:11,317 INFO  ExportHelperExtension.cs: 1136 - Found 38 in Front Frame Piece-1
2025-04-12 19:40:11,317 INFO  ExportHelperExtension.cs: 1145 - Found 0 features of type [CoordSys] in Front Frame Piece-1
2025-04-12 19:40:11,317 INFO  ExportHelperExtension.cs: 1125 - Retrieving features of type [CoordSys] from Back Frame Piece-1
2025-04-12 19:40:11,317 INFO  ExportHelperExtension.cs: 1136 - Found 42 in Back Frame Piece-1
2025-04-12 19:40:11,317 INFO  ExportHelperExtension.cs: 1145 - Found 0 features of type [CoordSys] in Back Frame Piece-1
2025-04-12 19:40:11,317 INFO  ExportHelperExtension.cs: 1125 - Retrieving features of type [CoordSys] from End Cap-9
2025-04-12 19:40:11,529 INFO  ExportHelperExtension.cs: 1136 - Found 40 in End Cap-9
2025-04-12 19:40:11,529 INFO  ExportHelperExtension.cs: 1145 - Found 0 features of type [CoordSys] in End Cap-9
2025-04-12 19:40:11,529 INFO  ExportHelperExtension.cs: 1125 - Retrieving features of type [CoordSys] from Middle Front Bar-2
2025-04-12 19:40:11,529 INFO  ExportHelperExtension.cs: 1136 - Found 34 in Middle Front Bar-2
2025-04-12 19:40:11,529 INFO  ExportHelperExtension.cs: 1145 - Found 0 features of type [CoordSys] in Middle Front Bar-2
2025-04-12 19:40:11,529 INFO  ExportHelperExtension.cs: 1125 - Retrieving features of type [CoordSys] from End Cap-11
2025-04-12 19:40:11,529 INFO  ExportHelperExtension.cs: 1136 - Found 40 in End Cap-11
2025-04-12 19:40:11,529 INFO  ExportHelperExtension.cs: 1145 - Found 0 features of type [CoordSys] in End Cap-11
2025-04-12 19:40:11,529 INFO  ExportHelperExtension.cs: 1125 - Retrieving features of type [CoordSys] from Tslot Battery Holder Bars-1
2025-04-12 19:40:11,529 INFO  ExportHelperExtension.cs: 1136 - Found 40 in Tslot Battery Holder Bars-1
2025-04-12 19:40:11,529 INFO  ExportHelperExtension.cs: 1145 - Found 0 features of type [CoordSys] in Tslot Battery Holder Bars-1
2025-04-12 19:40:11,529 INFO  ExportHelperExtension.cs: 1125 - Retrieving features of type [CoordSys] from Back Rail-3
2025-04-12 19:40:11,529 INFO  ExportHelperExtension.cs: 1136 - Found 39 in Back Rail-3
2025-04-12 19:40:11,529 INFO  ExportHelperExtension.cs: 1145 - Found 0 features of type [CoordSys] in Back Rail-3
2025-04-12 19:40:11,529 INFO  ExportHelperExtension.cs: 1125 - Retrieving features of type [CoordSys] from Back Rail-2
2025-04-12 19:40:11,539 INFO  ExportHelperExtension.cs: 1136 - Found 39 in Back Rail-2
2025-04-12 19:40:11,539 INFO  ExportHelperExtension.cs: 1145 - Found 0 features of type [CoordSys] in Back Rail-2
2025-04-12 19:40:11,539 INFO  ExportHelperExtension.cs: 1125 - Retrieving features of type [CoordSys] from Electronics Board Sides-2
2025-04-12 19:40:11,539 INFO  ExportHelperExtension.cs: 1136 - Found 40 in Electronics Board Sides-2
2025-04-12 19:40:11,539 INFO  ExportHelperExtension.cs: 1145 - Found 0 features of type [CoordSys] in Electronics Board Sides-2
2025-04-12 19:40:11,539 INFO  ExportHelperExtension.cs: 1125 - Retrieving features of type [CoordSys] from New 12V battery-2
2025-04-12 19:40:11,539 INFO  ExportHelperExtension.cs: 1136 - Found 25 in New 12V battery-2
2025-04-12 19:40:11,539 INFO  ExportHelperExtension.cs: 1145 - Found 0 features of type [CoordSys] in New 12V battery-2
2025-04-12 19:40:11,539 INFO  ExportHelperExtension.cs: 1125 - Retrieving features of type [CoordSys] from Electronics Board Standoffs-3
2025-04-12 19:40:11,539 INFO  ExportHelperExtension.cs: 1136 - Found 40 in Electronics Board Standoffs-3
2025-04-12 19:40:11,539 INFO  ExportHelperExtension.cs: 1145 - Found 0 features of type [CoordSys] in Electronics Board Standoffs-3
2025-04-12 19:40:11,539 INFO  ExportHelperExtension.cs: 1125 - Retrieving features of type [CoordSys] from Electronics Board Standoffs-2
2025-04-12 19:40:11,539 INFO  ExportHelperExtension.cs: 1136 - Found 40 in Electronics Board Standoffs-2
2025-04-12 19:40:11,539 INFO  ExportHelperExtension.cs: 1145 - Found 0 features of type [CoordSys] in Electronics Board Standoffs-2
2025-04-12 19:40:11,539 INFO  ExportHelperExtension.cs: 1125 - Retrieving features of type [CoordSys] from Bearing block-1
2025-04-12 19:40:11,544 INFO  ExportHelperExtension.cs: 1136 - Found 28 in Bearing block-1
2025-04-12 19:40:11,544 INFO  ExportHelperExtension.cs: 1145 - Found 0 features of type [CoordSys] in Bearing block-1
2025-04-12 19:40:11,544 INFO  ExportHelperExtension.cs: 1125 - Retrieving features of type [CoordSys] from Bearing block-2
2025-04-12 19:40:11,544 INFO  ExportHelperExtension.cs: 1136 - Found 28 in Bearing block-2
2025-04-12 19:40:11,544 INFO  ExportHelperExtension.cs: 1145 - Found 0 features of type [CoordSys] in Bearing block-2
2025-04-12 19:40:11,544 INFO  ExportHelperExtension.cs: 1125 - Retrieving features of type [CoordSys] from Bearing block-4
2025-04-12 19:40:11,544 INFO  ExportHelperExtension.cs: 1136 - Found 28 in Bearing block-4
2025-04-12 19:40:11,544 INFO  ExportHelperExtension.cs: 1145 - Found 0 features of type [CoordSys] in Bearing block-4
2025-04-12 19:40:11,544 INFO  ExportHelperExtension.cs: 1125 - Retrieving features of type [CoordSys] from Bearing block-6
2025-04-12 19:40:11,544 INFO  ExportHelperExtension.cs: 1136 - Found 28 in Bearing block-6
2025-04-12 19:40:11,544 INFO  ExportHelperExtension.cs: 1145 - Found 0 features of type [CoordSys] in Bearing block-6
2025-04-12 19:40:11,544 INFO  ExportHelperExtension.cs: 1125 - Retrieving features of type [CoordSys] from 5in Colson Wheel-1
2025-04-12 19:40:11,544 INFO  ExportHelperExtension.cs: 1136 - Found 36 in 5in Colson Wheel-1
2025-04-12 19:40:11,544 INFO  ExportHelperExtension.cs: 1145 - Found 0 features of type [CoordSys] in 5in Colson Wheel-1
2025-04-12 19:40:11,544 INFO  ExportHelperExtension.cs: 1125 - Retrieving features of type [CoordSys] from Electronics Board Standoffs-4
2025-04-12 19:40:11,544 INFO  ExportHelperExtension.cs: 1136 - Found 40 in Electronics Board Standoffs-4
2025-04-12 19:40:11,544 INFO  ExportHelperExtension.cs: 1145 - Found 0 features of type [CoordSys] in Electronics Board Standoffs-4
2025-04-12 19:40:11,544 INFO  ExportHelperExtension.cs: 1125 - Retrieving features of type [CoordSys] from Bearing block-3
2025-04-12 19:40:11,544 INFO  ExportHelperExtension.cs: 1136 - Found 28 in Bearing block-3
2025-04-12 19:40:11,544 INFO  ExportHelperExtension.cs: 1145 - Found 0 features of type [CoordSys] in Bearing block-3
2025-04-12 19:40:11,544 INFO  ExportHelperExtension.cs: 1125 - Retrieving features of type [CoordSys] from Bearing block-5
2025-04-12 19:40:11,544 INFO  ExportHelperExtension.cs: 1136 - Found 28 in Bearing block-5
2025-04-12 19:40:11,544 INFO  ExportHelperExtension.cs: 1145 - Found 0 features of type [CoordSys] in Bearing block-5
2025-04-12 19:40:11,544 INFO  ExportHelperExtension.cs: 1125 - Retrieving features of type [CoordSys] from 5in Colson Wheel-2
2025-04-12 19:40:11,544 INFO  ExportHelperExtension.cs: 1136 - Found 36 in 5in Colson Wheel-2
2025-04-12 19:40:11,544 INFO  ExportHelperExtension.cs: 1145 - Found 0 features of type [CoordSys] in 5in Colson Wheel-2
2025-04-12 19:40:11,544 INFO  ExportHelperExtension.cs: 1125 - Retrieving features of type [CoordSys] from WCP Cam-2
2025-04-12 19:40:11,544 INFO  ExportHelperExtension.cs: 1136 - Found 36 in WCP Cam-2
2025-04-12 19:40:11,544 INFO  ExportHelperExtension.cs: 1145 - Found 0 features of type [CoordSys] in WCP Cam-2
2025-04-12 19:40:11,544 INFO  ExportHelperExtension.cs: 1125 - Retrieving features of type [CoordSys] from WCP Cam-4
2025-04-12 19:40:11,544 INFO  ExportHelperExtension.cs: 1136 - Found 36 in WCP Cam-4
2025-04-12 19:40:11,544 INFO  ExportHelperExtension.cs: 1145 - Found 0 features of type [CoordSys] in WCP Cam-4
2025-04-12 19:40:11,554 INFO  ExportHelperExtension.cs: 1125 - Retrieving features of type [CoordSys] from Colson hex wheel hub-1
2025-04-12 19:40:11,554 INFO  ExportHelperExtension.cs: 1136 - Found 38 in Colson hex wheel hub-1
2025-04-12 19:40:11,554 INFO  ExportHelperExtension.cs: 1145 - Found 0 features of type [CoordSys] in Colson hex wheel hub-1
2025-04-12 19:40:11,554 INFO  ExportHelperExtension.cs: 1125 - Retrieving features of type [CoordSys] from Hex Ball Bearing-3
2025-04-12 19:40:11,554 INFO  ExportHelperExtension.cs: 1136 - Found 36 in Hex Ball Bearing-3
2025-04-12 19:40:11,554 INFO  ExportHelperExtension.cs: 1145 - Found 0 features of type [CoordSys] in Hex Ball Bearing-3
2025-04-12 19:40:11,554 INFO  ExportHelperExtension.cs: 1125 - Retrieving features of type [CoordSys] from Tslot Battery Holder Bars-4
2025-04-12 19:40:11,554 INFO  ExportHelperExtension.cs: 1136 - Found 40 in Tslot Battery Holder Bars-4
2025-04-12 19:40:11,554 INFO  ExportHelperExtension.cs: 1145 - Found 0 features of type [CoordSys] in Tslot Battery Holder Bars-4
2025-04-12 19:40:11,554 INFO  ExportHelperExtension.cs: 1125 - Retrieving features of type [CoordSys] from Colson hex wheel hub-2
2025-04-12 19:40:11,554 INFO  ExportHelperExtension.cs: 1136 - Found 38 in Colson hex wheel hub-2
2025-04-12 19:40:11,554 INFO  ExportHelperExtension.cs: 1145 - Found 0 features of type [CoordSys] in Colson hex wheel hub-2
2025-04-12 19:40:11,554 INFO  ExportHelperExtension.cs: 1125 - Retrieving features of type [CoordSys] from Gearbox2-1
2025-04-12 19:40:11,554 INFO  ExportHelperExtension.cs: 1136 - Found 83 in Gearbox2-1
2025-04-12 19:40:11,554 INFO  ExportHelperExtension.cs: 1145 - Found 0 features of type [CoordSys] in Gearbox2-1
2025-04-12 19:40:11,554 INFO  ExportHelperExtension.cs: 1125 - Retrieving features of type [CoordSys] from Hex Ball Bearing-1
2025-04-12 19:40:11,554 INFO  ExportHelperExtension.cs: 1136 - Found 36 in Hex Ball Bearing-1
2025-04-12 19:40:11,554 INFO  ExportHelperExtension.cs: 1145 - Found 0 features of type [CoordSys] in Hex Ball Bearing-1
2025-04-12 19:40:11,554 INFO  ExportHelperExtension.cs: 1125 - Retrieving features of type [CoordSys] from Gearbox2-2
2025-04-12 19:40:11,554 INFO  ExportHelperExtension.cs: 1136 - Found 83 in Gearbox2-2
2025-04-12 19:40:11,554 INFO  ExportHelperExtension.cs: 1145 - Found 0 features of type [CoordSys] in Gearbox2-2
2025-04-12 19:40:11,554 INFO  ExportHelperExtension.cs: 1125 - Retrieving features of type [CoordSys] from WCP Cam-1
2025-04-12 19:40:11,554 INFO  ExportHelperExtension.cs: 1136 - Found 36 in WCP Cam-1
2025-04-12 19:40:11,554 INFO  ExportHelperExtension.cs: 1145 - Found 0 features of type [CoordSys] in WCP Cam-1
2025-04-12 19:40:11,554 INFO  ExportHelperExtension.cs: 1125 - Retrieving features of type [CoordSys] from WCP Cam-3
2025-04-12 19:40:11,554 INFO  ExportHelperExtension.cs: 1136 - Found 36 in WCP Cam-3
2025-04-12 19:40:11,554 INFO  ExportHelperExtension.cs: 1145 - Found 0 features of type [CoordSys] in WCP Cam-3
2025-04-12 19:40:11,554 INFO  ExportHelperExtension.cs: 1125 - Retrieving features of type [RefAxis] from Assembly.SLDASM
2025-04-12 19:40:11,554 INFO  ExportHelperExtension.cs: 1136 - Found 291 in Assembly.SLDASM
2025-04-12 19:40:11,554 INFO  ExportHelperExtension.cs: 1145 - Found 1 features of type [RefAxis] in Assembly.SLDASM
2025-04-12 19:40:11,554 INFO  ExportHelperExtension.cs: 1148 - Proceeding through assembly components
2025-04-12 19:40:11,554 INFO  ExportHelperExtension.cs: 1160 - 56 components to check
2025-04-12 19:40:11,554 INFO  ExportHelperExtension.cs: 1125 - Retrieving features of type [RefAxis] from Side Piece-2
2025-04-12 19:40:11,554 INFO  ExportHelperExtension.cs: 1136 - Found 48 in Side Piece-2
2025-04-12 19:40:11,554 INFO  ExportHelperExtension.cs: 1145 - Found 0 features of type [RefAxis] in Side Piece-2
2025-04-12 19:40:11,554 INFO  ExportHelperExtension.cs: 1125 - Retrieving features of type [RefAxis] from Wheel Assembly Back-2
2025-04-12 19:40:11,570 INFO  ExportHelperExtension.cs: 1136 - Found 40 in Wheel Assembly Back-2
2025-04-12 19:40:11,570 INFO  ExportHelperExtension.cs: 1145 - Found 0 features of type [RefAxis] in Wheel Assembly Back-2
2025-04-12 19:40:11,570 INFO  ExportHelperExtension.cs: 1125 - Retrieving features of type [RefAxis] from End Cap-6
2025-04-12 19:40:11,570 INFO  ExportHelperExtension.cs: 1136 - Found 40 in End Cap-6
2025-04-12 19:40:11,570 INFO  ExportHelperExtension.cs: 1145 - Found 0 features of type [RefAxis] in End Cap-6
2025-04-12 19:40:11,570 INFO  ExportHelperExtension.cs: 1125 - Retrieving features of type [RefAxis] from End Cap-3
2025-04-12 19:40:11,570 INFO  ExportHelperExtension.cs: 1136 - Found 40 in End Cap-3
2025-04-12 19:40:11,570 INFO  ExportHelperExtension.cs: 1145 - Found 0 features of type [RefAxis] in End Cap-3
2025-04-12 19:40:11,570 INFO  ExportHelperExtension.cs: 1125 - Retrieving features of type [RefAxis] from End Cap-8
2025-04-12 19:40:11,570 INFO  ExportHelperExtension.cs: 1136 - Found 40 in End Cap-8
2025-04-12 19:40:11,570 INFO  ExportHelperExtension.cs: 1145 - Found 0 features of type [RefAxis] in End Cap-8
2025-04-12 19:40:11,570 INFO  ExportHelperExtension.cs: 1125 - Retrieving features of type [RefAxis] from End Cap-2
2025-04-12 19:40:11,570 INFO  ExportHelperExtension.cs: 1136 - Found 40 in End Cap-2
2025-04-12 19:40:11,586 INFO  ExportHelperExtension.cs: 1145 - Found 0 features of type [RefAxis] in End Cap-2
2025-04-12 19:40:11,586 INFO  ExportHelperExtension.cs: 1125 - Retrieving features of type [RefAxis] from End Cap-1
2025-04-12 19:40:11,586 INFO  ExportHelperExtension.cs: 1136 - Found 40 in End Cap-1
2025-04-12 19:40:11,586 INFO  ExportHelperExtension.cs: 1145 - Found 0 features of type [RefAxis] in End Cap-1
2025-04-12 19:40:11,586 INFO  ExportHelperExtension.cs: 1125 - Retrieving features of type [RefAxis] from Side Piece-1
2025-04-12 19:40:11,602 INFO  ExportHelperExtension.cs: 1136 - Found 48 in Side Piece-1
2025-04-12 19:40:11,602 INFO  ExportHelperExtension.cs: 1145 - Found 0 features of type [RefAxis] in Side Piece-1
2025-04-12 19:40:11,602 INFO  ExportHelperExtension.cs: 1125 - Retrieving features of type [RefAxis] from Wheel Assembly Back-1
2025-04-12 19:40:11,602 INFO  ExportHelperExtension.cs: 1136 - Found 40 in Wheel Assembly Back-1
2025-04-12 19:40:11,602 INFO  ExportHelperExtension.cs: 1145 - Found 0 features of type [RefAxis] in Wheel Assembly Back-1
2025-04-12 19:40:11,602 INFO  ExportHelperExtension.cs: 1125 - Retrieving features of type [RefAxis] from Side Wheel Assembly-1
2025-04-12 19:40:11,602 INFO  ExportHelperExtension.cs: 1136 - Found 38 in Side Wheel Assembly-1
2025-04-12 19:40:11,602 INFO  ExportHelperExtension.cs: 1145 - Found 0 features of type [RefAxis] in Side Wheel Assembly-1
2025-04-12 19:40:11,602 INFO  ExportHelperExtension.cs: 1125 - Retrieving features of type [RefAxis] from End Cap-4
2025-04-12 19:40:11,602 INFO  ExportHelperExtension.cs: 1136 - Found 40 in End Cap-4
2025-04-12 19:40:11,602 INFO  ExportHelperExtension.cs: 1145 - Found 0 features of type [RefAxis] in End Cap-4
2025-04-12 19:40:11,602 INFO  ExportHelperExtension.cs: 1125 - Retrieving features of type [RefAxis] from Side Wheel Assembly-3
2025-04-12 19:40:11,602 INFO  ExportHelperExtension.cs: 1136 - Found 38 in Side Wheel Assembly-3
2025-04-12 19:40:11,602 INFO  ExportHelperExtension.cs: 1145 - Found 0 features of type [RefAxis] in Side Wheel Assembly-3
2025-04-12 19:40:11,602 INFO  ExportHelperExtension.cs: 1125 - Retrieving features of type [RefAxis] from Front Center Beam-1
2025-04-12 19:40:11,602 INFO  ExportHelperExtension.cs: 1136 - Found 44 in Front Center Beam-1
2025-04-12 19:40:11,602 INFO  ExportHelperExtension.cs: 1145 - Found 0 features of type [RefAxis] in Front Center Beam-1
2025-04-12 19:40:11,602 INFO  ExportHelperExtension.cs: 1125 - Retrieving features of type [RefAxis] from End Cap-5
2025-04-12 19:40:11,602 INFO  ExportHelperExtension.cs: 1136 - Found 40 in End Cap-5
2025-04-12 19:40:11,602 INFO  ExportHelperExtension.cs: 1145 - Found 0 features of type [RefAxis] in End Cap-5
2025-04-12 19:40:11,602 INFO  ExportHelperExtension.cs: 1125 - Retrieving features of type [RefAxis] from Back Center Beam-1
2025-04-12 19:40:11,602 INFO  ExportHelperExtension.cs: 1136 - Found 41 in Back Center Beam-1
2025-04-12 19:40:11,602 INFO  ExportHelperExtension.cs: 1145 - Found 0 features of type [RefAxis] in Back Center Beam-1
2025-04-12 19:40:11,602 INFO  ExportHelperExtension.cs: 1125 - Retrieving features of type [RefAxis] from End Cap-7
2025-04-12 19:40:11,602 INFO  ExportHelperExtension.cs: 1136 - Found 40 in End Cap-7
2025-04-12 19:40:11,602 INFO  ExportHelperExtension.cs: 1145 - Found 0 features of type [RefAxis] in End Cap-7
2025-04-12 19:40:11,602 INFO  ExportHelperExtension.cs: 1125 - Retrieving features of type [RefAxis] from Middle Front Bar-1
2025-04-12 19:40:11,602 INFO  ExportHelperExtension.cs: 1136 - Found 34 in Middle Front Bar-1
2025-04-12 19:40:11,602 INFO  ExportHelperExtension.cs: 1145 - Found 0 features of type [RefAxis] in Middle Front Bar-1
2025-04-12 19:40:11,602 INFO  ExportHelperExtension.cs: 1125 - Retrieving features of type [RefAxis] from End Cap-12
2025-04-12 19:40:11,602 INFO  ExportHelperExtension.cs: 1136 - Found 40 in End Cap-12
2025-04-12 19:40:11,602 INFO  ExportHelperExtension.cs: 1145 - Found 0 features of type [RefAxis] in End Cap-12
2025-04-12 19:40:11,602 INFO  ExportHelperExtension.cs: 1125 - Retrieving features of type [RefAxis] from Electronics Board Sides-1
2025-04-12 19:40:11,602 INFO  ExportHelperExtension.cs: 1136 - Found 40 in Electronics Board Sides-1
2025-04-12 19:40:11,602 INFO  ExportHelperExtension.cs: 1145 - Found 0 features of type [RefAxis] in Electronics Board Sides-1
2025-04-12 19:40:11,602 INFO  ExportHelperExtension.cs: 1125 - Retrieving features of type [RefAxis] from Tslot Battery Holder Bars-3
2025-04-12 19:40:11,602 INFO  ExportHelperExtension.cs: 1136 - Found 40 in Tslot Battery Holder Bars-3
2025-04-12 19:40:11,602 INFO  ExportHelperExtension.cs: 1145 - Found 0 features of type [RefAxis] in Tslot Battery Holder Bars-3
2025-04-12 19:40:11,602 INFO  ExportHelperExtension.cs: 1125 - Retrieving features of type [RefAxis] from Tslot Battery Holder Bars-2
2025-04-12 19:40:11,602 INFO  ExportHelperExtension.cs: 1136 - Found 40 in Tslot Battery Holder Bars-2
2025-04-12 19:40:11,602 INFO  ExportHelperExtension.cs: 1145 - Found 0 features of type [RefAxis] in Tslot Battery Holder Bars-2
2025-04-12 19:40:11,602 INFO  ExportHelperExtension.cs: 1125 - Retrieving features of type [RefAxis] from Electronics Board Standoffs-1
2025-04-12 19:40:11,602 INFO  ExportHelperExtension.cs: 1136 - Found 40 in Electronics Board Standoffs-1
2025-04-12 19:40:11,602 INFO  ExportHelperExtension.cs: 1145 - Found 0 features of type [RefAxis] in Electronics Board Standoffs-1
2025-04-12 19:40:11,602 INFO  ExportHelperExtension.cs: 1125 - Retrieving features of type [RefAxis] from Middle T-Slot Piece-1
2025-04-12 19:40:11,602 INFO  ExportHelperExtension.cs: 1136 - Found 51 in Middle T-Slot Piece-1
2025-04-12 19:40:11,602 INFO  ExportHelperExtension.cs: 1145 - Found 0 features of type [RefAxis] in Middle T-Slot Piece-1
2025-04-12 19:40:11,618 INFO  ExportHelperExtension.cs: 1125 - Retrieving features of type [RefAxis] from End Cap-10
2025-04-12 19:40:11,618 INFO  ExportHelperExtension.cs: 1136 - Found 40 in End Cap-10
2025-04-12 19:40:11,618 INFO  ExportHelperExtension.cs: 1145 - Found 0 features of type [RefAxis] in End Cap-10
2025-04-12 19:40:11,618 INFO  ExportHelperExtension.cs: 1125 - Retrieving features of type [RefAxis] from Front Frame Piece-1
2025-04-12 19:40:11,618 INFO  ExportHelperExtension.cs: 1136 - Found 38 in Front Frame Piece-1
2025-04-12 19:40:11,618 INFO  ExportHelperExtension.cs: 1145 - Found 0 features of type [RefAxis] in Front Frame Piece-1
2025-04-12 19:40:11,618 INFO  ExportHelperExtension.cs: 1125 - Retrieving features of type [RefAxis] from Back Frame Piece-1
2025-04-12 19:40:11,618 INFO  ExportHelperExtension.cs: 1136 - Found 42 in Back Frame Piece-1
2025-04-12 19:40:11,618 INFO  ExportHelperExtension.cs: 1145 - Found 0 features of type [RefAxis] in Back Frame Piece-1
2025-04-12 19:40:11,618 INFO  ExportHelperExtension.cs: 1125 - Retrieving features of type [RefAxis] from End Cap-9
2025-04-12 19:40:11,618 INFO  ExportHelperExtension.cs: 1136 - Found 40 in End Cap-9
2025-04-12 19:40:11,618 INFO  ExportHelperExtension.cs: 1145 - Found 0 features of type [RefAxis] in End Cap-9
2025-04-12 19:40:11,618 INFO  ExportHelperExtension.cs: 1125 - Retrieving features of type [RefAxis] from Middle Front Bar-2
2025-04-12 19:40:11,618 INFO  ExportHelperExtension.cs: 1136 - Found 34 in Middle Front Bar-2
2025-04-12 19:40:11,618 INFO  ExportHelperExtension.cs: 1145 - Found 0 features of type [RefAxis] in Middle Front Bar-2
2025-04-12 19:40:11,618 INFO  ExportHelperExtension.cs: 1125 - Retrieving features of type [RefAxis] from End Cap-11
2025-04-12 19:40:11,618 INFO  ExportHelperExtension.cs: 1136 - Found 40 in End Cap-11
2025-04-12 19:40:11,618 INFO  ExportHelperExtension.cs: 1145 - Found 0 features of type [RefAxis] in End Cap-11
2025-04-12 19:40:11,618 INFO  ExportHelperExtension.cs: 1125 - Retrieving features of type [RefAxis] from Tslot Battery Holder Bars-1
2025-04-12 19:40:11,618 INFO  ExportHelperExtension.cs: 1136 - Found 40 in Tslot Battery Holder Bars-1
2025-04-12 19:40:11,618 INFO  ExportHelperExtension.cs: 1145 - Found 0 features of type [RefAxis] in Tslot Battery Holder Bars-1
2025-04-12 19:40:11,618 INFO  ExportHelperExtension.cs: 1125 - Retrieving features of type [RefAxis] from Back Rail-3
2025-04-12 19:40:11,618 INFO  ExportHelperExtension.cs: 1136 - Found 39 in Back Rail-3
2025-04-12 19:40:11,618 INFO  ExportHelperExtension.cs: 1145 - Found 0 features of type [RefAxis] in Back Rail-3
2025-04-12 19:40:11,618 INFO  ExportHelperExtension.cs: 1125 - Retrieving features of type [RefAxis] from Back Rail-2
2025-04-12 19:40:11,618 INFO  ExportHelperExtension.cs: 1136 - Found 39 in Back Rail-2
2025-04-12 19:40:11,618 INFO  ExportHelperExtension.cs: 1145 - Found 0 features of type [RefAxis] in Back Rail-2
2025-04-12 19:40:11,618 INFO  ExportHelperExtension.cs: 1125 - Retrieving features of type [RefAxis] from Electronics Board Sides-2
2025-04-12 19:40:11,618 INFO  ExportHelperExtension.cs: 1136 - Found 40 in Electronics Board Sides-2
2025-04-12 19:40:11,618 INFO  ExportHelperExtension.cs: 1145 - Found 0 features of type [RefAxis] in Electronics Board Sides-2
2025-04-12 19:40:11,618 INFO  ExportHelperExtension.cs: 1125 - Retrieving features of type [RefAxis] from New 12V battery-2
2025-04-12 19:40:11,618 INFO  ExportHelperExtension.cs: 1136 - Found 25 in New 12V battery-2
2025-04-12 19:40:11,618 INFO  ExportHelperExtension.cs: 1145 - Found 0 features of type [RefAxis] in New 12V battery-2
2025-04-12 19:40:11,618 INFO  ExportHelperExtension.cs: 1125 - Retrieving features of type [RefAxis] from Electronics Board Standoffs-3
2025-04-12 19:40:11,618 INFO  ExportHelperExtension.cs: 1136 - Found 40 in Electronics Board Standoffs-3
2025-04-12 19:40:11,618 INFO  ExportHelperExtension.cs: 1145 - Found 0 features of type [RefAxis] in Electronics Board Standoffs-3
2025-04-12 19:40:11,618 INFO  ExportHelperExtension.cs: 1125 - Retrieving features of type [RefAxis] from Electronics Board Standoffs-2
2025-04-12 19:40:11,618 INFO  ExportHelperExtension.cs: 1136 - Found 40 in Electronics Board Standoffs-2
2025-04-12 19:40:11,618 INFO  ExportHelperExtension.cs: 1145 - Found 0 features of type [RefAxis] in Electronics Board Standoffs-2
2025-04-12 19:40:11,618 INFO  ExportHelperExtension.cs: 1125 - Retrieving features of type [RefAxis] from Bearing block-1
2025-04-12 19:40:11,618 INFO  ExportHelperExtension.cs: 1136 - Found 28 in Bearing block-1
2025-04-12 19:40:11,618 INFO  ExportHelperExtension.cs: 1145 - Found 0 features of type [RefAxis] in Bearing block-1
2025-04-12 19:40:11,618 INFO  ExportHelperExtension.cs: 1125 - Retrieving features of type [RefAxis] from Bearing block-2
2025-04-12 19:40:11,618 INFO  ExportHelperExtension.cs: 1136 - Found 28 in Bearing block-2
2025-04-12 19:40:11,618 INFO  ExportHelperExtension.cs: 1145 - Found 0 features of type [RefAxis] in Bearing block-2
2025-04-12 19:40:11,618 INFO  ExportHelperExtension.cs: 1125 - Retrieving features of type [RefAxis] from Bearing block-4
2025-04-12 19:40:11,618 INFO  ExportHelperExtension.cs: 1136 - Found 28 in Bearing block-4
2025-04-12 19:40:11,618 INFO  ExportHelperExtension.cs: 1145 - Found 0 features of type [RefAxis] in Bearing block-4
2025-04-12 19:40:11,618 INFO  ExportHelperExtension.cs: 1125 - Retrieving features of type [RefAxis] from Bearing block-6
2025-04-12 19:40:11,634 INFO  ExportHelperExtension.cs: 1136 - Found 28 in Bearing block-6
2025-04-12 19:40:11,634 INFO  ExportHelperExtension.cs: 1145 - Found 0 features of type [RefAxis] in Bearing block-6
2025-04-12 19:40:11,634 INFO  ExportHelperExtension.cs: 1125 - Retrieving features of type [RefAxis] from 5in Colson Wheel-1
2025-04-12 19:40:11,634 INFO  ExportHelperExtension.cs: 1136 - Found 36 in 5in Colson Wheel-1
2025-04-12 19:40:11,634 INFO  ExportHelperExtension.cs: 1145 - Found 0 features of type [RefAxis] in 5in Colson Wheel-1
2025-04-12 19:40:11,634 INFO  ExportHelperExtension.cs: 1125 - Retrieving features of type [RefAxis] from Electronics Board Standoffs-4
2025-04-12 19:40:11,634 INFO  ExportHelperExtension.cs: 1136 - Found 40 in Electronics Board Standoffs-4
2025-04-12 19:40:11,634 INFO  ExportHelperExtension.cs: 1145 - Found 0 features of type [RefAxis] in Electronics Board Standoffs-4
2025-04-12 19:40:11,634 INFO  ExportHelperExtension.cs: 1125 - Retrieving features of type [RefAxis] from Bearing block-3
2025-04-12 19:40:11,634 INFO  ExportHelperExtension.cs: 1136 - Found 28 in Bearing block-3
2025-04-12 19:40:11,634 INFO  ExportHelperExtension.cs: 1145 - Found 0 features of type [RefAxis] in Bearing block-3
2025-04-12 19:40:11,634 INFO  ExportHelperExtension.cs: 1125 - Retrieving features of type [RefAxis] from Bearing block-5
2025-04-12 19:40:11,634 INFO  ExportHelperExtension.cs: 1136 - Found 28 in Bearing block-5
2025-04-12 19:40:11,634 INFO  ExportHelperExtension.cs: 1145 - Found 0 features of type [RefAxis] in Bearing block-5
2025-04-12 19:40:11,634 INFO  ExportHelperExtension.cs: 1125 - Retrieving features of type [RefAxis] from 5in Colson Wheel-2
2025-04-12 19:40:11,650 INFO  ExportHelperExtension.cs: 1136 - Found 36 in 5in Colson Wheel-2
2025-04-12 19:40:11,650 INFO  ExportHelperExtension.cs: 1145 - Found 0 features of type [RefAxis] in 5in Colson Wheel-2
2025-04-12 19:40:11,650 INFO  ExportHelperExtension.cs: 1125 - Retrieving features of type [RefAxis] from WCP Cam-2
2025-04-12 19:40:11,650 INFO  ExportHelperExtension.cs: 1136 - Found 36 in WCP Cam-2
2025-04-12 19:40:11,650 INFO  ExportHelperExtension.cs: 1145 - Found 0 features of type [RefAxis] in WCP Cam-2
2025-04-12 19:40:11,650 INFO  ExportHelperExtension.cs: 1125 - Retrieving features of type [RefAxis] from WCP Cam-4
2025-04-12 19:40:11,650 INFO  ExportHelperExtension.cs: 1136 - Found 36 in WCP Cam-4
2025-04-12 19:40:11,650 INFO  ExportHelperExtension.cs: 1145 - Found 0 features of type [RefAxis] in WCP Cam-4
2025-04-12 19:40:11,650 INFO  ExportHelperExtension.cs: 1125 - Retrieving features of type [RefAxis] from Colson hex wheel hub-1
2025-04-12 19:40:11,650 INFO  ExportHelperExtension.cs: 1136 - Found 38 in Colson hex wheel hub-1
2025-04-12 19:40:11,650 INFO  ExportHelperExtension.cs: 1145 - Found 0 features of type [RefAxis] in Colson hex wheel hub-1
2025-04-12 19:40:11,650 INFO  ExportHelperExtension.cs: 1125 - Retrieving features of type [RefAxis] from Hex Ball Bearing-3
2025-04-12 19:40:11,650 INFO  ExportHelperExtension.cs: 1136 - Found 36 in Hex Ball Bearing-3
2025-04-12 19:40:11,650 INFO  ExportHelperExtension.cs: 1145 - Found 0 features of type [RefAxis] in Hex Ball Bearing-3
2025-04-12 19:40:11,650 INFO  ExportHelperExtension.cs: 1125 - Retrieving features of type [RefAxis] from Tslot Battery Holder Bars-4
2025-04-12 19:40:11,650 INFO  ExportHelperExtension.cs: 1136 - Found 40 in Tslot Battery Holder Bars-4
2025-04-12 19:40:11,650 INFO  ExportHelperExtension.cs: 1145 - Found 0 features of type [RefAxis] in Tslot Battery Holder Bars-4
2025-04-12 19:40:11,650 INFO  ExportHelperExtension.cs: 1125 - Retrieving features of type [RefAxis] from Colson hex wheel hub-2
2025-04-12 19:40:11,650 INFO  ExportHelperExtension.cs: 1136 - Found 38 in Colson hex wheel hub-2
2025-04-12 19:40:11,650 INFO  ExportHelperExtension.cs: 1145 - Found 0 features of type [RefAxis] in Colson hex wheel hub-2
2025-04-12 19:40:11,650 INFO  ExportHelperExtension.cs: 1125 - Retrieving features of type [RefAxis] from Gearbox2-1
2025-04-12 19:40:11,650 INFO  ExportHelperExtension.cs: 1136 - Found 83 in Gearbox2-1
2025-04-12 19:40:11,650 INFO  ExportHelperExtension.cs: 1145 - Found 0 features of type [RefAxis] in Gearbox2-1
2025-04-12 19:40:11,650 INFO  ExportHelperExtension.cs: 1125 - Retrieving features of type [RefAxis] from Hex Ball Bearing-1
2025-04-12 19:40:11,650 INFO  ExportHelperExtension.cs: 1136 - Found 36 in Hex Ball Bearing-1
2025-04-12 19:40:11,650 INFO  ExportHelperExtension.cs: 1145 - Found 0 features of type [RefAxis] in Hex Ball Bearing-1
2025-04-12 19:40:11,650 INFO  ExportHelperExtension.cs: 1125 - Retrieving features of type [RefAxis] from Gearbox2-2
2025-04-12 19:40:11,650 INFO  ExportHelperExtension.cs: 1136 - Found 83 in Gearbox2-2
2025-04-12 19:40:11,650 INFO  ExportHelperExtension.cs: 1145 - Found 0 features of type [RefAxis] in Gearbox2-2
2025-04-12 19:40:11,650 INFO  ExportHelperExtension.cs: 1125 - Retrieving features of type [RefAxis] from WCP Cam-1
2025-04-12 19:40:11,650 INFO  ExportHelperExtension.cs: 1136 - Found 36 in WCP Cam-1
2025-04-12 19:40:11,650 INFO  ExportHelperExtension.cs: 1145 - Found 0 features of type [RefAxis] in WCP Cam-1
2025-04-12 19:40:11,650 INFO  ExportHelperExtension.cs: 1125 - Retrieving features of type [RefAxis] from WCP Cam-3
2025-04-12 19:40:11,650 INFO  ExportHelperExtension.cs: 1136 - Found 36 in WCP Cam-3
2025-04-12 19:40:11,650 INFO  ExportHelperExtension.cs: 1145 - Found 0 features of type [RefAxis] in WCP Cam-3
2025-04-12 19:40:11,729 INFO  ExportPropertyManager.cs: 1142 - AfterClose called. This method no longer throws an Exception. It just silently does nothing. Ok, except for this logging message
2025-04-12 19:42:09,463 INFO  AssemblyExportForm.cs: 253 - Completing URDF export
2025-04-12 19:42:09,463 INFO  ConfigurationSerialization.cs: 276 - URDF Configuration found
<Link z:Id="i1" xmlns="http://schemas.datacontract.org/2004/07/SW2URDF" xmlns:i="http://www.w3.org/2001/XMLSchema-instance" xmlns:z="http://schemas.microsoft.com/2003/10/Serialization/"><Attributes><Attribute z:Id="i2"><AttributeType>name</AttributeType><IsRequired>true</IsRequired><Value i:type="a:string" xmlns:a="http://www.w3.org/2001/XMLSchema">base_link</Value></Attribute></Attributes><ChildElements><URDFElement z:Id="i3" i:type="Inertial"><Attributes/><ChildElements><URDFElement z:Id="i4" i:type="Origin"><Attributes><Attribute z:Id="i5"><AttributeType>xyz</AttributeType><IsRequired>true</IsRequired><Value i:type="a:ArrayOfdouble" xmlns:a="http://schemas.microsoft.com/2003/10/Serialization/Arrays"><a:double>0</a:double><a:double>0</a:double><a:double>0</a:double></Value></Attribute><Attribute z:Id="i6"><AttributeType>rpy</AttributeType><IsRequired>true</IsRequired><Value i:type="a:ArrayOfdouble" xmlns:a="http://schemas.microsoft.com/2003/10/Serialization/Arrays"><a:double>0</a:double><a:double>0</a:double><a:double>0</a:double></Value></Attribute></Attributes><ChildElements/><ElementName>origin</ElementName><required>false</required><RPYAttribute z:Ref="i6"/><XYZAttribute z:Ref="i5"/><isCustomized>false</isCustomized></URDFElement><URDFElement z:Id="i7" i:type="Mass"><Attributes><Attribute z:Id="i8"><AttributeType>value</AttributeType><IsRequired>true</IsRequired><Value i:type="a:double" xmlns:a="http://www.w3.org/2001/XMLSchema">0</Value></Attribute></Attributes><ChildElements/><ElementName>mass</ElementName><required>false</required><ValueAttribute z:Ref="i8"/></URDFElement><URDFElement z:Id="i9" i:type="Inertia"><Attributes><Attribute z:Id="i10"><AttributeType>ixx</AttributeType><IsRequired>true</IsRequired><Value i:type="a:double" xmlns:a="http://www.w3.org/2001/XMLSchema">0</Value></Attribute><Attribute z:Id="i11"><AttributeType>ixy</AttributeType><IsRequired>true</IsRequired><Value i:type="a:double" xmlns:a="http://www.w3.org/2001/XMLSchema">0</Value></Attribute><Attribute z:Id="i12"><AttributeType>ixz</AttributeType><IsRequired>true</IsRequired><Value i:type="a:double" xmlns:a="http://www.w3.org/2001/XMLSchema">0</Value></Attribute><Attribute z:Id="i13"><AttributeType>iyy</AttributeType><IsRequired>true</IsRequired><Value i:type="a:double" xmlns:a="http://www.w3.org/2001/XMLSchema">0</Value></Attribute><Attribute z:Id="i14"><AttributeType>iyz</AttributeType><IsRequired>true</IsRequired><Value i:type="a:double" xmlns:a="http://www.w3.org/2001/XMLSchema">0</Value></Attribute><Attribute z:Id="i15"><AttributeType>izz</AttributeType><IsRequired>true</IsRequired><Value i:type="a:double" xmlns:a="http://www.w3.org/2001/XMLSchema">0</Value></Attribute></Attributes><ChildElements/><ElementName>inertia</ElementName><required>false</required><IxxAttribute z:Ref="i10"/><IxyAttribute z:Ref="i11"/><IxzAttribute z:Ref="i12"/><IyyAttribute z:Ref="i13"/><IyzAttribute z:Ref="i14"/><IzzAttribute z:Ref="i15"/></URDFElement></ChildElements><ElementName>inertial</ElementName><required>false</required><Inertia z:Ref="i9"/><Mass z:Ref="i7"/><Origin z:Ref="i4"/></URDFElement><URDFElement z:Id="i16" i:type="Visual"><Attributes/><ChildElements><URDFElement z:Id="i17" i:type="Origin"><Attributes><Attribute z:Id="i18"><AttributeType>xyz</AttributeType><IsRequired>true</IsRequired><Value i:type="a:ArrayOfdouble" xmlns:a="http://schemas.microsoft.com/2003/10/Serialization/Arrays"><a:double>0</a:double><a:double>0</a:double><a:double>0</a:double></Value></Attribute><Attribute z:Id="i19"><AttributeType>rpy</AttributeType><IsRequired>true</IsRequired><Value i:type="a:ArrayOfdouble" xmlns:a="http://schemas.microsoft.com/2003/10/Serialization/Arrays"><a:double>0</a:double><a:double>0</a:double><a:double>0</a:double></Value></Attribute></Attributes><ChildElements/><ElementName>origin</ElementName><required>false</required><RPYAttribute z:Ref="i19"/><XYZAttribute z:Ref="i18"/><isCustomized>false</isCustomized></URDFElement><URDFElement z:Id="i20" i:type="Geometry"><Attributes/><ChildElements><URDFElement z:Id="i21" i:type="Mesh"><Attributes><Attribute z:Id="i22"><AttributeType>filename</AttributeType><IsRequired>true</IsRequired><Value i:nil="true"/></Attribute></Attributes><ChildElements/><ElementName>mesh</ElementName><required>false</required><FilenameAttribute z:Ref="i22"/></URDFElement></ChildElements><ElementName>geometry</ElementName><required>true</required><Mesh z:Ref="i21"/></URDFElement><URDFElement z:Id="i23" i:type="Material"><Attributes><Attribute z:Id="i24"><AttributeType>name</AttributeType><IsRequired>true</IsRequired><Value i:type="a:string" xmlns:a="http://www.w3.org/2001/XMLSchema"/></Attribute></Attributes><ChildElements><URDFElement z:Id="i25" i:type="Color"><Attributes><Attribute z:Id="i26"><AttributeType>rgba</AttributeType><IsRequired>true</IsRequired><Value i:type="a:ArrayOfdouble" xmlns:a="http://schemas.microsoft.com/2003/10/Serialization/Arrays"><a:double>1</a:double><a:double>1</a:double><a:double>1</a:double><a:double>1</a:double></Value></Attribute></Attributes><ChildElements/><ElementName>color</ElementName><required>false</required><RGBAAttribute z:Ref="i26"/></URDFElement><URDFElement z:Id="i27" i:type="Texture"><Attributes><Attribute z:Id="i28"><AttributeType>filename</AttributeType><IsRequired>true</IsRequired><Value i:nil="true"/></Attribute></Attributes><ChildElements/><ElementName>texture</ElementName><required>false</required><FilenameAttribute z:Ref="i28"/><wFilename/></URDFElement></ChildElements><ElementName>material</ElementName><required>false</required><Color z:Ref="i25"/><NameAttribute z:Ref="i24"/><Texture z:Ref="i27"/></URDFElement></ChildElements><ElementName>visual</ElementName><required>false</required><Geometry z:Ref="i20"/><Material z:Ref="i23"/><Origin z:Ref="i17"/></URDFElement><URDFElement z:Id="i29" i:type="Collision"><Attributes/><ChildElements><URDFElement z:Id="i30" i:type="Origin"><Attributes><Attribute z:Id="i31"><AttributeType>xyz</AttributeType><IsRequired>true</IsRequired><Value i:type="a:ArrayOfdouble" xmlns:a="http://schemas.microsoft.com/2003/10/Serialization/Arrays"><a:double>0</a:double><a:double>0</a:double><a:double>0</a:double></Value></Attribute><Attribute z:Id="i32"><AttributeType>rpy</AttributeType><IsRequired>true</IsRequired><Value i:type="a:ArrayOfdouble" xmlns:a="http://schemas.microsoft.com/2003/10/Serialization/Arrays"><a:double>0</a:double><a:double>0</a:double><a:double>0</a:double></Value></Attribute></Attributes><ChildElements/><ElementName>origin</ElementName><required>false</required><RPYAttribute z:Ref="i32"/><XYZAttribute z:Ref="i31"/><isCustomized>false</isCustomized></URDFElement><URDFElement z:Id="i33" i:type="Geometry"><Attributes/><ChildElements><URDFElement z:Id="i34" i:type="Mesh"><Attributes><Attribute z:Id="i35"><AttributeType>filename</AttributeType><IsRequired>true</IsRequired><Value i:nil="true"/></Attribute></Attributes><ChildElements/><ElementName>mesh</ElementName><required>false</required><FilenameAttribute z:Ref="i35"/></URDFElement></ChildElements><ElementName>geometry</ElementName><required>true</required><Mesh z:Ref="i34"/></URDFElement></ChildElements><ElementName>collision</ElementName><required>false</required><Geometry z:Ref="i33"/><Origin z:Ref="i30"/></URDFElement><URDFElement z:Id="i36" i:type="Joint"><Attributes><Attribute z:Id="i37"><AttributeType>name</AttributeType><IsRequired>true</IsRequired><Value i:type="a:string" xmlns:a="http://www.w3.org/2001/XMLSchema"/></Attribute><Attribute z:Id="i38"><AttributeType>type</AttributeType><IsRequired>true</IsRequired><Value i:type="a:string" xmlns:a="http://www.w3.org/2001/XMLSchema"/></Attribute></Attributes><ChildElements><URDFElement z:Id="i39" i:type="Origin"><Attributes><Attribute z:Id="i40"><AttributeType>xyz</AttributeType><IsRequired>true</IsRequired><Value i:type="a:ArrayOfdouble" xmlns:a="http://schemas.microsoft.com/2003/10/Serialization/Arrays"><a:double>0</a:double><a:double>0</a:double><a:double>0</a:double></Value></Attribute><Attribute z:Id="i41"><AttributeType>rpy</AttributeType><IsRequired>true</IsRequired><Value i:type="a:ArrayOfdouble" xmlns:a="http://schemas.microsoft.com/2003/10/Serialization/Arrays"><a:double>0</a:double><a:double>0</a:double><a:double>0</a:double></Value></Attribute></Attributes><ChildElements/><ElementName>origin</ElementName><required>false</required><RPYAttribute z:Ref="i41"/><XYZAttribute z:Ref="i40"/><isCustomized>false</isCustomized></URDFElement><URDFElement z:Id="i42" i:type="ParentLink"><Attributes><Attribute z:Id="i43"><AttributeType>link</AttributeType><IsRequired>true</IsRequired><Value i:type="a:string" xmlns:a="http://www.w3.org/2001/XMLSchema"/></Attribute></Attributes><ChildElements/><ElementName>parent</ElementName><required>true</required><NameAttribute z:Ref="i43"/></URDFElement><URDFElement z:Id="i44" i:type="ChildLink"><Attributes><Attribute z:Id="i45"><AttributeType>link</AttributeType><IsRequired>true</IsRequired><Value i:type="a:string" xmlns:a="http://www.w3.org/2001/XMLSchema"/></Attribute></Attributes><ChildElements/><ElementName>child</ElementName><required>true</required><NameAttribute z:Ref="i45"/></URDFElement><URDFElement z:Id="i46" i:type="Axis"><Attributes><Attribute z:Id="i47"><AttributeType>xyz</AttributeType><IsRequired>true</IsRequired><Value i:type="a:ArrayOfdouble" xmlns:a="http://schemas.microsoft.com/2003/10/Serialization/Arrays"><a:double>0</a:double><a:double>0</a:double><a:double>0</a:double></Value></Attribute></Attributes><ChildElements/><ElementName>axis</ElementName><required>false</required><XYZAttribute z:Ref="i47"/></URDFElement><URDFElement z:Id="i48" i:type="Limit"><Attributes><Attribute z:Id="i49"><AttributeType>lower</AttributeType><IsRequired>false</IsRequired><Value i:nil="true"/></Attribute><Attribute z:Id="i50"><AttributeType>upper</AttributeType><IsRequired>false</IsRequired><Value i:nil="true"/></Attribute><Attribute z:Id="i51"><AttributeType>effort</AttributeType><IsRequired>true</IsRequired><Value i:nil="true"/></Attribute><Attribute z:Id="i52"><AttributeType>velocity</AttributeType><IsRequired>true</IsRequired><Value i:nil="true"/></Attribute></Attributes><ChildElements/><ElementName>limit</ElementName><required>false</required><EffortAttribute z:Ref="i51"/><LowerAttribute z:Ref="i49"/><UpperAttribute z:Ref="i50"/><VelocityAttribute z:Ref="i52"/></URDFElement><URDFElement z:Id="i53" i:type="Calibration"><Attributes><Attribute z:Id="i54"><AttributeType>rising</AttributeType><IsRequired>false</IsRequired><Value i:nil="true"/></Attribute><Attribute z:Id="i55"><AttributeType>falling</AttributeType><IsRequired>false</IsRequired><Value i:nil="true"/></Attribute></Attributes><ChildElements/><ElementName>calibration</ElementName><required>false</required><FallingAttribute z:Ref="i55"/><RisingAttribute z:Ref="i54"/></URDFElement><URDFElement z:Id="i56" i:type="Dynamics"><Attributes><Attribute z:Id="i57"><AttributeType>damping</AttributeType><IsRequired>false</IsRequired><Value i:nil="true"/></Attribute><Attribute z:Id="i58"><AttributeType>friction</AttributeType><IsRequired>false</IsRequired><Value i:nil="true"/></Attribute></Attributes><ChildElements/><ElementName>dynamics</ElementName><required>false</required><DampingAttribute z:Ref="i57"/><FrictionAttribute z:Ref="i58"/></URDFElement><URDFElement z:Id="i59" i:type="SafetyController"><Attributes><Attribute z:Id="i60"><AttributeType>soft_upper_limit</AttributeType><IsRequired>false</IsRequired><Value i:nil="true"/></Attribute><Attribute z:Id="i61"><AttributeType>soft_lower_limit</AttributeType><IsRequired>false</IsRequired><Value i:nil="true"/></Attribute><Attribute z:Id="i62"><AttributeType>k_position</AttributeType><IsRequired>false</IsRequired><Value i:nil="true"/></Attribute><Attribute z:Id="i63"><AttributeType>k_velocity</AttributeType><IsRequired>true</IsRequired><Value i:nil="true"/></Attribute></Attributes><ChildElements/><ElementName>safety_controller</ElementName><required>false</required><KPositionAttribute z:Ref="i62"/><KVelocityAttribute z:Ref="i63"/><SoftLowerAttribute z:Ref="i61"/><SoftUpperAttribute z:Ref="i60"/></URDFElement><URDFElement z:Id="i64" i:type="Mimic"><Attributes><Attribute z:Id="i65"><AttributeType>joint</AttributeType><IsRequired>true</IsRequired><Value i:nil="true"/></Attribute><Attribute z:Id="i66"><AttributeType>multiplier</AttributeType><IsRequired>false</IsRequired><Value i:nil="true"/></Attribute><Attribute z:Id="i67"><AttributeType>offset</AttributeType><IsRequired>false</IsRequired><Value i:nil="true"/></Attribute></Attributes><ChildElements/><ElementName>mimic</ElementName><required>false</required><JointNameAttribute z:Ref="i65"/><MultiplierAttribute z:Ref="i66"/><OffsetAttribute z:Ref="i67"/></URDFElement></ChildElements><ElementName>joint</ElementName><required>false</required><Axis z:Ref="i46"/><AxisName/><Calibration z:Ref="i53"/><Child z:Ref="i44"/><CoordinateSystemName>Automatically Generate</CoordinateSystemName><Dynamics z:Ref="i56"/><Limit z:Ref="i48"/><Mimic z:Ref="i64"/><NameAttribute z:Ref="i37"/><Origin z:Ref="i39"/><Parent z:Ref="i42"/><Safety z:Ref="i59"/><TypeAttribute z:Ref="i38"/></URDFElement></ChildElements><ElementName>link</ElementName><required>true</required><Children><Link z:Id="i68"><Attributes><Attribute z:Id="i69"><AttributeType>name</AttributeType><IsRequired>true</IsRequired><Value i:type="a:string" xmlns:a="http://www.w3.org/2001/XMLSchema">left_wheel</Value></Attribute></Attributes><ChildElements><URDFElement z:Id="i70" i:type="Inertial"><Attributes/><ChildElements><URDFElement z:Id="i71" i:type="Origin"><Attributes><Attribute z:Id="i72"><AttributeType>xyz</AttributeType><IsRequired>true</IsRequired><Value i:type="a:ArrayOfdouble" xmlns:a="http://schemas.microsoft.com/2003/10/Serialization/Arrays"><a:double>0</a:double><a:double>0</a:double><a:double>0</a:double></Value></Attribute><Attribute z:Id="i73"><AttributeType>rpy</AttributeType><IsRequired>true</IsRequired><Value i:type="a:ArrayOfdouble" xmlns:a="http://schemas.microsoft.com/2003/10/Serialization/Arrays"><a:double>0</a:double><a:double>0</a:double><a:double>0</a:double></Value></Attribute></Attributes><ChildElements/><ElementName>origin</ElementName><required>false</required><RPYAttribute z:Ref="i73"/><XYZAttribute z:Ref="i72"/><isCustomized>false</isCustomized></URDFElement><URDFElement z:Id="i74" i:type="Mass"><Attributes><Attribute z:Id="i75"><AttributeType>value</AttributeType><IsRequired>true</IsRequired><Value i:type="a:double" xmlns:a="http://www.w3.org/2001/XMLSchema">0</Value></Attribute></Attributes><ChildElements/><ElementName>mass</ElementName><required>false</required><ValueAttribute z:Ref="i75"/></URDFElement><URDFElement z:Id="i76" i:type="Inertia"><Attributes><Attribute z:Id="i77"><AttributeType>ixx</AttributeType><IsRequired>true</IsRequired><Value i:type="a:double" xmlns:a="http://www.w3.org/2001/XMLSchema">0</Value></Attribute><Attribute z:Id="i78"><AttributeType>ixy</AttributeType><IsRequired>true</IsRequired><Value i:type="a:double" xmlns:a="http://www.w3.org/2001/XMLSchema">0</Value></Attribute><Attribute z:Id="i79"><AttributeType>ixz</AttributeType><IsRequired>true</IsRequired><Value i:type="a:double" xmlns:a="http://www.w3.org/2001/XMLSchema">0</Value></Attribute><Attribute z:Id="i80"><AttributeType>iyy</AttributeType><IsRequired>true</IsRequired><Value i:type="a:double" xmlns:a="http://www.w3.org/2001/XMLSchema">0</Value></Attribute><Attribute z:Id="i81"><AttributeType>iyz</AttributeType><IsRequired>true</IsRequired><Value i:type="a:double" xmlns:a="http://www.w3.org/2001/XMLSchema">0</Value></Attribute><Attribute z:Id="i82"><AttributeType>izz</AttributeType><IsRequired>true</IsRequired><Value i:type="a:double" xmlns:a="http://www.w3.org/2001/XMLSchema">0</Value></Attribute></Attributes><ChildElements/><ElementName>inertia</ElementName><required>false</required><IxxAttribute z:Ref="i77"/><IxyAttribute z:Ref="i78"/><IxzAttribute z:Ref="i79"/><IyyAttribute z:Ref="i80"/><IyzAttribute z:Ref="i81"/><IzzAttribute z:Ref="i82"/></URDFElement></ChildElements><ElementName>inertial</ElementName><required>false</required><Inertia z:Ref="i76"/><Mass z:Ref="i74"/><Origin z:Ref="i71"/></URDFElement><URDFElement z:Id="i83" i:type="Visual"><Attributes/><ChildElements><URDFElement z:Id="i84" i:type="Origin"><Attributes><Attribute z:Id="i85"><AttributeType>xyz</AttributeType><IsRequired>true</IsRequired><Value i:type="a:ArrayOfdouble" xmlns:a="http://schemas.microsoft.com/2003/10/Serialization/Arrays"><a:double>0</a:double><a:double>0</a:double><a:double>0</a:double></Value></Attribute><Attribute z:Id="i86"><AttributeType>rpy</AttributeType><IsRequired>true</IsRequired><Value i:type="a:ArrayOfdouble" xmlns:a="http://schemas.microsoft.com/2003/10/Serialization/Arrays"><a:double>0</a:double><a:double>0</a:double><a:double>0</a:double></Value></Attribute></Attributes><ChildElements/><ElementName>origin</ElementName><required>false</required><RPYAttribute z:Ref="i86"/><XYZAttribute z:Ref="i85"/><isCustomized>false</isCustomized></URDFElement><URDFElement z:Id="i87" i:type="Geometry"><Attributes/><ChildElements><URDFElement z:Id="i88" i:type="Mesh"><Attributes><Attribute z:Id="i89"><AttributeType>filename</AttributeType><IsRequired>true</IsRequired><Value i:nil="true"/></Attribute></Attributes><ChildElements/><ElementName>mesh</ElementName><required>false</required><FilenameAttribute z:Ref="i89"/></URDFElement></ChildElements><ElementName>geometry</ElementName><required>true</required><Mesh z:Ref="i88"/></URDFElement><URDFElement z:Id="i90" i:type="Material"><Attributes><Attribute z:Id="i91"><AttributeType>name</AttributeType><IsRequired>true</IsRequired><Value i:type="a:string" xmlns:a="http://www.w3.org/2001/XMLSchema"/></Attribute></Attributes><ChildElements><URDFElement z:Id="i92" i:type="Color"><Attributes><Attribute z:Id="i93"><AttributeType>rgba</AttributeType><IsRequired>true</IsRequired><Value i:type="a:ArrayOfdouble" xmlns:a="http://schemas.microsoft.com/2003/10/Serialization/Arrays"><a:double>1</a:double><a:double>1</a:double><a:double>1</a:double><a:double>1</a:double></Value></Attribute></Attributes><ChildElements/><ElementName>color</ElementName><required>false</required><RGBAAttribute z:Ref="i93"/></URDFElement><URDFElement z:Id="i94" i:type="Texture"><Attributes><Attribute z:Id="i95"><AttributeType>filename</AttributeType><IsRequired>true</IsRequired><Value i:nil="true"/></Attribute></Attributes><ChildElements/><ElementName>texture</ElementName><required>false</required><FilenameAttribute z:Ref="i95"/><wFilename/></URDFElement></ChildElements><ElementName>material</ElementName><required>false</required><Color z:Ref="i92"/><NameAttribute z:Ref="i91"/><Texture z:Ref="i94"/></URDFElement></ChildElements><ElementName>visual</ElementName><required>false</required><Geometry z:Ref="i87"/><Material z:Ref="i90"/><Origin z:Ref="i84"/></URDFElement><URDFElement z:Id="i96" i:type="Collision"><Attributes/><ChildElements><URDFElement z:Id="i97" i:type="Origin"><Attributes><Attribute z:Id="i98"><AttributeType>xyz</AttributeType><IsRequired>true</IsRequired><Value i:type="a:ArrayOfdouble" xmlns:a="http://schemas.microsoft.com/2003/10/Serialization/Arrays"><a:double>0</a:double><a:double>0</a:double><a:double>0</a:double></Value></Attribute><Attribute z:Id="i99"><AttributeType>rpy</AttributeType><IsRequired>true</IsRequired><Value i:type="a:ArrayOfdouble" xmlns:a="http://schemas.microsoft.com/2003/10/Serialization/Arrays"><a:double>0</a:double><a:double>0</a:double><a:double>0</a:double></Value></Attribute></Attributes><ChildElements/><ElementName>origin</ElementName><required>false</required><RPYAttribute z:Ref="i99"/><XYZAttribute z:Ref="i98"/><isCustomized>false</isCustomized></URDFElement><URDFElement z:Id="i100" i:type="Geometry"><Attributes/><ChildElements><URDFElement z:Id="i101" i:type="Mesh"><Attributes><Attribute z:Id="i102"><AttributeType>filename</AttributeType><IsRequired>true</IsRequired><Value i:nil="true"/></Attribute></Attributes><ChildElements/><ElementName>mesh</ElementName><required>false</required><FilenameAttribute z:Ref="i102"/></URDFElement></ChildElements><ElementName>geometry</ElementName><required>true</required><Mesh z:Ref="i101"/></URDFElement></ChildElements><ElementName>collision</ElementName><required>false</required><Geometry z:Ref="i100"/><Origin z:Ref="i97"/></URDFElement><URDFElement z:Id="i103" i:type="Joint"><Attributes><Attribute z:Id="i104"><AttributeType>name</AttributeType><IsRequired>true</IsRequired><Value i:type="a:string" xmlns:a="http://www.w3.org/2001/XMLSchema">left_wheel_joint</Value></Attribute><Attribute z:Id="i105"><AttributeType>type</AttributeType><IsRequired>true</IsRequired><Value i:type="a:string" xmlns:a="http://www.w3.org/2001/XMLSchema">revolute</Value></Attribute></Attributes><ChildElements><URDFElement z:Id="i106" i:type="Origin"><Attributes><Attribute z:Id="i107"><AttributeType>xyz</AttributeType><IsRequired>true</IsRequired><Value i:type="a:ArrayOfdouble" xmlns:a="http://schemas.microsoft.com/2003/10/Serialization/Arrays"><a:double>0</a:double><a:double>0</a:double><a:double>0</a:double></Value></Attribute><Attribute z:Id="i108"><AttributeType>rpy</AttributeType><IsRequired>true</IsRequired><Value i:type="a:ArrayOfdouble" xmlns:a="http://schemas.microsoft.com/2003/10/Serialization/Arrays"><a:double>0</a:double><a:double>0</a:double><a:double>0</a:double></Value></Attribute></Attributes><ChildElements/><ElementName>origin</ElementName><required>false</required><RPYAttribute z:Ref="i108"/><XYZAttribute z:Ref="i107"/><isCustomized>false</isCustomized></URDFElement><URDFElement z:Id="i109" i:type="ParentLink"><Attributes><Attribute z:Id="i110"><AttributeType>link</AttributeType><IsRequired>true</IsRequired><Value i:type="a:string" xmlns:a="http://www.w3.org/2001/XMLSchema"/></Attribute></Attributes><ChildElements/><ElementName>parent</ElementName><required>true</required><NameAttribute z:Ref="i110"/></URDFElement><URDFElement z:Id="i111" i:type="ChildLink"><Attributes><Attribute z:Id="i112"><AttributeType>link</AttributeType><IsRequired>true</IsRequired><Value i:type="a:string" xmlns:a="http://www.w3.org/2001/XMLSchema"/></Attribute></Attributes><ChildElements/><ElementName>child</ElementName><required>true</required><NameAttribute z:Ref="i112"/></URDFElement><URDFElement z:Id="i113" i:type="Axis"><Attributes><Attribute z:Id="i114"><AttributeType>xyz</AttributeType><IsRequired>true</IsRequired><Value i:type="a:ArrayOfdouble" xmlns:a="http://schemas.microsoft.com/2003/10/Serialization/Arrays"><a:double>0</a:double><a:double>0</a:double><a:double>0</a:double></Value></Attribute></Attributes><ChildElements/><ElementName>axis</ElementName><required>false</required><XYZAttribute z:Ref="i114"/></URDFElement><URDFElement z:Id="i115" i:type="Limit"><Attributes><Attribute z:Id="i116"><AttributeType>lower</AttributeType><IsRequired>false</IsRequired><Value i:nil="true"/></Attribute><Attribute z:Id="i117"><AttributeType>upper</AttributeType><IsRequired>false</IsRequired><Value i:nil="true"/></Attribute><Attribute z:Id="i118"><AttributeType>effort</AttributeType><IsRequired>true</IsRequired><Value i:nil="true"/></Attribute><Attribute z:Id="i119"><AttributeType>velocity</AttributeType><IsRequired>true</IsRequired><Value i:nil="true"/></Attribute></Attributes><ChildElements/><ElementName>limit</ElementName><required>false</required><EffortAttribute z:Ref="i118"/><LowerAttribute z:Ref="i116"/><UpperAttribute z:Ref="i117"/><VelocityAttribute z:Ref="i119"/></URDFElement><URDFElement z:Id="i120" i:type="Calibration"><Attributes><Attribute z:Id="i121"><AttributeType>rising</AttributeType><IsRequired>false</IsRequired><Value i:nil="true"/></Attribute><Attribute z:Id="i122"><AttributeType>falling</AttributeType><IsRequired>false</IsRequired><Value i:nil="true"/></Attribute></Attributes><ChildElements/><ElementName>calibration</ElementName><required>false</required><FallingAttribute z:Ref="i122"/><RisingAttribute z:Ref="i121"/></URDFElement><URDFElement z:Id="i123" i:type="Dynamics"><Attributes><Attribute z:Id="i124"><AttributeType>damping</AttributeType><IsRequired>false</IsRequired><Value i:nil="true"/></Attribute><Attribute z:Id="i125"><AttributeType>friction</AttributeType><IsRequired>false</IsRequired><Value i:nil="true"/></Attribute></Attributes><ChildElements/><ElementName>dynamics</ElementName><required>false</required><DampingAttribute z:Ref="i124"/><FrictionAttribute z:Ref="i125"/></URDFElement><URDFElement z:Id="i126" i:type="SafetyController"><Attributes><Attribute z:Id="i127"><AttributeType>soft_upper_limit</AttributeType><IsRequired>false</IsRequired><Value i:nil="true"/></Attribute><Attribute z:Id="i128"><AttributeType>soft_lower_limit</AttributeType><IsRequired>false</IsRequired><Value i:nil="true"/></Attribute><Attribute z:Id="i129"><AttributeType>k_position</AttributeType><IsRequired>false</IsRequired><Value i:nil="true"/></Attribute><Attribute z:Id="i130"><AttributeType>k_velocity</AttributeType><IsRequired>true</IsRequired><Value i:nil="true"/></Attribute></Attributes><ChildElements/><ElementName>safety_controller</ElementName><required>false</required><KPositionAttribute z:Ref="i129"/><KVelocityAttribute z:Ref="i130"/><SoftLowerAttribute z:Ref="i128"/><SoftUpperAttribute z:Ref="i127"/></URDFElement><URDFElement z:Id="i131" i:type="Mimic"><Attributes><Attribute z:Id="i132"><AttributeType>joint</AttributeType><IsRequired>true</IsRequired><Value i:nil="true"/></Attribute><Attribute z:Id="i133"><AttributeType>multiplier</AttributeType><IsRequired>false</IsRequired><Value i:nil="true"/></Attribute><Attribute z:Id="i134"><AttributeType>offset</AttributeType><IsRequired>false</IsRequired><Value i:nil="true"/></Attribute></Attributes><ChildElements/><ElementName>mimic</ElementName><required>false</required><JointNameAttribute z:Ref="i132"/><MultiplierAttribute z:Ref="i133"/><OffsetAttribute z:Ref="i134"/></URDFElement></ChildElements><ElementName>joint</ElementName><required>false</required><Axis z:Ref="i113"/><AxisName>Axis1</AxisName><Calibration z:Ref="i120"/><Child z:Ref="i111"/><CoordinateSystemName>Automatically Generate</CoordinateSystemName><Dynamics z:Ref="i123"/><Limit z:Ref="i115"/><Mimic z:Ref="i131"/><NameAttribute z:Ref="i104"/><Origin z:Ref="i106"/><Parent z:Ref="i109"/><Safety z:Ref="i126"/><TypeAttribute z:Ref="i105"/></URDFElement></ChildElements><ElementName>link</ElementName><required>true</required><Children/><Collision z:Ref="i96"/><Inertial z:Ref="i70"/><Joint z:Ref="i103"/><NameAttribute z:Ref="i69"/><Parent z:Ref="i1"/><STLQualityFine>false</STLQualityFine><SWComponentPIDs xmlns:a="http://schemas.microsoft.com/2003/10/Serialization/Arrays"><a:base64Binary>gD4AAAUAAAD//v8bNQBpAG4AIABDAG8AbABzAG8AbgAgAFcAaABlAGUAbAAtADIAQABBAHMAcwBlAG0AYgBsAHkABAAAABAAAAABAAAAAQAAAPMBAAA=</a:base64Binary></SWComponentPIDs><SWMainComponentPID i:nil="true"/><Visual z:Ref="i83"/><isFixedFrame>false</isFixedFrame><isIncomplete>false</isIncomplete></Link><Link z:Id="i135"><Attributes><Attribute z:Id="i136"><AttributeType>name</AttributeType><IsRequired>true</IsRequired><Value i:type="a:string" xmlns:a="http://www.w3.org/2001/XMLSchema">right_wheel</Value></Attribute></Attributes><ChildElements><URDFElement z:Id="i137" i:type="Inertial"><Attributes/><ChildElements><URDFElement z:Id="i138" i:type="Origin"><Attributes><Attribute z:Id="i139"><AttributeType>xyz</AttributeType><IsRequired>true</IsRequired><Value i:type="a:ArrayOfdouble" xmlns:a="http://schemas.microsoft.com/2003/10/Serialization/Arrays"><a:double>0</a:double><a:double>0</a:double><a:double>0</a:double></Value></Attribute><Attribute z:Id="i140"><AttributeType>rpy</AttributeType><IsRequired>true</IsRequired><Value i:type="a:ArrayOfdouble" xmlns:a="http://schemas.microsoft.com/2003/10/Serialization/Arrays"><a:double>0</a:double><a:double>0</a:double><a:double>0</a:double></Value></Attribute></Attributes><ChildElements/><ElementName>origin</ElementName><required>false</required><RPYAttribute z:Ref="i140"/><XYZAttribute z:Ref="i139"/><isCustomized>false</isCustomized></URDFElement><URDFElement z:Id="i141" i:type="Mass"><Attributes><Attribute z:Id="i142"><AttributeType>value</AttributeType><IsRequired>true</IsRequired><Value i:type="a:double" xmlns:a="http://www.w3.org/2001/XMLSchema">0</Value></Attribute></Attributes><ChildElements/><ElementName>mass</ElementName><required>false</required><ValueAttribute z:Ref="i142"/></URDFElement><URDFElement z:Id="i143" i:type="Inertia"><Attributes><Attribute z:Id="i144"><AttributeType>ixx</AttributeType><IsRequired>true</IsRequired><Value i:type="a:double" xmlns:a="http://www.w3.org/2001/XMLSchema">0</Value></Attribute><Attribute z:Id="i145"><AttributeType>ixy</AttributeType><IsRequired>true</IsRequired><Value i:type="a:double" xmlns:a="http://www.w3.org/2001/XMLSchema">0</Value></Attribute><Attribute z:Id="i146"><AttributeType>ixz</AttributeType><IsRequired>true</IsRequired><Value i:type="a:double" xmlns:a="http://www.w3.org/2001/XMLSchema">0</Value></Attribute><Attribute z:Id="i147"><AttributeType>iyy</AttributeType><IsRequired>true</IsRequired><Value i:type="a:double" xmlns:a="http://www.w3.org/2001/XMLSchema">0</Value></Attribute><Attribute z:Id="i148"><AttributeType>iyz</AttributeType><IsRequired>true</IsRequired><Value i:type="a:double" xmlns:a="http://www.w3.org/2001/XMLSchema">0</Value></Attribute><Attribute z:Id="i149"><AttributeType>izz</AttributeType><IsRequired>true</IsRequired><Value i:type="a:double" xmlns:a="http://www.w3.org/2001/XMLSchema">0</Value></Attribute></Attributes><ChildElements/><ElementName>inertia</ElementName><required>false</required><IxxAttribute z:Ref="i144"/><IxyAttribute z:Ref="i145"/><IxzAttribute z:Ref="i146"/><IyyAttribute z:Ref="i147"/><IyzAttribute z:Ref="i148"/><IzzAttribute z:Ref="i149"/></URDFElement></ChildElements><ElementName>inertial</ElementName><required>false</required><Inertia z:Ref="i143"/><Mass z:Ref="i141"/><Origin z:Ref="i138"/></URDFElement><URDFElement z:Id="i150" i:type="Visual"><Attributes/><ChildElements><URDFElement z:Id="i151" i:type="Origin"><Attributes><Attribute z:Id="i152"><AttributeType>xyz</AttributeType><IsRequired>true</IsRequired><Value i:type="a:ArrayOfdouble" xmlns:a="http://schemas.microsoft.com/2003/10/Serialization/Arrays"><a:double>0</a:double><a:double>0</a:double><a:double>0</a:double></Value></Attribute><Attribute z:Id="i153"><AttributeType>rpy</AttributeType><IsRequired>true</IsRequired><Value i:type="a:ArrayOfdouble" xmlns:a="http://schemas.microsoft.com/2003/10/Serialization/Arrays"><a:double>0</a:double><a:double>0</a:double><a:double>0</a:double></Value></Attribute></Attributes><ChildElements/><ElementName>origin</ElementName><required>false</required><RPYAttribute z:Ref="i153"/><XYZAttribute z:Ref="i152"/><isCustomized>false</isCustomized></URDFElement><URDFElement z:Id="i154" i:type="Geometry"><Attributes/><ChildElements><URDFElement z:Id="i155" i:type="Mesh"><Attributes><Attribute z:Id="i156"><AttributeType>filename</AttributeType><IsRequired>true</IsRequired><Value i:nil="true"/></Attribute></Attributes><ChildElements/><ElementName>mesh</ElementName><required>false</required><FilenameAttribute z:Ref="i156"/></URDFElement></ChildElements><ElementName>geometry</ElementName><required>true</required><Mesh z:Ref="i155"/></URDFElement><URDFElement z:Id="i157" i:type="Material"><Attributes><Attribute z:Id="i158"><AttributeType>name</AttributeType><IsRequired>true</IsRequired><Value i:type="a:string" xmlns:a="http://www.w3.org/2001/XMLSchema"/></Attribute></Attributes><ChildElements><URDFElement z:Id="i159" i:type="Color"><Attributes><Attribute z:Id="i160"><AttributeType>rgba</AttributeType><IsRequired>true</IsRequired><Value i:type="a:ArrayOfdouble" xmlns:a="http://schemas.microsoft.com/2003/10/Serialization/Arrays"><a:double>1</a:double><a:double>1</a:double><a:double>1</a:double><a:double>1</a:double></Value></Attribute></Attributes><ChildElements/><ElementName>color</ElementName><required>false</required><RGBAAttribute z:Ref="i160"/></URDFElement><URDFElement z:Id="i161" i:type="Texture"><Attributes><Attribute z:Id="i162"><AttributeType>filename</AttributeType><IsRequired>true</IsRequired><Value i:nil="true"/></Attribute></Attributes><ChildElements/><ElementName>texture</ElementName><required>false</required><FilenameAttribute z:Ref="i162"/><wFilename/></URDFElement></ChildElements><ElementName>material</ElementName><required>false</required><Color z:Ref="i159"/><NameAttribute z:Ref="i158"/><Texture z:Ref="i161"/></URDFElement></ChildElements><ElementName>visual</ElementName><required>false</required><Geometry z:Ref="i154"/><Material z:Ref="i157"/><Origin z:Ref="i151"/></URDFElement><URDFElement z:Id="i163" i:type="Collision"><Attributes/><ChildElements><URDFElement z:Id="i164" i:type="Origin"><Attributes><Attribute z:Id="i165"><AttributeType>xyz</AttributeType><IsRequired>true</IsRequired><Value i:type="a:ArrayOfdouble" xmlns:a="http://schemas.microsoft.com/2003/10/Serialization/Arrays"><a:double>0</a:double><a:double>0</a:double><a:double>0</a:double></Value></Attribute><Attribute z:Id="i166"><AttributeType>rpy</AttributeType><IsRequired>true</IsRequired><Value i:type="a:ArrayOfdouble" xmlns:a="http://schemas.microsoft.com/2003/10/Serialization/Arrays"><a:double>0</a:double><a:double>0</a:double><a:double>0</a:double></Value></Attribute></Attributes><ChildElements/><ElementName>origin</ElementName><required>false</required><RPYAttribute z:Ref="i166"/><XYZAttribute z:Ref="i165"/><isCustomized>false</isCustomized></URDFElement><URDFElement z:Id="i167" i:type="Geometry"><Attributes/><ChildElements><URDFElement z:Id="i168" i:type="Mesh"><Attributes><Attribute z:Id="i169"><AttributeType>filename</AttributeType><IsRequired>true</IsRequired><Value i:nil="true"/></Attribute></Attributes><ChildElements/><ElementName>mesh</ElementName><required>false</required><FilenameAttribute z:Ref="i169"/></URDFElement></ChildElements><ElementName>geometry</ElementName><required>true</required><Mesh z:Ref="i168"/></URDFElement></ChildElements><ElementName>collision</ElementName><required>false</required><Geometry z:Ref="i167"/><Origin z:Ref="i164"/></URDFElement><URDFElement z:Id="i170" i:type="Joint"><Attributes><Attribute z:Id="i171"><AttributeType>name</AttributeType><IsRequired>true</IsRequired><Value i:type="a:string" xmlns:a="http://www.w3.org/2001/XMLSchema">right_wheel_joint</Value></Attribute><Attribute z:Id="i172"><AttributeType>type</AttributeType><IsRequired>true</IsRequired><Value i:type="a:string" xmlns:a="http://www.w3.org/2001/XMLSchema">revolute</Value></Attribute></Attributes><ChildElements><URDFElement z:Id="i173" i:type="Origin"><Attributes><Attribute z:Id="i174"><AttributeType>xyz</AttributeType><IsRequired>true</IsRequired><Value i:type="a:ArrayOfdouble" xmlns:a="http://schemas.microsoft.com/2003/10/Serialization/Arrays"><a:double>0</a:double><a:double>0</a:double><a:double>0</a:double></Value></Attribute><Attribute z:Id="i175"><AttributeType>rpy</AttributeType><IsRequired>true</IsRequired><Value i:type="a:ArrayOfdouble" xmlns:a="http://schemas.microsoft.com/2003/10/Serialization/Arrays"><a:double>0</a:double><a:double>0</a:double><a:double>0</a:double></Value></Attribute></Attributes><ChildElements/><ElementName>origin</ElementName><required>false</required><RPYAttribute z:Ref="i175"/><XYZAttribute z:Ref="i174"/><isCustomized>false</isCustomized></URDFElement><URDFElement z:Id="i176" i:type="ParentLink"><Attributes><Attribute z:Id="i177"><AttributeType>link</AttributeType><IsRequired>true</IsRequired><Value i:type="a:string" xmlns:a="http://www.w3.org/2001/XMLSchema"/></Attribute></Attributes><ChildElements/><ElementName>parent</ElementName><required>true</required><NameAttribute z:Ref="i177"/></URDFElement><URDFElement z:Id="i178" i:type="ChildLink"><Attributes><Attribute z:Id="i179"><AttributeType>link</AttributeType><IsRequired>true</IsRequired><Value i:type="a:string" xmlns:a="http://www.w3.org/2001/XMLSchema"/></Attribute></Attributes><ChildElements/><ElementName>child</ElementName><required>true</required><NameAttribute z:Ref="i179"/></URDFElement><URDFElement z:Id="i180" i:type="Axis"><Attributes><Attribute z:Id="i181"><AttributeType>xyz</AttributeType><IsRequired>true</IsRequired><Value i:type="a:ArrayOfdouble" xmlns:a="http://schemas.microsoft.com/2003/10/Serialization/Arrays"><a:double>0</a:double><a:double>0</a:double><a:double>0</a:double></Value></Attribute></Attributes><ChildElements/><ElementName>axis</ElementName><required>false</required><XYZAttribute z:Ref="i181"/></URDFElement><URDFElement z:Id="i182" i:type="Limit"><Attributes><Attribute z:Id="i183"><AttributeType>lower</AttributeType><IsRequired>false</IsRequired><Value i:nil="true"/></Attribute><Attribute z:Id="i184"><AttributeType>upper</AttributeType><IsRequired>false</IsRequired><Value i:nil="true"/></Attribute><Attribute z:Id="i185"><AttributeType>effort</AttributeType><IsRequired>true</IsRequired><Value i:nil="true"/></Attribute><Attribute z:Id="i186"><AttributeType>velocity</AttributeType><IsRequired>true</IsRequired><Value i:nil="true"/></Attribute></Attributes><ChildElements/><ElementName>limit</ElementName><required>false</required><EffortAttribute z:Ref="i185"/><LowerAttribute z:Ref="i183"/><UpperAttribute z:Ref="i184"/><VelocityAttribute z:Ref="i186"/></URDFElement><URDFElement z:Id="i187" i:type="Calibration"><Attributes><Attribute z:Id="i188"><AttributeType>rising</AttributeType><IsRequired>false</IsRequired><Value i:nil="true"/></Attribute><Attribute z:Id="i189"><AttributeType>falling</AttributeType><IsRequired>false</IsRequired><Value i:nil="true"/></Attribute></Attributes><ChildElements/><ElementName>calibration</ElementName><required>false</required><FallingAttribute z:Ref="i189"/><RisingAttribute z:Ref="i188"/></URDFElement><URDFElement z:Id="i190" i:type="Dynamics"><Attributes><Attribute z:Id="i191"><AttributeType>damping</AttributeType><IsRequired>false</IsRequired><Value i:nil="true"/></Attribute><Attribute z:Id="i192"><AttributeType>friction</AttributeType><IsRequired>false</IsRequired><Value i:nil="true"/></Attribute></Attributes><ChildElements/><ElementName>dynamics</ElementName><required>false</required><DampingAttribute z:Ref="i191"/><FrictionAttribute z:Ref="i192"/></URDFElement><URDFElement z:Id="i193" i:type="SafetyController"><Attributes><Attribute z:Id="i194"><AttributeType>soft_upper_limit</AttributeType><IsRequired>false</IsRequired><Value i:nil="true"/></Attribute><Attribute z:Id="i195"><AttributeType>soft_lower_limit</AttributeType><IsRequired>false</IsRequired><Value i:nil="true"/></Attribute><Attribute z:Id="i196"><AttributeType>k_position</AttributeType><IsRequired>false</IsRequired><Value i:nil="true"/></Attribute><Attribute z:Id="i197"><AttributeType>k_velocity</AttributeType><IsRequired>true</IsRequired><Value i:nil="true"/></Attribute></Attributes><ChildElements/><ElementName>safety_controller</ElementName><required>false</required><KPositionAttribute z:Ref="i196"/><KVelocityAttribute z:Ref="i197"/><SoftLowerAttribute z:Ref="i195"/><SoftUpperAttribute z:Ref="i194"/></URDFElement><URDFElement z:Id="i198" i:type="Mimic"><Attributes><Attribute z:Id="i199"><AttributeType>joint</AttributeType><IsRequired>true</IsRequired><Value i:nil="true"/></Attribute><Attribute z:Id="i200"><AttributeType>multiplier</AttributeType><IsRequired>false</IsRequired><Value i:nil="true"/></Attribute><Attribute z:Id="i201"><AttributeType>offset</AttributeType><IsRequired>false</IsRequired><Value i:nil="true"/></Attribute></Attributes><ChildElements/><ElementName>mimic</ElementName><required>false</required><JointNameAttribute z:Ref="i199"/><MultiplierAttribute z:Ref="i200"/><OffsetAttribute z:Ref="i201"/></URDFElement></ChildElements><ElementName>joint</ElementName><required>false</required><Axis z:Ref="i180"/><AxisName>Axis1</AxisName><Calibration z:Ref="i187"/><Child z:Ref="i178"/><CoordinateSystemName>Automatically Generate</CoordinateSystemName><Dynamics z:Ref="i190"/><Limit z:Ref="i182"/><Mimic z:Ref="i198"/><NameAttribute z:Ref="i171"/><Origin z:Ref="i173"/><Parent z:Ref="i176"/><Safety z:Ref="i193"/><TypeAttribute z:Ref="i172"/></URDFElement></ChildElements><ElementName>link</ElementName><required>true</required><Children/><Collision z:Ref="i163"/><Inertial z:Ref="i137"/><Joint z:Ref="i170"/><NameAttribute z:Ref="i136"/><Parent z:Ref="i1"/><STLQualityFine>false</STLQualityFine><SWComponentPIDs xmlns:a="http://schemas.microsoft.com/2003/10/Serialization/Arrays"><a:base64Binary>gD4AAAUAAAD//v8bNQBpAG4AIABDAG8AbABzAG8AbgAgAFcAaABlAGUAbAAtADEAQABBAHMAcwBlAG0AYgBsAHkABAAAABAAAAABAAAAAQAAALEBAAA=</a:base64Binary></SWComponentPIDs><SWMainComponentPID i:nil="true"/><Visual z:Ref="i150"/><isFixedFrame>false</isFixedFrame><isIncomplete>false</isIncomplete></Link></Children><Collision z:Ref="i29"/><Inertial z:Ref="i3"/><Joint z:Ref="i36"/><NameAttribute z:Ref="i2"/><Parent i:nil="true"/><STLQualityFine>false</STLQualityFine><SWComponentPIDs xmlns:a="http://schemas.microsoft.com/2003/10/Serialization/Arrays"><a:base64Binary>gD4AAAUAAAD//v8VUwBpAGQAZQAgAFAAaQBlAGMAZQAtADEAQABBAHMAcwBlAG0AYgBsAHkABAAAABAAAAABAAAAAQAAABkAAAA=</a:base64Binary><a:base64Binary>gD4AAAUAAAD//v8VUwBpAGQAZQAgAFAAaQBlAGMAZQAtADIAQABBAHMAcwBlAG0AYgBsAHkABAAAABAAAAABAAAAAQAAADsAAAA=</a:base64Binary><a:base64Binary>gD4AAAUAAAD//v8cRgByAG8AbgB0ACAAQwBlAG4AdABlAHIAIABCAGUAYQBtAC0AMQBAAEEAcwBzAGUAbQBiAGwAeQAEAAAAEAAAAAEAAAABAAAAVQAAAA==</a:base64Binary><a:base64Binary>gD4AAAUAAAD//v8bQgBhAGMAawAgAEMAZQBuAHQAZQByACAAQgBlAGEAbQAtADEAQABBAHMAcwBlAG0AYgBsAHkABAAAABAAAAABAAAAAQAAAGIAAAA=</a:base64Binary><a:base64Binary>gD4AAAUAAAD//v8eTQBpAGQAZABsAGUAIABUAC0AUwBsAG8AdAAgAFAAaQBlAGMAZQAtADEAQABBAHMAcwBlAG0AYgBsAHkABAAAABAAAAABAAAAAQAAAHcAAAA=</a:base64Binary><a:base64Binary>gD4AAAUAAAD//v8cRgByAG8AbgB0ACAARgByAGEAbQBlACAAUABpAGUAYwBlAC0AMQBAAEEAcwBzAGUAbQBiAGwAeQAEAAAAEAAAAAEAAAABAAAAgQAAAA==</a:base64Binary><a:base64Binary>gD4AAAUAAAD//v8bQgBhAGMAawAgAEYAcgBhAG0AZQAgAFAAaQBlAGMAZQAtADEAQABBAHMAcwBlAG0AYgBsAHkABAAAABAAAAABAAAAAQAAAI4AAAA=</a:base64Binary><a:base64Binary>gD4AAAUAAAD//v8bTQBpAGQAZABsAGUAIABGAHIAbwBuAHQAIABCAGEAcgAtADEAQABBAHMAcwBlAG0AYgBsAHkABAAAABAAAAABAAAAAQAAAJ0AAAA=</a:base64Binary><a:base64Binary>gD4AAAUAAAD//v8bTQBpAGQAZABsAGUAIABGAHIAbwBuAHQAIABCAGEAcgAtADIAQABBAHMAcwBlAG0AYgBsAHkABAAAABAAAAABAAAAAQAAAJ8AAAA=</a:base64Binary><a:base64Binary>gD4AAAUAAAD//v8TRQBuAGQAIABDAGEAcAAtADEAMgBAAEEAcwBzAGUAbQBiAGwAeQAEAAAAEAAAAAEAAAABAAAAoQAAAA==</a:base64Binary><a:base64Binary>gD4AAAUAAAD//v8TRQBuAGQAIABDAGEAcAAtADEAMQBAAEEAcwBzAGUAbQBiAGwAeQAEAAAAEAAAAAEAAAABAAAAoAAAAA==</a:base64Binary><a:base64Binary>gD4AAAUAAAD//v8TRQBuAGQAIABDAGEAcAAtADEAMABAAEEAcwBzAGUAbQBiAGwAeQAEAAAAEAAAAAEAAAABAAAAngAAAA==</a:base64Binary><a:base64Binary>gD4AAAUAAAD//v8SRQBuAGQAIABDAGEAcAAtADkAQABBAHMAcwBlAG0AYgBsAHkABAAAABAAAAABAAAAAQAAAJwAAAA=</a:base64Binary><a:base64Binary>gD4AAAUAAAD//v8SRQBuAGQAIABDAGEAcAAtADgAQABBAHMAcwBlAG0AYgBsAHkABAAAABAAAAABAAAAAQAAAGQAAAA=</a:base64Binary><a:base64Binary>gD4AAAUAAAD//v8SRQBuAGQAIABDAGEAcAAtADcAQABBAHMAcwBlAG0AYgBsAHkABAAAABAAAAABAAAAAQAAAGMAAAA=</a:base64Binary><a:base64Binary>gD4AAAUAAAD//v8SRQBuAGQAIABDAGEAcAAtADYAQABBAHMAcwBlAG0AYgBsAHkABAAAABAAAAABAAAAAQAAAFcAAAA=</a:base64Binary><a:base64Binary>gD4AAAUAAAD//v8SRQBuAGQAIABDAGEAcAAtADUAQABBAHMAcwBlAG0AYgBsAHkABAAAABAAAAABAAAAAQAAAFYAAAA=</a:base64Binary><a:base64Binary>gD4AAAUAAAD//v8SRQBuAGQAIABDAGEAcAAtADQAQABBAHMAcwBlAG0AYgBsAHkABAAAABAAAAABAAAAAQAAADkAAAA=</a:base64Binary><a:base64Binary>gD4AAAUAAAD//v8SRQBuAGQAIABDAGEAcAAtADMAQABBAHMAcwBlAG0AYgBsAHkABAAAABAAAAABAAAAAQAAADgAAAA=</a:base64Binary><a:base64Binary>gD4AAAUAAAD//v8SRQBuAGQAIABDAGEAcAAtADIAQABBAHMAcwBlAG0AYgBsAHkABAAAABAAAAABAAAAAQAAAC0AAAA=</a:base64Binary><a:base64Binary>gD4AAAUAAAD//v8SRQBuAGQAIABDAGEAcAAtADEAQABBAHMAcwBlAG0AYgBsAHkABAAAABAAAAABAAAAAQAAACwAAAA=</a:base64Binary><a:base64Binary>gD4AAAUAAAD//v8kVABzAGwAbwB0ACAAQgBhAHQAdABlAHIAeQAgAEgAbwBsAGQAZQByACAAQgBhAHIAcwAtADEAQABBAHMAcwBlAG0AYgBsAHkABAAAABAAAAABAAAAAQAAADcBAAA=</a:base64Binary><a:base64Binary>gD4AAAUAAAD//v8kVABzAGwAbwB0ACAAQgBhAHQAdABlAHIAeQAgAEgAbwBsAGQAZQByACAAQgBhAHIAcwAtADIAQABBAHMAcwBlAG0AYgBsAHkABAAAABAAAAABAAAAAQAAADgBAAA=</a:base64Binary><a:base64Binary>gD4AAAUAAAD//v8kVABzAGwAbwB0ACAAQgBhAHQAdABlAHIAeQAgAEgAbwBsAGQAZQByACAAQgBhAHIAcwAtADMAQABBAHMAcwBlAG0AYgBsAHkABAAAABAAAAABAAAAAQAAADkBAAA=</a:base64Binary><a:base64Binary>gD4AAAUAAAD//v8iRQBsAGUAYwB0AHIAbwBuAGkAYwBzACAAQgBvAGEAcgBkACAAUwBpAGQAZQBzAC0AMQBAAEEAcwBzAGUAbQBiAGwAeQAEAAAAEAAAAAEAAAABAAAAWQEAAA==</a:base64Binary><a:base64Binary>gD4AAAUAAAD//v8iRQBsAGUAYwB0AHIAbwBuAGkAYwBzACAAQgBvAGEAcgBkACAAUwBpAGQAZQBzAC0AMgBAAEEAcwBzAGUAbQBiAGwAeQAEAAAAEAAAAAEAAAABAAAAWgEAAA==</a:base64Binary><a:base64Binary>gD4AAAUAAAD//v8UQgBhAGMAawAgAFIAYQBpAGwALQAyAEAAQQBzAHMAZQBtAGIAbAB5AAQAAAAQAAAAAQAAAAEAAABcAQAA</a:base64Binary><a:base64Binary>gD4AAAUAAAD//v8UQgBhAGMAawAgAFIAYQBpAGwALQAzAEAAQQBzAHMAZQBtAGIAbAB5AAQAAAAQAAAAAQAAAAEAAABdAQAA</a:base64Binary><a:base64Binary>gD4AAAUAAAD//v8mRQBsAGUAYwB0AHIAbwBuAGkAYwBzACAAQgBvAGEAcgBkACAAUwB0AGEAbgBkAG8AZgBmAHMALQAxAEAAQQBzAHMAZQBtAGIAbAB5AAQAAAAQAAAAAQAAAAEAAAB3AQAA</a:base64Binary><a:base64Binary>gD4AAAUAAAD//v8mRQBsAGUAYwB0AHIAbwBuAGkAYwBzACAAQgBvAGEAcgBkACAAUwB0AGEAbgBkAG8AZgBmAHMALQAyAEAAQQBzAHMAZQBtAGIAbAB5AAQAAAAQAAAAAQAAAAEAAAB4AQAA</a:base64Binary><a:base64Binary>gD4AAAUAAAD//v8mRQBsAGUAYwB0AHIAbwBuAGkAYwBzACAAQgBvAGEAcgBkACAAUwB0AGEAbgBkAG8AZgBmAHMALQAzAEAAQQBzAHMAZQBtAGIAbAB5AAQAAAAQAAAAAQAAAAEAAAB5AQAA</a:base64Binary><a:base64Binary>gD4AAAUAAAD//v8mRQBsAGUAYwB0AHIAbwBuAGkAYwBzACAAQgBvAGEAcgBkACAAUwB0AGEAbgBkAG8AZgBmAHMALQA0AEAAQQBzAHMAZQBtAGIAbAB5AAQAAAAQAAAAAQAAAAEAAAB6AQAA</a:base64Binary><a:base64Binary>gD4AAAUAAAD//v8aTgBlAHcAIAAxADIAVgAgAGIAYQB0AHQAZQByAHkALQAyAEAAQQBzAHMAZQBtAGIAbAB5AAQAAAAQAAAAAQAAAAEAAAAqAgAA</a:base64Binary><a:base64Binary>gD4AAAUAAAD//v8TRwBlAGEAcgBiAG8AeAAyAC0AMQBAAEEAcwBzAGUAbQBiAGwAeQAEAAAAEAAAAAEAAAABAAAAQQIAAA==</a:base64Binary><a:base64Binary>gD4AAAUAAAD//v8TRwBlAGEAcgBiAG8AeAAyAC0AMgBAAEEAcwBzAGUAbQBiAGwAeQAEAAAAEAAAAAEAAAABAAAAWwIAAA==</a:base64Binary><a:base64Binary>gD4AAAUAAAD//v8fQwBvAGwAcwBvAG4AIABoAGUAeAAgAHcAaABlAGUAbAAgAGgAdQBiAC0AMgBAAEEAcwBzAGUAbQBiAGwAeQAEAAAAEAAAAAEAAAABAAAAYAIAAA==</a:base64Binary><a:base64Binary>gD4AAAUAAAD//v8fQwBvAGwAcwBvAG4AIABoAGUAeAAgAHcAaABlAGUAbAAgAGgAdQBiAC0AMQBAAEEAcwBzAGUAbQBiAGwAeQAEAAAAEAAAAAEAAAABAAAASgIAAA==</a:base64Binary><a:base64Binary>gD4AAAUAAAD//v8kVABzAGwAbwB0ACAAQgBhAHQAdABlAHIAeQAgAEgAbwBsAGQAZQByACAAQgBhAHIAcwAtADQAQABBAHMAcwBlAG0AYgBsAHkABAAAABAAAAABAAAAAQAAAHcCAAA=</a:base64Binary><a:base64Binary>gD4AAAUAAAD//v9FUwBpAGQAZQAgAFcAaABlAGUAbAAgAEEAcwBzAGUAbQBiAGwAeQAtADEAQABBAHMAcwBlAG0AYgBsAHkALwA1AGkAbgAgAEMAbwBsAHMAbwBuACAAVwBoAGUAZQBsAC0AMQBAAFMAaQBkAGUAIABXAGgAZQBlAGwAIABBAHMAcwBlAG0AYgBsAHkABAAAABAAAAABAAAAAgAAABgAAAAZAAAA</a:base64Binary><a:base64Binary>gD4AAAUAAAD//v9FUwBpAGQAZQAgAFcAaABlAGUAbAAgAEEAcwBzAGUAbQBiAGwAeQAtADMAQABBAHMAcwBlAG0AYgBsAHkALwA1AGkAbgAgAEMAbwBsAHMAbwBuACAAVwBoAGUAZQBsAC0AMQBAAFMAaQBkAGUAIABXAGgAZQBlAGwAIABBAHMAcwBlAG0AYgBsAHkABAAAABAAAAABAAAAAgAAADwAAAAZAAAA</a:base64Binary><a:base64Binary>gD4AAAUAAAD//v9FVwBoAGUAZQBsACAAQQBzAHMAZQBtAGIAbAB5ACAAQgBhAGMAawAtADEAQABBAHMAcwBlAG0AYgBsAHkALwA1AGkAbgAgAEMAbwBsAHMAbwBuACAAVwBoAGUAZQBsAC0AMQBAAFcAaABlAGUAbAAgAEEAcwBzAGUAbQBiAGwAeQAgAEIAYQBjAGsABAAAABAAAAABAAAAAgAAACUAAAAZAAAA</a:base64Binary><a:base64Binary>gD4AAAUAAAD//v9FVwBoAGUAZQBsACAAQQBzAHMAZQBtAGIAbAB5ACAAQgBhAGMAawAtADIAQABBAHMAcwBlAG0AYgBsAHkALwA1AGkAbgAgAEMAbwBsAHMAbwBuACAAVwBoAGUAZQBsAC0AMQBAAFcAaABlAGUAbAAgAEEAcwBzAGUAbQBiAGwAeQAgAEIAYQBjAGsABAAAABAAAAABAAAAAgAAAEIAAAAZAAAA</a:base64Binary><a:base64Binary>gD4AAAUAAAD//v9KVwBoAGUAZQBsACAAQQBzAHMAZQBtAGIAbAB5ACAAQgBhAGMAawAtADIAQABBAHMAcwBlAG0AYgBsAHkALwBLAGUAeQBlAGQAIABzAGgAYQBmAHQAIAB3AGgAZQBlAGwAIABoAHUAYgAtADEAQABXAGgAZQBlAGwAIABBAHMAcwBlAG0AYgBsAHkAIABCAGEAYwBrAAQAAAAQAAAAAQAAAAIAAABCAAAAGgAAAA==</a:base64Binary><a:base64Binary>gD4AAAUAAAD//v9KUwBpAGQAZQAgAFcAaABlAGUAbAAgAEEAcwBzAGUAbQBiAGwAeQAtADMAQABBAHMAcwBlAG0AYgBsAHkALwBLAGUAeQBlAGQAIABzAGgAYQBmAHQAIAB3AGgAZQBlAGwAIABoAHUAYgAtADEAQABTAGkAZABlACAAVwBoAGUAZQBsACAAQQBzAHMAZQBtAGIAbAB5AAQAAAAQAAAAAQAAAAIAAAA8AAAAGgAAAA==</a:base64Binary><a:base64Binary>gD4AAAUAAAD//v9GUwBpAGQAZQAgAFcAaABlAGUAbAAgAEEAcwBzAGUAbQBiAGwAeQAtADEAQABBAHMAcwBlAG0AYgBsAHkALwBLAGUAeQBlAGQAIABTAGgAYQBmAHQAIABTAGkAZABlAHMALQAxAEAAUwBpAGQAZQAgAFcAaABlAGUAbAAgAEEAcwBzAGUAbQBiAGwAeQAEAAAAEAAAAAEAAAACAAAAGAAAABgAAAA=</a:base64Binary><a:base64Binary>gD4AAAUAAAD//v9KVwBoAGUAZQBsACAAQQBzAHMAZQBtAGIAbAB5ACAAQgBhAGMAawAtADEAQABBAHMAcwBlAG0AYgBsAHkALwBLAGUAeQBlAGQAIABzAGgAYQBmAHQAIAB3AGgAZQBlAGwAIABoAHUAYgAtADEAQABXAGgAZQBlAGwAIABBAHMAcwBlAG0AYgBsAHkAIABCAGEAYwBrAAQAAAAQAAAAAQAAAAIAAAAlAAAAGgAAAA==</a:base64Binary><a:base64Binary>gD4AAAUAAAD//v9KUwBpAGQAZQAgAFcAaABlAGUAbAAgAEEAcwBzAGUAbQBiAGwAeQAtADEAQABBAHMAcwBlAG0AYgBsAHkALwBLAGUAeQBlAGQAIABzAGgAYQBmAHQAIAB3AGgAZQBlAGwAIABoAHUAYgAtADEAQABTAGkAZABlACAAVwBoAGUAZQBsACAAQQBzAHMAZQBtAGIAbAB5AAQAAAAQAAAAAQAAAAIAAAAYAAAAGgAAAA==</a:base64Binary><a:base64Binary>gD4AAAUAAAD//v9FVwBoAGUAZQBsACAAQQBzAHMAZQBtAGIAbAB5ACAAQgBhAGMAawAtADEAQABBAHMAcwBlAG0AYgBsAHkALwBLAGUAeQBlAGQAIABTAGgAYQBmAHQAIABCAGEAYwBrAC0AMQBAAFcAaABlAGUAbAAgAEEAcwBzAGUAbQBiAGwAeQAgAEIAYQBjAGsABAAAABAAAAABAAAAAgAAACUAAAAYAAAA</a:base64Binary><a:base64Binary>gD4AAAUAAAD//v9GUwBpAGQAZQAgAFcAaABlAGUAbAAgAEEAcwBzAGUAbQBiAGwAeQAtADMAQABBAHMAcwBlAG0AYgBsAHkALwBLAGUAeQBlAGQAIABTAGgAYQBmAHQAIABTAGkAZABlAHMALQAxAEAAUwBpAGQAZQAgAFcAaABlAGUAbAAgAEEAcwBzAGUAbQBiAGwAeQAEAAAAEAAAAAEAAAACAAAAPAAAABgAAAA=</a:base64Binary><a:base64Binary>gD4AAAUAAAD//v9FVwBoAGUAZQBsACAAQQBzAHMAZQBtAGIAbAB5ACAAQgBhAGMAawAtADIAQABBAHMAcwBlAG0AYgBsAHkALwBLAGUAeQBlAGQAIABTAGgAYQBmAHQAIABCAGEAYwBrAC0AMQBAAFcAaABlAGUAbAAgAEEAcwBzAGUAbQBiAGwAeQAgAEIAYQBjAGsABAAAABAAAAABAAAAAgAAAEIAAAAYAAAA</a:base64Binary></SWComponentPIDs><SWMainComponentPID i:nil="true"/><Visual z:Ref="i16"/><isFixedFrame>false</isFixedFrame><isIncomplete>false</isIncomplete></Link>
2025-04-12 19:42:33,516 INFO  AssemblyExportForm.cs: 309 - Saving URDF package to C:\Users\joeys\OneDrive\Documents\UGV_SolidWorks\drivetrain_urdf
2025-04-12 19:42:33,516 INFO  ExportHelper.cs: 147 - Beginning the export process
2025-04-12 19:42:33,516 INFO  ExportHelper.cs: 153 - Creating package directories with name drivetrain_urdf and save path C:\Users\joeys\OneDrive\Documents\UGV_SolidWorks
2025-04-12 19:42:35,308 INFO  ExportHelper.cs: 162 - Creating CMakeLists.txt at C:\Users\joeys\OneDrive\Documents\UGV_SolidWorks\drivetrain_urdf\CMakeLists.txt
2025-04-12 19:42:35,308 INFO  ExportHelper.cs: 166 - Creating joint names config at C:\Users\joeys\OneDrive\Documents\UGV_SolidWorks\drivetrain_urdf\config\joint_names_drivetrain_urdf.yaml
2025-04-12 19:42:35,308 INFO  ExportHelper.cs: 170 - Creating package.xml at C:\Users\joeys\OneDrive\Documents\UGV_SolidWorks\drivetrain_urdf\package.xml
2025-04-12 19:42:35,308 INFO  PackageXMLWriter.cs: 21 - Creating package.xml at C:\Users\joeys\OneDrive\Documents\UGV_SolidWorks\drivetrain_urdf\package.xml
2025-04-12 19:42:35,324 INFO  ExportHelper.cs: 177 - Creating RVIZ launch file in C:\Users\joeys\OneDrive\Documents\UGV_SolidWorks\drivetrain_urdf\launch\
2025-04-12 19:42:35,324 INFO  ExportHelper.cs: 182 - Creating Gazebo launch file in C:\Users\joeys\OneDrive\Documents\UGV_SolidWorks\drivetrain_urdf\launch\
2025-04-12 19:42:35,324 INFO  ExportHelper.cs: 187 - Saving existing STL preferences
2025-04-12 19:42:35,324 INFO  ExportHelper.cs: 450 - Saving users preferences
2025-04-12 19:42:35,324 INFO  ExportHelper.cs: 190 - Modifying STL preferences
2025-04-12 19:42:35,324 INFO  ExportHelper.cs: 464 - Setting STL preferences
2025-04-12 19:42:35,340 INFO  ExportHelper.cs: 196 - Found 0 hidden components 
2025-04-12 19:42:35,340 INFO  ExportHelper.cs: 197 - Hiding all components
2025-04-12 19:42:36,119 INFO  ExportHelper.cs: 204 - Beginning individual files export
2025-04-12 19:42:36,135 INFO  ExportHelper.cs: 270 - Exporting link: base_link
2025-04-12 19:42:36,135 INFO  ExportHelper.cs: 272 - Link base_link has 2 children
2025-04-12 19:42:36,135 INFO  ExportHelper.cs: 270 - Exporting link: left_wheel
2025-04-12 19:42:36,135 INFO  ExportHelper.cs: 272 - Link left_wheel has 0 children
2025-04-12 19:42:36,140 INFO  ExportHelper.cs: 317 - left_wheel: Exporting STL with coordinate frame Origin_left_wheel_joint
2025-04-12 19:42:36,140 INFO  ExportHelper.cs: 322 - left_wheel: Reference geometry name 
2025-04-12 19:42:36,230 INFO  ExportHelper.cs: 330 - Saving STL to C:\Users\joeys\OneDrive\Documents\UGV_SolidWorks\drivetrain_urdf\meshes\left_wheel.STL
2025-04-12 19:42:36,531 INFO  ExportHelper.cs: 405 - Removing SW header in STL file
2025-04-12 19:42:36,531 INFO  ExportHelper.cs: 270 - Exporting link: right_wheel
2025-04-12 19:42:36,531 INFO  ExportHelper.cs: 272 - Link right_wheel has 0 children
2025-04-12 19:42:36,531 INFO  ExportHelper.cs: 317 - right_wheel: Exporting STL with coordinate frame Origin_right_wheel_joint
2025-04-12 19:42:36,531 INFO  ExportHelper.cs: 322 - right_wheel: Reference geometry name 
2025-04-12 19:42:36,562 INFO  ExportHelper.cs: 330 - Saving STL to C:\Users\joeys\OneDrive\Documents\UGV_SolidWorks\drivetrain_urdf\meshes\right_wheel.STL
2025-04-12 19:42:36,704 INFO  ExportHelper.cs: 405 - Removing SW header in STL file
2025-04-12 19:42:36,704 INFO  ExportHelper.cs: 317 - base_link: Exporting STL with coordinate frame Origin_global
2025-04-12 19:42:36,704 INFO  ExportHelper.cs: 322 - base_link: Reference geometry name 
2025-04-12 19:42:37,404 INFO  ExportHelper.cs: 330 - Saving STL to C:\Users\joeys\OneDrive\Documents\UGV_SolidWorks\drivetrain_urdf\meshes\base_link.STL
2025-04-12 19:42:44,283 INFO  ExportHelper.cs: 405 - Removing SW header in STL file
2025-04-12 19:42:44,283 INFO  ExportHelper.cs: 145 - Showing all components except previously hidden components
2025-04-12 19:42:46,472 INFO  ExportHelper.cs: 145 - Resetting STL preferences
2025-04-12 19:42:46,472 INFO  ExportHelper.cs: 478 - Returning STL preferences to user preferences
2025-04-12 19:42:46,472 INFO  ExportHelper.cs: 228 - Writing URDF file to C:\Users\joeys\OneDrive\Documents\UGV_SolidWorks\drivetrain_urdf\urdf\drivetrain_urdf.urdf
2025-04-12 19:42:46,577 INFO  CSVImportExport.cs: 32 - Writing CSV file C:\Users\joeys\OneDrive\Documents\UGV_SolidWorks\drivetrain_urdf\urdf\drivetrain_urdf.csv
2025-04-12 19:42:46,593 ERROR CSVImportExport.cs: 130 - The following columns were not written to the CSV: Link.Joint.ChildLink.link,
2025-04-12 19:42:46,593 ERROR CSVImportExport.cs: 130 - The following columns were not written to the CSV: Link.Joint.ChildLink.link,
2025-04-12 19:42:46,593 ERROR CSVImportExport.cs: 130 - The following columns were not written to the CSV: Link.Joint.ChildLink.link,
2025-04-12 19:42:46,593 INFO  ExportHelper.cs: 234 - Copying log file
2025-04-12 19:42:46,608 INFO  ExportHelper.cs: 439 - Copying C:\Users\joeys\sw2urdf_logs\sw2urdf.log to C:\Users\joeys\OneDrive\Documents\UGV_SolidWorks\drivetrain_urdf\export.log
