[0.927s] DEBUG:colcon:Command line arguments: ['/usr/bin/colcon', 'build']
[0.928s] DEBUG:colcon:Parsed command line arguments: Namespace(log_base=None, log_level=None, verb_name='build', build_base='build', install_base='install', merge_install=False, symlink_install=False, test_result_base=None, continue_on_error=False, executor='parallel', parallel_workers=6, event_handlers=None, ignore_user_meta=False, metas=['./colcon.meta'], base_paths=['.'], packages_ignore=None, packages_ignore_regex=None, paths=None, packages_up_to=None, packages_up_to_regex=None, packages_above=None, packages_above_and_dependencies=None, packages_above_depth=None, packages_select_by_dep=None, packages_skip_by_dep=None, packages_skip_up_to=None, packages_select_build_failed=False, packages_skip_build_finished=False, packages_select_test_failures=False, packages_skip_test_passed=False, packages_select=None, packages_skip=None, packages_select_regex=None, packages_skip_regex=None, packages_start=None, packages_end=None, allow_overriding=[], cmake_args=None, cmake_target=None, cmake_target_skip_unavailable=False, cmake_clean_cache=False, cmake_clean_first=False, cmake_force_configure=False, ament_cmake_args=None, catkin_cmake_args=None, catkin_skip_building_tests=False, mixin_files=None, mixin=None, verb_parser=<colcon_mixin.mixin.mixin_argument.MixinArgumentDecorator object at 0xffffa35d64d0>, verb_extension=<colcon_core.verb.build.BuildVerb object at 0xffffa35d5e10>, main=<bound method BuildVerb.main of <colcon_core.verb.build.BuildVerb object at 0xffffa35d5e10>>, mixin_verb=('build',))
[1.698s] Level 1:colcon.colcon_core.package_discovery:discover_packages(colcon_meta) check parameters
[1.699s] Level 1:colcon.colcon_core.package_discovery:discover_packages(recursive) check parameters
[1.699s] Level 1:colcon.colcon_core.package_discovery:discover_packages(ignore) check parameters
[1.699s] Level 1:colcon.colcon_core.package_discovery:discover_packages(path) check parameters
[1.699s] Level 1:colcon.colcon_core.package_discovery:discover_packages(colcon_meta) discover
[1.699s] Level 1:colcon.colcon_core.package_discovery:discover_packages(recursive) discover
[1.699s] INFO:colcon.colcon_core.package_discovery:Crawling recursively for packages in '/home/ugv-c7/CodeWorkspace/UGV-Robot/ros2_humble_colcon_ws'
[1.700s] Level 1:colcon.colcon_core.package_identification:_identify(.) by extensions ['ignore', 'ignore_ament_install']
[1.700s] Level 1:colcon.colcon_core.package_identification:_identify(.) by extension 'ignore'
[1.700s] Level 1:colcon.colcon_core.package_identification:_identify(.) by extension 'ignore_ament_install'
[1.700s] Level 1:colcon.colcon_core.package_identification:_identify(.) by extensions ['colcon_pkg']
[1.701s] Level 1:colcon.colcon_core.package_identification:_identify(.) by extension 'colcon_pkg'
[1.701s] Level 1:colcon.colcon_core.package_identification:_identify(.) by extensions ['colcon_meta']
[1.701s] Level 1:colcon.colcon_core.package_identification:_identify(.) by extension 'colcon_meta'
[1.701s] Level 1:colcon.colcon_core.package_identification:_identify(.) by extensions ['ros']
[1.701s] Level 1:colcon.colcon_core.package_identification:_identify(.) by extension 'ros'
[1.747s] Level 1:colcon.colcon_core.package_identification:_identify(.) by extensions ['cmake', 'python']
[1.748s] Level 1:colcon.colcon_core.package_identification:_identify(.) by extension 'cmake'
[1.748s] Level 1:colcon.colcon_core.package_identification:_identify(.) by extension 'python'
[1.748s] Level 1:colcon.colcon_core.package_identification:_identify(.) by extensions ['python_setup_py']
[1.748s] Level 1:colcon.colcon_core.package_identification:_identify(.) by extension 'python_setup_py'
[1.749s] Level 1:colcon.colcon_core.package_identification:_identify(build) by extensions ['ignore', 'ignore_ament_install']
[1.749s] Level 1:colcon.colcon_core.package_identification:_identify(build) by extension 'ignore'
[1.749s] Level 1:colcon.colcon_core.package_identification:_identify(build) ignored
[1.749s] Level 1:colcon.colcon_core.package_identification:_identify(install) by extensions ['ignore', 'ignore_ament_install']
[1.750s] Level 1:colcon.colcon_core.package_identification:_identify(install) by extension 'ignore'
[1.750s] Level 1:colcon.colcon_core.package_identification:_identify(install) ignored
[1.754s] Level 1:colcon.colcon_core.package_identification:_identify(log) by extensions ['ignore', 'ignore_ament_install']
[1.754s] Level 1:colcon.colcon_core.package_identification:_identify(log) by extension 'ignore'
[1.754s] Level 1:colcon.colcon_core.package_identification:_identify(log) ignored
[1.755s] Level 1:colcon.colcon_core.package_identification:_identify(src) by extensions ['ignore', 'ignore_ament_install']
[1.755s] Level 1:colcon.colcon_core.package_identification:_identify(src) by extension 'ignore'
[1.755s] Level 1:colcon.colcon_core.package_identification:_identify(src) by extension 'ignore_ament_install'
[1.756s] Level 1:colcon.colcon_core.package_identification:_identify(src) by extensions ['colcon_pkg']
[1.756s] Level 1:colcon.colcon_core.package_identification:_identify(src) by extension 'colcon_pkg'
[1.756s] Level 1:colcon.colcon_core.package_identification:_identify(src) by extensions ['colcon_meta']
[1.756s] Level 1:colcon.colcon_core.package_identification:_identify(src) by extension 'colcon_meta'
[1.756s] Level 1:colcon.colcon_core.package_identification:_identify(src) by extensions ['ros']
[1.756s] Level 1:colcon.colcon_core.package_identification:_identify(src) by extension 'ros'
[1.757s] Level 1:colcon.colcon_core.package_identification:_identify(src) by extensions ['cmake', 'python']
[1.757s] Level 1:colcon.colcon_core.package_identification:_identify(src) by extension 'cmake'
[1.757s] Level 1:colcon.colcon_core.package_identification:_identify(src) by extension 'python'
[1.757s] Level 1:colcon.colcon_core.package_identification:_identify(src) by extensions ['python_setup_py']
[1.757s] Level 1:colcon.colcon_core.package_identification:_identify(src) by extension 'python_setup_py'
[1.758s] Level 1:colcon.colcon_core.package_identification:_identify(src/app_bringup) by extensions ['ignore', 'ignore_ament_install']
[1.758s] Level 1:colcon.colcon_core.package_identification:_identify(src/app_bringup) by extension 'ignore'
[1.758s] Level 1:colcon.colcon_core.package_identification:_identify(src/app_bringup) by extension 'ignore_ament_install'
[1.758s] Level 1:colcon.colcon_core.package_identification:_identify(src/app_bringup) by extensions ['colcon_pkg']
[1.759s] Level 1:colcon.colcon_core.package_identification:_identify(src/app_bringup) by extension 'colcon_pkg'
[1.759s] Level 1:colcon.colcon_core.package_identification:_identify(src/app_bringup) by extensions ['colcon_meta']
[1.759s] Level 1:colcon.colcon_core.package_identification:_identify(src/app_bringup) by extension 'colcon_meta'
[1.759s] Level 1:colcon.colcon_core.package_identification:_identify(src/app_bringup) by extensions ['ros']
[1.759s] Level 1:colcon.colcon_core.package_identification:_identify(src/app_bringup) by extension 'ros'
[1.771s] DEBUG:colcon.colcon_core.package_identification:Package 'src/app_bringup' with type 'ros.ament_cmake' and name 'app_bringup'
[1.772s] Level 1:colcon.colcon_core.package_identification:_identify(src/launch_param_builder) by extensions ['ignore', 'ignore_ament_install']
[1.772s] Level 1:colcon.colcon_core.package_identification:_identify(src/launch_param_builder) by extension 'ignore'
[1.772s] Level 1:colcon.colcon_core.package_identification:_identify(src/launch_param_builder) by extension 'ignore_ament_install'
[1.773s] Level 1:colcon.colcon_core.package_identification:_identify(src/launch_param_builder) by extensions ['colcon_pkg']
[1.773s] Level 1:colcon.colcon_core.package_identification:_identify(src/launch_param_builder) by extension 'colcon_pkg'
[1.773s] Level 1:colcon.colcon_core.package_identification:_identify(src/launch_param_builder) by extensions ['colcon_meta']
[1.773s] Level 1:colcon.colcon_core.package_identification:_identify(src/launch_param_builder) by extension 'colcon_meta'
[1.773s] Level 1:colcon.colcon_core.package_identification:_identify(src/launch_param_builder) by extensions ['ros']
[1.773s] Level 1:colcon.colcon_core.package_identification:_identify(src/launch_param_builder) by extension 'ros'
[1.775s] DEBUG:colcon.colcon_core.package_identification:Package 'src/launch_param_builder' with type 'ros.ament_python' and name 'launch_param_builder'
[1.776s] Level 1:colcon.colcon_core.package_identification:_identify(src/moveit2) by extensions ['ignore', 'ignore_ament_install']
[1.776s] Level 1:colcon.colcon_core.package_identification:_identify(src/moveit2) by extension 'ignore'
[1.776s] Level 1:colcon.colcon_core.package_identification:_identify(src/moveit2) by extension 'ignore_ament_install'
[1.777s] Level 1:colcon.colcon_core.package_identification:_identify(src/moveit2) by extensions ['colcon_pkg']
[1.777s] Level 1:colcon.colcon_core.package_identification:_identify(src/moveit2) by extension 'colcon_pkg'
[1.777s] Level 1:colcon.colcon_core.package_identification:_identify(src/moveit2) by extensions ['colcon_meta']
[1.777s] Level 1:colcon.colcon_core.package_identification:_identify(src/moveit2) by extension 'colcon_meta'
[1.777s] Level 1:colcon.colcon_core.package_identification:_identify(src/moveit2) by extensions ['ros']
[1.777s] Level 1:colcon.colcon_core.package_identification:_identify(src/moveit2) by extension 'ros'
[1.778s] Level 1:colcon.colcon_core.package_identification:_identify(src/moveit2) by extensions ['cmake', 'python']
[1.778s] Level 1:colcon.colcon_core.package_identification:_identify(src/moveit2) by extension 'cmake'
[1.778s] Level 1:colcon.colcon_core.package_identification:_identify(src/moveit2) by extension 'python'
[1.778s] Level 1:colcon.colcon_core.package_identification:_identify(src/moveit2) by extensions ['python_setup_py']
[1.778s] Level 1:colcon.colcon_core.package_identification:_identify(src/moveit2) by extension 'python_setup_py'
[1.781s] Level 1:colcon.colcon_core.package_identification:_identify(src/moveit2/doc) by extensions ['ignore', 'ignore_ament_install']
[1.781s] Level 1:colcon.colcon_core.package_identification:_identify(src/moveit2/doc) by extension 'ignore'
[1.782s] Level 1:colcon.colcon_core.package_identification:_identify(src/moveit2/doc) by extension 'ignore_ament_install'
[1.782s] Level 1:colcon.colcon_core.package_identification:_identify(src/moveit2/doc) by extensions ['colcon_pkg']
[1.782s] Level 1:colcon.colcon_core.package_identification:_identify(src/moveit2/doc) by extension 'colcon_pkg'
[1.782s] Level 1:colcon.colcon_core.package_identification:_identify(src/moveit2/doc) by extensions ['colcon_meta']
[1.782s] Level 1:colcon.colcon_core.package_identification:_identify(src/moveit2/doc) by extension 'colcon_meta'
[1.782s] Level 1:colcon.colcon_core.package_identification:_identify(src/moveit2/doc) by extensions ['ros']
[1.782s] Level 1:colcon.colcon_core.package_identification:_identify(src/moveit2/doc) by extension 'ros'
[1.783s] Level 1:colcon.colcon_core.package_identification:_identify(src/moveit2/doc) by extensions ['cmake', 'python']
[1.783s] Level 1:colcon.colcon_core.package_identification:_identify(src/moveit2/doc) by extension 'cmake'
[1.783s] Level 1:colcon.colcon_core.package_identification:_identify(src/moveit2/doc) by extension 'python'
[1.783s] Level 1:colcon.colcon_core.package_identification:_identify(src/moveit2/doc) by extensions ['python_setup_py']
[1.783s] Level 1:colcon.colcon_core.package_identification:_identify(src/moveit2/doc) by extension 'python_setup_py'
[1.784s] Level 1:colcon.colcon_core.package_identification:_identify(src/moveit2/moveit) by extensions ['ignore', 'ignore_ament_install']
[1.784s] Level 1:colcon.colcon_core.package_identification:_identify(src/moveit2/moveit) by extension 'ignore'
[1.784s] Level 1:colcon.colcon_core.package_identification:_identify(src/moveit2/moveit) by extension 'ignore_ament_install'
[1.785s] Level 1:colcon.colcon_core.package_identification:_identify(src/moveit2/moveit) by extensions ['colcon_pkg']
[1.785s] Level 1:colcon.colcon_core.package_identification:_identify(src/moveit2/moveit) by extension 'colcon_pkg'
[1.785s] Level 1:colcon.colcon_core.package_identification:_identify(src/moveit2/moveit) by extensions ['colcon_meta']
[1.785s] Level 1:colcon.colcon_core.package_identification:_identify(src/moveit2/moveit) by extension 'colcon_meta'
[1.785s] Level 1:colcon.colcon_core.package_identification:_identify(src/moveit2/moveit) by extensions ['ros']
[1.785s] Level 1:colcon.colcon_core.package_identification:_identify(src/moveit2/moveit) by extension 'ros'
[1.840s] DEBUG:colcon.colcon_core.package_identification:Package 'src/moveit2/moveit' with type 'ros.ament_cmake' and name 'moveit'
[1.841s] Level 1:colcon.colcon_core.package_identification:_identify(src/moveit2/moveit_commander) by extensions ['ignore', 'ignore_ament_install']
[1.841s] Level 1:colcon.colcon_core.package_identification:_identify(src/moveit2/moveit_commander) by extension 'ignore'
[1.842s] Level 1:colcon.colcon_core.package_identification:_identify(src/moveit2/moveit_commander) ignored
[1.842s] Level 1:colcon.colcon_core.package_identification:_identify(src/moveit2/moveit_common) by extensions ['ignore', 'ignore_ament_install']
[1.843s] Level 1:colcon.colcon_core.package_identification:_identify(src/moveit2/moveit_common) by extension 'ignore'
[1.843s] Level 1:colcon.colcon_core.package_identification:_identify(src/moveit2/moveit_common) by extension 'ignore_ament_install'
[1.843s] Level 1:colcon.colcon_core.package_identification:_identify(src/moveit2/moveit_common) by extensions ['colcon_pkg']
[1.843s] Level 1:colcon.colcon_core.package_identification:_identify(src/moveit2/moveit_common) by extension 'colcon_pkg'
[1.843s] Level 1:colcon.colcon_core.package_identification:_identify(src/moveit2/moveit_common) by extensions ['colcon_meta']
[1.843s] Level 1:colcon.colcon_core.package_identification:_identify(src/moveit2/moveit_common) by extension 'colcon_meta'
[1.843s] Level 1:colcon.colcon_core.package_identification:_identify(src/moveit2/moveit_common) by extensions ['ros']
[1.843s] Level 1:colcon.colcon_core.package_identification:_identify(src/moveit2/moveit_common) by extension 'ros'
[1.846s] DEBUG:colcon.colcon_core.package_identification:Package 'src/moveit2/moveit_common' with type 'ros.ament_cmake' and name 'moveit_common'
[1.847s] Level 1:colcon.colcon_core.package_identification:_identify(src/moveit2/moveit_configs_utils) by extensions ['ignore', 'ignore_ament_install']
[1.847s] Level 1:colcon.colcon_core.package_identification:_identify(src/moveit2/moveit_configs_utils) by extension 'ignore'
[1.847s] Level 1:colcon.colcon_core.package_identification:_identify(src/moveit2/moveit_configs_utils) by extension 'ignore_ament_install'
[1.847s] Level 1:colcon.colcon_core.package_identification:_identify(src/moveit2/moveit_configs_utils) by extensions ['colcon_pkg']
[1.847s] Level 1:colcon.colcon_core.package_identification:_identify(src/moveit2/moveit_configs_utils) by extension 'colcon_pkg'
[1.847s] Level 1:colcon.colcon_core.package_identification:_identify(src/moveit2/moveit_configs_utils) by extensions ['colcon_meta']
[1.847s] Level 1:colcon.colcon_core.package_identification:_identify(src/moveit2/moveit_configs_utils) by extension 'colcon_meta'
[1.848s] Level 1:colcon.colcon_core.package_identification:_identify(src/moveit2/moveit_configs_utils) by extensions ['ros']
[1.848s] Level 1:colcon.colcon_core.package_identification:_identify(src/moveit2/moveit_configs_utils) by extension 'ros'
[1.849s] DEBUG:colcon.colcon_core.package_identification:Package 'src/moveit2/moveit_configs_utils' with type 'ros.ament_python' and name 'moveit_configs_utils'
[1.850s] Level 1:colcon.colcon_core.package_identification:_identify(src/moveit2/moveit_core) by extensions ['ignore', 'ignore_ament_install']
[1.850s] Level 1:colcon.colcon_core.package_identification:_identify(src/moveit2/moveit_core) by extension 'ignore'
[1.851s] Level 1:colcon.colcon_core.package_identification:_identify(src/moveit2/moveit_core) by extension 'ignore_ament_install'
[1.851s] Level 1:colcon.colcon_core.package_identification:_identify(src/moveit2/moveit_core) by extensions ['colcon_pkg']
[1.851s] Level 1:colcon.colcon_core.package_identification:_identify(src/moveit2/moveit_core) by extension 'colcon_pkg'
[1.851s] Level 1:colcon.colcon_core.package_identification:_identify(src/moveit2/moveit_core) by extensions ['colcon_meta']
[1.851s] Level 1:colcon.colcon_core.package_identification:_identify(src/moveit2/moveit_core) by extension 'colcon_meta'
[1.851s] Level 1:colcon.colcon_core.package_identification:_identify(src/moveit2/moveit_core) by extensions ['ros']
[1.851s] Level 1:colcon.colcon_core.package_identification:_identify(src/moveit2/moveit_core) by extension 'ros'
[1.860s] DEBUG:colcon.colcon_core.package_identification:Package 'src/moveit2/moveit_core' with type 'ros.ament_cmake' and name 'moveit_core'
[1.862s] Level 1:colcon.colcon_core.package_identification:_identify(src/moveit2/moveit_experimental) by extensions ['ignore', 'ignore_ament_install']
[1.863s] Level 1:colcon.colcon_core.package_identification:_identify(src/moveit2/moveit_experimental) by extension 'ignore'
[1.863s] Level 1:colcon.colcon_core.package_identification:_identify(src/moveit2/moveit_experimental) ignored
[1.865s] Level 1:colcon.colcon_core.package_identification:_identify(src/moveit2/moveit_kinematics) by extensions ['ignore', 'ignore_ament_install']
[1.865s] Level 1:colcon.colcon_core.package_identification:_identify(src/moveit2/moveit_kinematics) by extension 'ignore'
[1.865s] Level 1:colcon.colcon_core.package_identification:_identify(src/moveit2/moveit_kinematics) by extension 'ignore_ament_install'
[1.865s] Level 1:colcon.colcon_core.package_identification:_identify(src/moveit2/moveit_kinematics) by extensions ['colcon_pkg']
[1.865s] Level 1:colcon.colcon_core.package_identification:_identify(src/moveit2/moveit_kinematics) by extension 'colcon_pkg'
[1.866s] Level 1:colcon.colcon_core.package_identification:_identify(src/moveit2/moveit_kinematics) by extensions ['colcon_meta']
[1.866s] Level 1:colcon.colcon_core.package_identification:_identify(src/moveit2/moveit_kinematics) by extension 'colcon_meta'
[1.866s] Level 1:colcon.colcon_core.package_identification:_identify(src/moveit2/moveit_kinematics) by extensions ['ros']
[1.866s] Level 1:colcon.colcon_core.package_identification:_identify(src/moveit2/moveit_kinematics) by extension 'ros'
[1.870s] DEBUG:colcon.colcon_core.package_identification:Package 'src/moveit2/moveit_kinematics' with type 'ros.ament_cmake' and name 'moveit_kinematics'
[1.870s] Level 1:colcon.colcon_core.package_identification:_identify(src/moveit2/moveit_planners) by extensions ['ignore', 'ignore_ament_install']
[1.871s] Level 1:colcon.colcon_core.package_identification:_identify(src/moveit2/moveit_planners) by extension 'ignore'
[1.871s] Level 1:colcon.colcon_core.package_identification:_identify(src/moveit2/moveit_planners) by extension 'ignore_ament_install'
[1.871s] Level 1:colcon.colcon_core.package_identification:_identify(src/moveit2/moveit_planners) by extensions ['colcon_pkg']
[1.871s] Level 1:colcon.colcon_core.package_identification:_identify(src/moveit2/moveit_planners) by extension 'colcon_pkg'
[1.871s] Level 1:colcon.colcon_core.package_identification:_identify(src/moveit2/moveit_planners) by extensions ['colcon_meta']
[1.871s] Level 1:colcon.colcon_core.package_identification:_identify(src/moveit2/moveit_planners) by extension 'colcon_meta'
[1.871s] Level 1:colcon.colcon_core.package_identification:_identify(src/moveit2/moveit_planners) by extensions ['ros']
[1.871s] Level 1:colcon.colcon_core.package_identification:_identify(src/moveit2/moveit_planners) by extension 'ros'
[1.872s] Level 1:colcon.colcon_core.package_identification:_identify(src/moveit2/moveit_planners) by extensions ['cmake', 'python']
[1.872s] Level 1:colcon.colcon_core.package_identification:_identify(src/moveit2/moveit_planners) by extension 'cmake'
[1.872s] Level 1:colcon.colcon_core.package_identification:_identify(src/moveit2/moveit_planners) by extension 'python'
[1.872s] Level 1:colcon.colcon_core.package_identification:_identify(src/moveit2/moveit_planners) by extensions ['python_setup_py']
[1.872s] Level 1:colcon.colcon_core.package_identification:_identify(src/moveit2/moveit_planners) by extension 'python_setup_py'
[1.873s] Level 1:colcon.colcon_core.package_identification:_identify(src/moveit2/moveit_planners/chomp) by extensions ['ignore', 'ignore_ament_install']
[1.873s] Level 1:colcon.colcon_core.package_identification:_identify(src/moveit2/moveit_planners/chomp) by extension 'ignore'
[1.873s] Level 1:colcon.colcon_core.package_identification:_identify(src/moveit2/moveit_planners/chomp) by extension 'ignore_ament_install'
[1.873s] Level 1:colcon.colcon_core.package_identification:_identify(src/moveit2/moveit_planners/chomp) by extensions ['colcon_pkg']
[1.873s] Level 1:colcon.colcon_core.package_identification:_identify(src/moveit2/moveit_planners/chomp) by extension 'colcon_pkg'
[1.873s] Level 1:colcon.colcon_core.package_identification:_identify(src/moveit2/moveit_planners/chomp) by extensions ['colcon_meta']
[1.874s] Level 1:colcon.colcon_core.package_identification:_identify(src/moveit2/moveit_planners/chomp) by extension 'colcon_meta'
[1.874s] Level 1:colcon.colcon_core.package_identification:_identify(src/moveit2/moveit_planners/chomp) by extensions ['ros']
[1.874s] Level 1:colcon.colcon_core.package_identification:_identify(src/moveit2/moveit_planners/chomp) by extension 'ros'
[1.874s] Level 1:colcon.colcon_core.package_identification:_identify(src/moveit2/moveit_planners/chomp) by extensions ['cmake', 'python']
[1.874s] Level 1:colcon.colcon_core.package_identification:_identify(src/moveit2/moveit_planners/chomp) by extension 'cmake'
[1.874s] Level 1:colcon.colcon_core.package_identification:_identify(src/moveit2/moveit_planners/chomp) by extension 'python'
[1.874s] Level 1:colcon.colcon_core.package_identification:_identify(src/moveit2/moveit_planners/chomp) by extensions ['python_setup_py']
[1.874s] Level 1:colcon.colcon_core.package_identification:_identify(src/moveit2/moveit_planners/chomp) by extension 'python_setup_py'
[1.877s] Level 1:colcon.colcon_core.package_identification:_identify(src/moveit2/moveit_planners/chomp/chomp_interface) by extensions ['ignore', 'ignore_ament_install']
[1.878s] Level 1:colcon.colcon_core.package_identification:_identify(src/moveit2/moveit_planners/chomp/chomp_interface) by extension 'ignore'
[1.878s] Level 1:colcon.colcon_core.package_identification:_identify(src/moveit2/moveit_planners/chomp/chomp_interface) by extension 'ignore_ament_install'
[1.878s] Level 1:colcon.colcon_core.package_identification:_identify(src/moveit2/moveit_planners/chomp/chomp_interface) by extensions ['colcon_pkg']
[1.878s] Level 1:colcon.colcon_core.package_identification:_identify(src/moveit2/moveit_planners/chomp/chomp_interface) by extension 'colcon_pkg'
[1.878s] Level 1:colcon.colcon_core.package_identification:_identify(src/moveit2/moveit_planners/chomp/chomp_interface) by extensions ['colcon_meta']
[1.878s] Level 1:colcon.colcon_core.package_identification:_identify(src/moveit2/moveit_planners/chomp/chomp_interface) by extension 'colcon_meta'
[1.878s] Level 1:colcon.colcon_core.package_identification:_identify(src/moveit2/moveit_planners/chomp/chomp_interface) by extensions ['ros']
[1.878s] Level 1:colcon.colcon_core.package_identification:_identify(src/moveit2/moveit_planners/chomp/chomp_interface) by extension 'ros'
[1.881s] DEBUG:colcon.colcon_core.package_identification:Package 'src/moveit2/moveit_planners/chomp/chomp_interface' with type 'ros.ament_cmake' and name 'moveit_planners_chomp'
[1.881s] Level 1:colcon.colcon_core.package_identification:_identify(src/moveit2/moveit_planners/chomp/chomp_motion_planner) by extensions ['ignore', 'ignore_ament_install']
[1.882s] Level 1:colcon.colcon_core.package_identification:_identify(src/moveit2/moveit_planners/chomp/chomp_motion_planner) by extension 'ignore'
[1.882s] Level 1:colcon.colcon_core.package_identification:_identify(src/moveit2/moveit_planners/chomp/chomp_motion_planner) by extension 'ignore_ament_install'
[1.882s] Level 1:colcon.colcon_core.package_identification:_identify(src/moveit2/moveit_planners/chomp/chomp_motion_planner) by extensions ['colcon_pkg']
[1.882s] Level 1:colcon.colcon_core.package_identification:_identify(src/moveit2/moveit_planners/chomp/chomp_motion_planner) by extension 'colcon_pkg'
[1.882s] Level 1:colcon.colcon_core.package_identification:_identify(src/moveit2/moveit_planners/chomp/chomp_motion_planner) by extensions ['colcon_meta']
[1.882s] Level 1:colcon.colcon_core.package_identification:_identify(src/moveit2/moveit_planners/chomp/chomp_motion_planner) by extension 'colcon_meta'
[1.882s] Level 1:colcon.colcon_core.package_identification:_identify(src/moveit2/moveit_planners/chomp/chomp_motion_planner) by extensions ['ros']
[1.882s] Level 1:colcon.colcon_core.package_identification:_identify(src/moveit2/moveit_planners/chomp/chomp_motion_planner) by extension 'ros'
[1.884s] DEBUG:colcon.colcon_core.package_identification:Package 'src/moveit2/moveit_planners/chomp/chomp_motion_planner' with type 'ros.ament_cmake' and name 'chomp_motion_planner'
[1.885s] Level 1:colcon.colcon_core.package_identification:_identify(src/moveit2/moveit_planners/chomp/chomp_optimizer_adapter) by extensions ['ignore', 'ignore_ament_install']
[1.885s] Level 1:colcon.colcon_core.package_identification:_identify(src/moveit2/moveit_planners/chomp/chomp_optimizer_adapter) by extension 'ignore'
[1.885s] Level 1:colcon.colcon_core.package_identification:_identify(src/moveit2/moveit_planners/chomp/chomp_optimizer_adapter) by extension 'ignore_ament_install'
[1.886s] Level 1:colcon.colcon_core.package_identification:_identify(src/moveit2/moveit_planners/chomp/chomp_optimizer_adapter) by extensions ['colcon_pkg']
[1.886s] Level 1:colcon.colcon_core.package_identification:_identify(src/moveit2/moveit_planners/chomp/chomp_optimizer_adapter) by extension 'colcon_pkg'
[1.886s] Level 1:colcon.colcon_core.package_identification:_identify(src/moveit2/moveit_planners/chomp/chomp_optimizer_adapter) by extensions ['colcon_meta']
[1.886s] Level 1:colcon.colcon_core.package_identification:_identify(src/moveit2/moveit_planners/chomp/chomp_optimizer_adapter) by extension 'colcon_meta'
[1.886s] Level 1:colcon.colcon_core.package_identification:_identify(src/moveit2/moveit_planners/chomp/chomp_optimizer_adapter) by extensions ['ros']
[1.886s] Level 1:colcon.colcon_core.package_identification:_identify(src/moveit2/moveit_planners/chomp/chomp_optimizer_adapter) by extension 'ros'
[1.888s] DEBUG:colcon.colcon_core.package_identification:Package 'src/moveit2/moveit_planners/chomp/chomp_optimizer_adapter' with type 'ros.ament_cmake' and name 'moveit_chomp_optimizer_adapter'
[1.889s] Level 1:colcon.colcon_core.package_identification:_identify(src/moveit2/moveit_planners/moveit_planners) by extensions ['ignore', 'ignore_ament_install']
[1.889s] Level 1:colcon.colcon_core.package_identification:_identify(src/moveit2/moveit_planners/moveit_planners) by extension 'ignore'
[1.889s] Level 1:colcon.colcon_core.package_identification:_identify(src/moveit2/moveit_planners/moveit_planners) by extension 'ignore_ament_install'
[1.889s] Level 1:colcon.colcon_core.package_identification:_identify(src/moveit2/moveit_planners/moveit_planners) by extensions ['colcon_pkg']
[1.889s] Level 1:colcon.colcon_core.package_identification:_identify(src/moveit2/moveit_planners/moveit_planners) by extension 'colcon_pkg'
[1.890s] Level 1:colcon.colcon_core.package_identification:_identify(src/moveit2/moveit_planners/moveit_planners) by extensions ['colcon_meta']
[1.890s] Level 1:colcon.colcon_core.package_identification:_identify(src/moveit2/moveit_planners/moveit_planners) by extension 'colcon_meta'
[1.890s] Level 1:colcon.colcon_core.package_identification:_identify(src/moveit2/moveit_planners/moveit_planners) by extensions ['ros']
[1.890s] Level 1:colcon.colcon_core.package_identification:_identify(src/moveit2/moveit_planners/moveit_planners) by extension 'ros'
[1.892s] DEBUG:colcon.colcon_core.package_identification:Package 'src/moveit2/moveit_planners/moveit_planners' with type 'ros.ament_cmake' and name 'moveit_planners'
[1.892s] Level 1:colcon.colcon_core.package_identification:_identify(src/moveit2/moveit_planners/ompl) by extensions ['ignore', 'ignore_ament_install']
[1.893s] Level 1:colcon.colcon_core.package_identification:_identify(src/moveit2/moveit_planners/ompl) by extension 'ignore'
[1.893s] Level 1:colcon.colcon_core.package_identification:_identify(src/moveit2/moveit_planners/ompl) by extension 'ignore_ament_install'
[1.893s] Level 1:colcon.colcon_core.package_identification:_identify(src/moveit2/moveit_planners/ompl) by extensions ['colcon_pkg']
[1.893s] Level 1:colcon.colcon_core.package_identification:_identify(src/moveit2/moveit_planners/ompl) by extension 'colcon_pkg'
[1.893s] Level 1:colcon.colcon_core.package_identification:_identify(src/moveit2/moveit_planners/ompl) by extensions ['colcon_meta']
[1.893s] Level 1:colcon.colcon_core.package_identification:_identify(src/moveit2/moveit_planners/ompl) by extension 'colcon_meta'
[1.893s] Level 1:colcon.colcon_core.package_identification:_identify(src/moveit2/moveit_planners/ompl) by extensions ['ros']
[1.893s] Level 1:colcon.colcon_core.package_identification:_identify(src/moveit2/moveit_planners/ompl) by extension 'ros'
[1.897s] DEBUG:colcon.colcon_core.package_identification:Package 'src/moveit2/moveit_planners/ompl' with type 'ros.ament_cmake' and name 'moveit_planners_ompl'
[1.897s] Level 1:colcon.colcon_core.package_identification:_identify(src/moveit2/moveit_planners/pilz_industrial_motion_planner) by extensions ['ignore', 'ignore_ament_install']
[1.897s] Level 1:colcon.colcon_core.package_identification:_identify(src/moveit2/moveit_planners/pilz_industrial_motion_planner) by extension 'ignore'
[1.898s] Level 1:colcon.colcon_core.package_identification:_identify(src/moveit2/moveit_planners/pilz_industrial_motion_planner) by extension 'ignore_ament_install'
[1.898s] Level 1:colcon.colcon_core.package_identification:_identify(src/moveit2/moveit_planners/pilz_industrial_motion_planner) by extensions ['colcon_pkg']
[1.898s] Level 1:colcon.colcon_core.package_identification:_identify(src/moveit2/moveit_planners/pilz_industrial_motion_planner) by extension 'colcon_pkg'
[1.898s] Level 1:colcon.colcon_core.package_identification:_identify(src/moveit2/moveit_planners/pilz_industrial_motion_planner) by extensions ['colcon_meta']
[1.898s] Level 1:colcon.colcon_core.package_identification:_identify(src/moveit2/moveit_planners/pilz_industrial_motion_planner) by extension 'colcon_meta'
[1.898s] Level 1:colcon.colcon_core.package_identification:_identify(src/moveit2/moveit_planners/pilz_industrial_motion_planner) by extensions ['ros']
[1.898s] Level 1:colcon.colcon_core.package_identification:_identify(src/moveit2/moveit_planners/pilz_industrial_motion_planner) by extension 'ros'
[1.903s] DEBUG:colcon.colcon_core.package_identification:Package 'src/moveit2/moveit_planners/pilz_industrial_motion_planner' with type 'ros.ament_cmake' and name 'pilz_industrial_motion_planner'
[1.904s] Level 1:colcon.colcon_core.package_identification:_identify(src/moveit2/moveit_planners/pilz_industrial_motion_planner_testutils) by extensions ['ignore', 'ignore_ament_install']
[1.904s] Level 1:colcon.colcon_core.package_identification:_identify(src/moveit2/moveit_planners/pilz_industrial_motion_planner_testutils) by extension 'ignore'
[1.904s] Level 1:colcon.colcon_core.package_identification:_identify(src/moveit2/moveit_planners/pilz_industrial_motion_planner_testutils) by extension 'ignore_ament_install'
[1.904s] Level 1:colcon.colcon_core.package_identification:_identify(src/moveit2/moveit_planners/pilz_industrial_motion_planner_testutils) by extensions ['colcon_pkg']
[1.904s] Level 1:colcon.colcon_core.package_identification:_identify(src/moveit2/moveit_planners/pilz_industrial_motion_planner_testutils) by extension 'colcon_pkg'
[1.904s] Level 1:colcon.colcon_core.package_identification:_identify(src/moveit2/moveit_planners/pilz_industrial_motion_planner_testutils) by extensions ['colcon_meta']
[1.905s] Level 1:colcon.colcon_core.package_identification:_identify(src/moveit2/moveit_planners/pilz_industrial_motion_planner_testutils) by extension 'colcon_meta'
[1.905s] Level 1:colcon.colcon_core.package_identification:_identify(src/moveit2/moveit_planners/pilz_industrial_motion_planner_testutils) by extensions ['ros']
[1.905s] Level 1:colcon.colcon_core.package_identification:_identify(src/moveit2/moveit_planners/pilz_industrial_motion_planner_testutils) by extension 'ros'
[1.907s] DEBUG:colcon.colcon_core.package_identification:Package 'src/moveit2/moveit_planners/pilz_industrial_motion_planner_testutils' with type 'ros.ament_cmake' and name 'pilz_industrial_motion_planner_testutils'
[1.908s] Level 1:colcon.colcon_core.package_identification:_identify(src/moveit2/moveit_planners/test_configs) by extensions ['ignore', 'ignore_ament_install']
[1.908s] Level 1:colcon.colcon_core.package_identification:_identify(src/moveit2/moveit_planners/test_configs) by extension 'ignore'
[1.908s] Level 1:colcon.colcon_core.package_identification:_identify(src/moveit2/moveit_planners/test_configs) by extension 'ignore_ament_install'
[1.908s] Level 1:colcon.colcon_core.package_identification:_identify(src/moveit2/moveit_planners/test_configs) by extensions ['colcon_pkg']
[1.908s] Level 1:colcon.colcon_core.package_identification:_identify(src/moveit2/moveit_planners/test_configs) by extension 'colcon_pkg'
[1.908s] Level 1:colcon.colcon_core.package_identification:_identify(src/moveit2/moveit_planners/test_configs) by extensions ['colcon_meta']
[1.909s] Level 1:colcon.colcon_core.package_identification:_identify(src/moveit2/moveit_planners/test_configs) by extension 'colcon_meta'
[1.909s] Level 1:colcon.colcon_core.package_identification:_identify(src/moveit2/moveit_planners/test_configs) by extensions ['ros']
[1.909s] Level 1:colcon.colcon_core.package_identification:_identify(src/moveit2/moveit_planners/test_configs) by extension 'ros'
[1.909s] Level 1:colcon.colcon_core.package_identification:_identify(src/moveit2/moveit_planners/test_configs) by extensions ['cmake', 'python']
[1.909s] Level 1:colcon.colcon_core.package_identification:_identify(src/moveit2/moveit_planners/test_configs) by extension 'cmake'
[1.909s] Level 1:colcon.colcon_core.package_identification:_identify(src/moveit2/moveit_planners/test_configs) by extension 'python'
[1.909s] Level 1:colcon.colcon_core.package_identification:_identify(src/moveit2/moveit_planners/test_configs) by extensions ['python_setup_py']
[1.909s] Level 1:colcon.colcon_core.package_identification:_identify(src/moveit2/moveit_planners/test_configs) by extension 'python_setup_py'
[1.910s] Level 1:colcon.colcon_core.package_identification:_identify(src/moveit2/moveit_planners/test_configs/prbt_ikfast_manipulator_plugin) by extensions ['ignore', 'ignore_ament_install']
[1.910s] Level 1:colcon.colcon_core.package_identification:_identify(src/moveit2/moveit_planners/test_configs/prbt_ikfast_manipulator_plugin) by extension 'ignore'
[1.910s] Level 1:colcon.colcon_core.package_identification:_identify(src/moveit2/moveit_planners/test_configs/prbt_ikfast_manipulator_plugin) by extension 'ignore_ament_install'
[1.910s] Level 1:colcon.colcon_core.package_identification:_identify(src/moveit2/moveit_planners/test_configs/prbt_ikfast_manipulator_plugin) by extensions ['colcon_pkg']
[1.911s] Level 1:colcon.colcon_core.package_identification:_identify(src/moveit2/moveit_planners/test_configs/prbt_ikfast_manipulator_plugin) by extension 'colcon_pkg'
[1.911s] Level 1:colcon.colcon_core.package_identification:_identify(src/moveit2/moveit_planners/test_configs/prbt_ikfast_manipulator_plugin) by extensions ['colcon_meta']
[1.911s] Level 1:colcon.colcon_core.package_identification:_identify(src/moveit2/moveit_planners/test_configs/prbt_ikfast_manipulator_plugin) by extension 'colcon_meta'
[1.911s] Level 1:colcon.colcon_core.package_identification:_identify(src/moveit2/moveit_planners/test_configs/prbt_ikfast_manipulator_plugin) by extensions ['ros']
[1.911s] Level 1:colcon.colcon_core.package_identification:_identify(src/moveit2/moveit_planners/test_configs/prbt_ikfast_manipulator_plugin) by extension 'ros'
[1.913s] DEBUG:colcon.colcon_core.package_identification:Package 'src/moveit2/moveit_planners/test_configs/prbt_ikfast_manipulator_plugin' with type 'ros.ament_cmake' and name 'moveit_resources_prbt_ikfast_manipulator_plugin'
[1.914s] Level 1:colcon.colcon_core.package_identification:_identify(src/moveit2/moveit_planners/test_configs/prbt_moveit_config) by extensions ['ignore', 'ignore_ament_install']
[1.914s] Level 1:colcon.colcon_core.package_identification:_identify(src/moveit2/moveit_planners/test_configs/prbt_moveit_config) by extension 'ignore'
[1.914s] Level 1:colcon.colcon_core.package_identification:_identify(src/moveit2/moveit_planners/test_configs/prbt_moveit_config) by extension 'ignore_ament_install'
[1.914s] Level 1:colcon.colcon_core.package_identification:_identify(src/moveit2/moveit_planners/test_configs/prbt_moveit_config) by extensions ['colcon_pkg']
[1.914s] Level 1:colcon.colcon_core.package_identification:_identify(src/moveit2/moveit_planners/test_configs/prbt_moveit_config) by extension 'colcon_pkg'
[1.914s] Level 1:colcon.colcon_core.package_identification:_identify(src/moveit2/moveit_planners/test_configs/prbt_moveit_config) by extensions ['colcon_meta']
[1.914s] Level 1:colcon.colcon_core.package_identification:_identify(src/moveit2/moveit_planners/test_configs/prbt_moveit_config) by extension 'colcon_meta'
[1.915s] Level 1:colcon.colcon_core.package_identification:_identify(src/moveit2/moveit_planners/test_configs/prbt_moveit_config) by extensions ['ros']
[1.915s] Level 1:colcon.colcon_core.package_identification:_identify(src/moveit2/moveit_planners/test_configs/prbt_moveit_config) by extension 'ros'
[1.916s] DEBUG:colcon.colcon_core.package_identification:Package 'src/moveit2/moveit_planners/test_configs/prbt_moveit_config' with type 'ros.ament_cmake' and name 'moveit_resources_prbt_moveit_config'
[1.917s] Level 1:colcon.colcon_core.package_identification:_identify(src/moveit2/moveit_planners/test_configs/prbt_pg70_support) by extensions ['ignore', 'ignore_ament_install']
[1.918s] Level 1:colcon.colcon_core.package_identification:_identify(src/moveit2/moveit_planners/test_configs/prbt_pg70_support) by extension 'ignore'
[1.918s] Level 1:colcon.colcon_core.package_identification:_identify(src/moveit2/moveit_planners/test_configs/prbt_pg70_support) by extension 'ignore_ament_install'
[1.918s] Level 1:colcon.colcon_core.package_identification:_identify(src/moveit2/moveit_planners/test_configs/prbt_pg70_support) by extensions ['colcon_pkg']
[1.918s] Level 1:colcon.colcon_core.package_identification:_identify(src/moveit2/moveit_planners/test_configs/prbt_pg70_support) by extension 'colcon_pkg'
[1.918s] Level 1:colcon.colcon_core.package_identification:_identify(src/moveit2/moveit_planners/test_configs/prbt_pg70_support) by extensions ['colcon_meta']
[1.918s] Level 1:colcon.colcon_core.package_identification:_identify(src/moveit2/moveit_planners/test_configs/prbt_pg70_support) by extension 'colcon_meta'
[1.918s] Level 1:colcon.colcon_core.package_identification:_identify(src/moveit2/moveit_planners/test_configs/prbt_pg70_support) by extensions ['ros']
[1.918s] Level 1:colcon.colcon_core.package_identification:_identify(src/moveit2/moveit_planners/test_configs/prbt_pg70_support) by extension 'ros'
[1.920s] DEBUG:colcon.colcon_core.package_identification:Package 'src/moveit2/moveit_planners/test_configs/prbt_pg70_support' with type 'ros.ament_cmake' and name 'moveit_resources_prbt_pg70_support'
[1.921s] Level 1:colcon.colcon_core.package_identification:_identify(src/moveit2/moveit_planners/test_configs/prbt_support) by extensions ['ignore', 'ignore_ament_install']
[1.921s] Level 1:colcon.colcon_core.package_identification:_identify(src/moveit2/moveit_planners/test_configs/prbt_support) by extension 'ignore'
[1.921s] Level 1:colcon.colcon_core.package_identification:_identify(src/moveit2/moveit_planners/test_configs/prbt_support) by extension 'ignore_ament_install'
[1.921s] Level 1:colcon.colcon_core.package_identification:_identify(src/moveit2/moveit_planners/test_configs/prbt_support) by extensions ['colcon_pkg']
[1.921s] Level 1:colcon.colcon_core.package_identification:_identify(src/moveit2/moveit_planners/test_configs/prbt_support) by extension 'colcon_pkg'
[1.921s] Level 1:colcon.colcon_core.package_identification:_identify(src/moveit2/moveit_planners/test_configs/prbt_support) by extensions ['colcon_meta']
[1.921s] Level 1:colcon.colcon_core.package_identification:_identify(src/moveit2/moveit_planners/test_configs/prbt_support) by extension 'colcon_meta'
[1.922s] Level 1:colcon.colcon_core.package_identification:_identify(src/moveit2/moveit_planners/test_configs/prbt_support) by extensions ['ros']
[1.922s] Level 1:colcon.colcon_core.package_identification:_identify(src/moveit2/moveit_planners/test_configs/prbt_support) by extension 'ros'
[1.923s] DEBUG:colcon.colcon_core.package_identification:Package 'src/moveit2/moveit_planners/test_configs/prbt_support' with type 'ros.ament_cmake' and name 'moveit_resources_prbt_support'
[1.924s] Level 1:colcon.colcon_core.package_identification:_identify(src/moveit2/moveit_planners/trajopt) by extensions ['ignore', 'ignore_ament_install']
[1.924s] Level 1:colcon.colcon_core.package_identification:_identify(src/moveit2/moveit_planners/trajopt) by extension 'ignore'
[1.924s] Level 1:colcon.colcon_core.package_identification:_identify(src/moveit2/moveit_planners/trajopt) ignored
[1.925s] Level 1:colcon.colcon_core.package_identification:_identify(src/moveit2/moveit_plugins) by extensions ['ignore', 'ignore_ament_install']
[1.925s] Level 1:colcon.colcon_core.package_identification:_identify(src/moveit2/moveit_plugins) by extension 'ignore'
[1.925s] Level 1:colcon.colcon_core.package_identification:_identify(src/moveit2/moveit_plugins) by extension 'ignore_ament_install'
[1.925s] Level 1:colcon.colcon_core.package_identification:_identify(src/moveit2/moveit_plugins) by extensions ['colcon_pkg']
[1.925s] Level 1:colcon.colcon_core.package_identification:_identify(src/moveit2/moveit_plugins) by extension 'colcon_pkg'
[1.926s] Level 1:colcon.colcon_core.package_identification:_identify(src/moveit2/moveit_plugins) by extensions ['colcon_meta']
[1.926s] Level 1:colcon.colcon_core.package_identification:_identify(src/moveit2/moveit_plugins) by extension 'colcon_meta'
[1.926s] Level 1:colcon.colcon_core.package_identification:_identify(src/moveit2/moveit_plugins) by extensions ['ros']
[1.926s] Level 1:colcon.colcon_core.package_identification:_identify(src/moveit2/moveit_plugins) by extension 'ros'
[1.926s] Level 1:colcon.colcon_core.package_identification:_identify(src/moveit2/moveit_plugins) by extensions ['cmake', 'python']
[1.926s] Level 1:colcon.colcon_core.package_identification:_identify(src/moveit2/moveit_plugins) by extension 'cmake'
[1.926s] Level 1:colcon.colcon_core.package_identification:_identify(src/moveit2/moveit_plugins) by extension 'python'
[1.926s] Level 1:colcon.colcon_core.package_identification:_identify(src/moveit2/moveit_plugins) by extensions ['python_setup_py']
[1.926s] Level 1:colcon.colcon_core.package_identification:_identify(src/moveit2/moveit_plugins) by extension 'python_setup_py'
[1.927s] Level 1:colcon.colcon_core.package_identification:_identify(src/moveit2/moveit_plugins/moveit_plugins) by extensions ['ignore', 'ignore_ament_install']
[1.927s] Level 1:colcon.colcon_core.package_identification:_identify(src/moveit2/moveit_plugins/moveit_plugins) by extension 'ignore'
[1.927s] Level 1:colcon.colcon_core.package_identification:_identify(src/moveit2/moveit_plugins/moveit_plugins) by extension 'ignore_ament_install'
[1.927s] Level 1:colcon.colcon_core.package_identification:_identify(src/moveit2/moveit_plugins/moveit_plugins) by extensions ['colcon_pkg']
[1.928s] Level 1:colcon.colcon_core.package_identification:_identify(src/moveit2/moveit_plugins/moveit_plugins) by extension 'colcon_pkg'
[1.928s] Level 1:colcon.colcon_core.package_identification:_identify(src/moveit2/moveit_plugins/moveit_plugins) by extensions ['colcon_meta']
[1.928s] Level 1:colcon.colcon_core.package_identification:_identify(src/moveit2/moveit_plugins/moveit_plugins) by extension 'colcon_meta'
[1.928s] Level 1:colcon.colcon_core.package_identification:_identify(src/moveit2/moveit_plugins/moveit_plugins) by extensions ['ros']
[1.928s] Level 1:colcon.colcon_core.package_identification:_identify(src/moveit2/moveit_plugins/moveit_plugins) by extension 'ros'
[1.930s] DEBUG:colcon.colcon_core.package_identification:Package 'src/moveit2/moveit_plugins/moveit_plugins' with type 'ros.ament_cmake' and name 'moveit_plugins'
[1.930s] Level 1:colcon.colcon_core.package_identification:_identify(src/moveit2/moveit_plugins/moveit_ros_control_interface) by extensions ['ignore', 'ignore_ament_install']
[1.930s] Level 1:colcon.colcon_core.package_identification:_identify(src/moveit2/moveit_plugins/moveit_ros_control_interface) by extension 'ignore'
[1.931s] Level 1:colcon.colcon_core.package_identification:_identify(src/moveit2/moveit_plugins/moveit_ros_control_interface) by extension 'ignore_ament_install'
[1.931s] Level 1:colcon.colcon_core.package_identification:_identify(src/moveit2/moveit_plugins/moveit_ros_control_interface) by extensions ['colcon_pkg']
[1.931s] Level 1:colcon.colcon_core.package_identification:_identify(src/moveit2/moveit_plugins/moveit_ros_control_interface) by extension 'colcon_pkg'
[1.931s] Level 1:colcon.colcon_core.package_identification:_identify(src/moveit2/moveit_plugins/moveit_ros_control_interface) by extensions ['colcon_meta']
[1.931s] Level 1:colcon.colcon_core.package_identification:_identify(src/moveit2/moveit_plugins/moveit_ros_control_interface) by extension 'colcon_meta'
[1.931s] Level 1:colcon.colcon_core.package_identification:_identify(src/moveit2/moveit_plugins/moveit_ros_control_interface) by extensions ['ros']
[1.931s] Level 1:colcon.colcon_core.package_identification:_identify(src/moveit2/moveit_plugins/moveit_ros_control_interface) by extension 'ros'
[1.934s] DEBUG:colcon.colcon_core.package_identification:Package 'src/moveit2/moveit_plugins/moveit_ros_control_interface' with type 'ros.ament_cmake' and name 'moveit_ros_control_interface'
[1.934s] Level 1:colcon.colcon_core.package_identification:_identify(src/moveit2/moveit_plugins/moveit_simple_controller_manager) by extensions ['ignore', 'ignore_ament_install']
[1.935s] Level 1:colcon.colcon_core.package_identification:_identify(src/moveit2/moveit_plugins/moveit_simple_controller_manager) by extension 'ignore'
[1.935s] Level 1:colcon.colcon_core.package_identification:_identify(src/moveit2/moveit_plugins/moveit_simple_controller_manager) by extension 'ignore_ament_install'
[1.935s] Level 1:colcon.colcon_core.package_identification:_identify(src/moveit2/moveit_plugins/moveit_simple_controller_manager) by extensions ['colcon_pkg']
[1.935s] Level 1:colcon.colcon_core.package_identification:_identify(src/moveit2/moveit_plugins/moveit_simple_controller_manager) by extension 'colcon_pkg'
[1.935s] Level 1:colcon.colcon_core.package_identification:_identify(src/moveit2/moveit_plugins/moveit_simple_controller_manager) by extensions ['colcon_meta']
[1.935s] Level 1:colcon.colcon_core.package_identification:_identify(src/moveit2/moveit_plugins/moveit_simple_controller_manager) by extension 'colcon_meta'
[1.935s] Level 1:colcon.colcon_core.package_identification:_identify(src/moveit2/moveit_plugins/moveit_simple_controller_manager) by extensions ['ros']
[1.935s] Level 1:colcon.colcon_core.package_identification:_identify(src/moveit2/moveit_plugins/moveit_simple_controller_manager) by extension 'ros'
[1.938s] DEBUG:colcon.colcon_core.package_identification:Package 'src/moveit2/moveit_plugins/moveit_simple_controller_manager' with type 'ros.ament_cmake' and name 'moveit_simple_controller_manager'
[1.939s] Level 1:colcon.colcon_core.package_identification:_identify(src/moveit2/moveit_ros) by extensions ['ignore', 'ignore_ament_install']
[1.939s] Level 1:colcon.colcon_core.package_identification:_identify(src/moveit2/moveit_ros) by extension 'ignore'
[1.939s] Level 1:colcon.colcon_core.package_identification:_identify(src/moveit2/moveit_ros) by extension 'ignore_ament_install'
[1.939s] Level 1:colcon.colcon_core.package_identification:_identify(src/moveit2/moveit_ros) by extensions ['colcon_pkg']
[1.939s] Level 1:colcon.colcon_core.package_identification:_identify(src/moveit2/moveit_ros) by extension 'colcon_pkg'
[1.940s] Level 1:colcon.colcon_core.package_identification:_identify(src/moveit2/moveit_ros) by extensions ['colcon_meta']
[1.940s] Level 1:colcon.colcon_core.package_identification:_identify(src/moveit2/moveit_ros) by extension 'colcon_meta'
[1.940s] Level 1:colcon.colcon_core.package_identification:_identify(src/moveit2/moveit_ros) by extensions ['ros']
[1.940s] Level 1:colcon.colcon_core.package_identification:_identify(src/moveit2/moveit_ros) by extension 'ros'
[1.940s] Level 1:colcon.colcon_core.package_identification:_identify(src/moveit2/moveit_ros) by extensions ['cmake', 'python']
[1.940s] Level 1:colcon.colcon_core.package_identification:_identify(src/moveit2/moveit_ros) by extension 'cmake'
[1.940s] Level 1:colcon.colcon_core.package_identification:_identify(src/moveit2/moveit_ros) by extension 'python'
[1.940s] Level 1:colcon.colcon_core.package_identification:_identify(src/moveit2/moveit_ros) by extensions ['python_setup_py']
[1.940s] Level 1:colcon.colcon_core.package_identification:_identify(src/moveit2/moveit_ros) by extension 'python_setup_py'
[1.941s] Level 1:colcon.colcon_core.package_identification:_identify(src/moveit2/moveit_ros/benchmarks) by extensions ['ignore', 'ignore_ament_install']
[1.941s] Level 1:colcon.colcon_core.package_identification:_identify(src/moveit2/moveit_ros/benchmarks) by extension 'ignore'
[1.941s] Level 1:colcon.colcon_core.package_identification:_identify(src/moveit2/moveit_ros/benchmarks) by extension 'ignore_ament_install'
[1.942s] Level 1:colcon.colcon_core.package_identification:_identify(src/moveit2/moveit_ros/benchmarks) by extensions ['colcon_pkg']
[1.942s] Level 1:colcon.colcon_core.package_identification:_identify(src/moveit2/moveit_ros/benchmarks) by extension 'colcon_pkg'
[1.942s] Level 1:colcon.colcon_core.package_identification:_identify(src/moveit2/moveit_ros/benchmarks) by extensions ['colcon_meta']
[1.942s] Level 1:colcon.colcon_core.package_identification:_identify(src/moveit2/moveit_ros/benchmarks) by extension 'colcon_meta'
[1.942s] Level 1:colcon.colcon_core.package_identification:_identify(src/moveit2/moveit_ros/benchmarks) by extensions ['ros']
[1.942s] Level 1:colcon.colcon_core.package_identification:_identify(src/moveit2/moveit_ros/benchmarks) by extension 'ros'
[1.947s] DEBUG:colcon.colcon_core.package_identification:Package 'src/moveit2/moveit_ros/benchmarks' with type 'ros.ament_cmake' and name 'moveit_ros_benchmarks'
[1.948s] Level 1:colcon.colcon_core.package_identification:_identify(src/moveit2/moveit_ros/hybrid_planning) by extensions ['ignore', 'ignore_ament_install']
[1.949s] Level 1:colcon.colcon_core.package_identification:_identify(src/moveit2/moveit_ros/hybrid_planning) by extension 'ignore'
[1.949s] Level 1:colcon.colcon_core.package_identification:_identify(src/moveit2/moveit_ros/hybrid_planning) by extension 'ignore_ament_install'
[1.949s] Level 1:colcon.colcon_core.package_identification:_identify(src/moveit2/moveit_ros/hybrid_planning) by extensions ['colcon_pkg']
[1.949s] Level 1:colcon.colcon_core.package_identification:_identify(src/moveit2/moveit_ros/hybrid_planning) by extension 'colcon_pkg'
[1.949s] Level 1:colcon.colcon_core.package_identification:_identify(src/moveit2/moveit_ros/hybrid_planning) by extensions ['colcon_meta']
[1.949s] Level 1:colcon.colcon_core.package_identification:_identify(src/moveit2/moveit_ros/hybrid_planning) by extension 'colcon_meta'
[1.949s] Level 1:colcon.colcon_core.package_identification:_identify(src/moveit2/moveit_ros/hybrid_planning) by extensions ['ros']
[1.949s] Level 1:colcon.colcon_core.package_identification:_identify(src/moveit2/moveit_ros/hybrid_planning) by extension 'ros'
[1.954s] DEBUG:colcon.colcon_core.package_identification:Package 'src/moveit2/moveit_ros/hybrid_planning' with type 'ros.ament_cmake' and name 'moveit_hybrid_planning'
[1.954s] Level 1:colcon.colcon_core.package_identification:_identify(src/moveit2/moveit_ros/move_group) by extensions ['ignore', 'ignore_ament_install']
[1.955s] Level 1:colcon.colcon_core.package_identification:_identify(src/moveit2/moveit_ros/move_group) by extension 'ignore'
[1.955s] Level 1:colcon.colcon_core.package_identification:_identify(src/moveit2/moveit_ros/move_group) by extension 'ignore_ament_install'
[1.955s] Level 1:colcon.colcon_core.package_identification:_identify(src/moveit2/moveit_ros/move_group) by extensions ['colcon_pkg']
[1.955s] Level 1:colcon.colcon_core.package_identification:_identify(src/moveit2/moveit_ros/move_group) by extension 'colcon_pkg'
[1.955s] Level 1:colcon.colcon_core.package_identification:_identify(src/moveit2/moveit_ros/move_group) by extensions ['colcon_meta']
[1.955s] Level 1:colcon.colcon_core.package_identification:_identify(src/moveit2/moveit_ros/move_group) by extension 'colcon_meta'
[1.955s] Level 1:colcon.colcon_core.package_identification:_identify(src/moveit2/moveit_ros/move_group) by extensions ['ros']
[1.956s] Level 1:colcon.colcon_core.package_identification:_identify(src/moveit2/moveit_ros/move_group) by extension 'ros'
[1.959s] DEBUG:colcon.colcon_core.package_identification:Package 'src/moveit2/moveit_ros/move_group' with type 'ros.ament_cmake' and name 'moveit_ros_move_group'
[1.960s] Level 1:colcon.colcon_core.package_identification:_identify(src/moveit2/moveit_ros/moveit_ros) by extensions ['ignore', 'ignore_ament_install']
[1.960s] Level 1:colcon.colcon_core.package_identification:_identify(src/moveit2/moveit_ros/moveit_ros) by extension 'ignore'
[1.960s] Level 1:colcon.colcon_core.package_identification:_identify(src/moveit2/moveit_ros/moveit_ros) by extension 'ignore_ament_install'
[1.960s] Level 1:colcon.colcon_core.package_identification:_identify(src/moveit2/moveit_ros/moveit_ros) by extensions ['colcon_pkg']
[1.960s] Level 1:colcon.colcon_core.package_identification:_identify(src/moveit2/moveit_ros/moveit_ros) by extension 'colcon_pkg'
[1.960s] Level 1:colcon.colcon_core.package_identification:_identify(src/moveit2/moveit_ros/moveit_ros) by extensions ['colcon_meta']
[1.960s] Level 1:colcon.colcon_core.package_identification:_identify(src/moveit2/moveit_ros/moveit_ros) by extension 'colcon_meta'
[1.961s] Level 1:colcon.colcon_core.package_identification:_identify(src/moveit2/moveit_ros/moveit_ros) by extensions ['ros']
[1.961s] Level 1:colcon.colcon_core.package_identification:_identify(src/moveit2/moveit_ros/moveit_ros) by extension 'ros'
[1.963s] DEBUG:colcon.colcon_core.package_identification:Package 'src/moveit2/moveit_ros/moveit_ros' with type 'ros.ament_cmake' and name 'moveit_ros'
[1.964s] Level 1:colcon.colcon_core.package_identification:_identify(src/moveit2/moveit_ros/moveit_servo) by extensions ['ignore', 'ignore_ament_install']
[1.964s] Level 1:colcon.colcon_core.package_identification:_identify(src/moveit2/moveit_ros/moveit_servo) by extension 'ignore'
[1.965s] Level 1:colcon.colcon_core.package_identification:_identify(src/moveit2/moveit_ros/moveit_servo) by extension 'ignore_ament_install'
[1.965s] Level 1:colcon.colcon_core.package_identification:_identify(src/moveit2/moveit_ros/moveit_servo) by extensions ['colcon_pkg']
[1.965s] Level 1:colcon.colcon_core.package_identification:_identify(src/moveit2/moveit_ros/moveit_servo) by extension 'colcon_pkg'
[1.965s] Level 1:colcon.colcon_core.package_identification:_identify(src/moveit2/moveit_ros/moveit_servo) by extensions ['colcon_meta']
[1.965s] Level 1:colcon.colcon_core.package_identification:_identify(src/moveit2/moveit_ros/moveit_servo) by extension 'colcon_meta'
[1.965s] Level 1:colcon.colcon_core.package_identification:_identify(src/moveit2/moveit_ros/moveit_servo) by extensions ['ros']
[1.965s] Level 1:colcon.colcon_core.package_identification:_identify(src/moveit2/moveit_ros/moveit_servo) by extension 'ros'
[1.970s] DEBUG:colcon.colcon_core.package_identification:Package 'src/moveit2/moveit_ros/moveit_servo' with type 'ros.ament_cmake' and name 'moveit_servo'
[1.970s] Level 1:colcon.colcon_core.package_identification:_identify(src/moveit2/moveit_ros/occupancy_map_monitor) by extensions ['ignore', 'ignore_ament_install']
[1.971s] Level 1:colcon.colcon_core.package_identification:_identify(src/moveit2/moveit_ros/occupancy_map_monitor) by extension 'ignore'
[1.971s] Level 1:colcon.colcon_core.package_identification:_identify(src/moveit2/moveit_ros/occupancy_map_monitor) by extension 'ignore_ament_install'
[1.971s] Level 1:colcon.colcon_core.package_identification:_identify(src/moveit2/moveit_ros/occupancy_map_monitor) by extensions ['colcon_pkg']
[1.971s] Level 1:colcon.colcon_core.package_identification:_identify(src/moveit2/moveit_ros/occupancy_map_monitor) by extension 'colcon_pkg'
[1.971s] Level 1:colcon.colcon_core.package_identification:_identify(src/moveit2/moveit_ros/occupancy_map_monitor) by extensions ['colcon_meta']
[1.971s] Level 1:colcon.colcon_core.package_identification:_identify(src/moveit2/moveit_ros/occupancy_map_monitor) by extension 'colcon_meta'
[1.971s] Level 1:colcon.colcon_core.package_identification:_identify(src/moveit2/moveit_ros/occupancy_map_monitor) by extensions ['ros']
[1.971s] Level 1:colcon.colcon_core.package_identification:_identify(src/moveit2/moveit_ros/occupancy_map_monitor) by extension 'ros'
[1.974s] DEBUG:colcon.colcon_core.package_identification:Package 'src/moveit2/moveit_ros/occupancy_map_monitor' with type 'ros.ament_cmake' and name 'moveit_ros_occupancy_map_monitor'
[1.975s] Level 1:colcon.colcon_core.package_identification:_identify(src/moveit2/moveit_ros/perception) by extensions ['ignore', 'ignore_ament_install']
[1.975s] Level 1:colcon.colcon_core.package_identification:_identify(src/moveit2/moveit_ros/perception) by extension 'ignore'
[1.976s] Level 1:colcon.colcon_core.package_identification:_identify(src/moveit2/moveit_ros/perception) by extension 'ignore_ament_install'
[1.976s] Level 1:colcon.colcon_core.package_identification:_identify(src/moveit2/moveit_ros/perception) by extensions ['colcon_pkg']
[1.976s] Level 1:colcon.colcon_core.package_identification:_identify(src/moveit2/moveit_ros/perception) by extension 'colcon_pkg'
[1.976s] Level 1:colcon.colcon_core.package_identification:_identify(src/moveit2/moveit_ros/perception) by extensions ['colcon_meta']
[1.976s] Level 1:colcon.colcon_core.package_identification:_identify(src/moveit2/moveit_ros/perception) by extension 'colcon_meta'
[1.976s] Level 1:colcon.colcon_core.package_identification:_identify(src/moveit2/moveit_ros/perception) by extensions ['ros']
[1.976s] Level 1:colcon.colcon_core.package_identification:_identify(src/moveit2/moveit_ros/perception) by extension 'ros'
[1.982s] DEBUG:colcon.colcon_core.package_identification:Package 'src/moveit2/moveit_ros/perception' with type 'ros.ament_cmake' and name 'moveit_ros_perception'
[1.982s] Level 1:colcon.colcon_core.package_identification:_identify(src/moveit2/moveit_ros/planning) by extensions ['ignore', 'ignore_ament_install']
[1.983s] Level 1:colcon.colcon_core.package_identification:_identify(src/moveit2/moveit_ros/planning) by extension 'ignore'
[1.983s] Level 1:colcon.colcon_core.package_identification:_identify(src/moveit2/moveit_ros/planning) by extension 'ignore_ament_install'
[1.983s] Level 1:colcon.colcon_core.package_identification:_identify(src/moveit2/moveit_ros/planning) by extensions ['colcon_pkg']
[1.983s] Level 1:colcon.colcon_core.package_identification:_identify(src/moveit2/moveit_ros/planning) by extension 'colcon_pkg'
[1.983s] Level 1:colcon.colcon_core.package_identification:_identify(src/moveit2/moveit_ros/planning) by extensions ['colcon_meta']
[1.983s] Level 1:colcon.colcon_core.package_identification:_identify(src/moveit2/moveit_ros/planning) by extension 'colcon_meta'
[1.983s] Level 1:colcon.colcon_core.package_identification:_identify(src/moveit2/moveit_ros/planning) by extensions ['ros']
[1.983s] Level 1:colcon.colcon_core.package_identification:_identify(src/moveit2/moveit_ros/planning) by extension 'ros'
[1.988s] DEBUG:colcon.colcon_core.package_identification:Package 'src/moveit2/moveit_ros/planning' with type 'ros.ament_cmake' and name 'moveit_ros_planning'
[1.989s] Level 1:colcon.colcon_core.package_identification:_identify(src/moveit2/moveit_ros/planning_interface) by extensions ['ignore', 'ignore_ament_install']
[1.989s] Level 1:colcon.colcon_core.package_identification:_identify(src/moveit2/moveit_ros/planning_interface) by extension 'ignore'
[1.989s] Level 1:colcon.colcon_core.package_identification:_identify(src/moveit2/moveit_ros/planning_interface) by extension 'ignore_ament_install'
[1.989s] Level 1:colcon.colcon_core.package_identification:_identify(src/moveit2/moveit_ros/planning_interface) by extensions ['colcon_pkg']
[1.989s] Level 1:colcon.colcon_core.package_identification:_identify(src/moveit2/moveit_ros/planning_interface) by extension 'colcon_pkg'
[1.990s] Level 1:colcon.colcon_core.package_identification:_identify(src/moveit2/moveit_ros/planning_interface) by extensions ['colcon_meta']
[1.990s] Level 1:colcon.colcon_core.package_identification:_identify(src/moveit2/moveit_ros/planning_interface) by extension 'colcon_meta'
[1.990s] Level 1:colcon.colcon_core.package_identification:_identify(src/moveit2/moveit_ros/planning_interface) by extensions ['ros']
[1.990s] Level 1:colcon.colcon_core.package_identification:_identify(src/moveit2/moveit_ros/planning_interface) by extension 'ros'
[1.994s] DEBUG:colcon.colcon_core.package_identification:Package 'src/moveit2/moveit_ros/planning_interface' with type 'ros.ament_cmake' and name 'moveit_ros_planning_interface'
[1.995s] Level 1:colcon.colcon_core.package_identification:_identify(src/moveit2/moveit_ros/robot_interaction) by extensions ['ignore', 'ignore_ament_install']
[1.995s] Level 1:colcon.colcon_core.package_identification:_identify(src/moveit2/moveit_ros/robot_interaction) by extension 'ignore'
[1.995s] Level 1:colcon.colcon_core.package_identification:_identify(src/moveit2/moveit_ros/robot_interaction) by extension 'ignore_ament_install'
[1.995s] Level 1:colcon.colcon_core.package_identification:_identify(src/moveit2/moveit_ros/robot_interaction) by extensions ['colcon_pkg']
[1.995s] Level 1:colcon.colcon_core.package_identification:_identify(src/moveit2/moveit_ros/robot_interaction) by extension 'colcon_pkg'
[1.996s] Level 1:colcon.colcon_core.package_identification:_identify(src/moveit2/moveit_ros/robot_interaction) by extensions ['colcon_meta']
[1.996s] Level 1:colcon.colcon_core.package_identification:_identify(src/moveit2/moveit_ros/robot_interaction) by extension 'colcon_meta'
[1.996s] Level 1:colcon.colcon_core.package_identification:_identify(src/moveit2/moveit_ros/robot_interaction) by extensions ['ros']
[1.996s] Level 1:colcon.colcon_core.package_identification:_identify(src/moveit2/moveit_ros/robot_interaction) by extension 'ros'
[1.999s] DEBUG:colcon.colcon_core.package_identification:Package 'src/moveit2/moveit_ros/robot_interaction' with type 'ros.ament_cmake' and name 'moveit_ros_robot_interaction'
[1.999s] Level 1:colcon.colcon_core.package_identification:_identify(src/moveit2/moveit_ros/visualization) by extensions ['ignore', 'ignore_ament_install']
[2.000s] Level 1:colcon.colcon_core.package_identification:_identify(src/moveit2/moveit_ros/visualization) by extension 'ignore'
[2.000s] Level 1:colcon.colcon_core.package_identification:_identify(src/moveit2/moveit_ros/visualization) by extension 'ignore_ament_install'
[2.000s] Level 1:colcon.colcon_core.package_identification:_identify(src/moveit2/moveit_ros/visualization) by extensions ['colcon_pkg']
[2.000s] Level 1:colcon.colcon_core.package_identification:_identify(src/moveit2/moveit_ros/visualization) by extension 'colcon_pkg'
[2.000s] Level 1:colcon.colcon_core.package_identification:_identify(src/moveit2/moveit_ros/visualization) by extensions ['colcon_meta']
[2.000s] Level 1:colcon.colcon_core.package_identification:_identify(src/moveit2/moveit_ros/visualization) by extension 'colcon_meta'
[2.000s] Level 1:colcon.colcon_core.package_identification:_identify(src/moveit2/moveit_ros/visualization) by extensions ['ros']
[2.000s] Level 1:colcon.colcon_core.package_identification:_identify(src/moveit2/moveit_ros/visualization) by extension 'ros'
[2.005s] DEBUG:colcon.colcon_core.package_identification:Package 'src/moveit2/moveit_ros/visualization' with type 'ros.ament_cmake' and name 'moveit_ros_visualization'
[2.006s] Level 1:colcon.colcon_core.package_identification:_identify(src/moveit2/moveit_ros/warehouse) by extensions ['ignore', 'ignore_ament_install']
[2.006s] Level 1:colcon.colcon_core.package_identification:_identify(src/moveit2/moveit_ros/warehouse) by extension 'ignore'
[2.006s] Level 1:colcon.colcon_core.package_identification:_identify(src/moveit2/moveit_ros/warehouse) by extension 'ignore_ament_install'
[2.006s] Level 1:colcon.colcon_core.package_identification:_identify(src/moveit2/moveit_ros/warehouse) by extensions ['colcon_pkg']
[2.006s] Level 1:colcon.colcon_core.package_identification:_identify(src/moveit2/moveit_ros/warehouse) by extension 'colcon_pkg'
[2.006s] Level 1:colcon.colcon_core.package_identification:_identify(src/moveit2/moveit_ros/warehouse) by extensions ['colcon_meta']
[2.006s] Level 1:colcon.colcon_core.package_identification:_identify(src/moveit2/moveit_ros/warehouse) by extension 'colcon_meta'
[2.007s] Level 1:colcon.colcon_core.package_identification:_identify(src/moveit2/moveit_ros/warehouse) by extensions ['ros']
[2.007s] Level 1:colcon.colcon_core.package_identification:_identify(src/moveit2/moveit_ros/warehouse) by extension 'ros'
[2.009s] DEBUG:colcon.colcon_core.package_identification:Package 'src/moveit2/moveit_ros/warehouse' with type 'ros.ament_cmake' and name 'moveit_ros_warehouse'
[2.010s] Level 1:colcon.colcon_core.package_identification:_identify(src/moveit2/moveit_runtime) by extensions ['ignore', 'ignore_ament_install']
[2.010s] Level 1:colcon.colcon_core.package_identification:_identify(src/moveit2/moveit_runtime) by extension 'ignore'
[2.010s] Level 1:colcon.colcon_core.package_identification:_identify(src/moveit2/moveit_runtime) by extension 'ignore_ament_install'
[2.010s] Level 1:colcon.colcon_core.package_identification:_identify(src/moveit2/moveit_runtime) by extensions ['colcon_pkg']
[2.010s] Level 1:colcon.colcon_core.package_identification:_identify(src/moveit2/moveit_runtime) by extension 'colcon_pkg'
[2.011s] Level 1:colcon.colcon_core.package_identification:_identify(src/moveit2/moveit_runtime) by extensions ['colcon_meta']
[2.011s] Level 1:colcon.colcon_core.package_identification:_identify(src/moveit2/moveit_runtime) by extension 'colcon_meta'
[2.011s] Level 1:colcon.colcon_core.package_identification:_identify(src/moveit2/moveit_runtime) by extensions ['ros']
[2.011s] Level 1:colcon.colcon_core.package_identification:_identify(src/moveit2/moveit_runtime) by extension 'ros'
[2.013s] DEBUG:colcon.colcon_core.package_identification:Package 'src/moveit2/moveit_runtime' with type 'ros.ament_cmake' and name 'moveit_runtime'
[2.013s] Level 1:colcon.colcon_core.package_identification:_identify(src/moveit2/moveit_setup_assistant) by extensions ['ignore', 'ignore_ament_install']
[2.013s] Level 1:colcon.colcon_core.package_identification:_identify(src/moveit2/moveit_setup_assistant) by extension 'ignore'
[2.014s] Level 1:colcon.colcon_core.package_identification:_identify(src/moveit2/moveit_setup_assistant) by extension 'ignore_ament_install'
[2.014s] Level 1:colcon.colcon_core.package_identification:_identify(src/moveit2/moveit_setup_assistant) by extensions ['colcon_pkg']
[2.014s] Level 1:colcon.colcon_core.package_identification:_identify(src/moveit2/moveit_setup_assistant) by extension 'colcon_pkg'
[2.014s] Level 1:colcon.colcon_core.package_identification:_identify(src/moveit2/moveit_setup_assistant) by extensions ['colcon_meta']
[2.014s] Level 1:colcon.colcon_core.package_identification:_identify(src/moveit2/moveit_setup_assistant) by extension 'colcon_meta'
[2.014s] Level 1:colcon.colcon_core.package_identification:_identify(src/moveit2/moveit_setup_assistant) by extensions ['ros']
[2.014s] Level 1:colcon.colcon_core.package_identification:_identify(src/moveit2/moveit_setup_assistant) by extension 'ros'
[2.014s] Level 1:colcon.colcon_core.package_identification:_identify(src/moveit2/moveit_setup_assistant) by extensions ['cmake', 'python']
[2.015s] Level 1:colcon.colcon_core.package_identification:_identify(src/moveit2/moveit_setup_assistant) by extension 'cmake'
[2.015s] Level 1:colcon.colcon_core.package_identification:_identify(src/moveit2/moveit_setup_assistant) by extension 'python'
[2.015s] Level 1:colcon.colcon_core.package_identification:_identify(src/moveit2/moveit_setup_assistant) by extensions ['python_setup_py']
[2.015s] Level 1:colcon.colcon_core.package_identification:_identify(src/moveit2/moveit_setup_assistant) by extension 'python_setup_py'
[2.015s] Level 1:colcon.colcon_core.package_identification:_identify(src/moveit2/moveit_setup_assistant/graphics) by extensions ['ignore', 'ignore_ament_install']
[2.016s] Level 1:colcon.colcon_core.package_identification:_identify(src/moveit2/moveit_setup_assistant/graphics) by extension 'ignore'
[2.016s] Level 1:colcon.colcon_core.package_identification:_identify(src/moveit2/moveit_setup_assistant/graphics) by extension 'ignore_ament_install'
[2.016s] Level 1:colcon.colcon_core.package_identification:_identify(src/moveit2/moveit_setup_assistant/graphics) by extensions ['colcon_pkg']
[2.016s] Level 1:colcon.colcon_core.package_identification:_identify(src/moveit2/moveit_setup_assistant/graphics) by extension 'colcon_pkg'
[2.016s] Level 1:colcon.colcon_core.package_identification:_identify(src/moveit2/moveit_setup_assistant/graphics) by extensions ['colcon_meta']
[2.016s] Level 1:colcon.colcon_core.package_identification:_identify(src/moveit2/moveit_setup_assistant/graphics) by extension 'colcon_meta'
[2.016s] Level 1:colcon.colcon_core.package_identification:_identify(src/moveit2/moveit_setup_assistant/graphics) by extensions ['ros']
[2.016s] Level 1:colcon.colcon_core.package_identification:_identify(src/moveit2/moveit_setup_assistant/graphics) by extension 'ros'
[2.017s] Level 1:colcon.colcon_core.package_identification:_identify(src/moveit2/moveit_setup_assistant/graphics) by extensions ['cmake', 'python']
[2.017s] Level 1:colcon.colcon_core.package_identification:_identify(src/moveit2/moveit_setup_assistant/graphics) by extension 'cmake'
[2.017s] Level 1:colcon.colcon_core.package_identification:_identify(src/moveit2/moveit_setup_assistant/graphics) by extension 'python'
[2.017s] Level 1:colcon.colcon_core.package_identification:_identify(src/moveit2/moveit_setup_assistant/graphics) by extensions ['python_setup_py']
[2.017s] Level 1:colcon.colcon_core.package_identification:_identify(src/moveit2/moveit_setup_assistant/graphics) by extension 'python_setup_py'
[2.018s] Level 1:colcon.colcon_core.package_identification:_identify(src/moveit2/moveit_setup_assistant/graphics/source) by extensions ['ignore', 'ignore_ament_install']
[2.018s] Level 1:colcon.colcon_core.package_identification:_identify(src/moveit2/moveit_setup_assistant/graphics/source) by extension 'ignore'
[2.018s] Level 1:colcon.colcon_core.package_identification:_identify(src/moveit2/moveit_setup_assistant/graphics/source) by extension 'ignore_ament_install'
[2.018s] Level 1:colcon.colcon_core.package_identification:_identify(src/moveit2/moveit_setup_assistant/graphics/source) by extensions ['colcon_pkg']
[2.018s] Level 1:colcon.colcon_core.package_identification:_identify(src/moveit2/moveit_setup_assistant/graphics/source) by extension 'colcon_pkg'
[2.018s] Level 1:colcon.colcon_core.package_identification:_identify(src/moveit2/moveit_setup_assistant/graphics/source) by extensions ['colcon_meta']
[2.018s] Level 1:colcon.colcon_core.package_identification:_identify(src/moveit2/moveit_setup_assistant/graphics/source) by extension 'colcon_meta'
[2.018s] Level 1:colcon.colcon_core.package_identification:_identify(src/moveit2/moveit_setup_assistant/graphics/source) by extensions ['ros']
[2.019s] Level 1:colcon.colcon_core.package_identification:_identify(src/moveit2/moveit_setup_assistant/graphics/source) by extension 'ros'
[2.019s] Level 1:colcon.colcon_core.package_identification:_identify(src/moveit2/moveit_setup_assistant/graphics/source) by extensions ['cmake', 'python']
[2.019s] Level 1:colcon.colcon_core.package_identification:_identify(src/moveit2/moveit_setup_assistant/graphics/source) by extension 'cmake'
[2.019s] Level 1:colcon.colcon_core.package_identification:_identify(src/moveit2/moveit_setup_assistant/graphics/source) by extension 'python'
[2.019s] Level 1:colcon.colcon_core.package_identification:_identify(src/moveit2/moveit_setup_assistant/graphics/source) by extensions ['python_setup_py']
[2.019s] Level 1:colcon.colcon_core.package_identification:_identify(src/moveit2/moveit_setup_assistant/graphics/source) by extension 'python_setup_py'
[2.020s] Level 1:colcon.colcon_core.package_identification:_identify(src/moveit2/moveit_setup_assistant/moveit_setup_app_plugins) by extensions ['ignore', 'ignore_ament_install']
[2.020s] Level 1:colcon.colcon_core.package_identification:_identify(src/moveit2/moveit_setup_assistant/moveit_setup_app_plugins) by extension 'ignore'
[2.020s] Level 1:colcon.colcon_core.package_identification:_identify(src/moveit2/moveit_setup_assistant/moveit_setup_app_plugins) by extension 'ignore_ament_install'
[2.020s] Level 1:colcon.colcon_core.package_identification:_identify(src/moveit2/moveit_setup_assistant/moveit_setup_app_plugins) by extensions ['colcon_pkg']
[2.020s] Level 1:colcon.colcon_core.package_identification:_identify(src/moveit2/moveit_setup_assistant/moveit_setup_app_plugins) by extension 'colcon_pkg'
[2.020s] Level 1:colcon.colcon_core.package_identification:_identify(src/moveit2/moveit_setup_assistant/moveit_setup_app_plugins) by extensions ['colcon_meta']
[2.020s] Level 1:colcon.colcon_core.package_identification:_identify(src/moveit2/moveit_setup_assistant/moveit_setup_app_plugins) by extension 'colcon_meta'
[2.021s] Level 1:colcon.colcon_core.package_identification:_identify(src/moveit2/moveit_setup_assistant/moveit_setup_app_plugins) by extensions ['ros']
[2.021s] Level 1:colcon.colcon_core.package_identification:_identify(src/moveit2/moveit_setup_assistant/moveit_setup_app_plugins) by extension 'ros'
[2.025s] DEBUG:colcon.colcon_core.package_identification:Package 'src/moveit2/moveit_setup_assistant/moveit_setup_app_plugins' with type 'ros.ament_cmake' and name 'moveit_setup_app_plugins'
[2.026s] Level 1:colcon.colcon_core.package_identification:_identify(src/moveit2/moveit_setup_assistant/moveit_setup_assistant) by extensions ['ignore', 'ignore_ament_install']
[2.026s] Level 1:colcon.colcon_core.package_identification:_identify(src/moveit2/moveit_setup_assistant/moveit_setup_assistant) by extension 'ignore'
[2.026s] Level 1:colcon.colcon_core.package_identification:_identify(src/moveit2/moveit_setup_assistant/moveit_setup_assistant) by extension 'ignore_ament_install'
[2.026s] Level 1:colcon.colcon_core.package_identification:_identify(src/moveit2/moveit_setup_assistant/moveit_setup_assistant) by extensions ['colcon_pkg']
[2.027s] Level 1:colcon.colcon_core.package_identification:_identify(src/moveit2/moveit_setup_assistant/moveit_setup_assistant) by extension 'colcon_pkg'
[2.027s] Level 1:colcon.colcon_core.package_identification:_identify(src/moveit2/moveit_setup_assistant/moveit_setup_assistant) by extensions ['colcon_meta']
[2.027s] Level 1:colcon.colcon_core.package_identification:_identify(src/moveit2/moveit_setup_assistant/moveit_setup_assistant) by extension 'colcon_meta'
[2.027s] Level 1:colcon.colcon_core.package_identification:_identify(src/moveit2/moveit_setup_assistant/moveit_setup_assistant) by extensions ['ros']
[2.027s] Level 1:colcon.colcon_core.package_identification:_identify(src/moveit2/moveit_setup_assistant/moveit_setup_assistant) by extension 'ros'
[2.030s] DEBUG:colcon.colcon_core.package_identification:Package 'src/moveit2/moveit_setup_assistant/moveit_setup_assistant' with type 'ros.ament_cmake' and name 'moveit_setup_assistant'
[2.030s] Level 1:colcon.colcon_core.package_identification:_identify(src/moveit2/moveit_setup_assistant/moveit_setup_controllers) by extensions ['ignore', 'ignore_ament_install']
[2.031s] Level 1:colcon.colcon_core.package_identification:_identify(src/moveit2/moveit_setup_assistant/moveit_setup_controllers) by extension 'ignore'
[2.031s] Level 1:colcon.colcon_core.package_identification:_identify(src/moveit2/moveit_setup_assistant/moveit_setup_controllers) by extension 'ignore_ament_install'
[2.031s] Level 1:colcon.colcon_core.package_identification:_identify(src/moveit2/moveit_setup_assistant/moveit_setup_controllers) by extensions ['colcon_pkg']
[2.031s] Level 1:colcon.colcon_core.package_identification:_identify(src/moveit2/moveit_setup_assistant/moveit_setup_controllers) by extension 'colcon_pkg'
[2.031s] Level 1:colcon.colcon_core.package_identification:_identify(src/moveit2/moveit_setup_assistant/moveit_setup_controllers) by extensions ['colcon_meta']
[2.031s] Level 1:colcon.colcon_core.package_identification:_identify(src/moveit2/moveit_setup_assistant/moveit_setup_controllers) by extension 'colcon_meta'
[2.031s] Level 1:colcon.colcon_core.package_identification:_identify(src/moveit2/moveit_setup_assistant/moveit_setup_controllers) by extensions ['ros']
[2.031s] Level 1:colcon.colcon_core.package_identification:_identify(src/moveit2/moveit_setup_assistant/moveit_setup_controllers) by extension 'ros'
[2.033s] DEBUG:colcon.colcon_core.package_identification:Package 'src/moveit2/moveit_setup_assistant/moveit_setup_controllers' with type 'ros.ament_cmake' and name 'moveit_setup_controllers'
[2.034s] Level 1:colcon.colcon_core.package_identification:_identify(src/moveit2/moveit_setup_assistant/moveit_setup_core_plugins) by extensions ['ignore', 'ignore_ament_install']
[2.034s] Level 1:colcon.colcon_core.package_identification:_identify(src/moveit2/moveit_setup_assistant/moveit_setup_core_plugins) by extension 'ignore'
[2.034s] Level 1:colcon.colcon_core.package_identification:_identify(src/moveit2/moveit_setup_assistant/moveit_setup_core_plugins) by extension 'ignore_ament_install'
[2.035s] Level 1:colcon.colcon_core.package_identification:_identify(src/moveit2/moveit_setup_assistant/moveit_setup_core_plugins) by extensions ['colcon_pkg']
[2.035s] Level 1:colcon.colcon_core.package_identification:_identify(src/moveit2/moveit_setup_assistant/moveit_setup_core_plugins) by extension 'colcon_pkg'
[2.035s] Level 1:colcon.colcon_core.package_identification:_identify(src/moveit2/moveit_setup_assistant/moveit_setup_core_plugins) by extensions ['colcon_meta']
[2.035s] Level 1:colcon.colcon_core.package_identification:_identify(src/moveit2/moveit_setup_assistant/moveit_setup_core_plugins) by extension 'colcon_meta'
[2.035s] Level 1:colcon.colcon_core.package_identification:_identify(src/moveit2/moveit_setup_assistant/moveit_setup_core_plugins) by extensions ['ros']
[2.035s] Level 1:colcon.colcon_core.package_identification:_identify(src/moveit2/moveit_setup_assistant/moveit_setup_core_plugins) by extension 'ros'
[2.037s] DEBUG:colcon.colcon_core.package_identification:Package 'src/moveit2/moveit_setup_assistant/moveit_setup_core_plugins' with type 'ros.ament_cmake' and name 'moveit_setup_core_plugins'
[2.038s] Level 1:colcon.colcon_core.package_identification:_identify(src/moveit2/moveit_setup_assistant/moveit_setup_framework) by extensions ['ignore', 'ignore_ament_install']
[2.038s] Level 1:colcon.colcon_core.package_identification:_identify(src/moveit2/moveit_setup_assistant/moveit_setup_framework) by extension 'ignore'
[2.039s] Level 1:colcon.colcon_core.package_identification:_identify(src/moveit2/moveit_setup_assistant/moveit_setup_framework) by extension 'ignore_ament_install'
[2.039s] Level 1:colcon.colcon_core.package_identification:_identify(src/moveit2/moveit_setup_assistant/moveit_setup_framework) by extensions ['colcon_pkg']
[2.039s] Level 1:colcon.colcon_core.package_identification:_identify(src/moveit2/moveit_setup_assistant/moveit_setup_framework) by extension 'colcon_pkg'
[2.039s] Level 1:colcon.colcon_core.package_identification:_identify(src/moveit2/moveit_setup_assistant/moveit_setup_framework) by extensions ['colcon_meta']
[2.039s] Level 1:colcon.colcon_core.package_identification:_identify(src/moveit2/moveit_setup_assistant/moveit_setup_framework) by extension 'colcon_meta'
[2.039s] Level 1:colcon.colcon_core.package_identification:_identify(src/moveit2/moveit_setup_assistant/moveit_setup_framework) by extensions ['ros']
[2.039s] Level 1:colcon.colcon_core.package_identification:_identify(src/moveit2/moveit_setup_assistant/moveit_setup_framework) by extension 'ros'
[2.042s] DEBUG:colcon.colcon_core.package_identification:Package 'src/moveit2/moveit_setup_assistant/moveit_setup_framework' with type 'ros.ament_cmake' and name 'moveit_setup_framework'
[2.043s] Level 1:colcon.colcon_core.package_identification:_identify(src/moveit2/moveit_setup_assistant/moveit_setup_simulation) by extensions ['ignore', 'ignore_ament_install']
[2.043s] Level 1:colcon.colcon_core.package_identification:_identify(src/moveit2/moveit_setup_assistant/moveit_setup_simulation) by extension 'ignore'
[2.043s] Level 1:colcon.colcon_core.package_identification:_identify(src/moveit2/moveit_setup_assistant/moveit_setup_simulation) ignored
[2.044s] Level 1:colcon.colcon_core.package_identification:_identify(src/moveit2/moveit_setup_assistant/moveit_setup_srdf_plugins) by extensions ['ignore', 'ignore_ament_install']
[2.044s] Level 1:colcon.colcon_core.package_identification:_identify(src/moveit2/moveit_setup_assistant/moveit_setup_srdf_plugins) by extension 'ignore'
[2.044s] Level 1:colcon.colcon_core.package_identification:_identify(src/moveit2/moveit_setup_assistant/moveit_setup_srdf_plugins) by extension 'ignore_ament_install'
[2.045s] Level 1:colcon.colcon_core.package_identification:_identify(src/moveit2/moveit_setup_assistant/moveit_setup_srdf_plugins) by extensions ['colcon_pkg']
[2.045s] Level 1:colcon.colcon_core.package_identification:_identify(src/moveit2/moveit_setup_assistant/moveit_setup_srdf_plugins) by extension 'colcon_pkg'
[2.045s] Level 1:colcon.colcon_core.package_identification:_identify(src/moveit2/moveit_setup_assistant/moveit_setup_srdf_plugins) by extensions ['colcon_meta']
[2.045s] Level 1:colcon.colcon_core.package_identification:_identify(src/moveit2/moveit_setup_assistant/moveit_setup_srdf_plugins) by extension 'colcon_meta'
[2.045s] Level 1:colcon.colcon_core.package_identification:_identify(src/moveit2/moveit_setup_assistant/moveit_setup_srdf_plugins) by extensions ['ros']
[2.045s] Level 1:colcon.colcon_core.package_identification:_identify(src/moveit2/moveit_setup_assistant/moveit_setup_srdf_plugins) by extension 'ros'
[2.047s] DEBUG:colcon.colcon_core.package_identification:Package 'src/moveit2/moveit_setup_assistant/moveit_setup_srdf_plugins' with type 'ros.ament_cmake' and name 'moveit_setup_srdf_plugins'
[2.047s] Level 1:colcon.colcon_core.package_identification:_identify(src/moveit2/moveit_setup_assistant/unported_templates) by extensions ['ignore', 'ignore_ament_install']
[2.048s] Level 1:colcon.colcon_core.package_identification:_identify(src/moveit2/moveit_setup_assistant/unported_templates) by extension 'ignore'
[2.048s] Level 1:colcon.colcon_core.package_identification:_identify(src/moveit2/moveit_setup_assistant/unported_templates) by extension 'ignore_ament_install'
[2.048s] Level 1:colcon.colcon_core.package_identification:_identify(src/moveit2/moveit_setup_assistant/unported_templates) by extensions ['colcon_pkg']
[2.048s] Level 1:colcon.colcon_core.package_identification:_identify(src/moveit2/moveit_setup_assistant/unported_templates) by extension 'colcon_pkg'
[2.048s] Level 1:colcon.colcon_core.package_identification:_identify(src/moveit2/moveit_setup_assistant/unported_templates) by extensions ['colcon_meta']
[2.048s] Level 1:colcon.colcon_core.package_identification:_identify(src/moveit2/moveit_setup_assistant/unported_templates) by extension 'colcon_meta'
[2.048s] Level 1:colcon.colcon_core.package_identification:_identify(src/moveit2/moveit_setup_assistant/unported_templates) by extensions ['ros']
[2.049s] Level 1:colcon.colcon_core.package_identification:_identify(src/moveit2/moveit_setup_assistant/unported_templates) by extension 'ros'
[2.049s] Level 1:colcon.colcon_core.package_identification:_identify(src/moveit2/moveit_setup_assistant/unported_templates) by extensions ['cmake', 'python']
[2.049s] Level 1:colcon.colcon_core.package_identification:_identify(src/moveit2/moveit_setup_assistant/unported_templates) by extension 'cmake'
[2.049s] Level 1:colcon.colcon_core.package_identification:_identify(src/moveit2/moveit_setup_assistant/unported_templates) by extension 'python'
[2.049s] Level 1:colcon.colcon_core.package_identification:_identify(src/moveit2/moveit_setup_assistant/unported_templates) by extensions ['python_setup_py']
[2.049s] Level 1:colcon.colcon_core.package_identification:_identify(src/moveit2/moveit_setup_assistant/unported_templates) by extension 'python_setup_py'
[2.050s] Level 1:colcon.colcon_core.package_identification:_identify(src/moveit2_tutorials) by extensions ['ignore', 'ignore_ament_install']
[2.050s] Level 1:colcon.colcon_core.package_identification:_identify(src/moveit2_tutorials) by extension 'ignore'
[2.050s] Level 1:colcon.colcon_core.package_identification:_identify(src/moveit2_tutorials) by extension 'ignore_ament_install'
[2.050s] Level 1:colcon.colcon_core.package_identification:_identify(src/moveit2_tutorials) by extensions ['colcon_pkg']
[2.051s] Level 1:colcon.colcon_core.package_identification:_identify(src/moveit2_tutorials) by extension 'colcon_pkg'
[2.051s] Level 1:colcon.colcon_core.package_identification:_identify(src/moveit2_tutorials) by extensions ['colcon_meta']
[2.051s] Level 1:colcon.colcon_core.package_identification:_identify(src/moveit2_tutorials) by extension 'colcon_meta'
[2.051s] Level 1:colcon.colcon_core.package_identification:_identify(src/moveit2_tutorials) by extensions ['ros']
[2.051s] Level 1:colcon.colcon_core.package_identification:_identify(src/moveit2_tutorials) by extension 'ros'
[2.056s] DEBUG:colcon.colcon_core.package_identification:Package 'src/moveit2_tutorials' with type 'ros.ament_cmake' and name 'moveit2_tutorials'
[2.057s] Level 1:colcon.colcon_core.package_identification:_identify(src/moveit_resources) by extensions ['ignore', 'ignore_ament_install']
[2.057s] Level 1:colcon.colcon_core.package_identification:_identify(src/moveit_resources) by extension 'ignore'
[2.057s] Level 1:colcon.colcon_core.package_identification:_identify(src/moveit_resources) by extension 'ignore_ament_install'
[2.057s] Level 1:colcon.colcon_core.package_identification:_identify(src/moveit_resources) by extensions ['colcon_pkg']
[2.057s] Level 1:colcon.colcon_core.package_identification:_identify(src/moveit_resources) by extension 'colcon_pkg'
[2.057s] Level 1:colcon.colcon_core.package_identification:_identify(src/moveit_resources) by extensions ['colcon_meta']
[2.057s] Level 1:colcon.colcon_core.package_identification:_identify(src/moveit_resources) by extension 'colcon_meta'
[2.058s] Level 1:colcon.colcon_core.package_identification:_identify(src/moveit_resources) by extensions ['ros']
[2.058s] Level 1:colcon.colcon_core.package_identification:_identify(src/moveit_resources) by extension 'ros'
[2.058s] Level 1:colcon.colcon_core.package_identification:_identify(src/moveit_resources) by extensions ['cmake', 'python']
[2.058s] Level 1:colcon.colcon_core.package_identification:_identify(src/moveit_resources) by extension 'cmake'
[2.058s] Level 1:colcon.colcon_core.package_identification:_identify(src/moveit_resources) by extension 'python'
[2.058s] Level 1:colcon.colcon_core.package_identification:_identify(src/moveit_resources) by extensions ['python_setup_py']
[2.058s] Level 1:colcon.colcon_core.package_identification:_identify(src/moveit_resources) by extension 'python_setup_py'
[2.062s] Level 1:colcon.colcon_core.package_identification:_identify(src/moveit_resources/fanuc_description) by extensions ['ignore', 'ignore_ament_install']
[2.062s] Level 1:colcon.colcon_core.package_identification:_identify(src/moveit_resources/fanuc_description) by extension 'ignore'
[2.062s] Level 1:colcon.colcon_core.package_identification:_identify(src/moveit_resources/fanuc_description) by extension 'ignore_ament_install'
[2.062s] Level 1:colcon.colcon_core.package_identification:_identify(src/moveit_resources/fanuc_description) by extensions ['colcon_pkg']
[2.062s] Level 1:colcon.colcon_core.package_identification:_identify(src/moveit_resources/fanuc_description) by extension 'colcon_pkg'
[2.063s] Level 1:colcon.colcon_core.package_identification:_identify(src/moveit_resources/fanuc_description) by extensions ['colcon_meta']
[2.063s] Level 1:colcon.colcon_core.package_identification:_identify(src/moveit_resources/fanuc_description) by extension 'colcon_meta'
[2.063s] Level 1:colcon.colcon_core.package_identification:_identify(src/moveit_resources/fanuc_description) by extensions ['ros']
[2.063s] Level 1:colcon.colcon_core.package_identification:_identify(src/moveit_resources/fanuc_description) by extension 'ros'
[2.065s] DEBUG:colcon.colcon_core.package_identification:Package 'src/moveit_resources/fanuc_description' with type 'ros.ament_cmake' and name 'moveit_resources_fanuc_description'
[2.066s] Level 1:colcon.colcon_core.package_identification:_identify(src/moveit_resources/fanuc_moveit_config) by extensions ['ignore', 'ignore_ament_install']
[2.067s] Level 1:colcon.colcon_core.package_identification:_identify(src/moveit_resources/fanuc_moveit_config) by extension 'ignore'
[2.067s] Level 1:colcon.colcon_core.package_identification:_identify(src/moveit_resources/fanuc_moveit_config) by extension 'ignore_ament_install'
[2.067s] Level 1:colcon.colcon_core.package_identification:_identify(src/moveit_resources/fanuc_moveit_config) by extensions ['colcon_pkg']
[2.067s] Level 1:colcon.colcon_core.package_identification:_identify(src/moveit_resources/fanuc_moveit_config) by extension 'colcon_pkg'
[2.067s] Level 1:colcon.colcon_core.package_identification:_identify(src/moveit_resources/fanuc_moveit_config) by extensions ['colcon_meta']
[2.067s] Level 1:colcon.colcon_core.package_identification:_identify(src/moveit_resources/fanuc_moveit_config) by extension 'colcon_meta'
[2.067s] Level 1:colcon.colcon_core.package_identification:_identify(src/moveit_resources/fanuc_moveit_config) by extensions ['ros']
[2.068s] Level 1:colcon.colcon_core.package_identification:_identify(src/moveit_resources/fanuc_moveit_config) by extension 'ros'
[2.069s] DEBUG:colcon.colcon_core.package_identification:Package 'src/moveit_resources/fanuc_moveit_config' with type 'ros.ament_cmake' and name 'moveit_resources_fanuc_moveit_config'
[2.070s] Level 1:colcon.colcon_core.package_identification:_identify(src/moveit_resources/moveit_resources) by extensions ['ignore', 'ignore_ament_install']
[2.070s] Level 1:colcon.colcon_core.package_identification:_identify(src/moveit_resources/moveit_resources) by extension 'ignore'
[2.070s] Level 1:colcon.colcon_core.package_identification:_identify(src/moveit_resources/moveit_resources) by extension 'ignore_ament_install'
[2.070s] Level 1:colcon.colcon_core.package_identification:_identify(src/moveit_resources/moveit_resources) by extensions ['colcon_pkg']
[2.070s] Level 1:colcon.colcon_core.package_identification:_identify(src/moveit_resources/moveit_resources) by extension 'colcon_pkg'
[2.071s] Level 1:colcon.colcon_core.package_identification:_identify(src/moveit_resources/moveit_resources) by extensions ['colcon_meta']
[2.071s] Level 1:colcon.colcon_core.package_identification:_identify(src/moveit_resources/moveit_resources) by extension 'colcon_meta'
[2.071s] Level 1:colcon.colcon_core.package_identification:_identify(src/moveit_resources/moveit_resources) by extensions ['ros']
[2.071s] Level 1:colcon.colcon_core.package_identification:_identify(src/moveit_resources/moveit_resources) by extension 'ros'
[2.072s] DEBUG:colcon.colcon_core.package_identification:Package 'src/moveit_resources/moveit_resources' with type 'ros.ament_cmake' and name 'moveit_resources'
[2.073s] Level 1:colcon.colcon_core.package_identification:_identify(src/moveit_resources/panda_description) by extensions ['ignore', 'ignore_ament_install']
[2.073s] Level 1:colcon.colcon_core.package_identification:_identify(src/moveit_resources/panda_description) by extension 'ignore'
[2.073s] Level 1:colcon.colcon_core.package_identification:_identify(src/moveit_resources/panda_description) by extension 'ignore_ament_install'
[2.074s] Level 1:colcon.colcon_core.package_identification:_identify(src/moveit_resources/panda_description) by extensions ['colcon_pkg']
[2.074s] Level 1:colcon.colcon_core.package_identification:_identify(src/moveit_resources/panda_description) by extension 'colcon_pkg'
[2.074s] Level 1:colcon.colcon_core.package_identification:_identify(src/moveit_resources/panda_description) by extensions ['colcon_meta']
[2.074s] Level 1:colcon.colcon_core.package_identification:_identify(src/moveit_resources/panda_description) by extension 'colcon_meta'
[2.074s] Level 1:colcon.colcon_core.package_identification:_identify(src/moveit_resources/panda_description) by extensions ['ros']
[2.074s] Level 1:colcon.colcon_core.package_identification:_identify(src/moveit_resources/panda_description) by extension 'ros'
[2.076s] DEBUG:colcon.colcon_core.package_identification:Package 'src/moveit_resources/panda_description' with type 'ros.ament_cmake' and name 'moveit_resources_panda_description'
[2.076s] Level 1:colcon.colcon_core.package_identification:_identify(src/moveit_resources/panda_moveit_config) by extensions ['ignore', 'ignore_ament_install']
[2.076s] Level 1:colcon.colcon_core.package_identification:_identify(src/moveit_resources/panda_moveit_config) by extension 'ignore'
[2.077s] Level 1:colcon.colcon_core.package_identification:_identify(src/moveit_resources/panda_moveit_config) by extension 'ignore_ament_install'
[2.077s] Level 1:colcon.colcon_core.package_identification:_identify(src/moveit_resources/panda_moveit_config) by extensions ['colcon_pkg']
[2.077s] Level 1:colcon.colcon_core.package_identification:_identify(src/moveit_resources/panda_moveit_config) by extension 'colcon_pkg'
[2.077s] Level 1:colcon.colcon_core.package_identification:_identify(src/moveit_resources/panda_moveit_config) by extensions ['colcon_meta']
[2.077s] Level 1:colcon.colcon_core.package_identification:_identify(src/moveit_resources/panda_moveit_config) by extension 'colcon_meta'
[2.077s] Level 1:colcon.colcon_core.package_identification:_identify(src/moveit_resources/panda_moveit_config) by extensions ['ros']
[2.077s] Level 1:colcon.colcon_core.package_identification:_identify(src/moveit_resources/panda_moveit_config) by extension 'ros'
[2.079s] DEBUG:colcon.colcon_core.package_identification:Package 'src/moveit_resources/panda_moveit_config' with type 'ros.ament_cmake' and name 'moveit_resources_panda_moveit_config'
[2.079s] Level 1:colcon.colcon_core.package_identification:_identify(src/moveit_resources/pr2_description) by extensions ['ignore', 'ignore_ament_install']
[2.080s] Level 1:colcon.colcon_core.package_identification:_identify(src/moveit_resources/pr2_description) by extension 'ignore'
[2.080s] Level 1:colcon.colcon_core.package_identification:_identify(src/moveit_resources/pr2_description) by extension 'ignore_ament_install'
[2.080s] Level 1:colcon.colcon_core.package_identification:_identify(src/moveit_resources/pr2_description) by extensions ['colcon_pkg']
[2.080s] Level 1:colcon.colcon_core.package_identification:_identify(src/moveit_resources/pr2_description) by extension 'colcon_pkg'
[2.080s] Level 1:colcon.colcon_core.package_identification:_identify(src/moveit_resources/pr2_description) by extensions ['colcon_meta']
[2.081s] Level 1:colcon.colcon_core.package_identification:_identify(src/moveit_resources/pr2_description) by extension 'colcon_meta'
[2.081s] Level 1:colcon.colcon_core.package_identification:_identify(src/moveit_resources/pr2_description) by extensions ['ros']
[2.081s] Level 1:colcon.colcon_core.package_identification:_identify(src/moveit_resources/pr2_description) by extension 'ros'
[2.082s] DEBUG:colcon.colcon_core.package_identification:Package 'src/moveit_resources/pr2_description' with type 'ros.ament_cmake' and name 'moveit_resources_pr2_description'
[2.083s] Level 1:colcon.colcon_core.package_identification:_identify(src/moveit_task_constructor) by extensions ['ignore', 'ignore_ament_install']
[2.083s] Level 1:colcon.colcon_core.package_identification:_identify(src/moveit_task_constructor) by extension 'ignore'
[2.083s] Level 1:colcon.colcon_core.package_identification:_identify(src/moveit_task_constructor) by extension 'ignore_ament_install'
[2.083s] Level 1:colcon.colcon_core.package_identification:_identify(src/moveit_task_constructor) by extensions ['colcon_pkg']
[2.084s] Level 1:colcon.colcon_core.package_identification:_identify(src/moveit_task_constructor) by extension 'colcon_pkg'
[2.084s] Level 1:colcon.colcon_core.package_identification:_identify(src/moveit_task_constructor) by extensions ['colcon_meta']
[2.084s] Level 1:colcon.colcon_core.package_identification:_identify(src/moveit_task_constructor) by extension 'colcon_meta'
[2.084s] Level 1:colcon.colcon_core.package_identification:_identify(src/moveit_task_constructor) by extensions ['ros']
[2.084s] Level 1:colcon.colcon_core.package_identification:_identify(src/moveit_task_constructor) by extension 'ros'
[2.084s] Level 1:colcon.colcon_core.package_identification:_identify(src/moveit_task_constructor) by extensions ['cmake', 'python']
[2.084s] Level 1:colcon.colcon_core.package_identification:_identify(src/moveit_task_constructor) by extension 'cmake'
[2.084s] Level 1:colcon.colcon_core.package_identification:_identify(src/moveit_task_constructor) by extension 'python'
[2.084s] Level 1:colcon.colcon_core.package_identification:_identify(src/moveit_task_constructor) by extensions ['python_setup_py']
[2.085s] Level 1:colcon.colcon_core.package_identification:_identify(src/moveit_task_constructor) by extension 'python_setup_py'
[2.085s] Level 1:colcon.colcon_core.package_identification:_identify(src/moveit_task_constructor/capabilities) by extensions ['ignore', 'ignore_ament_install']
[2.085s] Level 1:colcon.colcon_core.package_identification:_identify(src/moveit_task_constructor/capabilities) by extension 'ignore'
[2.086s] Level 1:colcon.colcon_core.package_identification:_identify(src/moveit_task_constructor/capabilities) by extension 'ignore_ament_install'
[2.086s] Level 1:colcon.colcon_core.package_identification:_identify(src/moveit_task_constructor/capabilities) by extensions ['colcon_pkg']
[2.086s] Level 1:colcon.colcon_core.package_identification:_identify(src/moveit_task_constructor/capabilities) by extension 'colcon_pkg'
[2.086s] Level 1:colcon.colcon_core.package_identification:_identify(src/moveit_task_constructor/capabilities) by extensions ['colcon_meta']
[2.086s] Level 1:colcon.colcon_core.package_identification:_identify(src/moveit_task_constructor/capabilities) by extension 'colcon_meta'
[2.086s] Level 1:colcon.colcon_core.package_identification:_identify(src/moveit_task_constructor/capabilities) by extensions ['ros']
[2.086s] Level 1:colcon.colcon_core.package_identification:_identify(src/moveit_task_constructor/capabilities) by extension 'ros'
[2.089s] DEBUG:colcon.colcon_core.package_identification:Package 'src/moveit_task_constructor/capabilities' with type 'ros.ament_cmake' and name 'moveit_task_constructor_capabilities'
[2.089s] Level 1:colcon.colcon_core.package_identification:_identify(src/moveit_task_constructor/core) by extensions ['ignore', 'ignore_ament_install']
[2.090s] Level 1:colcon.colcon_core.package_identification:_identify(src/moveit_task_constructor/core) by extension 'ignore'
[2.090s] Level 1:colcon.colcon_core.package_identification:_identify(src/moveit_task_constructor/core) by extension 'ignore_ament_install'
[2.090s] Level 1:colcon.colcon_core.package_identification:_identify(src/moveit_task_constructor/core) by extensions ['colcon_pkg']
[2.090s] Level 1:colcon.colcon_core.package_identification:_identify(src/moveit_task_constructor/core) by extension 'colcon_pkg'
[2.090s] Level 1:colcon.colcon_core.package_identification:_identify(src/moveit_task_constructor/core) by extensions ['colcon_meta']
[2.090s] Level 1:colcon.colcon_core.package_identification:_identify(src/moveit_task_constructor/core) by extension 'colcon_meta'
[2.090s] Level 1:colcon.colcon_core.package_identification:_identify(src/moveit_task_constructor/core) by extensions ['ros']
[2.091s] Level 1:colcon.colcon_core.package_identification:_identify(src/moveit_task_constructor/core) by extension 'ros'
[2.094s] DEBUG:colcon.colcon_core.package_identification:Package 'src/moveit_task_constructor/core' with type 'ros.ament_cmake' and name 'moveit_task_constructor_core'
[2.094s] Level 1:colcon.colcon_core.package_identification:_identify(src/moveit_task_constructor/demo) by extensions ['ignore', 'ignore_ament_install']
[2.095s] Level 1:colcon.colcon_core.package_identification:_identify(src/moveit_task_constructor/demo) by extension 'ignore'
[2.095s] Level 1:colcon.colcon_core.package_identification:_identify(src/moveit_task_constructor/demo) by extension 'ignore_ament_install'
[2.095s] Level 1:colcon.colcon_core.package_identification:_identify(src/moveit_task_constructor/demo) by extensions ['colcon_pkg']
[2.095s] Level 1:colcon.colcon_core.package_identification:_identify(src/moveit_task_constructor/demo) by extension 'colcon_pkg'
[2.095s] Level 1:colcon.colcon_core.package_identification:_identify(src/moveit_task_constructor/demo) by extensions ['colcon_meta']
[2.095s] Level 1:colcon.colcon_core.package_identification:_identify(src/moveit_task_constructor/demo) by extension 'colcon_meta'
[2.095s] Level 1:colcon.colcon_core.package_identification:_identify(src/moveit_task_constructor/demo) by extensions ['ros']
[2.095s] Level 1:colcon.colcon_core.package_identification:_identify(src/moveit_task_constructor/demo) by extension 'ros'
[2.098s] DEBUG:colcon.colcon_core.package_identification:Package 'src/moveit_task_constructor/demo' with type 'ros.ament_cmake' and name 'moveit_task_constructor_demo'
[2.098s] Level 1:colcon.colcon_core.package_identification:_identify(src/moveit_task_constructor/msgs) by extensions ['ignore', 'ignore_ament_install']
[2.099s] Level 1:colcon.colcon_core.package_identification:_identify(src/moveit_task_constructor/msgs) by extension 'ignore'
[2.099s] Level 1:colcon.colcon_core.package_identification:_identify(src/moveit_task_constructor/msgs) by extension 'ignore_ament_install'
[2.099s] Level 1:colcon.colcon_core.package_identification:_identify(src/moveit_task_constructor/msgs) by extensions ['colcon_pkg']
[2.099s] Level 1:colcon.colcon_core.package_identification:_identify(src/moveit_task_constructor/msgs) by extension 'colcon_pkg'
[2.099s] Level 1:colcon.colcon_core.package_identification:_identify(src/moveit_task_constructor/msgs) by extensions ['colcon_meta']
[2.099s] Level 1:colcon.colcon_core.package_identification:_identify(src/moveit_task_constructor/msgs) by extension 'colcon_meta'
[2.099s] Level 1:colcon.colcon_core.package_identification:_identify(src/moveit_task_constructor/msgs) by extensions ['ros']
[2.099s] Level 1:colcon.colcon_core.package_identification:_identify(src/moveit_task_constructor/msgs) by extension 'ros'
[2.101s] DEBUG:colcon.colcon_core.package_identification:Package 'src/moveit_task_constructor/msgs' with type 'ros.ament_cmake' and name 'moveit_task_constructor_msgs'
[2.102s] Level 1:colcon.colcon_core.package_identification:_identify(src/moveit_task_constructor/rviz_marker_tools) by extensions ['ignore', 'ignore_ament_install']
[2.102s] Level 1:colcon.colcon_core.package_identification:_identify(src/moveit_task_constructor/rviz_marker_tools) by extension 'ignore'
[2.102s] Level 1:colcon.colcon_core.package_identification:_identify(src/moveit_task_constructor/rviz_marker_tools) by extension 'ignore_ament_install'
[2.102s] Level 1:colcon.colcon_core.package_identification:_identify(src/moveit_task_constructor/rviz_marker_tools) by extensions ['colcon_pkg']
[2.102s] Level 1:colcon.colcon_core.package_identification:_identify(src/moveit_task_constructor/rviz_marker_tools) by extension 'colcon_pkg'
[2.103s] Level 1:colcon.colcon_core.package_identification:_identify(src/moveit_task_constructor/rviz_marker_tools) by extensions ['colcon_meta']
[2.103s] Level 1:colcon.colcon_core.package_identification:_identify(src/moveit_task_constructor/rviz_marker_tools) by extension 'colcon_meta'
[2.103s] Level 1:colcon.colcon_core.package_identification:_identify(src/moveit_task_constructor/rviz_marker_tools) by extensions ['ros']
[2.103s] Level 1:colcon.colcon_core.package_identification:_identify(src/moveit_task_constructor/rviz_marker_tools) by extension 'ros'
[2.105s] DEBUG:colcon.colcon_core.package_identification:Package 'src/moveit_task_constructor/rviz_marker_tools' with type 'ros.ament_cmake' and name 'rviz_marker_tools'
[2.106s] Level 1:colcon.colcon_core.package_identification:_identify(src/moveit_task_constructor/visualization) by extensions ['ignore', 'ignore_ament_install']
[2.106s] Level 1:colcon.colcon_core.package_identification:_identify(src/moveit_task_constructor/visualization) by extension 'ignore'
[2.106s] Level 1:colcon.colcon_core.package_identification:_identify(src/moveit_task_constructor/visualization) by extension 'ignore_ament_install'
[2.106s] Level 1:colcon.colcon_core.package_identification:_identify(src/moveit_task_constructor/visualization) by extensions ['colcon_pkg']
[2.106s] Level 1:colcon.colcon_core.package_identification:_identify(src/moveit_task_constructor/visualization) by extension 'colcon_pkg'
[2.106s] Level 1:colcon.colcon_core.package_identification:_identify(src/moveit_task_constructor/visualization) by extensions ['colcon_meta']
[2.107s] Level 1:colcon.colcon_core.package_identification:_identify(src/moveit_task_constructor/visualization) by extension 'colcon_meta'
[2.107s] Level 1:colcon.colcon_core.package_identification:_identify(src/moveit_task_constructor/visualization) by extensions ['ros']
[2.107s] Level 1:colcon.colcon_core.package_identification:_identify(src/moveit_task_constructor/visualization) by extension 'ros'
[2.109s] DEBUG:colcon.colcon_core.package_identification:Package 'src/moveit_task_constructor/visualization' with type 'ros.ament_cmake' and name 'moveit_task_constructor_visualization'
[2.110s] Level 1:colcon.colcon_core.package_identification:_identify(src/moveit_visual_tools) by extensions ['ignore', 'ignore_ament_install']
[2.110s] Level 1:colcon.colcon_core.package_identification:_identify(src/moveit_visual_tools) by extension 'ignore'
[2.110s] Level 1:colcon.colcon_core.package_identification:_identify(src/moveit_visual_tools) by extension 'ignore_ament_install'
[2.110s] Level 1:colcon.colcon_core.package_identification:_identify(src/moveit_visual_tools) by extensions ['colcon_pkg']
[2.111s] Level 1:colcon.colcon_core.package_identification:_identify(src/moveit_visual_tools) by extension 'colcon_pkg'
[2.111s] Level 1:colcon.colcon_core.package_identification:_identify(src/moveit_visual_tools) by extensions ['colcon_meta']
[2.111s] Level 1:colcon.colcon_core.package_identification:_identify(src/moveit_visual_tools) by extension 'colcon_meta'
[2.111s] Level 1:colcon.colcon_core.package_identification:_identify(src/moveit_visual_tools) by extensions ['ros']
[2.111s] Level 1:colcon.colcon_core.package_identification:_identify(src/moveit_visual_tools) by extension 'ros'
[2.114s] DEBUG:colcon.colcon_core.package_identification:Package 'src/moveit_visual_tools' with type 'ros.ament_cmake' and name 'moveit_visual_tools'
[2.115s] Level 1:colcon.colcon_core.package_identification:_identify(src/py_pub_sub) by extensions ['ignore', 'ignore_ament_install']
[2.115s] Level 1:colcon.colcon_core.package_identification:_identify(src/py_pub_sub) by extension 'ignore'
[2.116s] Level 1:colcon.colcon_core.package_identification:_identify(src/py_pub_sub) by extension 'ignore_ament_install'
[2.116s] Level 1:colcon.colcon_core.package_identification:_identify(src/py_pub_sub) by extensions ['colcon_pkg']
[2.116s] Level 1:colcon.colcon_core.package_identification:_identify(src/py_pub_sub) by extension 'colcon_pkg'
[2.116s] Level 1:colcon.colcon_core.package_identification:_identify(src/py_pub_sub) by extensions ['colcon_meta']
[2.116s] Level 1:colcon.colcon_core.package_identification:_identify(src/py_pub_sub) by extension 'colcon_meta'
[2.116s] Level 1:colcon.colcon_core.package_identification:_identify(src/py_pub_sub) by extensions ['ros']
[2.116s] Level 1:colcon.colcon_core.package_identification:_identify(src/py_pub_sub) by extension 'ros'
[2.118s] DEBUG:colcon.colcon_core.package_identification:Package 'src/py_pub_sub' with type 'ros.ament_python' and name 'py_pub_sub'
[2.119s] Level 1:colcon.colcon_core.package_identification:_identify(src/rosparam_shortcuts) by extensions ['ignore', 'ignore_ament_install']
[2.119s] Level 1:colcon.colcon_core.package_identification:_identify(src/rosparam_shortcuts) by extension 'ignore'
[2.119s] Level 1:colcon.colcon_core.package_identification:_identify(src/rosparam_shortcuts) by extension 'ignore_ament_install'
[2.119s] Level 1:colcon.colcon_core.package_identification:_identify(src/rosparam_shortcuts) by extensions ['colcon_pkg']
[2.119s] Level 1:colcon.colcon_core.package_identification:_identify(src/rosparam_shortcuts) by extension 'colcon_pkg'
[2.119s] Level 1:colcon.colcon_core.package_identification:_identify(src/rosparam_shortcuts) by extensions ['colcon_meta']
[2.120s] Level 1:colcon.colcon_core.package_identification:_identify(src/rosparam_shortcuts) by extension 'colcon_meta'
[2.120s] Level 1:colcon.colcon_core.package_identification:_identify(src/rosparam_shortcuts) by extensions ['ros']
[2.120s] Level 1:colcon.colcon_core.package_identification:_identify(src/rosparam_shortcuts) by extension 'ros'
[2.122s] DEBUG:colcon.colcon_core.package_identification:Package 'src/rosparam_shortcuts' with type 'ros.ament_cmake' and name 'rosparam_shortcuts'
[2.123s] Level 1:colcon.colcon_core.package_identification:_identify(src/srdfdom) by extensions ['ignore', 'ignore_ament_install']
[2.123s] Level 1:colcon.colcon_core.package_identification:_identify(src/srdfdom) by extension 'ignore'
[2.123s] Level 1:colcon.colcon_core.package_identification:_identify(src/srdfdom) by extension 'ignore_ament_install'
[2.123s] Level 1:colcon.colcon_core.package_identification:_identify(src/srdfdom) by extensions ['colcon_pkg']
[2.123s] Level 1:colcon.colcon_core.package_identification:_identify(src/srdfdom) by extension 'colcon_pkg'
[2.123s] Level 1:colcon.colcon_core.package_identification:_identify(src/srdfdom) by extensions ['colcon_meta']
[2.123s] Level 1:colcon.colcon_core.package_identification:_identify(src/srdfdom) by extension 'colcon_meta'
[2.123s] Level 1:colcon.colcon_core.package_identification:_identify(src/srdfdom) by extensions ['ros']
[2.124s] Level 1:colcon.colcon_core.package_identification:_identify(src/srdfdom) by extension 'ros'
[2.126s] DEBUG:colcon.colcon_core.package_identification:Package 'src/srdfdom' with type 'ros.ament_cmake' and name 'srdfdom'
[2.126s] Level 1:colcon.colcon_core.package_discovery:discover_packages(recursive) using defaults
[2.126s] Level 1:colcon.colcon_core.package_discovery:discover_packages(ignore) discover
[2.126s] Level 1:colcon.colcon_core.package_discovery:discover_packages(ignore) using defaults
[2.126s] Level 1:colcon.colcon_core.package_discovery:discover_packages(path) discover
[2.126s] Level 1:colcon.colcon_core.package_discovery:discover_packages(path) using defaults
[2.342s] Level 1:colcon.colcon_core.package_discovery:discover_packages(prefix_path) check parameters
[2.342s] Level 1:colcon.colcon_core.package_discovery:discover_packages(prefix_path) discover
[2.353s] DEBUG:colcon.colcon_installed_package_information.package_discovery:Found 356 installed packages in /opt/ros/humble
[2.358s] Level 1:colcon.colcon_core.package_discovery:discover_packages(prefix_path) using defaults
[2.466s] Level 5:colcon.colcon_core.verb:set package 'launch_param_builder' build argument 'cmake_args' from command line to 'None'
[2.466s] Level 5:colcon.colcon_core.verb:set package 'launch_param_builder' build argument 'cmake_target' from command line to 'None'
[2.466s] Level 5:colcon.colcon_core.verb:set package 'launch_param_builder' build argument 'cmake_target_skip_unavailable' from command line to 'False'
[2.466s] Level 5:colcon.colcon_core.verb:set package 'launch_param_builder' build argument 'cmake_clean_cache' from command line to 'False'
[2.466s] Level 5:colcon.colcon_core.verb:set package 'launch_param_builder' build argument 'cmake_clean_first' from command line to 'False'
[2.466s] Level 5:colcon.colcon_core.verb:set package 'launch_param_builder' build argument 'cmake_force_configure' from command line to 'False'
[2.466s] Level 5:colcon.colcon_core.verb:set package 'launch_param_builder' build argument 'ament_cmake_args' from command line to 'None'
[2.466s] Level 5:colcon.colcon_core.verb:set package 'launch_param_builder' build argument 'catkin_cmake_args' from command line to 'None'
[2.466s] Level 5:colcon.colcon_core.verb:set package 'launch_param_builder' build argument 'catkin_skip_building_tests' from command line to 'False'
[2.467s] DEBUG:colcon.colcon_core.verb:Building package 'launch_param_builder' with the following arguments: {'ament_cmake_args': None, 'build_base': '/home/ugv-c7/CodeWorkspace/UGV-Robot/ros2_humble_colcon_ws/build/launch_param_builder', 'catkin_cmake_args': None, 'catkin_skip_building_tests': False, 'cmake_args': None, 'cmake_clean_cache': False, 'cmake_clean_first': False, 'cmake_force_configure': False, 'cmake_target': None, 'cmake_target_skip_unavailable': False, 'install_base': '/home/ugv-c7/CodeWorkspace/UGV-Robot/ros2_humble_colcon_ws/install/launch_param_builder', 'merge_install': False, 'path': '/home/ugv-c7/CodeWorkspace/UGV-Robot/ros2_humble_colcon_ws/src/launch_param_builder', 'symlink_install': False, 'test_result_base': None}
[2.467s] Level 5:colcon.colcon_core.verb:set package 'moveit_common' build argument 'cmake_args' from command line to 'None'
[2.468s] Level 5:colcon.colcon_core.verb:set package 'moveit_common' build argument 'cmake_target' from command line to 'None'
[2.468s] Level 5:colcon.colcon_core.verb:set package 'moveit_common' build argument 'cmake_target_skip_unavailable' from command line to 'False'
[2.468s] Level 5:colcon.colcon_core.verb:set package 'moveit_common' build argument 'cmake_clean_cache' from command line to 'False'
[2.468s] Level 5:colcon.colcon_core.verb:set package 'moveit_common' build argument 'cmake_clean_first' from command line to 'False'
[2.468s] Level 5:colcon.colcon_core.verb:set package 'moveit_common' build argument 'cmake_force_configure' from command line to 'False'
[2.468s] Level 5:colcon.colcon_core.verb:set package 'moveit_common' build argument 'ament_cmake_args' from command line to 'None'
[2.468s] Level 5:colcon.colcon_core.verb:set package 'moveit_common' build argument 'catkin_cmake_args' from command line to 'None'
[2.468s] Level 5:colcon.colcon_core.verb:set package 'moveit_common' build argument 'catkin_skip_building_tests' from command line to 'False'
[2.468s] DEBUG:colcon.colcon_core.verb:Building package 'moveit_common' with the following arguments: {'ament_cmake_args': None, 'build_base': '/home/ugv-c7/CodeWorkspace/UGV-Robot/ros2_humble_colcon_ws/build/moveit_common', 'catkin_cmake_args': None, 'catkin_skip_building_tests': False, 'cmake_args': None, 'cmake_clean_cache': False, 'cmake_clean_first': False, 'cmake_force_configure': False, 'cmake_target': None, 'cmake_target_skip_unavailable': False, 'install_base': '/home/ugv-c7/CodeWorkspace/UGV-Robot/ros2_humble_colcon_ws/install/moveit_common', 'merge_install': False, 'path': '/home/ugv-c7/CodeWorkspace/UGV-Robot/ros2_humble_colcon_ws/src/moveit2/moveit_common', 'symlink_install': False, 'test_result_base': None}
[2.469s] Level 5:colcon.colcon_core.verb:set package 'moveit_resources_fanuc_description' build argument 'cmake_args' from command line to 'None'
[2.469s] Level 5:colcon.colcon_core.verb:set package 'moveit_resources_fanuc_description' build argument 'cmake_target' from command line to 'None'
[2.469s] Level 5:colcon.colcon_core.verb:set package 'moveit_resources_fanuc_description' build argument 'cmake_target_skip_unavailable' from command line to 'False'
[2.469s] Level 5:colcon.colcon_core.verb:set package 'moveit_resources_fanuc_description' build argument 'cmake_clean_cache' from command line to 'False'
[2.469s] Level 5:colcon.colcon_core.verb:set package 'moveit_resources_fanuc_description' build argument 'cmake_clean_first' from command line to 'False'
[2.469s] Level 5:colcon.colcon_core.verb:set package 'moveit_resources_fanuc_description' build argument 'cmake_force_configure' from command line to 'False'
[2.469s] Level 5:colcon.colcon_core.verb:set package 'moveit_resources_fanuc_description' build argument 'ament_cmake_args' from command line to 'None'
[2.469s] Level 5:colcon.colcon_core.verb:set package 'moveit_resources_fanuc_description' build argument 'catkin_cmake_args' from command line to 'None'
[2.469s] Level 5:colcon.colcon_core.verb:set package 'moveit_resources_fanuc_description' build argument 'catkin_skip_building_tests' from command line to 'False'
[2.469s] DEBUG:colcon.colcon_core.verb:Building package 'moveit_resources_fanuc_description' with the following arguments: {'ament_cmake_args': None, 'build_base': '/home/ugv-c7/CodeWorkspace/UGV-Robot/ros2_humble_colcon_ws/build/moveit_resources_fanuc_description', 'catkin_cmake_args': None, 'catkin_skip_building_tests': False, 'cmake_args': None, 'cmake_clean_cache': False, 'cmake_clean_first': False, 'cmake_force_configure': False, 'cmake_target': None, 'cmake_target_skip_unavailable': False, 'install_base': '/home/ugv-c7/CodeWorkspace/UGV-Robot/ros2_humble_colcon_ws/install/moveit_resources_fanuc_description', 'merge_install': False, 'path': '/home/ugv-c7/CodeWorkspace/UGV-Robot/ros2_humble_colcon_ws/src/moveit_resources/fanuc_description', 'symlink_install': False, 'test_result_base': None}
[2.470s] Level 5:colcon.colcon_core.verb:set package 'moveit_resources_panda_description' build argument 'cmake_args' from command line to 'None'
[2.470s] Level 5:colcon.colcon_core.verb:set package 'moveit_resources_panda_description' build argument 'cmake_target' from command line to 'None'
[2.470s] Level 5:colcon.colcon_core.verb:set package 'moveit_resources_panda_description' build argument 'cmake_target_skip_unavailable' from command line to 'False'
[2.470s] Level 5:colcon.colcon_core.verb:set package 'moveit_resources_panda_description' build argument 'cmake_clean_cache' from command line to 'False'
[2.470s] Level 5:colcon.colcon_core.verb:set package 'moveit_resources_panda_description' build argument 'cmake_clean_first' from command line to 'False'
[2.470s] Level 5:colcon.colcon_core.verb:set package 'moveit_resources_panda_description' build argument 'cmake_force_configure' from command line to 'False'
[2.470s] Level 5:colcon.colcon_core.verb:set package 'moveit_resources_panda_description' build argument 'ament_cmake_args' from command line to 'None'
[2.470s] Level 5:colcon.colcon_core.verb:set package 'moveit_resources_panda_description' build argument 'catkin_cmake_args' from command line to 'None'
[2.470s] Level 5:colcon.colcon_core.verb:set package 'moveit_resources_panda_description' build argument 'catkin_skip_building_tests' from command line to 'False'
[2.471s] DEBUG:colcon.colcon_core.verb:Building package 'moveit_resources_panda_description' with the following arguments: {'ament_cmake_args': None, 'build_base': '/home/ugv-c7/CodeWorkspace/UGV-Robot/ros2_humble_colcon_ws/build/moveit_resources_panda_description', 'catkin_cmake_args': None, 'catkin_skip_building_tests': False, 'cmake_args': None, 'cmake_clean_cache': False, 'cmake_clean_first': False, 'cmake_force_configure': False, 'cmake_target': None, 'cmake_target_skip_unavailable': False, 'install_base': '/home/ugv-c7/CodeWorkspace/UGV-Robot/ros2_humble_colcon_ws/install/moveit_resources_panda_description', 'merge_install': False, 'path': '/home/ugv-c7/CodeWorkspace/UGV-Robot/ros2_humble_colcon_ws/src/moveit_resources/panda_description', 'symlink_install': False, 'test_result_base': None}
[2.471s] Level 5:colcon.colcon_core.verb:set package 'moveit_resources_pr2_description' build argument 'cmake_args' from command line to 'None'
[2.471s] Level 5:colcon.colcon_core.verb:set package 'moveit_resources_pr2_description' build argument 'cmake_target' from command line to 'None'
[2.471s] Level 5:colcon.colcon_core.verb:set package 'moveit_resources_pr2_description' build argument 'cmake_target_skip_unavailable' from command line to 'False'
[2.471s] Level 5:colcon.colcon_core.verb:set package 'moveit_resources_pr2_description' build argument 'cmake_clean_cache' from command line to 'False'
[2.471s] Level 5:colcon.colcon_core.verb:set package 'moveit_resources_pr2_description' build argument 'cmake_clean_first' from command line to 'False'
[2.472s] Level 5:colcon.colcon_core.verb:set package 'moveit_resources_pr2_description' build argument 'cmake_force_configure' from command line to 'False'
[2.472s] Level 5:colcon.colcon_core.verb:set package 'moveit_resources_pr2_description' build argument 'ament_cmake_args' from command line to 'None'
[2.472s] Level 5:colcon.colcon_core.verb:set package 'moveit_resources_pr2_description' build argument 'catkin_cmake_args' from command line to 'None'
[2.472s] Level 5:colcon.colcon_core.verb:set package 'moveit_resources_pr2_description' build argument 'catkin_skip_building_tests' from command line to 'False'
[2.472s] DEBUG:colcon.colcon_core.verb:Building package 'moveit_resources_pr2_description' with the following arguments: {'ament_cmake_args': None, 'build_base': '/home/ugv-c7/CodeWorkspace/UGV-Robot/ros2_humble_colcon_ws/build/moveit_resources_pr2_description', 'catkin_cmake_args': None, 'catkin_skip_building_tests': False, 'cmake_args': None, 'cmake_clean_cache': False, 'cmake_clean_first': False, 'cmake_force_configure': False, 'cmake_target': None, 'cmake_target_skip_unavailable': False, 'install_base': '/home/ugv-c7/CodeWorkspace/UGV-Robot/ros2_humble_colcon_ws/install/moveit_resources_pr2_description', 'merge_install': False, 'path': '/home/ugv-c7/CodeWorkspace/UGV-Robot/ros2_humble_colcon_ws/src/moveit_resources/pr2_description', 'symlink_install': False, 'test_result_base': None}
[2.472s] Level 5:colcon.colcon_core.verb:set package 'moveit_resources_prbt_support' build argument 'cmake_args' from command line to 'None'
[2.473s] Level 5:colcon.colcon_core.verb:set package 'moveit_resources_prbt_support' build argument 'cmake_target' from command line to 'None'
[2.473s] Level 5:colcon.colcon_core.verb:set package 'moveit_resources_prbt_support' build argument 'cmake_target_skip_unavailable' from command line to 'False'
[2.473s] Level 5:colcon.colcon_core.verb:set package 'moveit_resources_prbt_support' build argument 'cmake_clean_cache' from command line to 'False'
[2.473s] Level 5:colcon.colcon_core.verb:set package 'moveit_resources_prbt_support' build argument 'cmake_clean_first' from command line to 'False'
[2.473s] Level 5:colcon.colcon_core.verb:set package 'moveit_resources_prbt_support' build argument 'cmake_force_configure' from command line to 'False'
[2.473s] Level 5:colcon.colcon_core.verb:set package 'moveit_resources_prbt_support' build argument 'ament_cmake_args' from command line to 'None'
[2.473s] Level 5:colcon.colcon_core.verb:set package 'moveit_resources_prbt_support' build argument 'catkin_cmake_args' from command line to 'None'
[2.473s] Level 5:colcon.colcon_core.verb:set package 'moveit_resources_prbt_support' build argument 'catkin_skip_building_tests' from command line to 'False'
[2.473s] DEBUG:colcon.colcon_core.verb:Building package 'moveit_resources_prbt_support' with the following arguments: {'ament_cmake_args': None, 'build_base': '/home/ugv-c7/CodeWorkspace/UGV-Robot/ros2_humble_colcon_ws/build/moveit_resources_prbt_support', 'catkin_cmake_args': None, 'catkin_skip_building_tests': False, 'cmake_args': None, 'cmake_clean_cache': False, 'cmake_clean_first': False, 'cmake_force_configure': False, 'cmake_target': None, 'cmake_target_skip_unavailable': False, 'install_base': '/home/ugv-c7/CodeWorkspace/UGV-Robot/ros2_humble_colcon_ws/install/moveit_resources_prbt_support', 'merge_install': False, 'path': '/home/ugv-c7/CodeWorkspace/UGV-Robot/ros2_humble_colcon_ws/src/moveit2/moveit_planners/test_configs/prbt_support', 'symlink_install': False, 'test_result_base': None}
[2.474s] Level 5:colcon.colcon_core.verb:set package 'moveit_task_constructor_msgs' build argument 'cmake_args' from command line to 'None'
[2.474s] Level 5:colcon.colcon_core.verb:set package 'moveit_task_constructor_msgs' build argument 'cmake_target' from command line to 'None'
[2.474s] Level 5:colcon.colcon_core.verb:set package 'moveit_task_constructor_msgs' build argument 'cmake_target_skip_unavailable' from command line to 'False'
[2.474s] Level 5:colcon.colcon_core.verb:set package 'moveit_task_constructor_msgs' build argument 'cmake_clean_cache' from command line to 'False'
[2.474s] Level 5:colcon.colcon_core.verb:set package 'moveit_task_constructor_msgs' build argument 'cmake_clean_first' from command line to 'False'
[2.474s] Level 5:colcon.colcon_core.verb:set package 'moveit_task_constructor_msgs' build argument 'cmake_force_configure' from command line to 'False'
[2.474s] Level 5:colcon.colcon_core.verb:set package 'moveit_task_constructor_msgs' build argument 'ament_cmake_args' from command line to 'None'
[2.474s] Level 5:colcon.colcon_core.verb:set package 'moveit_task_constructor_msgs' build argument 'catkin_cmake_args' from command line to 'None'
[2.474s] Level 5:colcon.colcon_core.verb:set package 'moveit_task_constructor_msgs' build argument 'catkin_skip_building_tests' from command line to 'False'
[2.475s] DEBUG:colcon.colcon_core.verb:Building package 'moveit_task_constructor_msgs' with the following arguments: {'ament_cmake_args': None, 'build_base': '/home/ugv-c7/CodeWorkspace/UGV-Robot/ros2_humble_colcon_ws/build/moveit_task_constructor_msgs', 'catkin_cmake_args': None, 'catkin_skip_building_tests': False, 'cmake_args': None, 'cmake_clean_cache': False, 'cmake_clean_first': False, 'cmake_force_configure': False, 'cmake_target': None, 'cmake_target_skip_unavailable': False, 'install_base': '/home/ugv-c7/CodeWorkspace/UGV-Robot/ros2_humble_colcon_ws/install/moveit_task_constructor_msgs', 'merge_install': False, 'path': '/home/ugv-c7/CodeWorkspace/UGV-Robot/ros2_humble_colcon_ws/src/moveit_task_constructor/msgs', 'symlink_install': False, 'test_result_base': None}
[2.475s] Level 5:colcon.colcon_core.verb:set package 'py_pub_sub' build argument 'cmake_args' from command line to 'None'
[2.475s] Level 5:colcon.colcon_core.verb:set package 'py_pub_sub' build argument 'cmake_target' from command line to 'None'
[2.475s] Level 5:colcon.colcon_core.verb:set package 'py_pub_sub' build argument 'cmake_target_skip_unavailable' from command line to 'False'
[2.475s] Level 5:colcon.colcon_core.verb:set package 'py_pub_sub' build argument 'cmake_clean_cache' from command line to 'False'
[2.475s] Level 5:colcon.colcon_core.verb:set package 'py_pub_sub' build argument 'cmake_clean_first' from command line to 'False'
[2.475s] Level 5:colcon.colcon_core.verb:set package 'py_pub_sub' build argument 'cmake_force_configure' from command line to 'False'
[2.476s] Level 5:colcon.colcon_core.verb:set package 'py_pub_sub' build argument 'ament_cmake_args' from command line to 'None'
[2.476s] Level 5:colcon.colcon_core.verb:set package 'py_pub_sub' build argument 'catkin_cmake_args' from command line to 'None'
[2.476s] Level 5:colcon.colcon_core.verb:set package 'py_pub_sub' build argument 'catkin_skip_building_tests' from command line to 'False'
[2.476s] DEBUG:colcon.colcon_core.verb:Building package 'py_pub_sub' with the following arguments: {'ament_cmake_args': None, 'build_base': '/home/ugv-c7/CodeWorkspace/UGV-Robot/ros2_humble_colcon_ws/build/py_pub_sub', 'catkin_cmake_args': None, 'catkin_skip_building_tests': False, 'cmake_args': None, 'cmake_clean_cache': False, 'cmake_clean_first': False, 'cmake_force_configure': False, 'cmake_target': None, 'cmake_target_skip_unavailable': False, 'install_base': '/home/ugv-c7/CodeWorkspace/UGV-Robot/ros2_humble_colcon_ws/install/py_pub_sub', 'merge_install': False, 'path': '/home/ugv-c7/CodeWorkspace/UGV-Robot/ros2_humble_colcon_ws/src/py_pub_sub', 'symlink_install': False, 'test_result_base': None}
[2.476s] Level 5:colcon.colcon_core.verb:set package 'rosparam_shortcuts' build argument 'cmake_args' from command line to 'None'
[2.476s] Level 5:colcon.colcon_core.verb:set package 'rosparam_shortcuts' build argument 'cmake_target' from command line to 'None'
[2.477s] Level 5:colcon.colcon_core.verb:set package 'rosparam_shortcuts' build argument 'cmake_target_skip_unavailable' from command line to 'False'
[2.477s] Level 5:colcon.colcon_core.verb:set package 'rosparam_shortcuts' build argument 'cmake_clean_cache' from command line to 'False'
[2.477s] Level 5:colcon.colcon_core.verb:set package 'rosparam_shortcuts' build argument 'cmake_clean_first' from command line to 'False'
[2.477s] Level 5:colcon.colcon_core.verb:set package 'rosparam_shortcuts' build argument 'cmake_force_configure' from command line to 'False'
[2.477s] Level 5:colcon.colcon_core.verb:set package 'rosparam_shortcuts' build argument 'ament_cmake_args' from command line to 'None'
[2.477s] Level 5:colcon.colcon_core.verb:set package 'rosparam_shortcuts' build argument 'catkin_cmake_args' from command line to 'None'
[2.477s] Level 5:colcon.colcon_core.verb:set package 'rosparam_shortcuts' build argument 'catkin_skip_building_tests' from command line to 'False'
[2.477s] DEBUG:colcon.colcon_core.verb:Building package 'rosparam_shortcuts' with the following arguments: {'ament_cmake_args': None, 'build_base': '/home/ugv-c7/CodeWorkspace/UGV-Robot/ros2_humble_colcon_ws/build/rosparam_shortcuts', 'catkin_cmake_args': None, 'catkin_skip_building_tests': False, 'cmake_args': None, 'cmake_clean_cache': False, 'cmake_clean_first': False, 'cmake_force_configure': False, 'cmake_target': None, 'cmake_target_skip_unavailable': False, 'install_base': '/home/ugv-c7/CodeWorkspace/UGV-Robot/ros2_humble_colcon_ws/install/rosparam_shortcuts', 'merge_install': False, 'path': '/home/ugv-c7/CodeWorkspace/UGV-Robot/ros2_humble_colcon_ws/src/rosparam_shortcuts', 'symlink_install': False, 'test_result_base': None}
[2.478s] Level 5:colcon.colcon_core.verb:set package 'srdfdom' build argument 'cmake_args' from command line to 'None'
[2.478s] Level 5:colcon.colcon_core.verb:set package 'srdfdom' build argument 'cmake_target' from command line to 'None'
[2.478s] Level 5:colcon.colcon_core.verb:set package 'srdfdom' build argument 'cmake_target_skip_unavailable' from command line to 'False'
[2.478s] Level 5:colcon.colcon_core.verb:set package 'srdfdom' build argument 'cmake_clean_cache' from command line to 'False'
[2.478s] Level 5:colcon.colcon_core.verb:set package 'srdfdom' build argument 'cmake_clean_first' from command line to 'False'
[2.478s] Level 5:colcon.colcon_core.verb:set package 'srdfdom' build argument 'cmake_force_configure' from command line to 'False'
[2.478s] Level 5:colcon.colcon_core.verb:set package 'srdfdom' build argument 'ament_cmake_args' from command line to 'None'
[2.478s] Level 5:colcon.colcon_core.verb:set package 'srdfdom' build argument 'catkin_cmake_args' from command line to 'None'
[2.478s] Level 5:colcon.colcon_core.verb:set package 'srdfdom' build argument 'catkin_skip_building_tests' from command line to 'False'
[2.478s] DEBUG:colcon.colcon_core.verb:Building package 'srdfdom' with the following arguments: {'ament_cmake_args': None, 'build_base': '/home/ugv-c7/CodeWorkspace/UGV-Robot/ros2_humble_colcon_ws/build/srdfdom', 'catkin_cmake_args': None, 'catkin_skip_building_tests': False, 'cmake_args': None, 'cmake_clean_cache': False, 'cmake_clean_first': False, 'cmake_force_configure': False, 'cmake_target': None, 'cmake_target_skip_unavailable': False, 'install_base': '/home/ugv-c7/CodeWorkspace/UGV-Robot/ros2_humble_colcon_ws/install/srdfdom', 'merge_install': False, 'path': '/home/ugv-c7/CodeWorkspace/UGV-Robot/ros2_humble_colcon_ws/src/srdfdom', 'symlink_install': False, 'test_result_base': None}
[2.479s] Level 5:colcon.colcon_core.verb:set package 'app_bringup' build argument 'cmake_args' from command line to 'None'
[2.479s] Level 5:colcon.colcon_core.verb:set package 'app_bringup' build argument 'cmake_target' from command line to 'None'
[2.479s] Level 5:colcon.colcon_core.verb:set package 'app_bringup' build argument 'cmake_target_skip_unavailable' from command line to 'False'
[2.479s] Level 5:colcon.colcon_core.verb:set package 'app_bringup' build argument 'cmake_clean_cache' from command line to 'False'
[2.479s] Level 5:colcon.colcon_core.verb:set package 'app_bringup' build argument 'cmake_clean_first' from command line to 'False'
[2.479s] Level 5:colcon.colcon_core.verb:set package 'app_bringup' build argument 'cmake_force_configure' from command line to 'False'
[2.479s] Level 5:colcon.colcon_core.verb:set package 'app_bringup' build argument 'ament_cmake_args' from command line to 'None'
[2.479s] Level 5:colcon.colcon_core.verb:set package 'app_bringup' build argument 'catkin_cmake_args' from command line to 'None'
[2.479s] Level 5:colcon.colcon_core.verb:set package 'app_bringup' build argument 'catkin_skip_building_tests' from command line to 'False'
[2.479s] DEBUG:colcon.colcon_core.verb:Building package 'app_bringup' with the following arguments: {'ament_cmake_args': None, 'build_base': '/home/ugv-c7/CodeWorkspace/UGV-Robot/ros2_humble_colcon_ws/build/app_bringup', 'catkin_cmake_args': None, 'catkin_skip_building_tests': False, 'cmake_args': None, 'cmake_clean_cache': False, 'cmake_clean_first': False, 'cmake_force_configure': False, 'cmake_target': None, 'cmake_target_skip_unavailable': False, 'install_base': '/home/ugv-c7/CodeWorkspace/UGV-Robot/ros2_humble_colcon_ws/install/app_bringup', 'merge_install': False, 'path': '/home/ugv-c7/CodeWorkspace/UGV-Robot/ros2_humble_colcon_ws/src/app_bringup', 'symlink_install': False, 'test_result_base': None}
[2.480s] Level 5:colcon.colcon_core.verb:set package 'moveit_configs_utils' build argument 'cmake_args' from command line to 'None'
[2.480s] Level 5:colcon.colcon_core.verb:set package 'moveit_configs_utils' build argument 'cmake_target' from command line to 'None'
[2.480s] Level 5:colcon.colcon_core.verb:set package 'moveit_configs_utils' build argument 'cmake_target_skip_unavailable' from command line to 'False'
[2.480s] Level 5:colcon.colcon_core.verb:set package 'moveit_configs_utils' build argument 'cmake_clean_cache' from command line to 'False'
[2.480s] Level 5:colcon.colcon_core.verb:set package 'moveit_configs_utils' build argument 'cmake_clean_first' from command line to 'False'
[2.480s] Level 5:colcon.colcon_core.verb:set package 'moveit_configs_utils' build argument 'cmake_force_configure' from command line to 'False'
[2.480s] Level 5:colcon.colcon_core.verb:set package 'moveit_configs_utils' build argument 'ament_cmake_args' from command line to 'None'
[2.481s] Level 5:colcon.colcon_core.verb:set package 'moveit_configs_utils' build argument 'catkin_cmake_args' from command line to 'None'
[2.481s] Level 5:colcon.colcon_core.verb:set package 'moveit_configs_utils' build argument 'catkin_skip_building_tests' from command line to 'False'
[2.481s] DEBUG:colcon.colcon_core.verb:Building package 'moveit_configs_utils' with the following arguments: {'ament_cmake_args': None, 'build_base': '/home/ugv-c7/CodeWorkspace/UGV-Robot/ros2_humble_colcon_ws/build/moveit_configs_utils', 'catkin_cmake_args': None, 'catkin_skip_building_tests': False, 'cmake_args': None, 'cmake_clean_cache': False, 'cmake_clean_first': False, 'cmake_force_configure': False, 'cmake_target': None, 'cmake_target_skip_unavailable': False, 'install_base': '/home/ugv-c7/CodeWorkspace/UGV-Robot/ros2_humble_colcon_ws/install/moveit_configs_utils', 'merge_install': False, 'path': '/home/ugv-c7/CodeWorkspace/UGV-Robot/ros2_humble_colcon_ws/src/moveit2/moveit_configs_utils', 'symlink_install': False, 'test_result_base': None}
[2.481s] Level 5:colcon.colcon_core.verb:set package 'moveit_resources_fanuc_moveit_config' build argument 'cmake_args' from command line to 'None'
[2.481s] Level 5:colcon.colcon_core.verb:set package 'moveit_resources_fanuc_moveit_config' build argument 'cmake_target' from command line to 'None'
[2.481s] Level 5:colcon.colcon_core.verb:set package 'moveit_resources_fanuc_moveit_config' build argument 'cmake_target_skip_unavailable' from command line to 'False'
[2.482s] Level 5:colcon.colcon_core.verb:set package 'moveit_resources_fanuc_moveit_config' build argument 'cmake_clean_cache' from command line to 'False'
[2.482s] Level 5:colcon.colcon_core.verb:set package 'moveit_resources_fanuc_moveit_config' build argument 'cmake_clean_first' from command line to 'False'
[2.482s] Level 5:colcon.colcon_core.verb:set package 'moveit_resources_fanuc_moveit_config' build argument 'cmake_force_configure' from command line to 'False'
[2.482s] Level 5:colcon.colcon_core.verb:set package 'moveit_resources_fanuc_moveit_config' build argument 'ament_cmake_args' from command line to 'None'
[2.482s] Level 5:colcon.colcon_core.verb:set package 'moveit_resources_fanuc_moveit_config' build argument 'catkin_cmake_args' from command line to 'None'
[2.482s] Level 5:colcon.colcon_core.verb:set package 'moveit_resources_fanuc_moveit_config' build argument 'catkin_skip_building_tests' from command line to 'False'
[2.482s] DEBUG:colcon.colcon_core.verb:Building package 'moveit_resources_fanuc_moveit_config' with the following arguments: {'ament_cmake_args': None, 'build_base': '/home/ugv-c7/CodeWorkspace/UGV-Robot/ros2_humble_colcon_ws/build/moveit_resources_fanuc_moveit_config', 'catkin_cmake_args': None, 'catkin_skip_building_tests': False, 'cmake_args': None, 'cmake_clean_cache': False, 'cmake_clean_first': False, 'cmake_force_configure': False, 'cmake_target': None, 'cmake_target_skip_unavailable': False, 'install_base': '/home/ugv-c7/CodeWorkspace/UGV-Robot/ros2_humble_colcon_ws/install/moveit_resources_fanuc_moveit_config', 'merge_install': False, 'path': '/home/ugv-c7/CodeWorkspace/UGV-Robot/ros2_humble_colcon_ws/src/moveit_resources/fanuc_moveit_config', 'symlink_install': False, 'test_result_base': None}
[2.483s] Level 5:colcon.colcon_core.verb:set package 'moveit_resources_panda_moveit_config' build argument 'cmake_args' from command line to 'None'
[2.483s] Level 5:colcon.colcon_core.verb:set package 'moveit_resources_panda_moveit_config' build argument 'cmake_target' from command line to 'None'
[2.483s] Level 5:colcon.colcon_core.verb:set package 'moveit_resources_panda_moveit_config' build argument 'cmake_target_skip_unavailable' from command line to 'False'
[2.483s] Level 5:colcon.colcon_core.verb:set package 'moveit_resources_panda_moveit_config' build argument 'cmake_clean_cache' from command line to 'False'
[2.483s] Level 5:colcon.colcon_core.verb:set package 'moveit_resources_panda_moveit_config' build argument 'cmake_clean_first' from command line to 'False'
[2.483s] Level 5:colcon.colcon_core.verb:set package 'moveit_resources_panda_moveit_config' build argument 'cmake_force_configure' from command line to 'False'
[2.483s] Level 5:colcon.colcon_core.verb:set package 'moveit_resources_panda_moveit_config' build argument 'ament_cmake_args' from command line to 'None'
[2.483s] Level 5:colcon.colcon_core.verb:set package 'moveit_resources_panda_moveit_config' build argument 'catkin_cmake_args' from command line to 'None'
[2.483s] Level 5:colcon.colcon_core.verb:set package 'moveit_resources_panda_moveit_config' build argument 'catkin_skip_building_tests' from command line to 'False'
[2.483s] DEBUG:colcon.colcon_core.verb:Building package 'moveit_resources_panda_moveit_config' with the following arguments: {'ament_cmake_args': None, 'build_base': '/home/ugv-c7/CodeWorkspace/UGV-Robot/ros2_humble_colcon_ws/build/moveit_resources_panda_moveit_config', 'catkin_cmake_args': None, 'catkin_skip_building_tests': False, 'cmake_args': None, 'cmake_clean_cache': False, 'cmake_clean_first': False, 'cmake_force_configure': False, 'cmake_target': None, 'cmake_target_skip_unavailable': False, 'install_base': '/home/ugv-c7/CodeWorkspace/UGV-Robot/ros2_humble_colcon_ws/install/moveit_resources_panda_moveit_config', 'merge_install': False, 'path': '/home/ugv-c7/CodeWorkspace/UGV-Robot/ros2_humble_colcon_ws/src/moveit_resources/panda_moveit_config', 'symlink_install': False, 'test_result_base': None}
[2.484s] Level 5:colcon.colcon_core.verb:set package 'rviz_marker_tools' build argument 'cmake_args' from command line to 'None'
[2.484s] Level 5:colcon.colcon_core.verb:set package 'rviz_marker_tools' build argument 'cmake_target' from command line to 'None'
[2.484s] Level 5:colcon.colcon_core.verb:set package 'rviz_marker_tools' build argument 'cmake_target_skip_unavailable' from command line to 'False'
[2.484s] Level 5:colcon.colcon_core.verb:set package 'rviz_marker_tools' build argument 'cmake_clean_cache' from command line to 'False'
[2.484s] Level 5:colcon.colcon_core.verb:set package 'rviz_marker_tools' build argument 'cmake_clean_first' from command line to 'False'
[2.484s] Level 5:colcon.colcon_core.verb:set package 'rviz_marker_tools' build argument 'cmake_force_configure' from command line to 'False'
[2.484s] Level 5:colcon.colcon_core.verb:set package 'rviz_marker_tools' build argument 'ament_cmake_args' from command line to 'None'
[2.484s] Level 5:colcon.colcon_core.verb:set package 'rviz_marker_tools' build argument 'catkin_cmake_args' from command line to 'None'
[2.484s] Level 5:colcon.colcon_core.verb:set package 'rviz_marker_tools' build argument 'catkin_skip_building_tests' from command line to 'False'
[2.484s] DEBUG:colcon.colcon_core.verb:Building package 'rviz_marker_tools' with the following arguments: {'ament_cmake_args': None, 'build_base': '/home/ugv-c7/CodeWorkspace/UGV-Robot/ros2_humble_colcon_ws/build/rviz_marker_tools', 'catkin_cmake_args': None, 'catkin_skip_building_tests': False, 'cmake_args': None, 'cmake_clean_cache': False, 'cmake_clean_first': False, 'cmake_force_configure': False, 'cmake_target': None, 'cmake_target_skip_unavailable': False, 'install_base': '/home/ugv-c7/CodeWorkspace/UGV-Robot/ros2_humble_colcon_ws/install/rviz_marker_tools', 'merge_install': False, 'path': '/home/ugv-c7/CodeWorkspace/UGV-Robot/ros2_humble_colcon_ws/src/moveit_task_constructor/rviz_marker_tools', 'symlink_install': False, 'test_result_base': None}
[2.485s] Level 5:colcon.colcon_core.verb:set package 'moveit_core' build argument 'cmake_args' from command line to 'None'
[2.485s] Level 5:colcon.colcon_core.verb:set package 'moveit_core' build argument 'cmake_target' from command line to 'None'
[2.485s] Level 5:colcon.colcon_core.verb:set package 'moveit_core' build argument 'cmake_target_skip_unavailable' from command line to 'False'
[2.485s] Level 5:colcon.colcon_core.verb:set package 'moveit_core' build argument 'cmake_clean_cache' from command line to 'False'
[2.485s] Level 5:colcon.colcon_core.verb:set package 'moveit_core' build argument 'cmake_clean_first' from command line to 'False'
[2.485s] Level 5:colcon.colcon_core.verb:set package 'moveit_core' build argument 'cmake_force_configure' from command line to 'False'
[2.485s] Level 5:colcon.colcon_core.verb:set package 'moveit_core' build argument 'ament_cmake_args' from command line to 'None'
[2.485s] Level 5:colcon.colcon_core.verb:set package 'moveit_core' build argument 'catkin_cmake_args' from command line to 'None'
[2.485s] Level 5:colcon.colcon_core.verb:set package 'moveit_core' build argument 'catkin_skip_building_tests' from command line to 'False'
[2.485s] DEBUG:colcon.colcon_core.verb:Building package 'moveit_core' with the following arguments: {'ament_cmake_args': None, 'build_base': '/home/ugv-c7/CodeWorkspace/UGV-Robot/ros2_humble_colcon_ws/build/moveit_core', 'catkin_cmake_args': None, 'catkin_skip_building_tests': False, 'cmake_args': None, 'cmake_clean_cache': False, 'cmake_clean_first': False, 'cmake_force_configure': False, 'cmake_target': None, 'cmake_target_skip_unavailable': False, 'install_base': '/home/ugv-c7/CodeWorkspace/UGV-Robot/ros2_humble_colcon_ws/install/moveit_core', 'merge_install': False, 'path': '/home/ugv-c7/CodeWorkspace/UGV-Robot/ros2_humble_colcon_ws/src/moveit2/moveit_core', 'symlink_install': False, 'test_result_base': None}
[2.486s] Level 5:colcon.colcon_core.verb:set package 'moveit_resources' build argument 'cmake_args' from command line to 'None'
[2.486s] Level 5:colcon.colcon_core.verb:set package 'moveit_resources' build argument 'cmake_target' from command line to 'None'
[2.486s] Level 5:colcon.colcon_core.verb:set package 'moveit_resources' build argument 'cmake_target_skip_unavailable' from command line to 'False'
[2.486s] Level 5:colcon.colcon_core.verb:set package 'moveit_resources' build argument 'cmake_clean_cache' from command line to 'False'
[2.486s] Level 5:colcon.colcon_core.verb:set package 'moveit_resources' build argument 'cmake_clean_first' from command line to 'False'
[2.486s] Level 5:colcon.colcon_core.verb:set package 'moveit_resources' build argument 'cmake_force_configure' from command line to 'False'
[2.487s] Level 5:colcon.colcon_core.verb:set package 'moveit_resources' build argument 'ament_cmake_args' from command line to 'None'
[2.487s] Level 5:colcon.colcon_core.verb:set package 'moveit_resources' build argument 'catkin_cmake_args' from command line to 'None'
[2.487s] Level 5:colcon.colcon_core.verb:set package 'moveit_resources' build argument 'catkin_skip_building_tests' from command line to 'False'
[2.487s] DEBUG:colcon.colcon_core.verb:Building package 'moveit_resources' with the following arguments: {'ament_cmake_args': None, 'build_base': '/home/ugv-c7/CodeWorkspace/UGV-Robot/ros2_humble_colcon_ws/build/moveit_resources', 'catkin_cmake_args': None, 'catkin_skip_building_tests': False, 'cmake_args': None, 'cmake_clean_cache': False, 'cmake_clean_first': False, 'cmake_force_configure': False, 'cmake_target': None, 'cmake_target_skip_unavailable': False, 'install_base': '/home/ugv-c7/CodeWorkspace/UGV-Robot/ros2_humble_colcon_ws/install/moveit_resources', 'merge_install': False, 'path': '/home/ugv-c7/CodeWorkspace/UGV-Robot/ros2_humble_colcon_ws/src/moveit_resources/moveit_resources', 'symlink_install': False, 'test_result_base': None}
[2.487s] Level 5:colcon.colcon_core.verb:set package 'chomp_motion_planner' build argument 'cmake_args' from command line to 'None'
[2.487s] Level 5:colcon.colcon_core.verb:set package 'chomp_motion_planner' build argument 'cmake_target' from command line to 'None'
[2.488s] Level 5:colcon.colcon_core.verb:set package 'chomp_motion_planner' build argument 'cmake_target_skip_unavailable' from command line to 'False'
[2.488s] Level 5:colcon.colcon_core.verb:set package 'chomp_motion_planner' build argument 'cmake_clean_cache' from command line to 'False'
[2.488s] Level 5:colcon.colcon_core.verb:set package 'chomp_motion_planner' build argument 'cmake_clean_first' from command line to 'False'
[2.488s] Level 5:colcon.colcon_core.verb:set package 'chomp_motion_planner' build argument 'cmake_force_configure' from command line to 'False'
[2.488s] Level 5:colcon.colcon_core.verb:set package 'chomp_motion_planner' build argument 'ament_cmake_args' from command line to 'None'
[2.488s] Level 5:colcon.colcon_core.verb:set package 'chomp_motion_planner' build argument 'catkin_cmake_args' from command line to 'None'
[2.488s] Level 5:colcon.colcon_core.verb:set package 'chomp_motion_planner' build argument 'catkin_skip_building_tests' from command line to 'False'
[2.488s] DEBUG:colcon.colcon_core.verb:Building package 'chomp_motion_planner' with the following arguments: {'ament_cmake_args': None, 'build_base': '/home/ugv-c7/CodeWorkspace/UGV-Robot/ros2_humble_colcon_ws/build/chomp_motion_planner', 'catkin_cmake_args': None, 'catkin_skip_building_tests': False, 'cmake_args': None, 'cmake_clean_cache': False, 'cmake_clean_first': False, 'cmake_force_configure': False, 'cmake_target': None, 'cmake_target_skip_unavailable': False, 'install_base': '/home/ugv-c7/CodeWorkspace/UGV-Robot/ros2_humble_colcon_ws/install/chomp_motion_planner', 'merge_install': False, 'path': '/home/ugv-c7/CodeWorkspace/UGV-Robot/ros2_humble_colcon_ws/src/moveit2/moveit_planners/chomp/chomp_motion_planner', 'symlink_install': False, 'test_result_base': None}
[2.489s] Level 5:colcon.colcon_core.verb:set package 'moveit_resources_prbt_ikfast_manipulator_plugin' build argument 'cmake_args' from command line to 'None'
[2.489s] Level 5:colcon.colcon_core.verb:set package 'moveit_resources_prbt_ikfast_manipulator_plugin' build argument 'cmake_target' from command line to 'None'
[2.489s] Level 5:colcon.colcon_core.verb:set package 'moveit_resources_prbt_ikfast_manipulator_plugin' build argument 'cmake_target_skip_unavailable' from command line to 'False'
[2.489s] Level 5:colcon.colcon_core.verb:set package 'moveit_resources_prbt_ikfast_manipulator_plugin' build argument 'cmake_clean_cache' from command line to 'False'
[2.489s] Level 5:colcon.colcon_core.verb:set package 'moveit_resources_prbt_ikfast_manipulator_plugin' build argument 'cmake_clean_first' from command line to 'False'
[2.489s] Level 5:colcon.colcon_core.verb:set package 'moveit_resources_prbt_ikfast_manipulator_plugin' build argument 'cmake_force_configure' from command line to 'False'
[2.489s] Level 5:colcon.colcon_core.verb:set package 'moveit_resources_prbt_ikfast_manipulator_plugin' build argument 'ament_cmake_args' from command line to 'None'
[2.489s] Level 5:colcon.colcon_core.verb:set package 'moveit_resources_prbt_ikfast_manipulator_plugin' build argument 'catkin_cmake_args' from command line to 'None'
[2.489s] Level 5:colcon.colcon_core.verb:set package 'moveit_resources_prbt_ikfast_manipulator_plugin' build argument 'catkin_skip_building_tests' from command line to 'False'
[2.489s] DEBUG:colcon.colcon_core.verb:Building package 'moveit_resources_prbt_ikfast_manipulator_plugin' with the following arguments: {'ament_cmake_args': None, 'build_base': '/home/ugv-c7/CodeWorkspace/UGV-Robot/ros2_humble_colcon_ws/build/moveit_resources_prbt_ikfast_manipulator_plugin', 'catkin_cmake_args': None, 'catkin_skip_building_tests': False, 'cmake_args': None, 'cmake_clean_cache': False, 'cmake_clean_first': False, 'cmake_force_configure': False, 'cmake_target': None, 'cmake_target_skip_unavailable': False, 'install_base': '/home/ugv-c7/CodeWorkspace/UGV-Robot/ros2_humble_colcon_ws/install/moveit_resources_prbt_ikfast_manipulator_plugin', 'merge_install': False, 'path': '/home/ugv-c7/CodeWorkspace/UGV-Robot/ros2_humble_colcon_ws/src/moveit2/moveit_planners/test_configs/prbt_ikfast_manipulator_plugin', 'symlink_install': False, 'test_result_base': None}
[2.490s] Level 5:colcon.colcon_core.verb:set package 'moveit_ros_occupancy_map_monitor' build argument 'cmake_args' from command line to 'None'
[2.490s] Level 5:colcon.colcon_core.verb:set package 'moveit_ros_occupancy_map_monitor' build argument 'cmake_target' from command line to 'None'
[2.490s] Level 5:colcon.colcon_core.verb:set package 'moveit_ros_occupancy_map_monitor' build argument 'cmake_target_skip_unavailable' from command line to 'False'
[2.490s] Level 5:colcon.colcon_core.verb:set package 'moveit_ros_occupancy_map_monitor' build argument 'cmake_clean_cache' from command line to 'False'
[2.490s] Level 5:colcon.colcon_core.verb:set package 'moveit_ros_occupancy_map_monitor' build argument 'cmake_clean_first' from command line to 'False'
[2.490s] Level 5:colcon.colcon_core.verb:set package 'moveit_ros_occupancy_map_monitor' build argument 'cmake_force_configure' from command line to 'False'
[2.490s] Level 5:colcon.colcon_core.verb:set package 'moveit_ros_occupancy_map_monitor' build argument 'ament_cmake_args' from command line to 'None'
[2.490s] Level 5:colcon.colcon_core.verb:set package 'moveit_ros_occupancy_map_monitor' build argument 'catkin_cmake_args' from command line to 'None'
[2.490s] Level 5:colcon.colcon_core.verb:set package 'moveit_ros_occupancy_map_monitor' build argument 'catkin_skip_building_tests' from command line to 'False'
[2.490s] DEBUG:colcon.colcon_core.verb:Building package 'moveit_ros_occupancy_map_monitor' with the following arguments: {'ament_cmake_args': None, 'build_base': '/home/ugv-c7/CodeWorkspace/UGV-Robot/ros2_humble_colcon_ws/build/moveit_ros_occupancy_map_monitor', 'catkin_cmake_args': None, 'catkin_skip_building_tests': False, 'cmake_args': None, 'cmake_clean_cache': False, 'cmake_clean_first': False, 'cmake_force_configure': False, 'cmake_target': None, 'cmake_target_skip_unavailable': False, 'install_base': '/home/ugv-c7/CodeWorkspace/UGV-Robot/ros2_humble_colcon_ws/install/moveit_ros_occupancy_map_monitor', 'merge_install': False, 'path': '/home/ugv-c7/CodeWorkspace/UGV-Robot/ros2_humble_colcon_ws/src/moveit2/moveit_ros/occupancy_map_monitor', 'symlink_install': False, 'test_result_base': None}
[2.491s] Level 5:colcon.colcon_core.verb:set package 'moveit_simple_controller_manager' build argument 'cmake_args' from command line to 'None'
[2.491s] Level 5:colcon.colcon_core.verb:set package 'moveit_simple_controller_manager' build argument 'cmake_target' from command line to 'None'
[2.491s] Level 5:colcon.colcon_core.verb:set package 'moveit_simple_controller_manager' build argument 'cmake_target_skip_unavailable' from command line to 'False'
[2.491s] Level 5:colcon.colcon_core.verb:set package 'moveit_simple_controller_manager' build argument 'cmake_clean_cache' from command line to 'False'
[2.491s] Level 5:colcon.colcon_core.verb:set package 'moveit_simple_controller_manager' build argument 'cmake_clean_first' from command line to 'False'
[2.491s] Level 5:colcon.colcon_core.verb:set package 'moveit_simple_controller_manager' build argument 'cmake_force_configure' from command line to 'False'
[2.491s] Level 5:colcon.colcon_core.verb:set package 'moveit_simple_controller_manager' build argument 'ament_cmake_args' from command line to 'None'
[2.492s] Level 5:colcon.colcon_core.verb:set package 'moveit_simple_controller_manager' build argument 'catkin_cmake_args' from command line to 'None'
[2.492s] Level 5:colcon.colcon_core.verb:set package 'moveit_simple_controller_manager' build argument 'catkin_skip_building_tests' from command line to 'False'
[2.492s] DEBUG:colcon.colcon_core.verb:Building package 'moveit_simple_controller_manager' with the following arguments: {'ament_cmake_args': None, 'build_base': '/home/ugv-c7/CodeWorkspace/UGV-Robot/ros2_humble_colcon_ws/build/moveit_simple_controller_manager', 'catkin_cmake_args': None, 'catkin_skip_building_tests': False, 'cmake_args': None, 'cmake_clean_cache': False, 'cmake_clean_first': False, 'cmake_force_configure': False, 'cmake_target': None, 'cmake_target_skip_unavailable': False, 'install_base': '/home/ugv-c7/CodeWorkspace/UGV-Robot/ros2_humble_colcon_ws/install/moveit_simple_controller_manager', 'merge_install': False, 'path': '/home/ugv-c7/CodeWorkspace/UGV-Robot/ros2_humble_colcon_ws/src/moveit2/moveit_plugins/moveit_simple_controller_manager', 'symlink_install': False, 'test_result_base': None}
[2.492s] Level 5:colcon.colcon_core.verb:set package 'pilz_industrial_motion_planner_testutils' build argument 'cmake_args' from command line to 'None'
[2.492s] Level 5:colcon.colcon_core.verb:set package 'pilz_industrial_motion_planner_testutils' build argument 'cmake_target' from command line to 'None'
[2.493s] Level 5:colcon.colcon_core.verb:set package 'pilz_industrial_motion_planner_testutils' build argument 'cmake_target_skip_unavailable' from command line to 'False'
[2.493s] Level 5:colcon.colcon_core.verb:set package 'pilz_industrial_motion_planner_testutils' build argument 'cmake_clean_cache' from command line to 'False'
[2.493s] Level 5:colcon.colcon_core.verb:set package 'pilz_industrial_motion_planner_testutils' build argument 'cmake_clean_first' from command line to 'False'
[2.493s] Level 5:colcon.colcon_core.verb:set package 'pilz_industrial_motion_planner_testutils' build argument 'cmake_force_configure' from command line to 'False'
[2.493s] Level 5:colcon.colcon_core.verb:set package 'pilz_industrial_motion_planner_testutils' build argument 'ament_cmake_args' from command line to 'None'
[2.493s] Level 5:colcon.colcon_core.verb:set package 'pilz_industrial_motion_planner_testutils' build argument 'catkin_cmake_args' from command line to 'None'
[2.493s] Level 5:colcon.colcon_core.verb:set package 'pilz_industrial_motion_planner_testutils' build argument 'catkin_skip_building_tests' from command line to 'False'
[2.493s] DEBUG:colcon.colcon_core.verb:Building package 'pilz_industrial_motion_planner_testutils' with the following arguments: {'ament_cmake_args': None, 'build_base': '/home/ugv-c7/CodeWorkspace/UGV-Robot/ros2_humble_colcon_ws/build/pilz_industrial_motion_planner_testutils', 'catkin_cmake_args': None, 'catkin_skip_building_tests': False, 'cmake_args': None, 'cmake_clean_cache': False, 'cmake_clean_first': False, 'cmake_force_configure': False, 'cmake_target': None, 'cmake_target_skip_unavailable': False, 'install_base': '/home/ugv-c7/CodeWorkspace/UGV-Robot/ros2_humble_colcon_ws/install/pilz_industrial_motion_planner_testutils', 'merge_install': False, 'path': '/home/ugv-c7/CodeWorkspace/UGV-Robot/ros2_humble_colcon_ws/src/moveit2/moveit_planners/pilz_industrial_motion_planner_testutils', 'symlink_install': False, 'test_result_base': None}
[2.494s] Level 5:colcon.colcon_core.verb:set package 'moveit_chomp_optimizer_adapter' build argument 'cmake_args' from command line to 'None'
[2.494s] Level 5:colcon.colcon_core.verb:set package 'moveit_chomp_optimizer_adapter' build argument 'cmake_target' from command line to 'None'
[2.494s] Level 5:colcon.colcon_core.verb:set package 'moveit_chomp_optimizer_adapter' build argument 'cmake_target_skip_unavailable' from command line to 'False'
[2.494s] Level 5:colcon.colcon_core.verb:set package 'moveit_chomp_optimizer_adapter' build argument 'cmake_clean_cache' from command line to 'False'
[2.494s] Level 5:colcon.colcon_core.verb:set package 'moveit_chomp_optimizer_adapter' build argument 'cmake_clean_first' from command line to 'False'
[2.494s] Level 5:colcon.colcon_core.verb:set package 'moveit_chomp_optimizer_adapter' build argument 'cmake_force_configure' from command line to 'False'
[2.494s] Level 5:colcon.colcon_core.verb:set package 'moveit_chomp_optimizer_adapter' build argument 'ament_cmake_args' from command line to 'None'
[2.494s] Level 5:colcon.colcon_core.verb:set package 'moveit_chomp_optimizer_adapter' build argument 'catkin_cmake_args' from command line to 'None'
[2.494s] Level 5:colcon.colcon_core.verb:set package 'moveit_chomp_optimizer_adapter' build argument 'catkin_skip_building_tests' from command line to 'False'
[2.494s] DEBUG:colcon.colcon_core.verb:Building package 'moveit_chomp_optimizer_adapter' with the following arguments: {'ament_cmake_args': None, 'build_base': '/home/ugv-c7/CodeWorkspace/UGV-Robot/ros2_humble_colcon_ws/build/moveit_chomp_optimizer_adapter', 'catkin_cmake_args': None, 'catkin_skip_building_tests': False, 'cmake_args': None, 'cmake_clean_cache': False, 'cmake_clean_first': False, 'cmake_force_configure': False, 'cmake_target': None, 'cmake_target_skip_unavailable': False, 'install_base': '/home/ugv-c7/CodeWorkspace/UGV-Robot/ros2_humble_colcon_ws/install/moveit_chomp_optimizer_adapter', 'merge_install': False, 'path': '/home/ugv-c7/CodeWorkspace/UGV-Robot/ros2_humble_colcon_ws/src/moveit2/moveit_planners/chomp/chomp_optimizer_adapter', 'symlink_install': False, 'test_result_base': None}
[2.495s] Level 5:colcon.colcon_core.verb:set package 'moveit_planners_chomp' build argument 'cmake_args' from command line to 'None'
[2.495s] Level 5:colcon.colcon_core.verb:set package 'moveit_planners_chomp' build argument 'cmake_target' from command line to 'None'
[2.495s] Level 5:colcon.colcon_core.verb:set package 'moveit_planners_chomp' build argument 'cmake_target_skip_unavailable' from command line to 'False'
[2.495s] Level 5:colcon.colcon_core.verb:set package 'moveit_planners_chomp' build argument 'cmake_clean_cache' from command line to 'False'
[2.495s] Level 5:colcon.colcon_core.verb:set package 'moveit_planners_chomp' build argument 'cmake_clean_first' from command line to 'False'
[2.495s] Level 5:colcon.colcon_core.verb:set package 'moveit_planners_chomp' build argument 'cmake_force_configure' from command line to 'False'
[2.495s] Level 5:colcon.colcon_core.verb:set package 'moveit_planners_chomp' build argument 'ament_cmake_args' from command line to 'None'
[2.495s] Level 5:colcon.colcon_core.verb:set package 'moveit_planners_chomp' build argument 'catkin_cmake_args' from command line to 'None'
[2.495s] Level 5:colcon.colcon_core.verb:set package 'moveit_planners_chomp' build argument 'catkin_skip_building_tests' from command line to 'False'
[2.495s] DEBUG:colcon.colcon_core.verb:Building package 'moveit_planners_chomp' with the following arguments: {'ament_cmake_args': None, 'build_base': '/home/ugv-c7/CodeWorkspace/UGV-Robot/ros2_humble_colcon_ws/build/moveit_planners_chomp', 'catkin_cmake_args': None, 'catkin_skip_building_tests': False, 'cmake_args': None, 'cmake_clean_cache': False, 'cmake_clean_first': False, 'cmake_force_configure': False, 'cmake_target': None, 'cmake_target_skip_unavailable': False, 'install_base': '/home/ugv-c7/CodeWorkspace/UGV-Robot/ros2_humble_colcon_ws/install/moveit_planners_chomp', 'merge_install': False, 'path': '/home/ugv-c7/CodeWorkspace/UGV-Robot/ros2_humble_colcon_ws/src/moveit2/moveit_planners/chomp/chomp_interface', 'symlink_install': False, 'test_result_base': None}
[2.496s] Level 5:colcon.colcon_core.verb:set package 'moveit_plugins' build argument 'cmake_args' from command line to 'None'
[2.496s] Level 5:colcon.colcon_core.verb:set package 'moveit_plugins' build argument 'cmake_target' from command line to 'None'
[2.496s] Level 5:colcon.colcon_core.verb:set package 'moveit_plugins' build argument 'cmake_target_skip_unavailable' from command line to 'False'
[2.496s] Level 5:colcon.colcon_core.verb:set package 'moveit_plugins' build argument 'cmake_clean_cache' from command line to 'False'
[2.496s] Level 5:colcon.colcon_core.verb:set package 'moveit_plugins' build argument 'cmake_clean_first' from command line to 'False'
[2.496s] Level 5:colcon.colcon_core.verb:set package 'moveit_plugins' build argument 'cmake_force_configure' from command line to 'False'
[2.496s] Level 5:colcon.colcon_core.verb:set package 'moveit_plugins' build argument 'ament_cmake_args' from command line to 'None'
[2.496s] Level 5:colcon.colcon_core.verb:set package 'moveit_plugins' build argument 'catkin_cmake_args' from command line to 'None'
[2.496s] Level 5:colcon.colcon_core.verb:set package 'moveit_plugins' build argument 'catkin_skip_building_tests' from command line to 'False'
[2.497s] DEBUG:colcon.colcon_core.verb:Building package 'moveit_plugins' with the following arguments: {'ament_cmake_args': None, 'build_base': '/home/ugv-c7/CodeWorkspace/UGV-Robot/ros2_humble_colcon_ws/build/moveit_plugins', 'catkin_cmake_args': None, 'catkin_skip_building_tests': False, 'cmake_args': None, 'cmake_clean_cache': False, 'cmake_clean_first': False, 'cmake_force_configure': False, 'cmake_target': None, 'cmake_target_skip_unavailable': False, 'install_base': '/home/ugv-c7/CodeWorkspace/UGV-Robot/ros2_humble_colcon_ws/install/moveit_plugins', 'merge_install': False, 'path': '/home/ugv-c7/CodeWorkspace/UGV-Robot/ros2_humble_colcon_ws/src/moveit2/moveit_plugins/moveit_plugins', 'symlink_install': False, 'test_result_base': None}
[2.497s] Level 5:colcon.colcon_core.verb:set package 'moveit_ros_control_interface' build argument 'cmake_args' from command line to 'None'
[2.497s] Level 5:colcon.colcon_core.verb:set package 'moveit_ros_control_interface' build argument 'cmake_target' from command line to 'None'
[2.497s] Level 5:colcon.colcon_core.verb:set package 'moveit_ros_control_interface' build argument 'cmake_target_skip_unavailable' from command line to 'False'
[2.497s] Level 5:colcon.colcon_core.verb:set package 'moveit_ros_control_interface' build argument 'cmake_clean_cache' from command line to 'False'
[2.497s] Level 5:colcon.colcon_core.verb:set package 'moveit_ros_control_interface' build argument 'cmake_clean_first' from command line to 'False'
[2.498s] Level 5:colcon.colcon_core.verb:set package 'moveit_ros_control_interface' build argument 'cmake_force_configure' from command line to 'False'
[2.498s] Level 5:colcon.colcon_core.verb:set package 'moveit_ros_control_interface' build argument 'ament_cmake_args' from command line to 'None'
[2.498s] Level 5:colcon.colcon_core.verb:set package 'moveit_ros_control_interface' build argument 'catkin_cmake_args' from command line to 'None'
[2.498s] Level 5:colcon.colcon_core.verb:set package 'moveit_ros_control_interface' build argument 'catkin_skip_building_tests' from command line to 'False'
[2.498s] DEBUG:colcon.colcon_core.verb:Building package 'moveit_ros_control_interface' with the following arguments: {'ament_cmake_args': None, 'build_base': '/home/ugv-c7/CodeWorkspace/UGV-Robot/ros2_humble_colcon_ws/build/moveit_ros_control_interface', 'catkin_cmake_args': None, 'catkin_skip_building_tests': False, 'cmake_args': None, 'cmake_clean_cache': False, 'cmake_clean_first': False, 'cmake_force_configure': False, 'cmake_target': None, 'cmake_target_skip_unavailable': False, 'install_base': '/home/ugv-c7/CodeWorkspace/UGV-Robot/ros2_humble_colcon_ws/install/moveit_ros_control_interface', 'merge_install': False, 'path': '/home/ugv-c7/CodeWorkspace/UGV-Robot/ros2_humble_colcon_ws/src/moveit2/moveit_plugins/moveit_ros_control_interface', 'symlink_install': False, 'test_result_base': None}
[2.498s] Level 5:colcon.colcon_core.verb:set package 'moveit_ros_planning' build argument 'cmake_args' from command line to 'None'
[2.499s] Level 5:colcon.colcon_core.verb:set package 'moveit_ros_planning' build argument 'cmake_target' from command line to 'None'
[2.499s] Level 5:colcon.colcon_core.verb:set package 'moveit_ros_planning' build argument 'cmake_target_skip_unavailable' from command line to 'False'
[2.499s] Level 5:colcon.colcon_core.verb:set package 'moveit_ros_planning' build argument 'cmake_clean_cache' from command line to 'False'
[2.499s] Level 5:colcon.colcon_core.verb:set package 'moveit_ros_planning' build argument 'cmake_clean_first' from command line to 'False'
[2.499s] Level 5:colcon.colcon_core.verb:set package 'moveit_ros_planning' build argument 'cmake_force_configure' from command line to 'False'
[2.499s] Level 5:colcon.colcon_core.verb:set package 'moveit_ros_planning' build argument 'ament_cmake_args' from command line to 'None'
[2.499s] Level 5:colcon.colcon_core.verb:set package 'moveit_ros_planning' build argument 'catkin_cmake_args' from command line to 'None'
[2.499s] Level 5:colcon.colcon_core.verb:set package 'moveit_ros_planning' build argument 'catkin_skip_building_tests' from command line to 'False'
[2.499s] DEBUG:colcon.colcon_core.verb:Building package 'moveit_ros_planning' with the following arguments: {'ament_cmake_args': None, 'build_base': '/home/ugv-c7/CodeWorkspace/UGV-Robot/ros2_humble_colcon_ws/build/moveit_ros_planning', 'catkin_cmake_args': None, 'catkin_skip_building_tests': False, 'cmake_args': None, 'cmake_clean_cache': False, 'cmake_clean_first': False, 'cmake_force_configure': False, 'cmake_target': None, 'cmake_target_skip_unavailable': False, 'install_base': '/home/ugv-c7/CodeWorkspace/UGV-Robot/ros2_humble_colcon_ws/install/moveit_ros_planning', 'merge_install': False, 'path': '/home/ugv-c7/CodeWorkspace/UGV-Robot/ros2_humble_colcon_ws/src/moveit2/moveit_ros/planning', 'symlink_install': False, 'test_result_base': None}
[2.500s] Level 5:colcon.colcon_core.verb:set package 'moveit_kinematics' build argument 'cmake_args' from command line to 'None'
[2.500s] Level 5:colcon.colcon_core.verb:set package 'moveit_kinematics' build argument 'cmake_target' from command line to 'None'
[2.500s] Level 5:colcon.colcon_core.verb:set package 'moveit_kinematics' build argument 'cmake_target_skip_unavailable' from command line to 'False'
[2.500s] Level 5:colcon.colcon_core.verb:set package 'moveit_kinematics' build argument 'cmake_clean_cache' from command line to 'False'
[2.500s] Level 5:colcon.colcon_core.verb:set package 'moveit_kinematics' build argument 'cmake_clean_first' from command line to 'False'
[2.500s] Level 5:colcon.colcon_core.verb:set package 'moveit_kinematics' build argument 'cmake_force_configure' from command line to 'False'
[2.500s] Level 5:colcon.colcon_core.verb:set package 'moveit_kinematics' build argument 'ament_cmake_args' from command line to 'None'
[2.500s] Level 5:colcon.colcon_core.verb:set package 'moveit_kinematics' build argument 'catkin_cmake_args' from command line to 'None'
[2.500s] Level 5:colcon.colcon_core.verb:set package 'moveit_kinematics' build argument 'catkin_skip_building_tests' from command line to 'False'
[2.500s] DEBUG:colcon.colcon_core.verb:Building package 'moveit_kinematics' with the following arguments: {'ament_cmake_args': None, 'build_base': '/home/ugv-c7/CodeWorkspace/UGV-Robot/ros2_humble_colcon_ws/build/moveit_kinematics', 'catkin_cmake_args': None, 'catkin_skip_building_tests': False, 'cmake_args': None, 'cmake_clean_cache': False, 'cmake_clean_first': False, 'cmake_force_configure': False, 'cmake_target': None, 'cmake_target_skip_unavailable': False, 'install_base': '/home/ugv-c7/CodeWorkspace/UGV-Robot/ros2_humble_colcon_ws/install/moveit_kinematics', 'merge_install': False, 'path': '/home/ugv-c7/CodeWorkspace/UGV-Robot/ros2_humble_colcon_ws/src/moveit2/moveit_kinematics', 'symlink_install': False, 'test_result_base': None}
[2.501s] Level 5:colcon.colcon_core.verb:set package 'moveit_planners_ompl' build argument 'cmake_args' from command line to 'None'
[2.501s] Level 5:colcon.colcon_core.verb:set package 'moveit_planners_ompl' build argument 'cmake_target' from command line to 'None'
[2.501s] Level 5:colcon.colcon_core.verb:set package 'moveit_planners_ompl' build argument 'cmake_target_skip_unavailable' from command line to 'False'
[2.501s] Level 5:colcon.colcon_core.verb:set package 'moveit_planners_ompl' build argument 'cmake_clean_cache' from command line to 'False'
[2.501s] Level 5:colcon.colcon_core.verb:set package 'moveit_planners_ompl' build argument 'cmake_clean_first' from command line to 'False'
[2.501s] Level 5:colcon.colcon_core.verb:set package 'moveit_planners_ompl' build argument 'cmake_force_configure' from command line to 'False'
[2.501s] Level 5:colcon.colcon_core.verb:set package 'moveit_planners_ompl' build argument 'ament_cmake_args' from command line to 'None'
[2.501s] Level 5:colcon.colcon_core.verb:set package 'moveit_planners_ompl' build argument 'catkin_cmake_args' from command line to 'None'
[2.501s] Level 5:colcon.colcon_core.verb:set package 'moveit_planners_ompl' build argument 'catkin_skip_building_tests' from command line to 'False'
[2.502s] DEBUG:colcon.colcon_core.verb:Building package 'moveit_planners_ompl' with the following arguments: {'ament_cmake_args': None, 'build_base': '/home/ugv-c7/CodeWorkspace/UGV-Robot/ros2_humble_colcon_ws/build/moveit_planners_ompl', 'catkin_cmake_args': None, 'catkin_skip_building_tests': False, 'cmake_args': None, 'cmake_clean_cache': False, 'cmake_clean_first': False, 'cmake_force_configure': False, 'cmake_target': None, 'cmake_target_skip_unavailable': False, 'install_base': '/home/ugv-c7/CodeWorkspace/UGV-Robot/ros2_humble_colcon_ws/install/moveit_planners_ompl', 'merge_install': False, 'path': '/home/ugv-c7/CodeWorkspace/UGV-Robot/ros2_humble_colcon_ws/src/moveit2/moveit_planners/ompl', 'symlink_install': False, 'test_result_base': None}
[2.502s] Level 5:colcon.colcon_core.verb:set package 'moveit_ros_perception' build argument 'cmake_args' from command line to 'None'
[2.502s] Level 5:colcon.colcon_core.verb:set package 'moveit_ros_perception' build argument 'cmake_target' from command line to 'None'
[2.502s] Level 5:colcon.colcon_core.verb:set package 'moveit_ros_perception' build argument 'cmake_target_skip_unavailable' from command line to 'False'
[2.502s] Level 5:colcon.colcon_core.verb:set package 'moveit_ros_perception' build argument 'cmake_clean_cache' from command line to 'False'
[2.502s] Level 5:colcon.colcon_core.verb:set package 'moveit_ros_perception' build argument 'cmake_clean_first' from command line to 'False'
[2.502s] Level 5:colcon.colcon_core.verb:set package 'moveit_ros_perception' build argument 'cmake_force_configure' from command line to 'False'
[2.503s] Level 5:colcon.colcon_core.verb:set package 'moveit_ros_perception' build argument 'ament_cmake_args' from command line to 'None'
[2.503s] Level 5:colcon.colcon_core.verb:set package 'moveit_ros_perception' build argument 'catkin_cmake_args' from command line to 'None'
[2.503s] Level 5:colcon.colcon_core.verb:set package 'moveit_ros_perception' build argument 'catkin_skip_building_tests' from command line to 'False'
[2.503s] DEBUG:colcon.colcon_core.verb:Building package 'moveit_ros_perception' with the following arguments: {'ament_cmake_args': None, 'build_base': '/home/ugv-c7/CodeWorkspace/UGV-Robot/ros2_humble_colcon_ws/build/moveit_ros_perception', 'catkin_cmake_args': None, 'catkin_skip_building_tests': False, 'cmake_args': None, 'cmake_clean_cache': False, 'cmake_clean_first': False, 'cmake_force_configure': False, 'cmake_target': None, 'cmake_target_skip_unavailable': False, 'install_base': '/home/ugv-c7/CodeWorkspace/UGV-Robot/ros2_humble_colcon_ws/install/moveit_ros_perception', 'merge_install': False, 'path': '/home/ugv-c7/CodeWorkspace/UGV-Robot/ros2_humble_colcon_ws/src/moveit2/moveit_ros/perception', 'symlink_install': False, 'test_result_base': None}
[2.503s] Level 5:colcon.colcon_core.verb:set package 'moveit_ros_robot_interaction' build argument 'cmake_args' from command line to 'None'
[2.503s] Level 5:colcon.colcon_core.verb:set package 'moveit_ros_robot_interaction' build argument 'cmake_target' from command line to 'None'
[2.504s] Level 5:colcon.colcon_core.verb:set package 'moveit_ros_robot_interaction' build argument 'cmake_target_skip_unavailable' from command line to 'False'
[2.504s] Level 5:colcon.colcon_core.verb:set package 'moveit_ros_robot_interaction' build argument 'cmake_clean_cache' from command line to 'False'
[2.504s] Level 5:colcon.colcon_core.verb:set package 'moveit_ros_robot_interaction' build argument 'cmake_clean_first' from command line to 'False'
[2.504s] Level 5:colcon.colcon_core.verb:set package 'moveit_ros_robot_interaction' build argument 'cmake_force_configure' from command line to 'False'
[2.504s] Level 5:colcon.colcon_core.verb:set package 'moveit_ros_robot_interaction' build argument 'ament_cmake_args' from command line to 'None'
[2.504s] Level 5:colcon.colcon_core.verb:set package 'moveit_ros_robot_interaction' build argument 'catkin_cmake_args' from command line to 'None'
[2.504s] Level 5:colcon.colcon_core.verb:set package 'moveit_ros_robot_interaction' build argument 'catkin_skip_building_tests' from command line to 'False'
[2.504s] DEBUG:colcon.colcon_core.verb:Building package 'moveit_ros_robot_interaction' with the following arguments: {'ament_cmake_args': None, 'build_base': '/home/ugv-c7/CodeWorkspace/UGV-Robot/ros2_humble_colcon_ws/build/moveit_ros_robot_interaction', 'catkin_cmake_args': None, 'catkin_skip_building_tests': False, 'cmake_args': None, 'cmake_clean_cache': False, 'cmake_clean_first': False, 'cmake_force_configure': False, 'cmake_target': None, 'cmake_target_skip_unavailable': False, 'install_base': '/home/ugv-c7/CodeWorkspace/UGV-Robot/ros2_humble_colcon_ws/install/moveit_ros_robot_interaction', 'merge_install': False, 'path': '/home/ugv-c7/CodeWorkspace/UGV-Robot/ros2_humble_colcon_ws/src/moveit2/moveit_ros/robot_interaction', 'symlink_install': False, 'test_result_base': None}
[2.505s] Level 5:colcon.colcon_core.verb:set package 'moveit_ros_warehouse' build argument 'cmake_args' from command line to 'None'
[2.505s] Level 5:colcon.colcon_core.verb:set package 'moveit_ros_warehouse' build argument 'cmake_target' from command line to 'None'
[2.505s] Level 5:colcon.colcon_core.verb:set package 'moveit_ros_warehouse' build argument 'cmake_target_skip_unavailable' from command line to 'False'
[2.505s] Level 5:colcon.colcon_core.verb:set package 'moveit_ros_warehouse' build argument 'cmake_clean_cache' from command line to 'False'
[2.505s] Level 5:colcon.colcon_core.verb:set package 'moveit_ros_warehouse' build argument 'cmake_clean_first' from command line to 'False'
[2.505s] Level 5:colcon.colcon_core.verb:set package 'moveit_ros_warehouse' build argument 'cmake_force_configure' from command line to 'False'
[2.505s] Level 5:colcon.colcon_core.verb:set package 'moveit_ros_warehouse' build argument 'ament_cmake_args' from command line to 'None'
[2.505s] Level 5:colcon.colcon_core.verb:set package 'moveit_ros_warehouse' build argument 'catkin_cmake_args' from command line to 'None'
[2.505s] Level 5:colcon.colcon_core.verb:set package 'moveit_ros_warehouse' build argument 'catkin_skip_building_tests' from command line to 'False'
[2.505s] DEBUG:colcon.colcon_core.verb:Building package 'moveit_ros_warehouse' with the following arguments: {'ament_cmake_args': None, 'build_base': '/home/ugv-c7/CodeWorkspace/UGV-Robot/ros2_humble_colcon_ws/build/moveit_ros_warehouse', 'catkin_cmake_args': None, 'catkin_skip_building_tests': False, 'cmake_args': None, 'cmake_clean_cache': False, 'cmake_clean_first': False, 'cmake_force_configure': False, 'cmake_target': None, 'cmake_target_skip_unavailable': False, 'install_base': '/home/ugv-c7/CodeWorkspace/UGV-Robot/ros2_humble_colcon_ws/install/moveit_ros_warehouse', 'merge_install': False, 'path': '/home/ugv-c7/CodeWorkspace/UGV-Robot/ros2_humble_colcon_ws/src/moveit2/moveit_ros/warehouse', 'symlink_install': False, 'test_result_base': None}
[2.506s] Level 5:colcon.colcon_core.verb:set package 'moveit_visual_tools' build argument 'cmake_args' from command line to 'None'
[2.506s] Level 5:colcon.colcon_core.verb:set package 'moveit_visual_tools' build argument 'cmake_target' from command line to 'None'
[2.506s] Level 5:colcon.colcon_core.verb:set package 'moveit_visual_tools' build argument 'cmake_target_skip_unavailable' from command line to 'False'
[2.506s] Level 5:colcon.colcon_core.verb:set package 'moveit_visual_tools' build argument 'cmake_clean_cache' from command line to 'False'
[2.506s] Level 5:colcon.colcon_core.verb:set package 'moveit_visual_tools' build argument 'cmake_clean_first' from command line to 'False'
[2.506s] Level 5:colcon.colcon_core.verb:set package 'moveit_visual_tools' build argument 'cmake_force_configure' from command line to 'False'
[2.506s] Level 5:colcon.colcon_core.verb:set package 'moveit_visual_tools' build argument 'ament_cmake_args' from command line to 'None'
[2.506s] Level 5:colcon.colcon_core.verb:set package 'moveit_visual_tools' build argument 'catkin_cmake_args' from command line to 'None'
[2.506s] Level 5:colcon.colcon_core.verb:set package 'moveit_visual_tools' build argument 'catkin_skip_building_tests' from command line to 'False'
[2.506s] DEBUG:colcon.colcon_core.verb:Building package 'moveit_visual_tools' with the following arguments: {'ament_cmake_args': None, 'build_base': '/home/ugv-c7/CodeWorkspace/UGV-Robot/ros2_humble_colcon_ws/build/moveit_visual_tools', 'catkin_cmake_args': None, 'catkin_skip_building_tests': False, 'cmake_args': None, 'cmake_clean_cache': False, 'cmake_clean_first': False, 'cmake_force_configure': False, 'cmake_target': None, 'cmake_target_skip_unavailable': False, 'install_base': '/home/ugv-c7/CodeWorkspace/UGV-Robot/ros2_humble_colcon_ws/install/moveit_visual_tools', 'merge_install': False, 'path': '/home/ugv-c7/CodeWorkspace/UGV-Robot/ros2_humble_colcon_ws/src/moveit_visual_tools', 'symlink_install': False, 'test_result_base': None}
[2.507s] Level 5:colcon.colcon_core.verb:set package 'moveit_ros_benchmarks' build argument 'cmake_args' from command line to 'None'
[2.507s] Level 5:colcon.colcon_core.verb:set package 'moveit_ros_benchmarks' build argument 'cmake_target' from command line to 'None'
[2.507s] Level 5:colcon.colcon_core.verb:set package 'moveit_ros_benchmarks' build argument 'cmake_target_skip_unavailable' from command line to 'False'
[2.507s] Level 5:colcon.colcon_core.verb:set package 'moveit_ros_benchmarks' build argument 'cmake_clean_cache' from command line to 'False'
[2.507s] Level 5:colcon.colcon_core.verb:set package 'moveit_ros_benchmarks' build argument 'cmake_clean_first' from command line to 'False'
[2.507s] Level 5:colcon.colcon_core.verb:set package 'moveit_ros_benchmarks' build argument 'cmake_force_configure' from command line to 'False'
[2.507s] Level 5:colcon.colcon_core.verb:set package 'moveit_ros_benchmarks' build argument 'ament_cmake_args' from command line to 'None'
[2.507s] Level 5:colcon.colcon_core.verb:set package 'moveit_ros_benchmarks' build argument 'catkin_cmake_args' from command line to 'None'
[2.507s] Level 5:colcon.colcon_core.verb:set package 'moveit_ros_benchmarks' build argument 'catkin_skip_building_tests' from command line to 'False'
[2.508s] DEBUG:colcon.colcon_core.verb:Building package 'moveit_ros_benchmarks' with the following arguments: {'ament_cmake_args': None, 'build_base': '/home/ugv-c7/CodeWorkspace/UGV-Robot/ros2_humble_colcon_ws/build/moveit_ros_benchmarks', 'catkin_cmake_args': None, 'catkin_skip_building_tests': False, 'cmake_args': None, 'cmake_clean_cache': False, 'cmake_clean_first': False, 'cmake_force_configure': False, 'cmake_target': None, 'cmake_target_skip_unavailable': False, 'install_base': '/home/ugv-c7/CodeWorkspace/UGV-Robot/ros2_humble_colcon_ws/install/moveit_ros_benchmarks', 'merge_install': False, 'path': '/home/ugv-c7/CodeWorkspace/UGV-Robot/ros2_humble_colcon_ws/src/moveit2/moveit_ros/benchmarks', 'symlink_install': False, 'test_result_base': None}
[2.508s] Level 5:colcon.colcon_core.verb:set package 'moveit_ros_move_group' build argument 'cmake_args' from command line to 'None'
[2.508s] Level 5:colcon.colcon_core.verb:set package 'moveit_ros_move_group' build argument 'cmake_target' from command line to 'None'
[2.508s] Level 5:colcon.colcon_core.verb:set package 'moveit_ros_move_group' build argument 'cmake_target_skip_unavailable' from command line to 'False'
[2.508s] Level 5:colcon.colcon_core.verb:set package 'moveit_ros_move_group' build argument 'cmake_clean_cache' from command line to 'False'
[2.508s] Level 5:colcon.colcon_core.verb:set package 'moveit_ros_move_group' build argument 'cmake_clean_first' from command line to 'False'
[2.509s] Level 5:colcon.colcon_core.verb:set package 'moveit_ros_move_group' build argument 'cmake_force_configure' from command line to 'False'
[2.509s] Level 5:colcon.colcon_core.verb:set package 'moveit_ros_move_group' build argument 'ament_cmake_args' from command line to 'None'
[2.509s] Level 5:colcon.colcon_core.verb:set package 'moveit_ros_move_group' build argument 'catkin_cmake_args' from command line to 'None'
[2.509s] Level 5:colcon.colcon_core.verb:set package 'moveit_ros_move_group' build argument 'catkin_skip_building_tests' from command line to 'False'
[2.509s] DEBUG:colcon.colcon_core.verb:Building package 'moveit_ros_move_group' with the following arguments: {'ament_cmake_args': None, 'build_base': '/home/ugv-c7/CodeWorkspace/UGV-Robot/ros2_humble_colcon_ws/build/moveit_ros_move_group', 'catkin_cmake_args': None, 'catkin_skip_building_tests': False, 'cmake_args': None, 'cmake_clean_cache': False, 'cmake_clean_first': False, 'cmake_force_configure': False, 'cmake_target': None, 'cmake_target_skip_unavailable': False, 'install_base': '/home/ugv-c7/CodeWorkspace/UGV-Robot/ros2_humble_colcon_ws/install/moveit_ros_move_group', 'merge_install': False, 'path': '/home/ugv-c7/CodeWorkspace/UGV-Robot/ros2_humble_colcon_ws/src/moveit2/moveit_ros/move_group', 'symlink_install': False, 'test_result_base': None}
[2.509s] Level 5:colcon.colcon_core.verb:set package 'moveit_resources_prbt_moveit_config' build argument 'cmake_args' from command line to 'None'
[2.510s] Level 5:colcon.colcon_core.verb:set package 'moveit_resources_prbt_moveit_config' build argument 'cmake_target' from command line to 'None'
[2.510s] Level 5:colcon.colcon_core.verb:set package 'moveit_resources_prbt_moveit_config' build argument 'cmake_target_skip_unavailable' from command line to 'False'
[2.510s] Level 5:colcon.colcon_core.verb:set package 'moveit_resources_prbt_moveit_config' build argument 'cmake_clean_cache' from command line to 'False'
[2.510s] Level 5:colcon.colcon_core.verb:set package 'moveit_resources_prbt_moveit_config' build argument 'cmake_clean_first' from command line to 'False'
[2.510s] Level 5:colcon.colcon_core.verb:set package 'moveit_resources_prbt_moveit_config' build argument 'cmake_force_configure' from command line to 'False'
[2.510s] Level 5:colcon.colcon_core.verb:set package 'moveit_resources_prbt_moveit_config' build argument 'ament_cmake_args' from command line to 'None'
[2.510s] Level 5:colcon.colcon_core.verb:set package 'moveit_resources_prbt_moveit_config' build argument 'catkin_cmake_args' from command line to 'None'
[2.510s] Level 5:colcon.colcon_core.verb:set package 'moveit_resources_prbt_moveit_config' build argument 'catkin_skip_building_tests' from command line to 'False'
[2.510s] DEBUG:colcon.colcon_core.verb:Building package 'moveit_resources_prbt_moveit_config' with the following arguments: {'ament_cmake_args': None, 'build_base': '/home/ugv-c7/CodeWorkspace/UGV-Robot/ros2_humble_colcon_ws/build/moveit_resources_prbt_moveit_config', 'catkin_cmake_args': None, 'catkin_skip_building_tests': False, 'cmake_args': None, 'cmake_clean_cache': False, 'cmake_clean_first': False, 'cmake_force_configure': False, 'cmake_target': None, 'cmake_target_skip_unavailable': False, 'install_base': '/home/ugv-c7/CodeWorkspace/UGV-Robot/ros2_humble_colcon_ws/install/moveit_resources_prbt_moveit_config', 'merge_install': False, 'path': '/home/ugv-c7/CodeWorkspace/UGV-Robot/ros2_humble_colcon_ws/src/moveit2/moveit_planners/test_configs/prbt_moveit_config', 'symlink_install': False, 'test_result_base': None}
[2.511s] Level 5:colcon.colcon_core.verb:set package 'moveit_ros_planning_interface' build argument 'cmake_args' from command line to 'None'
[2.511s] Level 5:colcon.colcon_core.verb:set package 'moveit_ros_planning_interface' build argument 'cmake_target' from command line to 'None'
[2.511s] Level 5:colcon.colcon_core.verb:set package 'moveit_ros_planning_interface' build argument 'cmake_target_skip_unavailable' from command line to 'False'
[2.511s] Level 5:colcon.colcon_core.verb:set package 'moveit_ros_planning_interface' build argument 'cmake_clean_cache' from command line to 'False'
[2.511s] Level 5:colcon.colcon_core.verb:set package 'moveit_ros_planning_interface' build argument 'cmake_clean_first' from command line to 'False'
[2.511s] Level 5:colcon.colcon_core.verb:set package 'moveit_ros_planning_interface' build argument 'cmake_force_configure' from command line to 'False'
[2.511s] Level 5:colcon.colcon_core.verb:set package 'moveit_ros_planning_interface' build argument 'ament_cmake_args' from command line to 'None'
[2.511s] Level 5:colcon.colcon_core.verb:set package 'moveit_ros_planning_interface' build argument 'catkin_cmake_args' from command line to 'None'
[2.511s] Level 5:colcon.colcon_core.verb:set package 'moveit_ros_planning_interface' build argument 'catkin_skip_building_tests' from command line to 'False'
[2.511s] DEBUG:colcon.colcon_core.verb:Building package 'moveit_ros_planning_interface' with the following arguments: {'ament_cmake_args': None, 'build_base': '/home/ugv-c7/CodeWorkspace/UGV-Robot/ros2_humble_colcon_ws/build/moveit_ros_planning_interface', 'catkin_cmake_args': None, 'catkin_skip_building_tests': False, 'cmake_args': None, 'cmake_clean_cache': False, 'cmake_clean_first': False, 'cmake_force_configure': False, 'cmake_target': None, 'cmake_target_skip_unavailable': False, 'install_base': '/home/ugv-c7/CodeWorkspace/UGV-Robot/ros2_humble_colcon_ws/install/moveit_ros_planning_interface', 'merge_install': False, 'path': '/home/ugv-c7/CodeWorkspace/UGV-Robot/ros2_humble_colcon_ws/src/moveit2/moveit_ros/planning_interface', 'symlink_install': False, 'test_result_base': None}
[2.512s] Level 5:colcon.colcon_core.verb:set package 'moveit_hybrid_planning' build argument 'cmake_args' from command line to 'None'
[2.512s] Level 5:colcon.colcon_core.verb:set package 'moveit_hybrid_planning' build argument 'cmake_target' from command line to 'None'
[2.512s] Level 5:colcon.colcon_core.verb:set package 'moveit_hybrid_planning' build argument 'cmake_target_skip_unavailable' from command line to 'False'
[2.512s] Level 5:colcon.colcon_core.verb:set package 'moveit_hybrid_planning' build argument 'cmake_clean_cache' from command line to 'False'
[2.512s] Level 5:colcon.colcon_core.verb:set package 'moveit_hybrid_planning' build argument 'cmake_clean_first' from command line to 'False'
[2.512s] Level 5:colcon.colcon_core.verb:set package 'moveit_hybrid_planning' build argument 'cmake_force_configure' from command line to 'False'
[2.512s] Level 5:colcon.colcon_core.verb:set package 'moveit_hybrid_planning' build argument 'ament_cmake_args' from command line to 'None'
[2.512s] Level 5:colcon.colcon_core.verb:set package 'moveit_hybrid_planning' build argument 'catkin_cmake_args' from command line to 'None'
[2.512s] Level 5:colcon.colcon_core.verb:set package 'moveit_hybrid_planning' build argument 'catkin_skip_building_tests' from command line to 'False'
[2.512s] DEBUG:colcon.colcon_core.verb:Building package 'moveit_hybrid_planning' with the following arguments: {'ament_cmake_args': None, 'build_base': '/home/ugv-c7/CodeWorkspace/UGV-Robot/ros2_humble_colcon_ws/build/moveit_hybrid_planning', 'catkin_cmake_args': None, 'catkin_skip_building_tests': False, 'cmake_args': None, 'cmake_clean_cache': False, 'cmake_clean_first': False, 'cmake_force_configure': False, 'cmake_target': None, 'cmake_target_skip_unavailable': False, 'install_base': '/home/ugv-c7/CodeWorkspace/UGV-Robot/ros2_humble_colcon_ws/install/moveit_hybrid_planning', 'merge_install': False, 'path': '/home/ugv-c7/CodeWorkspace/UGV-Robot/ros2_humble_colcon_ws/src/moveit2/moveit_ros/hybrid_planning', 'symlink_install': False, 'test_result_base': None}
[2.513s] Level 5:colcon.colcon_core.verb:set package 'moveit_resources_prbt_pg70_support' build argument 'cmake_args' from command line to 'None'
[2.513s] Level 5:colcon.colcon_core.verb:set package 'moveit_resources_prbt_pg70_support' build argument 'cmake_target' from command line to 'None'
[2.513s] Level 5:colcon.colcon_core.verb:set package 'moveit_resources_prbt_pg70_support' build argument 'cmake_target_skip_unavailable' from command line to 'False'
[2.513s] Level 5:colcon.colcon_core.verb:set package 'moveit_resources_prbt_pg70_support' build argument 'cmake_clean_cache' from command line to 'False'
[2.513s] Level 5:colcon.colcon_core.verb:set package 'moveit_resources_prbt_pg70_support' build argument 'cmake_clean_first' from command line to 'False'
[2.514s] Level 5:colcon.colcon_core.verb:set package 'moveit_resources_prbt_pg70_support' build argument 'cmake_force_configure' from command line to 'False'
[2.514s] Level 5:colcon.colcon_core.verb:set package 'moveit_resources_prbt_pg70_support' build argument 'ament_cmake_args' from command line to 'None'
[2.514s] Level 5:colcon.colcon_core.verb:set package 'moveit_resources_prbt_pg70_support' build argument 'catkin_cmake_args' from command line to 'None'
[2.514s] Level 5:colcon.colcon_core.verb:set package 'moveit_resources_prbt_pg70_support' build argument 'catkin_skip_building_tests' from command line to 'False'
[2.514s] DEBUG:colcon.colcon_core.verb:Building package 'moveit_resources_prbt_pg70_support' with the following arguments: {'ament_cmake_args': None, 'build_base': '/home/ugv-c7/CodeWorkspace/UGV-Robot/ros2_humble_colcon_ws/build/moveit_resources_prbt_pg70_support', 'catkin_cmake_args': None, 'catkin_skip_building_tests': False, 'cmake_args': None, 'cmake_clean_cache': False, 'cmake_clean_first': False, 'cmake_force_configure': False, 'cmake_target': None, 'cmake_target_skip_unavailable': False, 'install_base': '/home/ugv-c7/CodeWorkspace/UGV-Robot/ros2_humble_colcon_ws/install/moveit_resources_prbt_pg70_support', 'merge_install': False, 'path': '/home/ugv-c7/CodeWorkspace/UGV-Robot/ros2_humble_colcon_ws/src/moveit2/moveit_planners/test_configs/prbt_pg70_support', 'symlink_install': False, 'test_result_base': None}
[2.514s] Level 5:colcon.colcon_core.verb:set package 'moveit_ros_visualization' build argument 'cmake_args' from command line to 'None'
[2.515s] Level 5:colcon.colcon_core.verb:set package 'moveit_ros_visualization' build argument 'cmake_target' from command line to 'None'
[2.515s] Level 5:colcon.colcon_core.verb:set package 'moveit_ros_visualization' build argument 'cmake_target_skip_unavailable' from command line to 'False'
[2.515s] Level 5:colcon.colcon_core.verb:set package 'moveit_ros_visualization' build argument 'cmake_clean_cache' from command line to 'False'
[2.515s] Level 5:colcon.colcon_core.verb:set package 'moveit_ros_visualization' build argument 'cmake_clean_first' from command line to 'False'
[2.515s] Level 5:colcon.colcon_core.verb:set package 'moveit_ros_visualization' build argument 'cmake_force_configure' from command line to 'False'
[2.515s] Level 5:colcon.colcon_core.verb:set package 'moveit_ros_visualization' build argument 'ament_cmake_args' from command line to 'None'
[2.515s] Level 5:colcon.colcon_core.verb:set package 'moveit_ros_visualization' build argument 'catkin_cmake_args' from command line to 'None'
[2.515s] Level 5:colcon.colcon_core.verb:set package 'moveit_ros_visualization' build argument 'catkin_skip_building_tests' from command line to 'False'
[2.515s] DEBUG:colcon.colcon_core.verb:Building package 'moveit_ros_visualization' with the following arguments: {'ament_cmake_args': None, 'build_base': '/home/ugv-c7/CodeWorkspace/UGV-Robot/ros2_humble_colcon_ws/build/moveit_ros_visualization', 'catkin_cmake_args': None, 'catkin_skip_building_tests': False, 'cmake_args': None, 'cmake_clean_cache': False, 'cmake_clean_first': False, 'cmake_force_configure': False, 'cmake_target': None, 'cmake_target_skip_unavailable': False, 'install_base': '/home/ugv-c7/CodeWorkspace/UGV-Robot/ros2_humble_colcon_ws/install/moveit_ros_visualization', 'merge_install': False, 'path': '/home/ugv-c7/CodeWorkspace/UGV-Robot/ros2_humble_colcon_ws/src/moveit2/moveit_ros/visualization', 'symlink_install': False, 'test_result_base': None}
[2.516s] Level 5:colcon.colcon_core.verb:set package 'moveit_servo' build argument 'cmake_args' from command line to 'None'
[2.516s] Level 5:colcon.colcon_core.verb:set package 'moveit_servo' build argument 'cmake_target' from command line to 'None'
[2.516s] Level 5:colcon.colcon_core.verb:set package 'moveit_servo' build argument 'cmake_target_skip_unavailable' from command line to 'False'
[2.516s] Level 5:colcon.colcon_core.verb:set package 'moveit_servo' build argument 'cmake_clean_cache' from command line to 'False'
[2.516s] Level 5:colcon.colcon_core.verb:set package 'moveit_servo' build argument 'cmake_clean_first' from command line to 'False'
[2.516s] Level 5:colcon.colcon_core.verb:set package 'moveit_servo' build argument 'cmake_force_configure' from command line to 'False'
[2.516s] Level 5:colcon.colcon_core.verb:set package 'moveit_servo' build argument 'ament_cmake_args' from command line to 'None'
[2.516s] Level 5:colcon.colcon_core.verb:set package 'moveit_servo' build argument 'catkin_cmake_args' from command line to 'None'
[2.516s] Level 5:colcon.colcon_core.verb:set package 'moveit_servo' build argument 'catkin_skip_building_tests' from command line to 'False'
[2.516s] DEBUG:colcon.colcon_core.verb:Building package 'moveit_servo' with the following arguments: {'ament_cmake_args': None, 'build_base': '/home/ugv-c7/CodeWorkspace/UGV-Robot/ros2_humble_colcon_ws/build/moveit_servo', 'catkin_cmake_args': None, 'catkin_skip_building_tests': False, 'cmake_args': None, 'cmake_clean_cache': False, 'cmake_clean_first': False, 'cmake_force_configure': False, 'cmake_target': None, 'cmake_target_skip_unavailable': False, 'install_base': '/home/ugv-c7/CodeWorkspace/UGV-Robot/ros2_humble_colcon_ws/install/moveit_servo', 'merge_install': False, 'path': '/home/ugv-c7/CodeWorkspace/UGV-Robot/ros2_humble_colcon_ws/src/moveit2/moveit_ros/moveit_servo', 'symlink_install': False, 'test_result_base': None}
[2.517s] Level 5:colcon.colcon_core.verb:set package 'moveit_ros' build argument 'cmake_args' from command line to 'None'
[2.517s] Level 5:colcon.colcon_core.verb:set package 'moveit_ros' build argument 'cmake_target' from command line to 'None'
[2.517s] Level 5:colcon.colcon_core.verb:set package 'moveit_ros' build argument 'cmake_target_skip_unavailable' from command line to 'False'
[2.517s] Level 5:colcon.colcon_core.verb:set package 'moveit_ros' build argument 'cmake_clean_cache' from command line to 'False'
[2.517s] Level 5:colcon.colcon_core.verb:set package 'moveit_ros' build argument 'cmake_clean_first' from command line to 'False'
[2.517s] Level 5:colcon.colcon_core.verb:set package 'moveit_ros' build argument 'cmake_force_configure' from command line to 'False'
[2.517s] Level 5:colcon.colcon_core.verb:set package 'moveit_ros' build argument 'ament_cmake_args' from command line to 'None'
[2.517s] Level 5:colcon.colcon_core.verb:set package 'moveit_ros' build argument 'catkin_cmake_args' from command line to 'None'
[2.517s] Level 5:colcon.colcon_core.verb:set package 'moveit_ros' build argument 'catkin_skip_building_tests' from command line to 'False'
[2.517s] DEBUG:colcon.colcon_core.verb:Building package 'moveit_ros' with the following arguments: {'ament_cmake_args': None, 'build_base': '/home/ugv-c7/CodeWorkspace/UGV-Robot/ros2_humble_colcon_ws/build/moveit_ros', 'catkin_cmake_args': None, 'catkin_skip_building_tests': False, 'cmake_args': None, 'cmake_clean_cache': False, 'cmake_clean_first': False, 'cmake_force_configure': False, 'cmake_target': None, 'cmake_target_skip_unavailable': False, 'install_base': '/home/ugv-c7/CodeWorkspace/UGV-Robot/ros2_humble_colcon_ws/install/moveit_ros', 'merge_install': False, 'path': '/home/ugv-c7/CodeWorkspace/UGV-Robot/ros2_humble_colcon_ws/src/moveit2/moveit_ros/moveit_ros', 'symlink_install': False, 'test_result_base': None}
[2.518s] Level 5:colcon.colcon_core.verb:set package 'moveit_setup_framework' build argument 'cmake_args' from command line to 'None'
[2.518s] Level 5:colcon.colcon_core.verb:set package 'moveit_setup_framework' build argument 'cmake_target' from command line to 'None'
[2.518s] Level 5:colcon.colcon_core.verb:set package 'moveit_setup_framework' build argument 'cmake_target_skip_unavailable' from command line to 'False'
[2.518s] Level 5:colcon.colcon_core.verb:set package 'moveit_setup_framework' build argument 'cmake_clean_cache' from command line to 'False'
[2.518s] Level 5:colcon.colcon_core.verb:set package 'moveit_setup_framework' build argument 'cmake_clean_first' from command line to 'False'
[2.518s] Level 5:colcon.colcon_core.verb:set package 'moveit_setup_framework' build argument 'cmake_force_configure' from command line to 'False'
[2.519s] Level 5:colcon.colcon_core.verb:set package 'moveit_setup_framework' build argument 'ament_cmake_args' from command line to 'None'
[2.519s] Level 5:colcon.colcon_core.verb:set package 'moveit_setup_framework' build argument 'catkin_cmake_args' from command line to 'None'
[2.519s] Level 5:colcon.colcon_core.verb:set package 'moveit_setup_framework' build argument 'catkin_skip_building_tests' from command line to 'False'
[2.519s] DEBUG:colcon.colcon_core.verb:Building package 'moveit_setup_framework' with the following arguments: {'ament_cmake_args': None, 'build_base': '/home/ugv-c7/CodeWorkspace/UGV-Robot/ros2_humble_colcon_ws/build/moveit_setup_framework', 'catkin_cmake_args': None, 'catkin_skip_building_tests': False, 'cmake_args': None, 'cmake_clean_cache': False, 'cmake_clean_first': False, 'cmake_force_configure': False, 'cmake_target': None, 'cmake_target_skip_unavailable': False, 'install_base': '/home/ugv-c7/CodeWorkspace/UGV-Robot/ros2_humble_colcon_ws/install/moveit_setup_framework', 'merge_install': False, 'path': '/home/ugv-c7/CodeWorkspace/UGV-Robot/ros2_humble_colcon_ws/src/moveit2/moveit_setup_assistant/moveit_setup_framework', 'symlink_install': False, 'test_result_base': None}
[2.519s] Level 5:colcon.colcon_core.verb:set package 'pilz_industrial_motion_planner' build argument 'cmake_args' from command line to 'None'
[2.519s] Level 5:colcon.colcon_core.verb:set package 'pilz_industrial_motion_planner' build argument 'cmake_target' from command line to 'None'
[2.520s] Level 5:colcon.colcon_core.verb:set package 'pilz_industrial_motion_planner' build argument 'cmake_target_skip_unavailable' from command line to 'False'
[2.520s] Level 5:colcon.colcon_core.verb:set package 'pilz_industrial_motion_planner' build argument 'cmake_clean_cache' from command line to 'False'
[2.520s] Level 5:colcon.colcon_core.verb:set package 'pilz_industrial_motion_planner' build argument 'cmake_clean_first' from command line to 'False'
[2.520s] Level 5:colcon.colcon_core.verb:set package 'pilz_industrial_motion_planner' build argument 'cmake_force_configure' from command line to 'False'
[2.520s] Level 5:colcon.colcon_core.verb:set package 'pilz_industrial_motion_planner' build argument 'ament_cmake_args' from command line to 'None'
[2.520s] Level 5:colcon.colcon_core.verb:set package 'pilz_industrial_motion_planner' build argument 'catkin_cmake_args' from command line to 'None'
[2.520s] Level 5:colcon.colcon_core.verb:set package 'pilz_industrial_motion_planner' build argument 'catkin_skip_building_tests' from command line to 'False'
[2.520s] DEBUG:colcon.colcon_core.verb:Building package 'pilz_industrial_motion_planner' with the following arguments: {'ament_cmake_args': None, 'build_base': '/home/ugv-c7/CodeWorkspace/UGV-Robot/ros2_humble_colcon_ws/build/pilz_industrial_motion_planner', 'catkin_cmake_args': None, 'catkin_skip_building_tests': False, 'cmake_args': None, 'cmake_clean_cache': False, 'cmake_clean_first': False, 'cmake_force_configure': False, 'cmake_target': None, 'cmake_target_skip_unavailable': False, 'install_base': '/home/ugv-c7/CodeWorkspace/UGV-Robot/ros2_humble_colcon_ws/install/pilz_industrial_motion_planner', 'merge_install': False, 'path': '/home/ugv-c7/CodeWorkspace/UGV-Robot/ros2_humble_colcon_ws/src/moveit2/moveit_planners/pilz_industrial_motion_planner', 'symlink_install': False, 'test_result_base': None}
[2.521s] Level 5:colcon.colcon_core.verb:set package 'moveit_planners' build argument 'cmake_args' from command line to 'None'
[2.521s] Level 5:colcon.colcon_core.verb:set package 'moveit_planners' build argument 'cmake_target' from command line to 'None'
[2.521s] Level 5:colcon.colcon_core.verb:set package 'moveit_planners' build argument 'cmake_target_skip_unavailable' from command line to 'False'
[2.521s] Level 5:colcon.colcon_core.verb:set package 'moveit_planners' build argument 'cmake_clean_cache' from command line to 'False'
[2.521s] Level 5:colcon.colcon_core.verb:set package 'moveit_planners' build argument 'cmake_clean_first' from command line to 'False'
[2.521s] Level 5:colcon.colcon_core.verb:set package 'moveit_planners' build argument 'cmake_force_configure' from command line to 'False'
[2.521s] Level 5:colcon.colcon_core.verb:set package 'moveit_planners' build argument 'ament_cmake_args' from command line to 'None'
[2.521s] Level 5:colcon.colcon_core.verb:set package 'moveit_planners' build argument 'catkin_cmake_args' from command line to 'None'
[2.521s] Level 5:colcon.colcon_core.verb:set package 'moveit_planners' build argument 'catkin_skip_building_tests' from command line to 'False'
[2.521s] DEBUG:colcon.colcon_core.verb:Building package 'moveit_planners' with the following arguments: {'ament_cmake_args': None, 'build_base': '/home/ugv-c7/CodeWorkspace/UGV-Robot/ros2_humble_colcon_ws/build/moveit_planners', 'catkin_cmake_args': None, 'catkin_skip_building_tests': False, 'cmake_args': None, 'cmake_clean_cache': False, 'cmake_clean_first': False, 'cmake_force_configure': False, 'cmake_target': None, 'cmake_target_skip_unavailable': False, 'install_base': '/home/ugv-c7/CodeWorkspace/UGV-Robot/ros2_humble_colcon_ws/install/moveit_planners', 'merge_install': False, 'path': '/home/ugv-c7/CodeWorkspace/UGV-Robot/ros2_humble_colcon_ws/src/moveit2/moveit_planners/moveit_planners', 'symlink_install': False, 'test_result_base': None}
[2.522s] Level 5:colcon.colcon_core.verb:set package 'moveit_setup_app_plugins' build argument 'cmake_args' from command line to 'None'
[2.522s] Level 5:colcon.colcon_core.verb:set package 'moveit_setup_app_plugins' build argument 'cmake_target' from command line to 'None'
[2.522s] Level 5:colcon.colcon_core.verb:set package 'moveit_setup_app_plugins' build argument 'cmake_target_skip_unavailable' from command line to 'False'
[2.522s] Level 5:colcon.colcon_core.verb:set package 'moveit_setup_app_plugins' build argument 'cmake_clean_cache' from command line to 'False'
[2.522s] Level 5:colcon.colcon_core.verb:set package 'moveit_setup_app_plugins' build argument 'cmake_clean_first' from command line to 'False'
[2.522s] Level 5:colcon.colcon_core.verb:set package 'moveit_setup_app_plugins' build argument 'cmake_force_configure' from command line to 'False'
[2.522s] Level 5:colcon.colcon_core.verb:set package 'moveit_setup_app_plugins' build argument 'ament_cmake_args' from command line to 'None'
[2.522s] Level 5:colcon.colcon_core.verb:set package 'moveit_setup_app_plugins' build argument 'catkin_cmake_args' from command line to 'None'
[2.522s] Level 5:colcon.colcon_core.verb:set package 'moveit_setup_app_plugins' build argument 'catkin_skip_building_tests' from command line to 'False'
[2.522s] DEBUG:colcon.colcon_core.verb:Building package 'moveit_setup_app_plugins' with the following arguments: {'ament_cmake_args': None, 'build_base': '/home/ugv-c7/CodeWorkspace/UGV-Robot/ros2_humble_colcon_ws/build/moveit_setup_app_plugins', 'catkin_cmake_args': None, 'catkin_skip_building_tests': False, 'cmake_args': None, 'cmake_clean_cache': False, 'cmake_clean_first': False, 'cmake_force_configure': False, 'cmake_target': None, 'cmake_target_skip_unavailable': False, 'install_base': '/home/ugv-c7/CodeWorkspace/UGV-Robot/ros2_humble_colcon_ws/install/moveit_setup_app_plugins', 'merge_install': False, 'path': '/home/ugv-c7/CodeWorkspace/UGV-Robot/ros2_humble_colcon_ws/src/moveit2/moveit_setup_assistant/moveit_setup_app_plugins', 'symlink_install': False, 'test_result_base': None}
[2.523s] Level 5:colcon.colcon_core.verb:set package 'moveit_setup_controllers' build argument 'cmake_args' from command line to 'None'
[2.523s] Level 5:colcon.colcon_core.verb:set package 'moveit_setup_controllers' build argument 'cmake_target' from command line to 'None'
[2.523s] Level 5:colcon.colcon_core.verb:set package 'moveit_setup_controllers' build argument 'cmake_target_skip_unavailable' from command line to 'False'
[2.523s] Level 5:colcon.colcon_core.verb:set package 'moveit_setup_controllers' build argument 'cmake_clean_cache' from command line to 'False'
[2.523s] Level 5:colcon.colcon_core.verb:set package 'moveit_setup_controllers' build argument 'cmake_clean_first' from command line to 'False'
[2.523s] Level 5:colcon.colcon_core.verb:set package 'moveit_setup_controllers' build argument 'cmake_force_configure' from command line to 'False'
[2.523s] Level 5:colcon.colcon_core.verb:set package 'moveit_setup_controllers' build argument 'ament_cmake_args' from command line to 'None'
[2.524s] Level 5:colcon.colcon_core.verb:set package 'moveit_setup_controllers' build argument 'catkin_cmake_args' from command line to 'None'
[2.524s] Level 5:colcon.colcon_core.verb:set package 'moveit_setup_controllers' build argument 'catkin_skip_building_tests' from command line to 'False'
[2.524s] DEBUG:colcon.colcon_core.verb:Building package 'moveit_setup_controllers' with the following arguments: {'ament_cmake_args': None, 'build_base': '/home/ugv-c7/CodeWorkspace/UGV-Robot/ros2_humble_colcon_ws/build/moveit_setup_controllers', 'catkin_cmake_args': None, 'catkin_skip_building_tests': False, 'cmake_args': None, 'cmake_clean_cache': False, 'cmake_clean_first': False, 'cmake_force_configure': False, 'cmake_target': None, 'cmake_target_skip_unavailable': False, 'install_base': '/home/ugv-c7/CodeWorkspace/UGV-Robot/ros2_humble_colcon_ws/install/moveit_setup_controllers', 'merge_install': False, 'path': '/home/ugv-c7/CodeWorkspace/UGV-Robot/ros2_humble_colcon_ws/src/moveit2/moveit_setup_assistant/moveit_setup_controllers', 'symlink_install': False, 'test_result_base': None}
[2.524s] Level 5:colcon.colcon_core.verb:set package 'moveit_setup_core_plugins' build argument 'cmake_args' from command line to 'None'
[2.524s] Level 5:colcon.colcon_core.verb:set package 'moveit_setup_core_plugins' build argument 'cmake_target' from command line to 'None'
[2.524s] Level 5:colcon.colcon_core.verb:set package 'moveit_setup_core_plugins' build argument 'cmake_target_skip_unavailable' from command line to 'False'
[2.525s] Level 5:colcon.colcon_core.verb:set package 'moveit_setup_core_plugins' build argument 'cmake_clean_cache' from command line to 'False'
[2.525s] Level 5:colcon.colcon_core.verb:set package 'moveit_setup_core_plugins' build argument 'cmake_clean_first' from command line to 'False'
[2.525s] Level 5:colcon.colcon_core.verb:set package 'moveit_setup_core_plugins' build argument 'cmake_force_configure' from command line to 'False'
[2.525s] Level 5:colcon.colcon_core.verb:set package 'moveit_setup_core_plugins' build argument 'ament_cmake_args' from command line to 'None'
[2.525s] Level 5:colcon.colcon_core.verb:set package 'moveit_setup_core_plugins' build argument 'catkin_cmake_args' from command line to 'None'
[2.525s] Level 5:colcon.colcon_core.verb:set package 'moveit_setup_core_plugins' build argument 'catkin_skip_building_tests' from command line to 'False'
[2.525s] DEBUG:colcon.colcon_core.verb:Building package 'moveit_setup_core_plugins' with the following arguments: {'ament_cmake_args': None, 'build_base': '/home/ugv-c7/CodeWorkspace/UGV-Robot/ros2_humble_colcon_ws/build/moveit_setup_core_plugins', 'catkin_cmake_args': None, 'catkin_skip_building_tests': False, 'cmake_args': None, 'cmake_clean_cache': False, 'cmake_clean_first': False, 'cmake_force_configure': False, 'cmake_target': None, 'cmake_target_skip_unavailable': False, 'install_base': '/home/ugv-c7/CodeWorkspace/UGV-Robot/ros2_humble_colcon_ws/install/moveit_setup_core_plugins', 'merge_install': False, 'path': '/home/ugv-c7/CodeWorkspace/UGV-Robot/ros2_humble_colcon_ws/src/moveit2/moveit_setup_assistant/moveit_setup_core_plugins', 'symlink_install': False, 'test_result_base': None}
[2.526s] Level 5:colcon.colcon_core.verb:set package 'moveit_setup_srdf_plugins' build argument 'cmake_args' from command line to 'None'
[2.526s] Level 5:colcon.colcon_core.verb:set package 'moveit_setup_srdf_plugins' build argument 'cmake_target' from command line to 'None'
[2.526s] Level 5:colcon.colcon_core.verb:set package 'moveit_setup_srdf_plugins' build argument 'cmake_target_skip_unavailable' from command line to 'False'
[2.526s] Level 5:colcon.colcon_core.verb:set package 'moveit_setup_srdf_plugins' build argument 'cmake_clean_cache' from command line to 'False'
[2.526s] Level 5:colcon.colcon_core.verb:set package 'moveit_setup_srdf_plugins' build argument 'cmake_clean_first' from command line to 'False'
[2.526s] Level 5:colcon.colcon_core.verb:set package 'moveit_setup_srdf_plugins' build argument 'cmake_force_configure' from command line to 'False'
[2.526s] Level 5:colcon.colcon_core.verb:set package 'moveit_setup_srdf_plugins' build argument 'ament_cmake_args' from command line to 'None'
[2.526s] Level 5:colcon.colcon_core.verb:set package 'moveit_setup_srdf_plugins' build argument 'catkin_cmake_args' from command line to 'None'
[2.526s] Level 5:colcon.colcon_core.verb:set package 'moveit_setup_srdf_plugins' build argument 'catkin_skip_building_tests' from command line to 'False'
[2.526s] DEBUG:colcon.colcon_core.verb:Building package 'moveit_setup_srdf_plugins' with the following arguments: {'ament_cmake_args': None, 'build_base': '/home/ugv-c7/CodeWorkspace/UGV-Robot/ros2_humble_colcon_ws/build/moveit_setup_srdf_plugins', 'catkin_cmake_args': None, 'catkin_skip_building_tests': False, 'cmake_args': None, 'cmake_clean_cache': False, 'cmake_clean_first': False, 'cmake_force_configure': False, 'cmake_target': None, 'cmake_target_skip_unavailable': False, 'install_base': '/home/ugv-c7/CodeWorkspace/UGV-Robot/ros2_humble_colcon_ws/install/moveit_setup_srdf_plugins', 'merge_install': False, 'path': '/home/ugv-c7/CodeWorkspace/UGV-Robot/ros2_humble_colcon_ws/src/moveit2/moveit_setup_assistant/moveit_setup_srdf_plugins', 'symlink_install': False, 'test_result_base': None}
[2.527s] Level 5:colcon.colcon_core.verb:set package 'moveit_runtime' build argument 'cmake_args' from command line to 'None'
[2.527s] Level 5:colcon.colcon_core.verb:set package 'moveit_runtime' build argument 'cmake_target' from command line to 'None'
[2.527s] Level 5:colcon.colcon_core.verb:set package 'moveit_runtime' build argument 'cmake_target_skip_unavailable' from command line to 'False'
[2.527s] Level 5:colcon.colcon_core.verb:set package 'moveit_runtime' build argument 'cmake_clean_cache' from command line to 'False'
[2.527s] Level 5:colcon.colcon_core.verb:set package 'moveit_runtime' build argument 'cmake_clean_first' from command line to 'False'
[2.527s] Level 5:colcon.colcon_core.verb:set package 'moveit_runtime' build argument 'cmake_force_configure' from command line to 'False'
[2.527s] Level 5:colcon.colcon_core.verb:set package 'moveit_runtime' build argument 'ament_cmake_args' from command line to 'None'
[2.527s] Level 5:colcon.colcon_core.verb:set package 'moveit_runtime' build argument 'catkin_cmake_args' from command line to 'None'
[2.527s] Level 5:colcon.colcon_core.verb:set package 'moveit_runtime' build argument 'catkin_skip_building_tests' from command line to 'False'
[2.527s] DEBUG:colcon.colcon_core.verb:Building package 'moveit_runtime' with the following arguments: {'ament_cmake_args': None, 'build_base': '/home/ugv-c7/CodeWorkspace/UGV-Robot/ros2_humble_colcon_ws/build/moveit_runtime', 'catkin_cmake_args': None, 'catkin_skip_building_tests': False, 'cmake_args': None, 'cmake_clean_cache': False, 'cmake_clean_first': False, 'cmake_force_configure': False, 'cmake_target': None, 'cmake_target_skip_unavailable': False, 'install_base': '/home/ugv-c7/CodeWorkspace/UGV-Robot/ros2_humble_colcon_ws/install/moveit_runtime', 'merge_install': False, 'path': '/home/ugv-c7/CodeWorkspace/UGV-Robot/ros2_humble_colcon_ws/src/moveit2/moveit_runtime', 'symlink_install': False, 'test_result_base': None}
[2.528s] Level 5:colcon.colcon_core.verb:set package 'moveit_setup_assistant' build argument 'cmake_args' from command line to 'None'
[2.528s] Level 5:colcon.colcon_core.verb:set package 'moveit_setup_assistant' build argument 'cmake_target' from command line to 'None'
[2.528s] Level 5:colcon.colcon_core.verb:set package 'moveit_setup_assistant' build argument 'cmake_target_skip_unavailable' from command line to 'False'
[2.528s] Level 5:colcon.colcon_core.verb:set package 'moveit_setup_assistant' build argument 'cmake_clean_cache' from command line to 'False'
[2.528s] Level 5:colcon.colcon_core.verb:set package 'moveit_setup_assistant' build argument 'cmake_clean_first' from command line to 'False'
[2.528s] Level 5:colcon.colcon_core.verb:set package 'moveit_setup_assistant' build argument 'cmake_force_configure' from command line to 'False'
[2.528s] Level 5:colcon.colcon_core.verb:set package 'moveit_setup_assistant' build argument 'ament_cmake_args' from command line to 'None'
[2.528s] Level 5:colcon.colcon_core.verb:set package 'moveit_setup_assistant' build argument 'catkin_cmake_args' from command line to 'None'
[2.529s] Level 5:colcon.colcon_core.verb:set package 'moveit_setup_assistant' build argument 'catkin_skip_building_tests' from command line to 'False'
[2.529s] DEBUG:colcon.colcon_core.verb:Building package 'moveit_setup_assistant' with the following arguments: {'ament_cmake_args': None, 'build_base': '/home/ugv-c7/CodeWorkspace/UGV-Robot/ros2_humble_colcon_ws/build/moveit_setup_assistant', 'catkin_cmake_args': None, 'catkin_skip_building_tests': False, 'cmake_args': None, 'cmake_clean_cache': False, 'cmake_clean_first': False, 'cmake_force_configure': False, 'cmake_target': None, 'cmake_target_skip_unavailable': False, 'install_base': '/home/ugv-c7/CodeWorkspace/UGV-Robot/ros2_humble_colcon_ws/install/moveit_setup_assistant', 'merge_install': False, 'path': '/home/ugv-c7/CodeWorkspace/UGV-Robot/ros2_humble_colcon_ws/src/moveit2/moveit_setup_assistant/moveit_setup_assistant', 'symlink_install': False, 'test_result_base': None}
[2.529s] Level 5:colcon.colcon_core.verb:set package 'moveit_task_constructor_core' build argument 'cmake_args' from command line to 'None'
[2.530s] Level 5:colcon.colcon_core.verb:set package 'moveit_task_constructor_core' build argument 'cmake_target' from command line to 'None'
[2.530s] Level 5:colcon.colcon_core.verb:set package 'moveit_task_constructor_core' build argument 'cmake_target_skip_unavailable' from command line to 'False'
[2.530s] Level 5:colcon.colcon_core.verb:set package 'moveit_task_constructor_core' build argument 'cmake_clean_cache' from command line to 'False'
[2.530s] Level 5:colcon.colcon_core.verb:set package 'moveit_task_constructor_core' build argument 'cmake_clean_first' from command line to 'False'
[2.530s] Level 5:colcon.colcon_core.verb:set package 'moveit_task_constructor_core' build argument 'cmake_force_configure' from command line to 'False'
[2.530s] Level 5:colcon.colcon_core.verb:set package 'moveit_task_constructor_core' build argument 'ament_cmake_args' from command line to 'None'
[2.530s] Level 5:colcon.colcon_core.verb:set package 'moveit_task_constructor_core' build argument 'catkin_cmake_args' from command line to 'None'
[2.530s] Level 5:colcon.colcon_core.verb:set package 'moveit_task_constructor_core' build argument 'catkin_skip_building_tests' from command line to 'False'
[2.530s] DEBUG:colcon.colcon_core.verb:Building package 'moveit_task_constructor_core' with the following arguments: {'ament_cmake_args': None, 'build_base': '/home/ugv-c7/CodeWorkspace/UGV-Robot/ros2_humble_colcon_ws/build/moveit_task_constructor_core', 'catkin_cmake_args': None, 'catkin_skip_building_tests': False, 'cmake_args': None, 'cmake_clean_cache': False, 'cmake_clean_first': False, 'cmake_force_configure': False, 'cmake_target': None, 'cmake_target_skip_unavailable': False, 'install_base': '/home/ugv-c7/CodeWorkspace/UGV-Robot/ros2_humble_colcon_ws/install/moveit_task_constructor_core', 'merge_install': False, 'path': '/home/ugv-c7/CodeWorkspace/UGV-Robot/ros2_humble_colcon_ws/src/moveit_task_constructor/core', 'symlink_install': False, 'test_result_base': None}
[2.531s] Level 5:colcon.colcon_core.verb:set package 'moveit' build argument 'cmake_args' from command line to 'None'
[2.531s] Level 5:colcon.colcon_core.verb:set package 'moveit' build argument 'cmake_target' from command line to 'None'
[2.531s] Level 5:colcon.colcon_core.verb:set package 'moveit' build argument 'cmake_target_skip_unavailable' from command line to 'False'
[2.531s] Level 5:colcon.colcon_core.verb:set package 'moveit' build argument 'cmake_clean_cache' from command line to 'False'
[2.531s] Level 5:colcon.colcon_core.verb:set package 'moveit' build argument 'cmake_clean_first' from command line to 'False'
[2.531s] Level 5:colcon.colcon_core.verb:set package 'moveit' build argument 'cmake_force_configure' from command line to 'False'
[2.531s] Level 5:colcon.colcon_core.verb:set package 'moveit' build argument 'ament_cmake_args' from command line to 'None'
[2.531s] Level 5:colcon.colcon_core.verb:set package 'moveit' build argument 'catkin_cmake_args' from command line to 'None'
[2.531s] Level 5:colcon.colcon_core.verb:set package 'moveit' build argument 'catkin_skip_building_tests' from command line to 'False'
[2.531s] DEBUG:colcon.colcon_core.verb:Building package 'moveit' with the following arguments: {'ament_cmake_args': None, 'build_base': '/home/ugv-c7/CodeWorkspace/UGV-Robot/ros2_humble_colcon_ws/build/moveit', 'catkin_cmake_args': None, 'catkin_skip_building_tests': False, 'cmake_args': None, 'cmake_clean_cache': False, 'cmake_clean_first': False, 'cmake_force_configure': False, 'cmake_target': None, 'cmake_target_skip_unavailable': False, 'install_base': '/home/ugv-c7/CodeWorkspace/UGV-Robot/ros2_humble_colcon_ws/install/moveit', 'merge_install': False, 'path': '/home/ugv-c7/CodeWorkspace/UGV-Robot/ros2_humble_colcon_ws/src/moveit2/moveit', 'symlink_install': False, 'test_result_base': None}
[2.532s] Level 5:colcon.colcon_core.verb:set package 'moveit_task_constructor_capabilities' build argument 'cmake_args' from command line to 'None'
[2.532s] Level 5:colcon.colcon_core.verb:set package 'moveit_task_constructor_capabilities' build argument 'cmake_target' from command line to 'None'
[2.532s] Level 5:colcon.colcon_core.verb:set package 'moveit_task_constructor_capabilities' build argument 'cmake_target_skip_unavailable' from command line to 'False'
[2.532s] Level 5:colcon.colcon_core.verb:set package 'moveit_task_constructor_capabilities' build argument 'cmake_clean_cache' from command line to 'False'
[2.532s] Level 5:colcon.colcon_core.verb:set package 'moveit_task_constructor_capabilities' build argument 'cmake_clean_first' from command line to 'False'
[2.532s] Level 5:colcon.colcon_core.verb:set package 'moveit_task_constructor_capabilities' build argument 'cmake_force_configure' from command line to 'False'
[2.532s] Level 5:colcon.colcon_core.verb:set package 'moveit_task_constructor_capabilities' build argument 'ament_cmake_args' from command line to 'None'
[2.532s] Level 5:colcon.colcon_core.verb:set package 'moveit_task_constructor_capabilities' build argument 'catkin_cmake_args' from command line to 'None'
[2.532s] Level 5:colcon.colcon_core.verb:set package 'moveit_task_constructor_capabilities' build argument 'catkin_skip_building_tests' from command line to 'False'
[2.533s] DEBUG:colcon.colcon_core.verb:Building package 'moveit_task_constructor_capabilities' with the following arguments: {'ament_cmake_args': None, 'build_base': '/home/ugv-c7/CodeWorkspace/UGV-Robot/ros2_humble_colcon_ws/build/moveit_task_constructor_capabilities', 'catkin_cmake_args': None, 'catkin_skip_building_tests': False, 'cmake_args': None, 'cmake_clean_cache': False, 'cmake_clean_first': False, 'cmake_force_configure': False, 'cmake_target': None, 'cmake_target_skip_unavailable': False, 'install_base': '/home/ugv-c7/CodeWorkspace/UGV-Robot/ros2_humble_colcon_ws/install/moveit_task_constructor_capabilities', 'merge_install': False, 'path': '/home/ugv-c7/CodeWorkspace/UGV-Robot/ros2_humble_colcon_ws/src/moveit_task_constructor/capabilities', 'symlink_install': False, 'test_result_base': None}
[2.533s] Level 5:colcon.colcon_core.verb:set package 'moveit_task_constructor_visualization' build argument 'cmake_args' from command line to 'None'
[2.533s] Level 5:colcon.colcon_core.verb:set package 'moveit_task_constructor_visualization' build argument 'cmake_target' from command line to 'None'
[2.533s] Level 5:colcon.colcon_core.verb:set package 'moveit_task_constructor_visualization' build argument 'cmake_target_skip_unavailable' from command line to 'False'
[2.533s] Level 5:colcon.colcon_core.verb:set package 'moveit_task_constructor_visualization' build argument 'cmake_clean_cache' from command line to 'False'
[2.534s] Level 5:colcon.colcon_core.verb:set package 'moveit_task_constructor_visualization' build argument 'cmake_clean_first' from command line to 'False'
[2.534s] Level 5:colcon.colcon_core.verb:set package 'moveit_task_constructor_visualization' build argument 'cmake_force_configure' from command line to 'False'
[2.534s] Level 5:colcon.colcon_core.verb:set package 'moveit_task_constructor_visualization' build argument 'ament_cmake_args' from command line to 'None'
[2.534s] Level 5:colcon.colcon_core.verb:set package 'moveit_task_constructor_visualization' build argument 'catkin_cmake_args' from command line to 'None'
[2.534s] Level 5:colcon.colcon_core.verb:set package 'moveit_task_constructor_visualization' build argument 'catkin_skip_building_tests' from command line to 'False'
[2.534s] DEBUG:colcon.colcon_core.verb:Building package 'moveit_task_constructor_visualization' with the following arguments: {'ament_cmake_args': None, 'build_base': '/home/ugv-c7/CodeWorkspace/UGV-Robot/ros2_humble_colcon_ws/build/moveit_task_constructor_visualization', 'catkin_cmake_args': None, 'catkin_skip_building_tests': False, 'cmake_args': None, 'cmake_clean_cache': False, 'cmake_clean_first': False, 'cmake_force_configure': False, 'cmake_target': None, 'cmake_target_skip_unavailable': False, 'install_base': '/home/ugv-c7/CodeWorkspace/UGV-Robot/ros2_humble_colcon_ws/install/moveit_task_constructor_visualization', 'merge_install': False, 'path': '/home/ugv-c7/CodeWorkspace/UGV-Robot/ros2_humble_colcon_ws/src/moveit_task_constructor/visualization', 'symlink_install': False, 'test_result_base': None}
[2.535s] Level 5:colcon.colcon_core.verb:set package 'moveit2_tutorials' build argument 'cmake_args' from command line to 'None'
[2.535s] Level 5:colcon.colcon_core.verb:set package 'moveit2_tutorials' build argument 'cmake_target' from command line to 'None'
[2.535s] Level 5:colcon.colcon_core.verb:set package 'moveit2_tutorials' build argument 'cmake_target_skip_unavailable' from command line to 'False'
[2.535s] Level 5:colcon.colcon_core.verb:set package 'moveit2_tutorials' build argument 'cmake_clean_cache' from command line to 'False'
[2.535s] Level 5:colcon.colcon_core.verb:set package 'moveit2_tutorials' build argument 'cmake_clean_first' from command line to 'False'
[2.535s] Level 5:colcon.colcon_core.verb:set package 'moveit2_tutorials' build argument 'cmake_force_configure' from command line to 'False'
[2.535s] Level 5:colcon.colcon_core.verb:set package 'moveit2_tutorials' build argument 'ament_cmake_args' from command line to 'None'
[2.535s] Level 5:colcon.colcon_core.verb:set package 'moveit2_tutorials' build argument 'catkin_cmake_args' from command line to 'None'
[2.535s] Level 5:colcon.colcon_core.verb:set package 'moveit2_tutorials' build argument 'catkin_skip_building_tests' from command line to 'False'
[2.535s] DEBUG:colcon.colcon_core.verb:Building package 'moveit2_tutorials' with the following arguments: {'ament_cmake_args': None, 'build_base': '/home/ugv-c7/CodeWorkspace/UGV-Robot/ros2_humble_colcon_ws/build/moveit2_tutorials', 'catkin_cmake_args': None, 'catkin_skip_building_tests': False, 'cmake_args': None, 'cmake_clean_cache': False, 'cmake_clean_first': False, 'cmake_force_configure': False, 'cmake_target': None, 'cmake_target_skip_unavailable': False, 'install_base': '/home/ugv-c7/CodeWorkspace/UGV-Robot/ros2_humble_colcon_ws/install/moveit2_tutorials', 'merge_install': False, 'path': '/home/ugv-c7/CodeWorkspace/UGV-Robot/ros2_humble_colcon_ws/src/moveit2_tutorials', 'symlink_install': False, 'test_result_base': None}
[2.536s] Level 5:colcon.colcon_core.verb:set package 'moveit_task_constructor_demo' build argument 'cmake_args' from command line to 'None'
[2.536s] Level 5:colcon.colcon_core.verb:set package 'moveit_task_constructor_demo' build argument 'cmake_target' from command line to 'None'
[2.536s] Level 5:colcon.colcon_core.verb:set package 'moveit_task_constructor_demo' build argument 'cmake_target_skip_unavailable' from command line to 'False'
[2.536s] Level 5:colcon.colcon_core.verb:set package 'moveit_task_constructor_demo' build argument 'cmake_clean_cache' from command line to 'False'
[2.536s] Level 5:colcon.colcon_core.verb:set package 'moveit_task_constructor_demo' build argument 'cmake_clean_first' from command line to 'False'
[2.536s] Level 5:colcon.colcon_core.verb:set package 'moveit_task_constructor_demo' build argument 'cmake_force_configure' from command line to 'False'
[2.536s] Level 5:colcon.colcon_core.verb:set package 'moveit_task_constructor_demo' build argument 'ament_cmake_args' from command line to 'None'
[2.536s] Level 5:colcon.colcon_core.verb:set package 'moveit_task_constructor_demo' build argument 'catkin_cmake_args' from command line to 'None'
[2.536s] Level 5:colcon.colcon_core.verb:set package 'moveit_task_constructor_demo' build argument 'catkin_skip_building_tests' from command line to 'False'
[2.536s] DEBUG:colcon.colcon_core.verb:Building package 'moveit_task_constructor_demo' with the following arguments: {'ament_cmake_args': None, 'build_base': '/home/ugv-c7/CodeWorkspace/UGV-Robot/ros2_humble_colcon_ws/build/moveit_task_constructor_demo', 'catkin_cmake_args': None, 'catkin_skip_building_tests': False, 'cmake_args': None, 'cmake_clean_cache': False, 'cmake_clean_first': False, 'cmake_force_configure': False, 'cmake_target': None, 'cmake_target_skip_unavailable': False, 'install_base': '/home/ugv-c7/CodeWorkspace/UGV-Robot/ros2_humble_colcon_ws/install/moveit_task_constructor_demo', 'merge_install': False, 'path': '/home/ugv-c7/CodeWorkspace/UGV-Robot/ros2_humble_colcon_ws/src/moveit_task_constructor/demo', 'symlink_install': False, 'test_result_base': None}
[2.537s] INFO:colcon.colcon_core.executor:Executing jobs using 'parallel' executor
[2.541s] DEBUG:colcon.colcon_parallel_executor.executor.parallel:run_until_complete
[2.544s] INFO:colcon.colcon_ros.task.ament_cmake.build:Building ROS package in '/home/ugv-c7/CodeWorkspace/UGV-Robot/ros2_humble_colcon_ws/src/moveit_resources/panda_description' with build type 'ament_cmake'
[2.545s] INFO:colcon.colcon_cmake.task.cmake.build:Building CMake package in '/home/ugv-c7/CodeWorkspace/UGV-Robot/ros2_humble_colcon_ws/src/moveit_resources/panda_description'
[2.566s] INFO:colcon.colcon_core.plugin_system:Skipping extension 'colcon_core.shell.bat': Not used on non-Windows systems
[2.566s] INFO:colcon.colcon_core.shell:Skip shell extension 'powershell' for command environment: Not usable outside of PowerShell
[2.567s] DEBUG:colcon.colcon_core.shell:Skip shell extension 'dsv' for command environment
[2.577s] INFO:colcon.colcon_ros.task.ament_cmake.build:Building ROS package in '/home/ugv-c7/CodeWorkspace/UGV-Robot/ros2_humble_colcon_ws/src/moveit2/moveit_common' with build type 'ament_cmake'
[2.578s] INFO:colcon.colcon_cmake.task.cmake.build:Building CMake package in '/home/ugv-c7/CodeWorkspace/UGV-Robot/ros2_humble_colcon_ws/src/moveit2/moveit_common'
[2.579s] INFO:colcon.colcon_core.shell:Skip shell extension 'powershell' for command environment: Not usable outside of PowerShell
[2.579s] DEBUG:colcon.colcon_core.shell:Skip shell extension 'dsv' for command environment
[2.591s] INFO:colcon.colcon_ros.task.ament_cmake.build:Building ROS package in '/home/ugv-c7/CodeWorkspace/UGV-Robot/ros2_humble_colcon_ws/src/moveit_resources/pr2_description' with build type 'ament_cmake'
[2.592s] INFO:colcon.colcon_cmake.task.cmake.build:Building CMake package in '/home/ugv-c7/CodeWorkspace/UGV-Robot/ros2_humble_colcon_ws/src/moveit_resources/pr2_description'
[2.593s] INFO:colcon.colcon_core.shell:Skip shell extension 'powershell' for command environment: Not usable outside of PowerShell
[2.593s] DEBUG:colcon.colcon_core.shell:Skip shell extension 'dsv' for command environment
[2.601s] INFO:colcon.colcon_ros.task.ament_cmake.build:Building ROS package in '/home/ugv-c7/CodeWorkspace/UGV-Robot/ros2_humble_colcon_ws/src/srdfdom' with build type 'ament_cmake'
[2.602s] INFO:colcon.colcon_cmake.task.cmake.build:Building CMake package in '/home/ugv-c7/CodeWorkspace/UGV-Robot/ros2_humble_colcon_ws/src/srdfdom'
[2.602s] INFO:colcon.colcon_core.shell:Skip shell extension 'powershell' for command environment: Not usable outside of PowerShell
[2.603s] DEBUG:colcon.colcon_core.shell:Skip shell extension 'dsv' for command environment
[2.611s] INFO:colcon.colcon_ros.task.ament_python.build:Building ROS package in '/home/ugv-c7/CodeWorkspace/UGV-Robot/ros2_humble_colcon_ws/src/launch_param_builder' with build type 'ament_python'
[2.611s] Level 1:colcon.colcon_core.shell:create_environment_hook('launch_param_builder', 'ament_prefix_path')
[2.612s] INFO:colcon.colcon_core.shell:Creating environment hook '/home/ugv-c7/CodeWorkspace/UGV-Robot/ros2_humble_colcon_ws/install/launch_param_builder/share/launch_param_builder/hook/ament_prefix_path.ps1'
[2.617s] INFO:colcon.colcon_core.shell:Creating environment descriptor '/home/ugv-c7/CodeWorkspace/UGV-Robot/ros2_humble_colcon_ws/install/launch_param_builder/share/launch_param_builder/hook/ament_prefix_path.dsv'
[2.620s] INFO:colcon.colcon_core.shell:Creating environment hook '/home/ugv-c7/CodeWorkspace/UGV-Robot/ros2_humble_colcon_ws/install/launch_param_builder/share/launch_param_builder/hook/ament_prefix_path.sh'
[2.624s] INFO:colcon.colcon_core.shell:Skip shell extension 'powershell' for command environment: Not usable outside of PowerShell
[2.624s] DEBUG:colcon.colcon_core.shell:Skip shell extension 'dsv' for command environment
[2.634s] INFO:colcon.colcon_ros.task.ament_cmake.build:Building ROS package in '/home/ugv-c7/CodeWorkspace/UGV-Robot/ros2_humble_colcon_ws/src/moveit_resources/fanuc_description' with build type 'ament_cmake'
[2.634s] INFO:colcon.colcon_cmake.task.cmake.build:Building CMake package in '/home/ugv-c7/CodeWorkspace/UGV-Robot/ros2_humble_colcon_ws/src/moveit_resources/fanuc_description'
[2.636s] INFO:colcon.colcon_core.shell:Skip shell extension 'powershell' for command environment: Not usable outside of PowerShell
[2.637s] DEBUG:colcon.colcon_core.shell:Skip shell extension 'dsv' for command environment
[2.659s] DEBUG:colcon.colcon_core.event_handler.log_command:Invoking command in '/home/ugv-c7/CodeWorkspace/UGV-Robot/ros2_humble_colcon_ws/build/moveit_resources_panda_description': CMAKE_PREFIX_PATH=/opt/ros/humble /usr/bin/cmake --build /home/ugv-c7/CodeWorkspace/UGV-Robot/ros2_humble_colcon_ws/build/moveit_resources_panda_description -- -j6 -l6
[2.688s] DEBUG:colcon.colcon_core.event_handler.log_command:Invoking command in '/home/ugv-c7/CodeWorkspace/UGV-Robot/ros2_humble_colcon_ws/build/moveit_common': CMAKE_PREFIX_PATH=/opt/ros/humble /usr/bin/cmake --build /home/ugv-c7/CodeWorkspace/UGV-Robot/ros2_humble_colcon_ws/build/moveit_common -- -j6 -l6
[2.713s] DEBUG:colcon.colcon_core.event_handler.log_command:Invoking command in '/home/ugv-c7/CodeWorkspace/UGV-Robot/ros2_humble_colcon_ws/build/moveit_resources_pr2_description': CMAKE_PREFIX_PATH=/opt/ros/humble /usr/bin/cmake --build /home/ugv-c7/CodeWorkspace/UGV-Robot/ros2_humble_colcon_ws/build/moveit_resources_pr2_description -- -j6 -l6
[2.726s] DEBUG:colcon.colcon_core.event_handler.log_command:Invoking command in '/home/ugv-c7/CodeWorkspace/UGV-Robot/ros2_humble_colcon_ws/build/srdfdom': CMAKE_PREFIX_PATH=/opt/ros/humble /usr/bin/cmake --build /home/ugv-c7/CodeWorkspace/UGV-Robot/ros2_humble_colcon_ws/build/srdfdom -- -j6 -l6
[3.420s] INFO:colcon.colcon_core.task.python.build:Building Python package in '/home/ugv-c7/CodeWorkspace/UGV-Robot/ros2_humble_colcon_ws/src/launch_param_builder'
[3.422s] INFO:colcon.colcon_core.shell:Skip shell extension 'powershell' for command environment: Not usable outside of PowerShell
[3.422s] DEBUG:colcon.colcon_core.shell:Skip shell extension 'dsv' for command environment
[3.449s] DEBUG:colcon.colcon_core.event_handler.log_command:Invoking command in '/home/ugv-c7/CodeWorkspace/UGV-Robot/ros2_humble_colcon_ws/build/moveit_resources_fanuc_description': CMAKE_PREFIX_PATH=/opt/ros/humble /usr/bin/cmake --build /home/ugv-c7/CodeWorkspace/UGV-Robot/ros2_humble_colcon_ws/build/moveit_resources_fanuc_description -- -j6 -l6
[3.459s] DEBUG:colcon.colcon_core.event_handler.log_command:Invoked command in '/home/ugv-c7/CodeWorkspace/UGV-Robot/ros2_humble_colcon_ws/build/moveit_resources_panda_description' returned '0': CMAKE_PREFIX_PATH=/opt/ros/humble /usr/bin/cmake --build /home/ugv-c7/CodeWorkspace/UGV-Robot/ros2_humble_colcon_ws/build/moveit_resources_panda_description -- -j6 -l6
[3.488s] DEBUG:colcon.colcon_core.event_handler.log_command:Invoking command in '/home/ugv-c7/CodeWorkspace/UGV-Robot/ros2_humble_colcon_ws/build/moveit_resources_panda_description': CMAKE_PREFIX_PATH=/opt/ros/humble /usr/bin/cmake --install /home/ugv-c7/CodeWorkspace/UGV-Robot/ros2_humble_colcon_ws/build/moveit_resources_panda_description
[3.491s] DEBUG:colcon.colcon_core.event_handler.log_command:Invoked command in '/home/ugv-c7/CodeWorkspace/UGV-Robot/ros2_humble_colcon_ws/build/moveit_common' returned '0': CMAKE_PREFIX_PATH=/opt/ros/humble /usr/bin/cmake --build /home/ugv-c7/CodeWorkspace/UGV-Robot/ros2_humble_colcon_ws/build/moveit_common -- -j6 -l6
[3.498s] DEBUG:colcon.colcon_core.event_handler.log_command:Invoking command in '/home/ugv-c7/CodeWorkspace/UGV-Robot/ros2_humble_colcon_ws/build/moveit_common': CMAKE_PREFIX_PATH=/opt/ros/humble /usr/bin/cmake --install /home/ugv-c7/CodeWorkspace/UGV-Robot/ros2_humble_colcon_ws/build/moveit_common
[3.499s] DEBUG:colcon.colcon_core.event_handler.log_command:Invoked command in '/home/ugv-c7/CodeWorkspace/UGV-Robot/ros2_humble_colcon_ws/build/moveit_resources_pr2_description' returned '0': CMAKE_PREFIX_PATH=/opt/ros/humble /usr/bin/cmake --build /home/ugv-c7/CodeWorkspace/UGV-Robot/ros2_humble_colcon_ws/build/moveit_resources_pr2_description -- -j6 -l6
[3.505s] DEBUG:colcon.colcon_core.event_handler.log_command:Invoking command in '/home/ugv-c7/CodeWorkspace/UGV-Robot/ros2_humble_colcon_ws/build/moveit_resources_pr2_description': CMAKE_PREFIX_PATH=/opt/ros/humble /usr/bin/cmake --install /home/ugv-c7/CodeWorkspace/UGV-Robot/ros2_humble_colcon_ws/build/moveit_resources_pr2_description
[3.544s] Level 1:colcon.colcon_core.environment:create_environment_scripts_only(moveit_common)
[3.556s] DEBUG:colcon.colcon_core.event_handler.log_command:Invoked command in '/home/ugv-c7/CodeWorkspace/UGV-Robot/ros2_humble_colcon_ws/build/moveit_common' returned '0': CMAKE_PREFIX_PATH=/opt/ros/humble /usr/bin/cmake --install /home/ugv-c7/CodeWorkspace/UGV-Robot/ros2_humble_colcon_ws/build/moveit_common
[3.583s] Level 1:colcon.colcon_core.environment:checking '/home/ugv-c7/CodeWorkspace/UGV-Robot/ros2_humble_colcon_ws/install/moveit_common' for CMake module files
[3.588s] Level 1:colcon.colcon_core.environment:checking '/home/ugv-c7/CodeWorkspace/UGV-Robot/ros2_humble_colcon_ws/install/moveit_common' for CMake config files
[3.595s] Level 1:colcon.colcon_core.shell:create_environment_hook('moveit_common', 'cmake_prefix_path')
[3.596s] INFO:colcon.colcon_core.shell:Creating environment hook '/home/ugv-c7/CodeWorkspace/UGV-Robot/ros2_humble_colcon_ws/install/moveit_common/share/moveit_common/hook/cmake_prefix_path.ps1'
[3.599s] INFO:colcon.colcon_core.shell:Creating environment descriptor '/home/ugv-c7/CodeWorkspace/UGV-Robot/ros2_humble_colcon_ws/install/moveit_common/share/moveit_common/hook/cmake_prefix_path.dsv'
[3.602s] INFO:colcon.colcon_core.shell:Creating environment hook '/home/ugv-c7/CodeWorkspace/UGV-Robot/ros2_humble_colcon_ws/install/moveit_common/share/moveit_common/hook/cmake_prefix_path.sh'
[3.608s] Level 1:colcon.colcon_core.environment:checking '/home/ugv-c7/CodeWorkspace/UGV-Robot/ros2_humble_colcon_ws/install/moveit_common/bin'
[3.608s] Level 1:colcon.colcon_core.environment:checking '/home/ugv-c7/CodeWorkspace/UGV-Robot/ros2_humble_colcon_ws/install/moveit_common/lib/pkgconfig/moveit_common.pc'
[3.609s] Level 1:colcon.colcon_core.environment:checking '/home/ugv-c7/CodeWorkspace/UGV-Robot/ros2_humble_colcon_ws/install/moveit_common/lib/python3.10/site-packages'
[3.610s] Level 1:colcon.colcon_core.environment:checking '/home/ugv-c7/CodeWorkspace/UGV-Robot/ros2_humble_colcon_ws/install/moveit_common/bin'
[3.611s] INFO:colcon.colcon_core.shell:Creating package script '/home/ugv-c7/CodeWorkspace/UGV-Robot/ros2_humble_colcon_ws/install/moveit_common/share/moveit_common/package.ps1'
[3.620s] INFO:colcon.colcon_core.shell:Creating package descriptor '/home/ugv-c7/CodeWorkspace/UGV-Robot/ros2_humble_colcon_ws/install/moveit_common/share/moveit_common/package.dsv'
[3.623s] INFO:colcon.colcon_core.shell:Creating package script '/home/ugv-c7/CodeWorkspace/UGV-Robot/ros2_humble_colcon_ws/install/moveit_common/share/moveit_common/package.sh'
[3.627s] INFO:colcon.colcon_core.shell:Creating package script '/home/ugv-c7/CodeWorkspace/UGV-Robot/ros2_humble_colcon_ws/install/moveit_common/share/moveit_common/package.bash'
[3.633s] INFO:colcon.colcon_core.shell:Creating package script '/home/ugv-c7/CodeWorkspace/UGV-Robot/ros2_humble_colcon_ws/install/moveit_common/share/moveit_common/package.zsh'
[3.639s] Level 1:colcon.colcon_core.environment:create_file_with_runtime_dependencies(/home/ugv-c7/CodeWorkspace/UGV-Robot/ros2_humble_colcon_ws/install/moveit_common/share/colcon-core/packages/moveit_common)
[3.646s] Level 1:colcon.colcon_core.environment:create_environment_scripts_only(moveit_common)
[3.647s] Level 1:colcon.colcon_core.environment:checking '/home/ugv-c7/CodeWorkspace/UGV-Robot/ros2_humble_colcon_ws/install/moveit_common' for CMake module files
[3.651s] Level 1:colcon.colcon_core.environment:checking '/home/ugv-c7/CodeWorkspace/UGV-Robot/ros2_humble_colcon_ws/install/moveit_common' for CMake config files
[3.655s] Level 1:colcon.colcon_core.shell:create_environment_hook('moveit_common', 'cmake_prefix_path')
[3.656s] INFO:colcon.colcon_core.shell:Creating environment hook '/home/ugv-c7/CodeWorkspace/UGV-Robot/ros2_humble_colcon_ws/install/moveit_common/share/moveit_common/hook/cmake_prefix_path.ps1'
[3.658s] INFO:colcon.colcon_core.shell:Creating environment descriptor '/home/ugv-c7/CodeWorkspace/UGV-Robot/ros2_humble_colcon_ws/install/moveit_common/share/moveit_common/hook/cmake_prefix_path.dsv'
[3.661s] INFO:colcon.colcon_core.shell:Creating environment hook '/home/ugv-c7/CodeWorkspace/UGV-Robot/ros2_humble_colcon_ws/install/moveit_common/share/moveit_common/hook/cmake_prefix_path.sh'
[3.664s] Level 1:colcon.colcon_core.environment:checking '/home/ugv-c7/CodeWorkspace/UGV-Robot/ros2_humble_colcon_ws/install/moveit_common/bin'
[3.664s] Level 1:colcon.colcon_core.environment:checking '/home/ugv-c7/CodeWorkspace/UGV-Robot/ros2_humble_colcon_ws/install/moveit_common/lib/pkgconfig/moveit_common.pc'
[3.665s] Level 1:colcon.colcon_core.environment:checking '/home/ugv-c7/CodeWorkspace/UGV-Robot/ros2_humble_colcon_ws/install/moveit_common/lib/python3.10/site-packages'
[3.666s] Level 1:colcon.colcon_core.environment:checking '/home/ugv-c7/CodeWorkspace/UGV-Robot/ros2_humble_colcon_ws/install/moveit_common/bin'
[3.667s] INFO:colcon.colcon_core.shell:Creating package script '/home/ugv-c7/CodeWorkspace/UGV-Robot/ros2_humble_colcon_ws/install/moveit_common/share/moveit_common/package.ps1'
[3.670s] INFO:colcon.colcon_core.shell:Creating package descriptor '/home/ugv-c7/CodeWorkspace/UGV-Robot/ros2_humble_colcon_ws/install/moveit_common/share/moveit_common/package.dsv'
[3.672s] INFO:colcon.colcon_core.shell:Creating package script '/home/ugv-c7/CodeWorkspace/UGV-Robot/ros2_humble_colcon_ws/install/moveit_common/share/moveit_common/package.sh'
[3.675s] INFO:colcon.colcon_core.shell:Creating package script '/home/ugv-c7/CodeWorkspace/UGV-Robot/ros2_humble_colcon_ws/install/moveit_common/share/moveit_common/package.bash'
[3.677s] INFO:colcon.colcon_core.shell:Creating package script '/home/ugv-c7/CodeWorkspace/UGV-Robot/ros2_humble_colcon_ws/install/moveit_common/share/moveit_common/package.zsh'
[3.678s] Level 1:colcon.colcon_core.environment:create_file_with_runtime_dependencies(/home/ugv-c7/CodeWorkspace/UGV-Robot/ros2_humble_colcon_ws/install/moveit_common/share/colcon-core/packages/moveit_common)
[3.682s] INFO:colcon.colcon_ros.task.ament_cmake.build:Building ROS package in '/home/ugv-c7/CodeWorkspace/UGV-Robot/ros2_humble_colcon_ws/src/moveit2/moveit_planners/test_configs/prbt_support' with build type 'ament_cmake'
[3.682s] INFO:colcon.colcon_cmake.task.cmake.build:Building CMake package in '/home/ugv-c7/CodeWorkspace/UGV-Robot/ros2_humble_colcon_ws/src/moveit2/moveit_planners/test_configs/prbt_support'
[3.683s] INFO:colcon.colcon_core.shell:Skip shell extension 'powershell' for command environment: Not usable outside of PowerShell
[3.683s] DEBUG:colcon.colcon_core.shell:Skip shell extension 'dsv' for command environment
[3.696s] Level 1:colcon.colcon_core.environment:create_environment_scripts_only(moveit_resources_panda_description)
[3.697s] Level 1:colcon.colcon_core.environment:checking '/home/ugv-c7/CodeWorkspace/UGV-Robot/ros2_humble_colcon_ws/install/moveit_resources_panda_description' for CMake module files
[3.698s] DEBUG:colcon.colcon_core.event_handler.log_command:Invoked command in '/home/ugv-c7/CodeWorkspace/UGV-Robot/ros2_humble_colcon_ws/build/moveit_resources_panda_description' returned '0': CMAKE_PREFIX_PATH=/opt/ros/humble /usr/bin/cmake --install /home/ugv-c7/CodeWorkspace/UGV-Robot/ros2_humble_colcon_ws/build/moveit_resources_panda_description
[3.700s] Level 1:colcon.colcon_core.environment:checking '/home/ugv-c7/CodeWorkspace/UGV-Robot/ros2_humble_colcon_ws/install/moveit_resources_panda_description' for CMake config files
[3.701s] Level 1:colcon.colcon_core.shell:create_environment_hook('moveit_resources_panda_description', 'cmake_prefix_path')
[3.702s] INFO:colcon.colcon_core.shell:Creating environment hook '/home/ugv-c7/CodeWorkspace/UGV-Robot/ros2_humble_colcon_ws/install/moveit_resources_panda_description/share/moveit_resources_panda_description/hook/cmake_prefix_path.ps1'
[3.704s] INFO:colcon.colcon_core.shell:Creating environment descriptor '/home/ugv-c7/CodeWorkspace/UGV-Robot/ros2_humble_colcon_ws/install/moveit_resources_panda_description/share/moveit_resources_panda_description/hook/cmake_prefix_path.dsv'
[3.705s] INFO:colcon.colcon_core.shell:Creating environment hook '/home/ugv-c7/CodeWorkspace/UGV-Robot/ros2_humble_colcon_ws/install/moveit_resources_panda_description/share/moveit_resources_panda_description/hook/cmake_prefix_path.sh'
[3.706s] Level 1:colcon.colcon_core.environment:checking '/home/ugv-c7/CodeWorkspace/UGV-Robot/ros2_humble_colcon_ws/install/moveit_resources_panda_description/bin'
[3.706s] Level 1:colcon.colcon_core.environment:checking '/home/ugv-c7/CodeWorkspace/UGV-Robot/ros2_humble_colcon_ws/install/moveit_resources_panda_description/lib/pkgconfig/moveit_resources_panda_description.pc'
[3.707s] Level 1:colcon.colcon_core.environment:checking '/home/ugv-c7/CodeWorkspace/UGV-Robot/ros2_humble_colcon_ws/install/moveit_resources_panda_description/lib/python3.10/site-packages'
[3.708s] Level 1:colcon.colcon_core.environment:checking '/home/ugv-c7/CodeWorkspace/UGV-Robot/ros2_humble_colcon_ws/install/moveit_resources_panda_description/bin'
[3.708s] INFO:colcon.colcon_core.shell:Creating package script '/home/ugv-c7/CodeWorkspace/UGV-Robot/ros2_humble_colcon_ws/install/moveit_resources_panda_description/share/moveit_resources_panda_description/package.ps1'
[3.710s] INFO:colcon.colcon_core.shell:Creating package descriptor '/home/ugv-c7/CodeWorkspace/UGV-Robot/ros2_humble_colcon_ws/install/moveit_resources_panda_description/share/moveit_resources_panda_description/package.dsv'
[3.711s] INFO:colcon.colcon_core.shell:Creating package script '/home/ugv-c7/CodeWorkspace/UGV-Robot/ros2_humble_colcon_ws/install/moveit_resources_panda_description/share/moveit_resources_panda_description/package.sh'
[3.712s] INFO:colcon.colcon_core.shell:Creating package script '/home/ugv-c7/CodeWorkspace/UGV-Robot/ros2_humble_colcon_ws/install/moveit_resources_panda_description/share/moveit_resources_panda_description/package.bash'
[3.713s] INFO:colcon.colcon_core.shell:Creating package script '/home/ugv-c7/CodeWorkspace/UGV-Robot/ros2_humble_colcon_ws/install/moveit_resources_panda_description/share/moveit_resources_panda_description/package.zsh'
[3.713s] Level 1:colcon.colcon_core.environment:create_file_with_runtime_dependencies(/home/ugv-c7/CodeWorkspace/UGV-Robot/ros2_humble_colcon_ws/install/moveit_resources_panda_description/share/colcon-core/packages/moveit_resources_panda_description)
[3.717s] Level 1:colcon.colcon_core.environment:create_environment_scripts_only(moveit_resources_panda_description)
[3.717s] Level 1:colcon.colcon_core.environment:checking '/home/ugv-c7/CodeWorkspace/UGV-Robot/ros2_humble_colcon_ws/install/moveit_resources_panda_description' for CMake module files
[3.718s] Level 1:colcon.colcon_core.environment:checking '/home/ugv-c7/CodeWorkspace/UGV-Robot/ros2_humble_colcon_ws/install/moveit_resources_panda_description' for CMake config files
[3.719s] Level 1:colcon.colcon_core.shell:create_environment_hook('moveit_resources_panda_description', 'cmake_prefix_path')
[3.719s] INFO:colcon.colcon_core.shell:Creating environment hook '/home/ugv-c7/CodeWorkspace/UGV-Robot/ros2_humble_colcon_ws/install/moveit_resources_panda_description/share/moveit_resources_panda_description/hook/cmake_prefix_path.ps1'
[3.721s] INFO:colcon.colcon_core.shell:Creating environment descriptor '/home/ugv-c7/CodeWorkspace/UGV-Robot/ros2_humble_colcon_ws/install/moveit_resources_panda_description/share/moveit_resources_panda_description/hook/cmake_prefix_path.dsv'
[3.722s] INFO:colcon.colcon_core.shell:Creating environment hook '/home/ugv-c7/CodeWorkspace/UGV-Robot/ros2_humble_colcon_ws/install/moveit_resources_panda_description/share/moveit_resources_panda_description/hook/cmake_prefix_path.sh'
[3.723s] Level 1:colcon.colcon_core.environment:checking '/home/ugv-c7/CodeWorkspace/UGV-Robot/ros2_humble_colcon_ws/install/moveit_resources_panda_description/bin'
[3.723s] Level 1:colcon.colcon_core.environment:checking '/home/ugv-c7/CodeWorkspace/UGV-Robot/ros2_humble_colcon_ws/install/moveit_resources_panda_description/lib/pkgconfig/moveit_resources_panda_description.pc'
[3.724s] Level 1:colcon.colcon_core.environment:checking '/home/ugv-c7/CodeWorkspace/UGV-Robot/ros2_humble_colcon_ws/install/moveit_resources_panda_description/lib/python3.10/site-packages'
[3.724s] Level 1:colcon.colcon_core.environment:checking '/home/ugv-c7/CodeWorkspace/UGV-Robot/ros2_humble_colcon_ws/install/moveit_resources_panda_description/bin'
[3.725s] INFO:colcon.colcon_core.shell:Creating package script '/home/ugv-c7/CodeWorkspace/UGV-Robot/ros2_humble_colcon_ws/install/moveit_resources_panda_description/share/moveit_resources_panda_description/package.ps1'
[3.726s] INFO:colcon.colcon_core.shell:Creating package descriptor '/home/ugv-c7/CodeWorkspace/UGV-Robot/ros2_humble_colcon_ws/install/moveit_resources_panda_description/share/moveit_resources_panda_description/package.dsv'
[3.728s] INFO:colcon.colcon_core.shell:Creating package script '/home/ugv-c7/CodeWorkspace/UGV-Robot/ros2_humble_colcon_ws/install/moveit_resources_panda_description/share/moveit_resources_panda_description/package.sh'
[3.729s] INFO:colcon.colcon_core.shell:Creating package script '/home/ugv-c7/CodeWorkspace/UGV-Robot/ros2_humble_colcon_ws/install/moveit_resources_panda_description/share/moveit_resources_panda_description/package.bash'
[3.730s] INFO:colcon.colcon_core.shell:Creating package script '/home/ugv-c7/CodeWorkspace/UGV-Robot/ros2_humble_colcon_ws/install/moveit_resources_panda_description/share/moveit_resources_panda_description/package.zsh'
[3.731s] Level 1:colcon.colcon_core.environment:create_file_with_runtime_dependencies(/home/ugv-c7/CodeWorkspace/UGV-Robot/ros2_humble_colcon_ws/install/moveit_resources_panda_description/share/colcon-core/packages/moveit_resources_panda_description)
[3.733s] DEBUG:colcon.colcon_core.event_handler.log_command:Invoked command in '/home/ugv-c7/CodeWorkspace/UGV-Robot/ros2_humble_colcon_ws/build/moveit_resources_fanuc_description' returned '0': CMAKE_PREFIX_PATH=/opt/ros/humble /usr/bin/cmake --build /home/ugv-c7/CodeWorkspace/UGV-Robot/ros2_humble_colcon_ws/build/moveit_resources_fanuc_description -- -j6 -l6
[3.741s] DEBUG:colcon.colcon_core.event_handler.log_command:Invoking command in '/home/ugv-c7/CodeWorkspace/UGV-Robot/ros2_humble_colcon_ws/build/moveit_resources_fanuc_description': CMAKE_PREFIX_PATH=/opt/ros/humble /usr/bin/cmake --install /home/ugv-c7/CodeWorkspace/UGV-Robot/ros2_humble_colcon_ws/build/moveit_resources_fanuc_description
[3.742s] Level 1:colcon.colcon_core.environment:create_environment_scripts_only(moveit_resources_pr2_description)
[3.743s] Level 1:colcon.colcon_core.environment:checking '/home/ugv-c7/CodeWorkspace/UGV-Robot/ros2_humble_colcon_ws/install/moveit_resources_pr2_description' for CMake module files
[3.744s] DEBUG:colcon.colcon_core.event_handler.log_command:Invoked command in '/home/ugv-c7/CodeWorkspace/UGV-Robot/ros2_humble_colcon_ws/build/moveit_resources_pr2_description' returned '0': CMAKE_PREFIX_PATH=/opt/ros/humble /usr/bin/cmake --install /home/ugv-c7/CodeWorkspace/UGV-Robot/ros2_humble_colcon_ws/build/moveit_resources_pr2_description
[3.745s] Level 1:colcon.colcon_core.environment:checking '/home/ugv-c7/CodeWorkspace/UGV-Robot/ros2_humble_colcon_ws/install/moveit_resources_pr2_description' for CMake config files
[3.748s] Level 1:colcon.colcon_core.shell:create_environment_hook('moveit_resources_pr2_description', 'cmake_prefix_path')
[3.749s] INFO:colcon.colcon_core.shell:Creating environment hook '/home/ugv-c7/CodeWorkspace/UGV-Robot/ros2_humble_colcon_ws/install/moveit_resources_pr2_description/share/moveit_resources_pr2_description/hook/cmake_prefix_path.ps1'
[3.751s] INFO:colcon.colcon_core.shell:Creating environment descriptor '/home/ugv-c7/CodeWorkspace/UGV-Robot/ros2_humble_colcon_ws/install/moveit_resources_pr2_description/share/moveit_resources_pr2_description/hook/cmake_prefix_path.dsv'
[3.752s] INFO:colcon.colcon_core.shell:Creating environment hook '/home/ugv-c7/CodeWorkspace/UGV-Robot/ros2_humble_colcon_ws/install/moveit_resources_pr2_description/share/moveit_resources_pr2_description/hook/cmake_prefix_path.sh'
[3.754s] Level 1:colcon.colcon_core.environment:checking '/home/ugv-c7/CodeWorkspace/UGV-Robot/ros2_humble_colcon_ws/install/moveit_resources_pr2_description/bin'
[3.755s] Level 1:colcon.colcon_core.environment:checking '/home/ugv-c7/CodeWorkspace/UGV-Robot/ros2_humble_colcon_ws/install/moveit_resources_pr2_description/lib/pkgconfig/moveit_resources_pr2_description.pc'
[3.755s] Level 1:colcon.colcon_core.environment:checking '/home/ugv-c7/CodeWorkspace/UGV-Robot/ros2_humble_colcon_ws/install/moveit_resources_pr2_description/lib/python3.10/site-packages'
[3.756s] Level 1:colcon.colcon_core.environment:checking '/home/ugv-c7/CodeWorkspace/UGV-Robot/ros2_humble_colcon_ws/install/moveit_resources_pr2_description/bin'
[3.757s] INFO:colcon.colcon_core.shell:Creating package script '/home/ugv-c7/CodeWorkspace/UGV-Robot/ros2_humble_colcon_ws/install/moveit_resources_pr2_description/share/moveit_resources_pr2_description/package.ps1'
[3.759s] INFO:colcon.colcon_core.shell:Creating package descriptor '/home/ugv-c7/CodeWorkspace/UGV-Robot/ros2_humble_colcon_ws/install/moveit_resources_pr2_description/share/moveit_resources_pr2_description/package.dsv'
[3.760s] INFO:colcon.colcon_core.shell:Creating package script '/home/ugv-c7/CodeWorkspace/UGV-Robot/ros2_humble_colcon_ws/install/moveit_resources_pr2_description/share/moveit_resources_pr2_description/package.sh'
[3.761s] INFO:colcon.colcon_core.shell:Creating package script '/home/ugv-c7/CodeWorkspace/UGV-Robot/ros2_humble_colcon_ws/install/moveit_resources_pr2_description/share/moveit_resources_pr2_description/package.bash'
[3.762s] INFO:colcon.colcon_core.shell:Creating package script '/home/ugv-c7/CodeWorkspace/UGV-Robot/ros2_humble_colcon_ws/install/moveit_resources_pr2_description/share/moveit_resources_pr2_description/package.zsh'
[3.763s] Level 1:colcon.colcon_core.environment:create_file_with_runtime_dependencies(/home/ugv-c7/CodeWorkspace/UGV-Robot/ros2_humble_colcon_ws/install/moveit_resources_pr2_description/share/colcon-core/packages/moveit_resources_pr2_description)
[3.765s] Level 1:colcon.colcon_core.environment:create_environment_scripts_only(moveit_resources_pr2_description)
[3.766s] Level 1:colcon.colcon_core.environment:checking '/home/ugv-c7/CodeWorkspace/UGV-Robot/ros2_humble_colcon_ws/install/moveit_resources_pr2_description' for CMake module files
[3.767s] Level 1:colcon.colcon_core.environment:checking '/home/ugv-c7/CodeWorkspace/UGV-Robot/ros2_humble_colcon_ws/install/moveit_resources_pr2_description' for CMake config files
[3.767s] Level 1:colcon.colcon_core.shell:create_environment_hook('moveit_resources_pr2_description', 'cmake_prefix_path')
[3.768s] INFO:colcon.colcon_core.shell:Creating environment hook '/home/ugv-c7/CodeWorkspace/UGV-Robot/ros2_humble_colcon_ws/install/moveit_resources_pr2_description/share/moveit_resources_pr2_description/hook/cmake_prefix_path.ps1'
[3.769s] INFO:colcon.colcon_core.shell:Creating environment descriptor '/home/ugv-c7/CodeWorkspace/UGV-Robot/ros2_humble_colcon_ws/install/moveit_resources_pr2_description/share/moveit_resources_pr2_description/hook/cmake_prefix_path.dsv'
[3.770s] INFO:colcon.colcon_core.shell:Creating environment hook '/home/ugv-c7/CodeWorkspace/UGV-Robot/ros2_humble_colcon_ws/install/moveit_resources_pr2_description/share/moveit_resources_pr2_description/hook/cmake_prefix_path.sh'
[3.771s] Level 1:colcon.colcon_core.environment:checking '/home/ugv-c7/CodeWorkspace/UGV-Robot/ros2_humble_colcon_ws/install/moveit_resources_pr2_description/bin'
[3.772s] Level 1:colcon.colcon_core.environment:checking '/home/ugv-c7/CodeWorkspace/UGV-Robot/ros2_humble_colcon_ws/install/moveit_resources_pr2_description/lib/pkgconfig/moveit_resources_pr2_description.pc'
[3.772s] Level 1:colcon.colcon_core.environment:checking '/home/ugv-c7/CodeWorkspace/UGV-Robot/ros2_humble_colcon_ws/install/moveit_resources_pr2_description/lib/python3.10/site-packages'
[3.773s] Level 1:colcon.colcon_core.environment:checking '/home/ugv-c7/CodeWorkspace/UGV-Robot/ros2_humble_colcon_ws/install/moveit_resources_pr2_description/bin'
[3.774s] INFO:colcon.colcon_core.shell:Creating package script '/home/ugv-c7/CodeWorkspace/UGV-Robot/ros2_humble_colcon_ws/install/moveit_resources_pr2_description/share/moveit_resources_pr2_description/package.ps1'
[3.776s] INFO:colcon.colcon_core.shell:Creating package descriptor '/home/ugv-c7/CodeWorkspace/UGV-Robot/ros2_humble_colcon_ws/install/moveit_resources_pr2_description/share/moveit_resources_pr2_description/package.dsv'
[3.777s] INFO:colcon.colcon_core.shell:Creating package script '/home/ugv-c7/CodeWorkspace/UGV-Robot/ros2_humble_colcon_ws/install/moveit_resources_pr2_description/share/moveit_resources_pr2_description/package.sh'
[3.778s] INFO:colcon.colcon_core.shell:Creating package script '/home/ugv-c7/CodeWorkspace/UGV-Robot/ros2_humble_colcon_ws/install/moveit_resources_pr2_description/share/moveit_resources_pr2_description/package.bash'
[3.779s] INFO:colcon.colcon_core.shell:Creating package script '/home/ugv-c7/CodeWorkspace/UGV-Robot/ros2_humble_colcon_ws/install/moveit_resources_pr2_description/share/moveit_resources_pr2_description/package.zsh'
[3.780s] Level 1:colcon.colcon_core.environment:create_file_with_runtime_dependencies(/home/ugv-c7/CodeWorkspace/UGV-Robot/ros2_humble_colcon_ws/install/moveit_resources_pr2_description/share/colcon-core/packages/moveit_resources_pr2_description)
[3.785s] INFO:colcon.colcon_ros.task.ament_cmake.build:Building ROS package in '/home/ugv-c7/CodeWorkspace/UGV-Robot/ros2_humble_colcon_ws/src/moveit_resources/panda_moveit_config' with build type 'ament_cmake'
[3.785s] INFO:colcon.colcon_cmake.task.cmake.build:Building CMake package in '/home/ugv-c7/CodeWorkspace/UGV-Robot/ros2_humble_colcon_ws/src/moveit_resources/panda_moveit_config'
[3.786s] INFO:colcon.colcon_core.shell:Skip shell extension 'powershell' for command environment: Not usable outside of PowerShell
[3.786s] DEBUG:colcon.colcon_core.shell:Skip shell extension 'dsv' for command environment
[3.795s] INFO:colcon.colcon_ros.task.ament_cmake.build:Building ROS package in '/home/ugv-c7/CodeWorkspace/UGV-Robot/ros2_humble_colcon_ws/src/moveit_task_constructor/msgs' with build type 'ament_cmake'
[3.796s] INFO:colcon.colcon_cmake.task.cmake.build:Building CMake package in '/home/ugv-c7/CodeWorkspace/UGV-Robot/ros2_humble_colcon_ws/src/moveit_task_constructor/msgs'
[3.796s] INFO:colcon.colcon_core.shell:Skip shell extension 'powershell' for command environment: Not usable outside of PowerShell
[3.797s] DEBUG:colcon.colcon_core.shell:Skip shell extension 'dsv' for command environment
[3.820s] DEBUG:colcon.colcon_core.event_handler.log_command:Invoking command in '/home/ugv-c7/CodeWorkspace/UGV-Robot/ros2_humble_colcon_ws/build/moveit_resources_prbt_support': CMAKE_PREFIX_PATH=/opt/ros/humble /usr/bin/cmake --build /home/ugv-c7/CodeWorkspace/UGV-Robot/ros2_humble_colcon_ws/build/moveit_resources_prbt_support -- -j6 -l6
[3.821s] Level 1:colcon.colcon_core.environment:create_environment_scripts_only(moveit_resources_fanuc_description)
[3.822s] Level 1:colcon.colcon_core.environment:checking '/home/ugv-c7/CodeWorkspace/UGV-Robot/ros2_humble_colcon_ws/install/moveit_resources_fanuc_description' for CMake module files
[3.823s] DEBUG:colcon.colcon_core.event_handler.log_command:Invoked command in '/home/ugv-c7/CodeWorkspace/UGV-Robot/ros2_humble_colcon_ws/build/moveit_resources_fanuc_description' returned '0': CMAKE_PREFIX_PATH=/opt/ros/humble /usr/bin/cmake --install /home/ugv-c7/CodeWorkspace/UGV-Robot/ros2_humble_colcon_ws/build/moveit_resources_fanuc_description
[3.824s] Level 1:colcon.colcon_core.environment:checking '/home/ugv-c7/CodeWorkspace/UGV-Robot/ros2_humble_colcon_ws/install/moveit_resources_fanuc_description' for CMake config files
[3.827s] Level 1:colcon.colcon_core.shell:create_environment_hook('moveit_resources_fanuc_description', 'cmake_prefix_path')
[3.827s] INFO:colcon.colcon_core.shell:Creating environment hook '/home/ugv-c7/CodeWorkspace/UGV-Robot/ros2_humble_colcon_ws/install/moveit_resources_fanuc_description/share/moveit_resources_fanuc_description/hook/cmake_prefix_path.ps1'
[3.829s] INFO:colcon.colcon_core.shell:Creating environment descriptor '/home/ugv-c7/CodeWorkspace/UGV-Robot/ros2_humble_colcon_ws/install/moveit_resources_fanuc_description/share/moveit_resources_fanuc_description/hook/cmake_prefix_path.dsv'
[3.830s] INFO:colcon.colcon_core.shell:Creating environment hook '/home/ugv-c7/CodeWorkspace/UGV-Robot/ros2_humble_colcon_ws/install/moveit_resources_fanuc_description/share/moveit_resources_fanuc_description/hook/cmake_prefix_path.sh'
[3.832s] Level 1:colcon.colcon_core.environment:checking '/home/ugv-c7/CodeWorkspace/UGV-Robot/ros2_humble_colcon_ws/install/moveit_resources_fanuc_description/bin'
[3.832s] Level 1:colcon.colcon_core.environment:checking '/home/ugv-c7/CodeWorkspace/UGV-Robot/ros2_humble_colcon_ws/install/moveit_resources_fanuc_description/lib/pkgconfig/moveit_resources_fanuc_description.pc'
[3.832s] Level 1:colcon.colcon_core.environment:checking '/home/ugv-c7/CodeWorkspace/UGV-Robot/ros2_humble_colcon_ws/install/moveit_resources_fanuc_description/lib/python3.10/site-packages'
[3.833s] Level 1:colcon.colcon_core.environment:checking '/home/ugv-c7/CodeWorkspace/UGV-Robot/ros2_humble_colcon_ws/install/moveit_resources_fanuc_description/bin'
[3.834s] INFO:colcon.colcon_core.shell:Creating package script '/home/ugv-c7/CodeWorkspace/UGV-Robot/ros2_humble_colcon_ws/install/moveit_resources_fanuc_description/share/moveit_resources_fanuc_description/package.ps1'
[3.835s] INFO:colcon.colcon_core.shell:Creating package descriptor '/home/ugv-c7/CodeWorkspace/UGV-Robot/ros2_humble_colcon_ws/install/moveit_resources_fanuc_description/share/moveit_resources_fanuc_description/package.dsv'
[3.836s] INFO:colcon.colcon_core.shell:Creating package script '/home/ugv-c7/CodeWorkspace/UGV-Robot/ros2_humble_colcon_ws/install/moveit_resources_fanuc_description/share/moveit_resources_fanuc_description/package.sh'
[3.837s] INFO:colcon.colcon_core.shell:Creating package script '/home/ugv-c7/CodeWorkspace/UGV-Robot/ros2_humble_colcon_ws/install/moveit_resources_fanuc_description/share/moveit_resources_fanuc_description/package.bash'
[3.838s] INFO:colcon.colcon_core.shell:Creating package script '/home/ugv-c7/CodeWorkspace/UGV-Robot/ros2_humble_colcon_ws/install/moveit_resources_fanuc_description/share/moveit_resources_fanuc_description/package.zsh'
[3.839s] Level 1:colcon.colcon_core.environment:create_file_with_runtime_dependencies(/home/ugv-c7/CodeWorkspace/UGV-Robot/ros2_humble_colcon_ws/install/moveit_resources_fanuc_description/share/colcon-core/packages/moveit_resources_fanuc_description)
[3.840s] Level 1:colcon.colcon_core.environment:create_environment_scripts_only(moveit_resources_fanuc_description)
[3.841s] Level 1:colcon.colcon_core.environment:checking '/home/ugv-c7/CodeWorkspace/UGV-Robot/ros2_humble_colcon_ws/install/moveit_resources_fanuc_description' for CMake module files
[3.842s] Level 1:colcon.colcon_core.environment:checking '/home/ugv-c7/CodeWorkspace/UGV-Robot/ros2_humble_colcon_ws/install/moveit_resources_fanuc_description' for CMake config files
[3.843s] Level 1:colcon.colcon_core.shell:create_environment_hook('moveit_resources_fanuc_description', 'cmake_prefix_path')
[3.843s] INFO:colcon.colcon_core.shell:Creating environment hook '/home/ugv-c7/CodeWorkspace/UGV-Robot/ros2_humble_colcon_ws/install/moveit_resources_fanuc_description/share/moveit_resources_fanuc_description/hook/cmake_prefix_path.ps1'
[3.844s] INFO:colcon.colcon_core.shell:Creating environment descriptor '/home/ugv-c7/CodeWorkspace/UGV-Robot/ros2_humble_colcon_ws/install/moveit_resources_fanuc_description/share/moveit_resources_fanuc_description/hook/cmake_prefix_path.dsv'
[3.845s] INFO:colcon.colcon_core.shell:Creating environment hook '/home/ugv-c7/CodeWorkspace/UGV-Robot/ros2_humble_colcon_ws/install/moveit_resources_fanuc_description/share/moveit_resources_fanuc_description/hook/cmake_prefix_path.sh'
[3.847s] Level 1:colcon.colcon_core.environment:checking '/home/ugv-c7/CodeWorkspace/UGV-Robot/ros2_humble_colcon_ws/install/moveit_resources_fanuc_description/bin'
[3.847s] Level 1:colcon.colcon_core.environment:checking '/home/ugv-c7/CodeWorkspace/UGV-Robot/ros2_humble_colcon_ws/install/moveit_resources_fanuc_description/lib/pkgconfig/moveit_resources_fanuc_description.pc'
[3.847s] Level 1:colcon.colcon_core.environment:checking '/home/ugv-c7/CodeWorkspace/UGV-Robot/ros2_humble_colcon_ws/install/moveit_resources_fanuc_description/lib/python3.10/site-packages'
[3.848s] Level 1:colcon.colcon_core.environment:checking '/home/ugv-c7/CodeWorkspace/UGV-Robot/ros2_humble_colcon_ws/install/moveit_resources_fanuc_description/bin'
[3.848s] INFO:colcon.colcon_core.shell:Creating package script '/home/ugv-c7/CodeWorkspace/UGV-Robot/ros2_humble_colcon_ws/install/moveit_resources_fanuc_description/share/moveit_resources_fanuc_description/package.ps1'
[3.850s] INFO:colcon.colcon_core.shell:Creating package descriptor '/home/ugv-c7/CodeWorkspace/UGV-Robot/ros2_humble_colcon_ws/install/moveit_resources_fanuc_description/share/moveit_resources_fanuc_description/package.dsv'
[3.851s] INFO:colcon.colcon_core.shell:Creating package script '/home/ugv-c7/CodeWorkspace/UGV-Robot/ros2_humble_colcon_ws/install/moveit_resources_fanuc_description/share/moveit_resources_fanuc_description/package.sh'
[3.853s] INFO:colcon.colcon_core.shell:Creating package script '/home/ugv-c7/CodeWorkspace/UGV-Robot/ros2_humble_colcon_ws/install/moveit_resources_fanuc_description/share/moveit_resources_fanuc_description/package.bash'
[3.854s] INFO:colcon.colcon_core.shell:Creating package script '/home/ugv-c7/CodeWorkspace/UGV-Robot/ros2_humble_colcon_ws/install/moveit_resources_fanuc_description/share/moveit_resources_fanuc_description/package.zsh'
[3.855s] Level 1:colcon.colcon_core.environment:create_file_with_runtime_dependencies(/home/ugv-c7/CodeWorkspace/UGV-Robot/ros2_humble_colcon_ws/install/moveit_resources_fanuc_description/share/colcon-core/packages/moveit_resources_fanuc_description)
[3.858s] INFO:colcon.colcon_ros.task.ament_cmake.build:Building ROS package in '/home/ugv-c7/CodeWorkspace/UGV-Robot/ros2_humble_colcon_ws/src/moveit_resources/fanuc_moveit_config' with build type 'ament_cmake'
[3.859s] INFO:colcon.colcon_cmake.task.cmake.build:Building CMake package in '/home/ugv-c7/CodeWorkspace/UGV-Robot/ros2_humble_colcon_ws/src/moveit_resources/fanuc_moveit_config'
[3.860s] INFO:colcon.colcon_core.shell:Skip shell extension 'powershell' for command environment: Not usable outside of PowerShell
[3.860s] DEBUG:colcon.colcon_core.shell:Skip shell extension 'dsv' for command environment
[3.876s] DEBUG:colcon.colcon_core.event_handler.log_command:Invoking command in '/home/ugv-c7/CodeWorkspace/UGV-Robot/ros2_humble_colcon_ws/build/moveit_resources_panda_moveit_config': AMENT_PREFIX_PATH=/home/ugv-c7/CodeWorkspace/UGV-Robot/ros2_humble_colcon_ws/install/moveit_resources_panda_description:${AMENT_PREFIX_PATH} CMAKE_PREFIX_PATH=/home/ugv-c7/CodeWorkspace/UGV-Robot/ros2_humble_colcon_ws/install/moveit_resources_panda_description:/opt/ros/humble /usr/bin/cmake --build /home/ugv-c7/CodeWorkspace/UGV-Robot/ros2_humble_colcon_ws/build/moveit_resources_panda_moveit_config -- -j6 -l6
[3.885s] DEBUG:colcon.colcon_core.event_handler.log_command:Invoking command in '/home/ugv-c7/CodeWorkspace/UGV-Robot/ros2_humble_colcon_ws/build/moveit_task_constructor_msgs': CMAKE_PREFIX_PATH=/opt/ros/humble /usr/bin/cmake --build /home/ugv-c7/CodeWorkspace/UGV-Robot/ros2_humble_colcon_ws/build/moveit_task_constructor_msgs -- -j6 -l6
[3.888s] DEBUG:colcon.colcon_core.event_handler.log_command:Invoked command in '/home/ugv-c7/CodeWorkspace/UGV-Robot/ros2_humble_colcon_ws/build/srdfdom' returned '0': CMAKE_PREFIX_PATH=/opt/ros/humble /usr/bin/cmake --build /home/ugv-c7/CodeWorkspace/UGV-Robot/ros2_humble_colcon_ws/build/srdfdom -- -j6 -l6
[3.894s] DEBUG:colcon.colcon_core.event_handler.log_command:Invoking command in '/home/ugv-c7/CodeWorkspace/UGV-Robot/ros2_humble_colcon_ws/build/srdfdom': CMAKE_PREFIX_PATH=/opt/ros/humble /usr/bin/cmake --install /home/ugv-c7/CodeWorkspace/UGV-Robot/ros2_humble_colcon_ws/build/srdfdom
[3.910s] DEBUG:colcon.colcon_core.event_handler.log_command:Invoking command in '/home/ugv-c7/CodeWorkspace/UGV-Robot/ros2_humble_colcon_ws/build/moveit_resources_fanuc_moveit_config': AMENT_PREFIX_PATH=/home/ugv-c7/CodeWorkspace/UGV-Robot/ros2_humble_colcon_ws/install/moveit_resources_fanuc_description:${AMENT_PREFIX_PATH} CMAKE_PREFIX_PATH=/home/ugv-c7/CodeWorkspace/UGV-Robot/ros2_humble_colcon_ws/install/moveit_resources_fanuc_description:/opt/ros/humble /usr/bin/cmake --build /home/ugv-c7/CodeWorkspace/UGV-Robot/ros2_humble_colcon_ws/build/moveit_resources_fanuc_moveit_config -- -j6 -l6
[3.937s] DEBUG:colcon.colcon_core.event_handler.log_command:Invoked command in '/home/ugv-c7/CodeWorkspace/UGV-Robot/ros2_humble_colcon_ws/build/moveit_resources_prbt_support' returned '0': CMAKE_PREFIX_PATH=/opt/ros/humble /usr/bin/cmake --build /home/ugv-c7/CodeWorkspace/UGV-Robot/ros2_humble_colcon_ws/build/moveit_resources_prbt_support -- -j6 -l6
[3.944s] DEBUG:colcon.colcon_core.event_handler.log_command:Invoking command in '/home/ugv-c7/CodeWorkspace/UGV-Robot/ros2_humble_colcon_ws/build/moveit_resources_prbt_support': CMAKE_PREFIX_PATH=/opt/ros/humble /usr/bin/cmake --install /home/ugv-c7/CodeWorkspace/UGV-Robot/ros2_humble_colcon_ws/build/moveit_resources_prbt_support
[3.984s] Level 1:colcon.colcon_core.environment:create_environment_scripts_only(moveit_resources_prbt_support)
[3.986s] Level 1:colcon.colcon_core.environment:checking '/home/ugv-c7/CodeWorkspace/UGV-Robot/ros2_humble_colcon_ws/install/moveit_resources_prbt_support' for CMake module files
[3.987s] Level 1:colcon.colcon_core.environment:checking '/home/ugv-c7/CodeWorkspace/UGV-Robot/ros2_humble_colcon_ws/install/moveit_resources_prbt_support' for CMake config files
[3.989s] DEBUG:colcon.colcon_core.event_handler.log_command:Invoked command in '/home/ugv-c7/CodeWorkspace/UGV-Robot/ros2_humble_colcon_ws/build/moveit_resources_prbt_support' returned '0': CMAKE_PREFIX_PATH=/opt/ros/humble /usr/bin/cmake --install /home/ugv-c7/CodeWorkspace/UGV-Robot/ros2_humble_colcon_ws/build/moveit_resources_prbt_support
[3.990s] Level 1:colcon.colcon_core.shell:create_environment_hook('moveit_resources_prbt_support', 'cmake_prefix_path')
[3.991s] INFO:colcon.colcon_core.shell:Creating environment hook '/home/ugv-c7/CodeWorkspace/UGV-Robot/ros2_humble_colcon_ws/install/moveit_resources_prbt_support/share/moveit_resources_prbt_support/hook/cmake_prefix_path.ps1'
[3.993s] INFO:colcon.colcon_core.shell:Creating environment descriptor '/home/ugv-c7/CodeWorkspace/UGV-Robot/ros2_humble_colcon_ws/install/moveit_resources_prbt_support/share/moveit_resources_prbt_support/hook/cmake_prefix_path.dsv'
[3.994s] INFO:colcon.colcon_core.shell:Creating environment hook '/home/ugv-c7/CodeWorkspace/UGV-Robot/ros2_humble_colcon_ws/install/moveit_resources_prbt_support/share/moveit_resources_prbt_support/hook/cmake_prefix_path.sh'
[3.996s] Level 1:colcon.colcon_core.environment:checking '/home/ugv-c7/CodeWorkspace/UGV-Robot/ros2_humble_colcon_ws/install/moveit_resources_prbt_support/bin'
[3.996s] Level 1:colcon.colcon_core.environment:checking '/home/ugv-c7/CodeWorkspace/UGV-Robot/ros2_humble_colcon_ws/install/moveit_resources_prbt_support/lib/pkgconfig/moveit_resources_prbt_support.pc'
[3.997s] Level 1:colcon.colcon_core.environment:checking '/home/ugv-c7/CodeWorkspace/UGV-Robot/ros2_humble_colcon_ws/install/moveit_resources_prbt_support/lib/python3.10/site-packages'
[3.997s] Level 1:colcon.colcon_core.environment:checking '/home/ugv-c7/CodeWorkspace/UGV-Robot/ros2_humble_colcon_ws/install/moveit_resources_prbt_support/bin'
[3.998s] INFO:colcon.colcon_core.shell:Creating package script '/home/ugv-c7/CodeWorkspace/UGV-Robot/ros2_humble_colcon_ws/install/moveit_resources_prbt_support/share/moveit_resources_prbt_support/package.ps1'
[3.999s] INFO:colcon.colcon_core.shell:Creating package descriptor '/home/ugv-c7/CodeWorkspace/UGV-Robot/ros2_humble_colcon_ws/install/moveit_resources_prbt_support/share/moveit_resources_prbt_support/package.dsv'
[4.001s] INFO:colcon.colcon_core.shell:Creating package script '/home/ugv-c7/CodeWorkspace/UGV-Robot/ros2_humble_colcon_ws/install/moveit_resources_prbt_support/share/moveit_resources_prbt_support/package.sh'
[4.002s] INFO:colcon.colcon_core.shell:Creating package script '/home/ugv-c7/CodeWorkspace/UGV-Robot/ros2_humble_colcon_ws/install/moveit_resources_prbt_support/share/moveit_resources_prbt_support/package.bash'
[4.003s] INFO:colcon.colcon_core.shell:Creating package script '/home/ugv-c7/CodeWorkspace/UGV-Robot/ros2_humble_colcon_ws/install/moveit_resources_prbt_support/share/moveit_resources_prbt_support/package.zsh'
[4.004s] Level 1:colcon.colcon_core.environment:create_file_with_runtime_dependencies(/home/ugv-c7/CodeWorkspace/UGV-Robot/ros2_humble_colcon_ws/install/moveit_resources_prbt_support/share/colcon-core/packages/moveit_resources_prbt_support)
[4.006s] Level 1:colcon.colcon_core.environment:create_environment_scripts_only(moveit_resources_prbt_support)
[4.007s] Level 1:colcon.colcon_core.environment:checking '/home/ugv-c7/CodeWorkspace/UGV-Robot/ros2_humble_colcon_ws/install/moveit_resources_prbt_support' for CMake module files
[4.008s] Level 1:colcon.colcon_core.environment:checking '/home/ugv-c7/CodeWorkspace/UGV-Robot/ros2_humble_colcon_ws/install/moveit_resources_prbt_support' for CMake config files
[4.009s] Level 1:colcon.colcon_core.shell:create_environment_hook('moveit_resources_prbt_support', 'cmake_prefix_path')
[4.009s] INFO:colcon.colcon_core.shell:Creating environment hook '/home/ugv-c7/CodeWorkspace/UGV-Robot/ros2_humble_colcon_ws/install/moveit_resources_prbt_support/share/moveit_resources_prbt_support/hook/cmake_prefix_path.ps1'
[4.010s] INFO:colcon.colcon_core.shell:Creating environment descriptor '/home/ugv-c7/CodeWorkspace/UGV-Robot/ros2_humble_colcon_ws/install/moveit_resources_prbt_support/share/moveit_resources_prbt_support/hook/cmake_prefix_path.dsv'
[4.011s] INFO:colcon.colcon_core.shell:Creating environment hook '/home/ugv-c7/CodeWorkspace/UGV-Robot/ros2_humble_colcon_ws/install/moveit_resources_prbt_support/share/moveit_resources_prbt_support/hook/cmake_prefix_path.sh'
[4.013s] Level 1:colcon.colcon_core.environment:checking '/home/ugv-c7/CodeWorkspace/UGV-Robot/ros2_humble_colcon_ws/install/moveit_resources_prbt_support/bin'
[4.013s] Level 1:colcon.colcon_core.environment:checking '/home/ugv-c7/CodeWorkspace/UGV-Robot/ros2_humble_colcon_ws/install/moveit_resources_prbt_support/lib/pkgconfig/moveit_resources_prbt_support.pc'
[4.014s] Level 1:colcon.colcon_core.environment:checking '/home/ugv-c7/CodeWorkspace/UGV-Robot/ros2_humble_colcon_ws/install/moveit_resources_prbt_support/lib/python3.10/site-packages'
[4.014s] Level 1:colcon.colcon_core.environment:checking '/home/ugv-c7/CodeWorkspace/UGV-Robot/ros2_humble_colcon_ws/install/moveit_resources_prbt_support/bin'
[4.015s] INFO:colcon.colcon_core.shell:Creating package script '/home/ugv-c7/CodeWorkspace/UGV-Robot/ros2_humble_colcon_ws/install/moveit_resources_prbt_support/share/moveit_resources_prbt_support/package.ps1'
[4.016s] INFO:colcon.colcon_core.shell:Creating package descriptor '/home/ugv-c7/CodeWorkspace/UGV-Robot/ros2_humble_colcon_ws/install/moveit_resources_prbt_support/share/moveit_resources_prbt_support/package.dsv'
[4.018s] INFO:colcon.colcon_core.shell:Creating package script '/home/ugv-c7/CodeWorkspace/UGV-Robot/ros2_humble_colcon_ws/install/moveit_resources_prbt_support/share/moveit_resources_prbt_support/package.sh'
[4.019s] INFO:colcon.colcon_core.shell:Creating package script '/home/ugv-c7/CodeWorkspace/UGV-Robot/ros2_humble_colcon_ws/install/moveit_resources_prbt_support/share/moveit_resources_prbt_support/package.bash'
[4.020s] INFO:colcon.colcon_core.shell:Creating package script '/home/ugv-c7/CodeWorkspace/UGV-Robot/ros2_humble_colcon_ws/install/moveit_resources_prbt_support/share/moveit_resources_prbt_support/package.zsh'
[4.021s] Level 1:colcon.colcon_core.environment:create_file_with_runtime_dependencies(/home/ugv-c7/CodeWorkspace/UGV-Robot/ros2_humble_colcon_ws/install/moveit_resources_prbt_support/share/colcon-core/packages/moveit_resources_prbt_support)
[4.025s] INFO:colcon.colcon_ros.task.ament_cmake.build:Building ROS package in '/home/ugv-c7/CodeWorkspace/UGV-Robot/ros2_humble_colcon_ws/src/moveit_task_constructor/rviz_marker_tools' with build type 'ament_cmake'
[4.025s] INFO:colcon.colcon_cmake.task.cmake.build:Building CMake package in '/home/ugv-c7/CodeWorkspace/UGV-Robot/ros2_humble_colcon_ws/src/moveit_task_constructor/rviz_marker_tools'
[4.026s] INFO:colcon.colcon_core.shell:Skip shell extension 'powershell' for command environment: Not usable outside of PowerShell
[4.026s] DEBUG:colcon.colcon_core.shell:Skip shell extension 'dsv' for command environment
[4.039s] DEBUG:colcon.colcon_core.event_handler.log_command:Invoked command in '/home/ugv-c7/CodeWorkspace/UGV-Robot/ros2_humble_colcon_ws/build/moveit_resources_panda_moveit_config' returned '0': AMENT_PREFIX_PATH=/home/ugv-c7/CodeWorkspace/UGV-Robot/ros2_humble_colcon_ws/install/moveit_resources_panda_description:${AMENT_PREFIX_PATH} CMAKE_PREFIX_PATH=/home/ugv-c7/CodeWorkspace/UGV-Robot/ros2_humble_colcon_ws/install/moveit_resources_panda_description:/opt/ros/humble /usr/bin/cmake --build /home/ugv-c7/CodeWorkspace/UGV-Robot/ros2_humble_colcon_ws/build/moveit_resources_panda_moveit_config -- -j6 -l6
[4.047s] DEBUG:colcon.colcon_core.event_handler.log_command:Invoking command in '/home/ugv-c7/CodeWorkspace/UGV-Robot/ros2_humble_colcon_ws/build/moveit_resources_panda_moveit_config': AMENT_PREFIX_PATH=/home/ugv-c7/CodeWorkspace/UGV-Robot/ros2_humble_colcon_ws/install/moveit_resources_panda_description:${AMENT_PREFIX_PATH} CMAKE_PREFIX_PATH=/home/ugv-c7/CodeWorkspace/UGV-Robot/ros2_humble_colcon_ws/install/moveit_resources_panda_description:/opt/ros/humble /usr/bin/cmake --install /home/ugv-c7/CodeWorkspace/UGV-Robot/ros2_humble_colcon_ws/build/moveit_resources_panda_moveit_config
[4.049s] DEBUG:colcon.colcon_core.event_handler.log_command:Invoked command in '/home/ugv-c7/CodeWorkspace/UGV-Robot/ros2_humble_colcon_ws/build/moveit_resources_fanuc_moveit_config' returned '0': AMENT_PREFIX_PATH=/home/ugv-c7/CodeWorkspace/UGV-Robot/ros2_humble_colcon_ws/install/moveit_resources_fanuc_description:${AMENT_PREFIX_PATH} CMAKE_PREFIX_PATH=/home/ugv-c7/CodeWorkspace/UGV-Robot/ros2_humble_colcon_ws/install/moveit_resources_fanuc_description:/opt/ros/humble /usr/bin/cmake --build /home/ugv-c7/CodeWorkspace/UGV-Robot/ros2_humble_colcon_ws/build/moveit_resources_fanuc_moveit_config -- -j6 -l6
[4.075s] DEBUG:colcon.colcon_core.event_handler.log_command:Invoking command in '/home/ugv-c7/CodeWorkspace/UGV-Robot/ros2_humble_colcon_ws/build/moveit_resources_fanuc_moveit_config': AMENT_PREFIX_PATH=/home/ugv-c7/CodeWorkspace/UGV-Robot/ros2_humble_colcon_ws/install/moveit_resources_fanuc_description:${AMENT_PREFIX_PATH} CMAKE_PREFIX_PATH=/home/ugv-c7/CodeWorkspace/UGV-Robot/ros2_humble_colcon_ws/install/moveit_resources_fanuc_description:/opt/ros/humble /usr/bin/cmake --install /home/ugv-c7/CodeWorkspace/UGV-Robot/ros2_humble_colcon_ws/build/moveit_resources_fanuc_moveit_config
[4.080s] Level 1:colcon.colcon_core.environment:create_environment_scripts_only(srdfdom)
[4.083s] Level 1:colcon.colcon_core.environment:checking '/home/ugv-c7/CodeWorkspace/UGV-Robot/ros2_humble_colcon_ws/install/srdfdom' for CMake module files
[4.091s] DEBUG:colcon.colcon_core.event_handler.log_command:Invoked command in '/home/ugv-c7/CodeWorkspace/UGV-Robot/ros2_humble_colcon_ws/build/srdfdom' returned '0': CMAKE_PREFIX_PATH=/opt/ros/humble /usr/bin/cmake --install /home/ugv-c7/CodeWorkspace/UGV-Robot/ros2_humble_colcon_ws/build/srdfdom
[4.092s] Level 1:colcon.colcon_core.environment:checking '/home/ugv-c7/CodeWorkspace/UGV-Robot/ros2_humble_colcon_ws/install/srdfdom' for CMake config files
[4.094s] Level 1:colcon.colcon_core.shell:create_environment_hook('srdfdom', 'cmake_prefix_path')
[4.095s] INFO:colcon.colcon_core.shell:Creating environment hook '/home/ugv-c7/CodeWorkspace/UGV-Robot/ros2_humble_colcon_ws/install/srdfdom/share/srdfdom/hook/cmake_prefix_path.ps1'
[4.098s] INFO:colcon.colcon_core.shell:Creating environment descriptor '/home/ugv-c7/CodeWorkspace/UGV-Robot/ros2_humble_colcon_ws/install/srdfdom/share/srdfdom/hook/cmake_prefix_path.dsv'
[4.100s] INFO:colcon.colcon_core.shell:Creating environment hook '/home/ugv-c7/CodeWorkspace/UGV-Robot/ros2_humble_colcon_ws/install/srdfdom/share/srdfdom/hook/cmake_prefix_path.sh'
[4.102s] Level 1:colcon.colcon_core.environment:checking '/home/ugv-c7/CodeWorkspace/UGV-Robot/ros2_humble_colcon_ws/install/srdfdom/lib'
[4.104s] Level 1:colcon.colcon_core.shell:create_environment_hook('srdfdom', 'ld_library_path_lib')
[4.105s] INFO:colcon.colcon_core.shell:Creating environment hook '/home/ugv-c7/CodeWorkspace/UGV-Robot/ros2_humble_colcon_ws/install/srdfdom/share/srdfdom/hook/ld_library_path_lib.ps1'
[4.111s] INFO:colcon.colcon_core.shell:Creating environment descriptor '/home/ugv-c7/CodeWorkspace/UGV-Robot/ros2_humble_colcon_ws/install/srdfdom/share/srdfdom/hook/ld_library_path_lib.dsv'
[4.112s] INFO:colcon.colcon_core.shell:Creating environment hook '/home/ugv-c7/CodeWorkspace/UGV-Robot/ros2_humble_colcon_ws/install/srdfdom/share/srdfdom/hook/ld_library_path_lib.sh'
[4.114s] Level 1:colcon.colcon_core.environment:checking '/home/ugv-c7/CodeWorkspace/UGV-Robot/ros2_humble_colcon_ws/install/srdfdom/bin'
[4.114s] Level 1:colcon.colcon_core.environment:checking '/home/ugv-c7/CodeWorkspace/UGV-Robot/ros2_humble_colcon_ws/install/srdfdom/lib/pkgconfig/srdfdom.pc'
[4.115s] Level 1:colcon.colcon_core.environment:checking '/home/ugv-c7/CodeWorkspace/UGV-Robot/ros2_humble_colcon_ws/install/srdfdom/lib/python3.10/site-packages'
[4.116s] Level 1:colcon.colcon_core.environment:checking '/home/ugv-c7/CodeWorkspace/UGV-Robot/ros2_humble_colcon_ws/install/srdfdom/bin'
[4.117s] INFO:colcon.colcon_core.shell:Creating package script '/home/ugv-c7/CodeWorkspace/UGV-Robot/ros2_humble_colcon_ws/install/srdfdom/share/srdfdom/package.ps1'
[4.119s] INFO:colcon.colcon_core.shell:Creating package descriptor '/home/ugv-c7/CodeWorkspace/UGV-Robot/ros2_humble_colcon_ws/install/srdfdom/share/srdfdom/package.dsv'
[4.120s] INFO:colcon.colcon_core.shell:Creating package script '/home/ugv-c7/CodeWorkspace/UGV-Robot/ros2_humble_colcon_ws/install/srdfdom/share/srdfdom/package.sh'
[4.121s] INFO:colcon.colcon_core.shell:Creating package script '/home/ugv-c7/CodeWorkspace/UGV-Robot/ros2_humble_colcon_ws/install/srdfdom/share/srdfdom/package.bash'
[4.122s] INFO:colcon.colcon_core.shell:Creating package script '/home/ugv-c7/CodeWorkspace/UGV-Robot/ros2_humble_colcon_ws/install/srdfdom/share/srdfdom/package.zsh'
[4.123s] Level 1:colcon.colcon_core.environment:create_file_with_runtime_dependencies(/home/ugv-c7/CodeWorkspace/UGV-Robot/ros2_humble_colcon_ws/install/srdfdom/share/colcon-core/packages/srdfdom)
[4.131s] Level 1:colcon.colcon_core.environment:create_environment_scripts_only(srdfdom)
[4.131s] Level 1:colcon.colcon_core.environment:checking '/home/ugv-c7/CodeWorkspace/UGV-Robot/ros2_humble_colcon_ws/install/srdfdom' for CMake module files
[4.133s] Level 1:colcon.colcon_core.environment:checking '/home/ugv-c7/CodeWorkspace/UGV-Robot/ros2_humble_colcon_ws/install/srdfdom' for CMake config files
[4.134s] Level 1:colcon.colcon_core.shell:create_environment_hook('srdfdom', 'cmake_prefix_path')
[4.134s] INFO:colcon.colcon_core.shell:Creating environment hook '/home/ugv-c7/CodeWorkspace/UGV-Robot/ros2_humble_colcon_ws/install/srdfdom/share/srdfdom/hook/cmake_prefix_path.ps1'
[4.136s] INFO:colcon.colcon_core.shell:Creating environment descriptor '/home/ugv-c7/CodeWorkspace/UGV-Robot/ros2_humble_colcon_ws/install/srdfdom/share/srdfdom/hook/cmake_prefix_path.dsv'
[4.137s] INFO:colcon.colcon_core.shell:Creating environment hook '/home/ugv-c7/CodeWorkspace/UGV-Robot/ros2_humble_colcon_ws/install/srdfdom/share/srdfdom/hook/cmake_prefix_path.sh'
[4.139s] Level 1:colcon.colcon_core.environment:checking '/home/ugv-c7/CodeWorkspace/UGV-Robot/ros2_humble_colcon_ws/install/srdfdom/lib'
[4.140s] Level 1:colcon.colcon_core.shell:create_environment_hook('srdfdom', 'ld_library_path_lib')
[4.140s] INFO:colcon.colcon_core.shell:Creating environment hook '/home/ugv-c7/CodeWorkspace/UGV-Robot/ros2_humble_colcon_ws/install/srdfdom/share/srdfdom/hook/ld_library_path_lib.ps1'
[4.142s] INFO:colcon.colcon_core.shell:Creating environment descriptor '/home/ugv-c7/CodeWorkspace/UGV-Robot/ros2_humble_colcon_ws/install/srdfdom/share/srdfdom/hook/ld_library_path_lib.dsv'
[4.142s] INFO:colcon.colcon_core.shell:Creating environment hook '/home/ugv-c7/CodeWorkspace/UGV-Robot/ros2_humble_colcon_ws/install/srdfdom/share/srdfdom/hook/ld_library_path_lib.sh'
[4.143s] Level 1:colcon.colcon_core.environment:checking '/home/ugv-c7/CodeWorkspace/UGV-Robot/ros2_humble_colcon_ws/install/srdfdom/bin'
[4.144s] Level 1:colcon.colcon_core.environment:checking '/home/ugv-c7/CodeWorkspace/UGV-Robot/ros2_humble_colcon_ws/install/srdfdom/lib/pkgconfig/srdfdom.pc'
[4.144s] Level 1:colcon.colcon_core.environment:checking '/home/ugv-c7/CodeWorkspace/UGV-Robot/ros2_humble_colcon_ws/install/srdfdom/lib/python3.10/site-packages'
[4.145s] Level 1:colcon.colcon_core.environment:checking '/home/ugv-c7/CodeWorkspace/UGV-Robot/ros2_humble_colcon_ws/install/srdfdom/bin'
[4.146s] INFO:colcon.colcon_core.shell:Creating package script '/home/ugv-c7/CodeWorkspace/UGV-Robot/ros2_humble_colcon_ws/install/srdfdom/share/srdfdom/package.ps1'
[4.147s] INFO:colcon.colcon_core.shell:Creating package descriptor '/home/ugv-c7/CodeWorkspace/UGV-Robot/ros2_humble_colcon_ws/install/srdfdom/share/srdfdom/package.dsv'
[4.148s] INFO:colcon.colcon_core.shell:Creating package script '/home/ugv-c7/CodeWorkspace/UGV-Robot/ros2_humble_colcon_ws/install/srdfdom/share/srdfdom/package.sh'
[4.149s] INFO:colcon.colcon_core.shell:Creating package script '/home/ugv-c7/CodeWorkspace/UGV-Robot/ros2_humble_colcon_ws/install/srdfdom/share/srdfdom/package.bash'
[4.150s] INFO:colcon.colcon_core.shell:Creating package script '/home/ugv-c7/CodeWorkspace/UGV-Robot/ros2_humble_colcon_ws/install/srdfdom/share/srdfdom/package.zsh'
[4.152s] Level 1:colcon.colcon_core.environment:create_file_with_runtime_dependencies(/home/ugv-c7/CodeWorkspace/UGV-Robot/ros2_humble_colcon_ws/install/srdfdom/share/colcon-core/packages/srdfdom)
[4.170s] DEBUG:colcon.colcon_core.event_handler.log_command:Invoking command in '/home/ugv-c7/CodeWorkspace/UGV-Robot/ros2_humble_colcon_ws/build/rviz_marker_tools': AMENT_PREFIX_PATH=/home/ugv-c7/CodeWorkspace/UGV-Robot/ros2_humble_colcon_ws/install/moveit_common:${AMENT_PREFIX_PATH} CMAKE_PREFIX_PATH=/home/ugv-c7/CodeWorkspace/UGV-Robot/ros2_humble_colcon_ws/install/moveit_common:/opt/ros/humble /usr/bin/cmake --build /home/ugv-c7/CodeWorkspace/UGV-Robot/ros2_humble_colcon_ws/build/rviz_marker_tools -- -j6 -l6
[4.172s] INFO:colcon.colcon_ros.task.ament_python.build:Building ROS package in '/home/ugv-c7/CodeWorkspace/UGV-Robot/ros2_humble_colcon_ws/src/py_pub_sub' with build type 'ament_python'
[4.173s] Level 1:colcon.colcon_core.shell:create_environment_hook('py_pub_sub', 'ament_prefix_path')
[4.174s] INFO:colcon.colcon_core.shell:Creating environment hook '/home/ugv-c7/CodeWorkspace/UGV-Robot/ros2_humble_colcon_ws/install/py_pub_sub/share/py_pub_sub/hook/ament_prefix_path.ps1'
[4.185s] INFO:colcon.colcon_core.shell:Creating environment descriptor '/home/ugv-c7/CodeWorkspace/UGV-Robot/ros2_humble_colcon_ws/install/py_pub_sub/share/py_pub_sub/hook/ament_prefix_path.dsv'
[4.186s] INFO:colcon.colcon_core.shell:Creating environment hook '/home/ugv-c7/CodeWorkspace/UGV-Robot/ros2_humble_colcon_ws/install/py_pub_sub/share/py_pub_sub/hook/ament_prefix_path.sh'
[4.187s] INFO:colcon.colcon_core.shell:Skip shell extension 'powershell' for command environment: Not usable outside of PowerShell
[4.187s] DEBUG:colcon.colcon_core.shell:Skip shell extension 'dsv' for command environment
[4.203s] Level 1:colcon.colcon_core.environment:create_environment_scripts_only(moveit_resources_fanuc_moveit_config)
[4.204s] Level 1:colcon.colcon_core.environment:checking '/home/ugv-c7/CodeWorkspace/UGV-Robot/ros2_humble_colcon_ws/install/moveit_resources_fanuc_moveit_config' for CMake module files
[4.204s] DEBUG:colcon.colcon_core.event_handler.log_command:Invoked command in '/home/ugv-c7/CodeWorkspace/UGV-Robot/ros2_humble_colcon_ws/build/moveit_resources_fanuc_moveit_config' returned '0': AMENT_PREFIX_PATH=/home/ugv-c7/CodeWorkspace/UGV-Robot/ros2_humble_colcon_ws/install/moveit_resources_fanuc_description:${AMENT_PREFIX_PATH} CMAKE_PREFIX_PATH=/home/ugv-c7/CodeWorkspace/UGV-Robot/ros2_humble_colcon_ws/install/moveit_resources_fanuc_description:/opt/ros/humble /usr/bin/cmake --install /home/ugv-c7/CodeWorkspace/UGV-Robot/ros2_humble_colcon_ws/build/moveit_resources_fanuc_moveit_config
[4.206s] Level 1:colcon.colcon_core.environment:checking '/home/ugv-c7/CodeWorkspace/UGV-Robot/ros2_humble_colcon_ws/install/moveit_resources_fanuc_moveit_config' for CMake config files
[4.209s] Level 1:colcon.colcon_core.shell:create_environment_hook('moveit_resources_fanuc_moveit_config', 'cmake_prefix_path')
[4.209s] INFO:colcon.colcon_core.shell:Creating environment hook '/home/ugv-c7/CodeWorkspace/UGV-Robot/ros2_humble_colcon_ws/install/moveit_resources_fanuc_moveit_config/share/moveit_resources_fanuc_moveit_config/hook/cmake_prefix_path.ps1'
[4.211s] INFO:colcon.colcon_core.shell:Creating environment descriptor '/home/ugv-c7/CodeWorkspace/UGV-Robot/ros2_humble_colcon_ws/install/moveit_resources_fanuc_moveit_config/share/moveit_resources_fanuc_moveit_config/hook/cmake_prefix_path.dsv'
[4.212s] INFO:colcon.colcon_core.shell:Creating environment hook '/home/ugv-c7/CodeWorkspace/UGV-Robot/ros2_humble_colcon_ws/install/moveit_resources_fanuc_moveit_config/share/moveit_resources_fanuc_moveit_config/hook/cmake_prefix_path.sh'
[4.213s] Level 1:colcon.colcon_core.environment:checking '/home/ugv-c7/CodeWorkspace/UGV-Robot/ros2_humble_colcon_ws/install/moveit_resources_fanuc_moveit_config/bin'
[4.214s] Level 1:colcon.colcon_core.environment:checking '/home/ugv-c7/CodeWorkspace/UGV-Robot/ros2_humble_colcon_ws/install/moveit_resources_fanuc_moveit_config/lib/pkgconfig/moveit_resources_fanuc_moveit_config.pc'
[4.214s] Level 1:colcon.colcon_core.environment:checking '/home/ugv-c7/CodeWorkspace/UGV-Robot/ros2_humble_colcon_ws/install/moveit_resources_fanuc_moveit_config/lib/python3.10/site-packages'
[4.215s] Level 1:colcon.colcon_core.environment:checking '/home/ugv-c7/CodeWorkspace/UGV-Robot/ros2_humble_colcon_ws/install/moveit_resources_fanuc_moveit_config/bin'
[4.216s] INFO:colcon.colcon_core.shell:Creating package script '/home/ugv-c7/CodeWorkspace/UGV-Robot/ros2_humble_colcon_ws/install/moveit_resources_fanuc_moveit_config/share/moveit_resources_fanuc_moveit_config/package.ps1'
[4.217s] INFO:colcon.colcon_core.shell:Creating package descriptor '/home/ugv-c7/CodeWorkspace/UGV-Robot/ros2_humble_colcon_ws/install/moveit_resources_fanuc_moveit_config/share/moveit_resources_fanuc_moveit_config/package.dsv'
[4.218s] INFO:colcon.colcon_core.shell:Creating package script '/home/ugv-c7/CodeWorkspace/UGV-Robot/ros2_humble_colcon_ws/install/moveit_resources_fanuc_moveit_config/share/moveit_resources_fanuc_moveit_config/package.sh'
[4.219s] INFO:colcon.colcon_core.shell:Creating package script '/home/ugv-c7/CodeWorkspace/UGV-Robot/ros2_humble_colcon_ws/install/moveit_resources_fanuc_moveit_config/share/moveit_resources_fanuc_moveit_config/package.bash'
[4.220s] INFO:colcon.colcon_core.shell:Creating package script '/home/ugv-c7/CodeWorkspace/UGV-Robot/ros2_humble_colcon_ws/install/moveit_resources_fanuc_moveit_config/share/moveit_resources_fanuc_moveit_config/package.zsh'
[4.221s] Level 1:colcon.colcon_core.environment:create_file_with_runtime_dependencies(/home/ugv-c7/CodeWorkspace/UGV-Robot/ros2_humble_colcon_ws/install/moveit_resources_fanuc_moveit_config/share/colcon-core/packages/moveit_resources_fanuc_moveit_config)
[4.238s] Level 1:colcon.colcon_core.environment:create_environment_scripts_only(moveit_resources_fanuc_moveit_config)
[4.238s] Level 1:colcon.colcon_core.environment:checking '/home/ugv-c7/CodeWorkspace/UGV-Robot/ros2_humble_colcon_ws/install/moveit_resources_fanuc_moveit_config' for CMake module files
[4.240s] Level 1:colcon.colcon_core.environment:checking '/home/ugv-c7/CodeWorkspace/UGV-Robot/ros2_humble_colcon_ws/install/moveit_resources_fanuc_moveit_config' for CMake config files
[4.240s] Level 1:colcon.colcon_core.shell:create_environment_hook('moveit_resources_fanuc_moveit_config', 'cmake_prefix_path')
[4.241s] INFO:colcon.colcon_core.shell:Creating environment hook '/home/ugv-c7/CodeWorkspace/UGV-Robot/ros2_humble_colcon_ws/install/moveit_resources_fanuc_moveit_config/share/moveit_resources_fanuc_moveit_config/hook/cmake_prefix_path.ps1'
[4.242s] INFO:colcon.colcon_core.shell:Creating environment descriptor '/home/ugv-c7/CodeWorkspace/UGV-Robot/ros2_humble_colcon_ws/install/moveit_resources_fanuc_moveit_config/share/moveit_resources_fanuc_moveit_config/hook/cmake_prefix_path.dsv'
[4.243s] INFO:colcon.colcon_core.shell:Creating environment hook '/home/ugv-c7/CodeWorkspace/UGV-Robot/ros2_humble_colcon_ws/install/moveit_resources_fanuc_moveit_config/share/moveit_resources_fanuc_moveit_config/hook/cmake_prefix_path.sh'
[4.244s] Level 1:colcon.colcon_core.environment:checking '/home/ugv-c7/CodeWorkspace/UGV-Robot/ros2_humble_colcon_ws/install/moveit_resources_fanuc_moveit_config/bin'
[4.244s] Level 1:colcon.colcon_core.environment:checking '/home/ugv-c7/CodeWorkspace/UGV-Robot/ros2_humble_colcon_ws/install/moveit_resources_fanuc_moveit_config/lib/pkgconfig/moveit_resources_fanuc_moveit_config.pc'
[4.245s] Level 1:colcon.colcon_core.environment:checking '/home/ugv-c7/CodeWorkspace/UGV-Robot/ros2_humble_colcon_ws/install/moveit_resources_fanuc_moveit_config/lib/python3.10/site-packages'
[4.246s] Level 1:colcon.colcon_core.environment:checking '/home/ugv-c7/CodeWorkspace/UGV-Robot/ros2_humble_colcon_ws/install/moveit_resources_fanuc_moveit_config/bin'
[4.246s] INFO:colcon.colcon_core.shell:Creating package script '/home/ugv-c7/CodeWorkspace/UGV-Robot/ros2_humble_colcon_ws/install/moveit_resources_fanuc_moveit_config/share/moveit_resources_fanuc_moveit_config/package.ps1'
[4.248s] INFO:colcon.colcon_core.shell:Creating package descriptor '/home/ugv-c7/CodeWorkspace/UGV-Robot/ros2_humble_colcon_ws/install/moveit_resources_fanuc_moveit_config/share/moveit_resources_fanuc_moveit_config/package.dsv'
[4.249s] INFO:colcon.colcon_core.shell:Creating package script '/home/ugv-c7/CodeWorkspace/UGV-Robot/ros2_humble_colcon_ws/install/moveit_resources_fanuc_moveit_config/share/moveit_resources_fanuc_moveit_config/package.sh'
[4.250s] INFO:colcon.colcon_core.shell:Creating package script '/home/ugv-c7/CodeWorkspace/UGV-Robot/ros2_humble_colcon_ws/install/moveit_resources_fanuc_moveit_config/share/moveit_resources_fanuc_moveit_config/package.bash'
[4.251s] INFO:colcon.colcon_core.shell:Creating package script '/home/ugv-c7/CodeWorkspace/UGV-Robot/ros2_humble_colcon_ws/install/moveit_resources_fanuc_moveit_config/share/moveit_resources_fanuc_moveit_config/package.zsh'
[4.253s] Level 1:colcon.colcon_core.environment:create_file_with_runtime_dependencies(/home/ugv-c7/CodeWorkspace/UGV-Robot/ros2_humble_colcon_ws/install/moveit_resources_fanuc_moveit_config/share/colcon-core/packages/moveit_resources_fanuc_moveit_config)
[4.254s] Level 1:colcon.colcon_core.environment:create_environment_scripts_only(moveit_resources_panda_moveit_config)
[4.255s] Level 1:colcon.colcon_core.environment:checking '/home/ugv-c7/CodeWorkspace/UGV-Robot/ros2_humble_colcon_ws/install/moveit_resources_panda_moveit_config' for CMake module files
[4.257s] DEBUG:colcon.colcon_core.event_handler.log_command:Invoked command in '/home/ugv-c7/CodeWorkspace/UGV-Robot/ros2_humble_colcon_ws/build/moveit_resources_panda_moveit_config' returned '0': AMENT_PREFIX_PATH=/home/ugv-c7/CodeWorkspace/UGV-Robot/ros2_humble_colcon_ws/install/moveit_resources_panda_description:${AMENT_PREFIX_PATH} CMAKE_PREFIX_PATH=/home/ugv-c7/CodeWorkspace/UGV-Robot/ros2_humble_colcon_ws/install/moveit_resources_panda_description:/opt/ros/humble /usr/bin/cmake --install /home/ugv-c7/CodeWorkspace/UGV-Robot/ros2_humble_colcon_ws/build/moveit_resources_panda_moveit_config
[4.258s] Level 1:colcon.colcon_core.environment:checking '/home/ugv-c7/CodeWorkspace/UGV-Robot/ros2_humble_colcon_ws/install/moveit_resources_panda_moveit_config' for CMake config files
[4.263s] Level 1:colcon.colcon_core.shell:create_environment_hook('moveit_resources_panda_moveit_config', 'cmake_prefix_path')
[4.264s] INFO:colcon.colcon_core.shell:Creating environment hook '/home/ugv-c7/CodeWorkspace/UGV-Robot/ros2_humble_colcon_ws/install/moveit_resources_panda_moveit_config/share/moveit_resources_panda_moveit_config/hook/cmake_prefix_path.ps1'
[4.266s] INFO:colcon.colcon_core.shell:Creating environment descriptor '/home/ugv-c7/CodeWorkspace/UGV-Robot/ros2_humble_colcon_ws/install/moveit_resources_panda_moveit_config/share/moveit_resources_panda_moveit_config/hook/cmake_prefix_path.dsv'
[4.267s] INFO:colcon.colcon_core.shell:Creating environment hook '/home/ugv-c7/CodeWorkspace/UGV-Robot/ros2_humble_colcon_ws/install/moveit_resources_panda_moveit_config/share/moveit_resources_panda_moveit_config/hook/cmake_prefix_path.sh'
[4.268s] Level 1:colcon.colcon_core.environment:checking '/home/ugv-c7/CodeWorkspace/UGV-Robot/ros2_humble_colcon_ws/install/moveit_resources_panda_moveit_config/bin'
[4.269s] Level 1:colcon.colcon_core.environment:checking '/home/ugv-c7/CodeWorkspace/UGV-Robot/ros2_humble_colcon_ws/install/moveit_resources_panda_moveit_config/lib/pkgconfig/moveit_resources_panda_moveit_config.pc'
[4.269s] Level 1:colcon.colcon_core.environment:checking '/home/ugv-c7/CodeWorkspace/UGV-Robot/ros2_humble_colcon_ws/install/moveit_resources_panda_moveit_config/lib/python3.10/site-packages'
[4.270s] Level 1:colcon.colcon_core.environment:checking '/home/ugv-c7/CodeWorkspace/UGV-Robot/ros2_humble_colcon_ws/install/moveit_resources_panda_moveit_config/bin'
[4.271s] INFO:colcon.colcon_core.shell:Creating package script '/home/ugv-c7/CodeWorkspace/UGV-Robot/ros2_humble_colcon_ws/install/moveit_resources_panda_moveit_config/share/moveit_resources_panda_moveit_config/package.ps1'
[4.272s] INFO:colcon.colcon_core.shell:Creating package descriptor '/home/ugv-c7/CodeWorkspace/UGV-Robot/ros2_humble_colcon_ws/install/moveit_resources_panda_moveit_config/share/moveit_resources_panda_moveit_config/package.dsv'
[4.273s] INFO:colcon.colcon_core.shell:Creating package script '/home/ugv-c7/CodeWorkspace/UGV-Robot/ros2_humble_colcon_ws/install/moveit_resources_panda_moveit_config/share/moveit_resources_panda_moveit_config/package.sh'
[4.274s] INFO:colcon.colcon_core.shell:Creating package script '/home/ugv-c7/CodeWorkspace/UGV-Robot/ros2_humble_colcon_ws/install/moveit_resources_panda_moveit_config/share/moveit_resources_panda_moveit_config/package.bash'
[4.275s] INFO:colcon.colcon_core.shell:Creating package script '/home/ugv-c7/CodeWorkspace/UGV-Robot/ros2_humble_colcon_ws/install/moveit_resources_panda_moveit_config/share/moveit_resources_panda_moveit_config/package.zsh'
[4.276s] Level 1:colcon.colcon_core.environment:create_file_with_runtime_dependencies(/home/ugv-c7/CodeWorkspace/UGV-Robot/ros2_humble_colcon_ws/install/moveit_resources_panda_moveit_config/share/colcon-core/packages/moveit_resources_panda_moveit_config)
[4.288s] Level 1:colcon.colcon_core.environment:create_environment_scripts_only(moveit_resources_panda_moveit_config)
[4.289s] Level 1:colcon.colcon_core.environment:checking '/home/ugv-c7/CodeWorkspace/UGV-Robot/ros2_humble_colcon_ws/install/moveit_resources_panda_moveit_config' for CMake module files
[4.290s] Level 1:colcon.colcon_core.environment:checking '/home/ugv-c7/CodeWorkspace/UGV-Robot/ros2_humble_colcon_ws/install/moveit_resources_panda_moveit_config' for CMake config files
[4.290s] Level 1:colcon.colcon_core.shell:create_environment_hook('moveit_resources_panda_moveit_config', 'cmake_prefix_path')
[4.291s] INFO:colcon.colcon_core.shell:Creating environment hook '/home/ugv-c7/CodeWorkspace/UGV-Robot/ros2_humble_colcon_ws/install/moveit_resources_panda_moveit_config/share/moveit_resources_panda_moveit_config/hook/cmake_prefix_path.ps1'
[4.292s] INFO:colcon.colcon_core.shell:Creating environment descriptor '/home/ugv-c7/CodeWorkspace/UGV-Robot/ros2_humble_colcon_ws/install/moveit_resources_panda_moveit_config/share/moveit_resources_panda_moveit_config/hook/cmake_prefix_path.dsv'
[4.293s] INFO:colcon.colcon_core.shell:Creating environment hook '/home/ugv-c7/CodeWorkspace/UGV-Robot/ros2_humble_colcon_ws/install/moveit_resources_panda_moveit_config/share/moveit_resources_panda_moveit_config/hook/cmake_prefix_path.sh'
[4.294s] Level 1:colcon.colcon_core.environment:checking '/home/ugv-c7/CodeWorkspace/UGV-Robot/ros2_humble_colcon_ws/install/moveit_resources_panda_moveit_config/bin'
[4.295s] Level 1:colcon.colcon_core.environment:checking '/home/ugv-c7/CodeWorkspace/UGV-Robot/ros2_humble_colcon_ws/install/moveit_resources_panda_moveit_config/lib/pkgconfig/moveit_resources_panda_moveit_config.pc'
[4.295s] Level 1:colcon.colcon_core.environment:checking '/home/ugv-c7/CodeWorkspace/UGV-Robot/ros2_humble_colcon_ws/install/moveit_resources_panda_moveit_config/lib/python3.10/site-packages'
[4.296s] Level 1:colcon.colcon_core.environment:checking '/home/ugv-c7/CodeWorkspace/UGV-Robot/ros2_humble_colcon_ws/install/moveit_resources_panda_moveit_config/bin'
[4.297s] INFO:colcon.colcon_core.shell:Creating package script '/home/ugv-c7/CodeWorkspace/UGV-Robot/ros2_humble_colcon_ws/install/moveit_resources_panda_moveit_config/share/moveit_resources_panda_moveit_config/package.ps1'
[4.298s] INFO:colcon.colcon_core.shell:Creating package descriptor '/home/ugv-c7/CodeWorkspace/UGV-Robot/ros2_humble_colcon_ws/install/moveit_resources_panda_moveit_config/share/moveit_resources_panda_moveit_config/package.dsv'
[4.299s] INFO:colcon.colcon_core.shell:Creating package script '/home/ugv-c7/CodeWorkspace/UGV-Robot/ros2_humble_colcon_ws/install/moveit_resources_panda_moveit_config/share/moveit_resources_panda_moveit_config/package.sh'
[4.300s] INFO:colcon.colcon_core.shell:Creating package script '/home/ugv-c7/CodeWorkspace/UGV-Robot/ros2_humble_colcon_ws/install/moveit_resources_panda_moveit_config/share/moveit_resources_panda_moveit_config/package.bash'
[4.301s] INFO:colcon.colcon_core.shell:Creating package script '/home/ugv-c7/CodeWorkspace/UGV-Robot/ros2_humble_colcon_ws/install/moveit_resources_panda_moveit_config/share/moveit_resources_panda_moveit_config/package.zsh'
[4.302s] Level 1:colcon.colcon_core.environment:create_file_with_runtime_dependencies(/home/ugv-c7/CodeWorkspace/UGV-Robot/ros2_humble_colcon_ws/install/moveit_resources_panda_moveit_config/share/colcon-core/packages/moveit_resources_panda_moveit_config)
[4.305s] INFO:colcon.colcon_ros.task.ament_cmake.build:Building ROS package in '/home/ugv-c7/CodeWorkspace/UGV-Robot/ros2_humble_colcon_ws/src/moveit2/moveit_core' with build type 'ament_cmake'
[4.306s] INFO:colcon.colcon_cmake.task.cmake.build:Building CMake package in '/home/ugv-c7/CodeWorkspace/UGV-Robot/ros2_humble_colcon_ws/src/moveit2/moveit_core'
[4.307s] INFO:colcon.colcon_core.shell:Skip shell extension 'powershell' for command environment: Not usable outside of PowerShell
[4.307s] DEBUG:colcon.colcon_core.shell:Skip shell extension 'dsv' for command environment
[4.317s] INFO:colcon.colcon_ros.task.ament_cmake.build:Building ROS package in '/home/ugv-c7/CodeWorkspace/UGV-Robot/ros2_humble_colcon_ws/src/rosparam_shortcuts' with build type 'ament_cmake'
[4.318s] INFO:colcon.colcon_cmake.task.cmake.build:Building CMake package in '/home/ugv-c7/CodeWorkspace/UGV-Robot/ros2_humble_colcon_ws/src/rosparam_shortcuts'
[4.318s] INFO:colcon.colcon_core.shell:Skip shell extension 'powershell' for command environment: Not usable outside of PowerShell
[4.318s] DEBUG:colcon.colcon_core.shell:Skip shell extension 'dsv' for command environment
[5.115s] INFO:colcon.colcon_core.task.python.build:Building Python package in '/home/ugv-c7/CodeWorkspace/UGV-Robot/ros2_humble_colcon_ws/src/py_pub_sub'
[5.117s] INFO:colcon.colcon_core.shell:Skip shell extension 'powershell' for command environment: Not usable outside of PowerShell
[5.117s] DEBUG:colcon.colcon_core.shell:Skip shell extension 'dsv' for command environment
[5.175s] DEBUG:colcon.colcon_core.event_handler.log_command:Invoking command in '/home/ugv-c7/CodeWorkspace/UGV-Robot/ros2_humble_colcon_ws/build/rosparam_shortcuts': CMAKE_PREFIX_PATH=/opt/ros/humble /usr/bin/cmake --build /home/ugv-c7/CodeWorkspace/UGV-Robot/ros2_humble_colcon_ws/build/rosparam_shortcuts -- -j6 -l6
[5.183s] DEBUG:colcon.colcon_core.event_handler.log_command:Invoking command in '/home/ugv-c7/CodeWorkspace/UGV-Robot/ros2_humble_colcon_ws/build/moveit_core': AMENT_PREFIX_PATH=/home/ugv-c7/CodeWorkspace/UGV-Robot/ros2_humble_colcon_ws/install/moveit_resources_panda_moveit_config:/home/ugv-c7/CodeWorkspace/UGV-Robot/ros2_humble_colcon_ws/install/srdfdom:/home/ugv-c7/CodeWorkspace/UGV-Robot/ros2_humble_colcon_ws/install/moveit_resources_pr2_description:/home/ugv-c7/CodeWorkspace/UGV-Robot/ros2_humble_colcon_ws/install/moveit_resources_panda_description:/home/ugv-c7/CodeWorkspace/UGV-Robot/ros2_humble_colcon_ws/install/moveit_common:${AMENT_PREFIX_PATH} CMAKE_PREFIX_PATH=/home/ugv-c7/CodeWorkspace/UGV-Robot/ros2_humble_colcon_ws/install/moveit_resources_panda_moveit_config:/home/ugv-c7/CodeWorkspace/UGV-Robot/ros2_humble_colcon_ws/install/srdfdom:/home/ugv-c7/CodeWorkspace/UGV-Robot/ros2_humble_colcon_ws/install/moveit_resources_pr2_description:/home/ugv-c7/CodeWorkspace/UGV-Robot/ros2_humble_colcon_ws/install/moveit_resources_panda_description:/home/ugv-c7/CodeWorkspace/UGV-Robot/ros2_humble_colcon_ws/install/moveit_common:/opt/ros/humble LD_LIBRARY_PATH=/home/ugv-c7/CodeWorkspace/UGV-Robot/ros2_humble_colcon_ws/install/srdfdom/lib:${LD_LIBRARY_PATH} PYTHONPATH=/home/ugv-c7/CodeWorkspace/UGV-Robot/ros2_humble_colcon_ws/install/srdfdom/local/lib/python3.10/dist-packages:${PYTHONPATH} /usr/bin/cmake --build /home/ugv-c7/CodeWorkspace/UGV-Robot/ros2_humble_colcon_ws/build/moveit_core -- -j6 -l6
[5.189s] DEBUG:colcon.colcon_core.event_handler.log_command:Invoked command in '/home/ugv-c7/CodeWorkspace/UGV-Robot/ros2_humble_colcon_ws/build/rviz_marker_tools' returned '0': AMENT_PREFIX_PATH=/home/ugv-c7/CodeWorkspace/UGV-Robot/ros2_humble_colcon_ws/install/moveit_common:${AMENT_PREFIX_PATH} CMAKE_PREFIX_PATH=/home/ugv-c7/CodeWorkspace/UGV-Robot/ros2_humble_colcon_ws/install/moveit_common:/opt/ros/humble /usr/bin/cmake --build /home/ugv-c7/CodeWorkspace/UGV-Robot/ros2_humble_colcon_ws/build/rviz_marker_tools -- -j6 -l6
[5.197s] DEBUG:colcon.colcon_core.event_handler.log_command:Invoking command in '/home/ugv-c7/CodeWorkspace/UGV-Robot/ros2_humble_colcon_ws/build/rviz_marker_tools': AMENT_PREFIX_PATH=/home/ugv-c7/CodeWorkspace/UGV-Robot/ros2_humble_colcon_ws/install/moveit_common:${AMENT_PREFIX_PATH} CMAKE_PREFIX_PATH=/home/ugv-c7/CodeWorkspace/UGV-Robot/ros2_humble_colcon_ws/install/moveit_common:/opt/ros/humble /usr/bin/cmake --install /home/ugv-c7/CodeWorkspace/UGV-Robot/ros2_humble_colcon_ws/build/rviz_marker_tools
[5.219s] DEBUG:colcon.colcon_core.event_handler.log_command:Invoked command in '/home/ugv-c7/CodeWorkspace/UGV-Robot/ros2_humble_colcon_ws/build/moveit_task_constructor_msgs' returned '0': CMAKE_PREFIX_PATH=/opt/ros/humble /usr/bin/cmake --build /home/ugv-c7/CodeWorkspace/UGV-Robot/ros2_humble_colcon_ws/build/moveit_task_constructor_msgs -- -j6 -l6
[5.233s] DEBUG:colcon.colcon_core.event_handler.log_command:Invoking command in '/home/ugv-c7/CodeWorkspace/UGV-Robot/ros2_humble_colcon_ws/build/moveit_task_constructor_msgs': CMAKE_PREFIX_PATH=/opt/ros/humble /usr/bin/cmake --install /home/ugv-c7/CodeWorkspace/UGV-Robot/ros2_humble_colcon_ws/build/moveit_task_constructor_msgs
[5.246s] Level 1:colcon.colcon_core.environment:create_environment_scripts_only(rviz_marker_tools)
[5.248s] DEBUG:colcon.colcon_core.event_handler.log_command:Invoked command in '/home/ugv-c7/CodeWorkspace/UGV-Robot/ros2_humble_colcon_ws/build/rviz_marker_tools' returned '0': AMENT_PREFIX_PATH=/home/ugv-c7/CodeWorkspace/UGV-Robot/ros2_humble_colcon_ws/install/moveit_common:${AMENT_PREFIX_PATH} CMAKE_PREFIX_PATH=/home/ugv-c7/CodeWorkspace/UGV-Robot/ros2_humble_colcon_ws/install/moveit_common:/opt/ros/humble /usr/bin/cmake --install /home/ugv-c7/CodeWorkspace/UGV-Robot/ros2_humble_colcon_ws/build/rviz_marker_tools
[5.249s] Level 1:colcon.colcon_core.environment:checking '/home/ugv-c7/CodeWorkspace/UGV-Robot/ros2_humble_colcon_ws/install/rviz_marker_tools' for CMake module files
[5.251s] Level 1:colcon.colcon_core.environment:checking '/home/ugv-c7/CodeWorkspace/UGV-Robot/ros2_humble_colcon_ws/install/rviz_marker_tools' for CMake config files
[5.251s] Level 1:colcon.colcon_core.shell:create_environment_hook('rviz_marker_tools', 'cmake_prefix_path')
[5.252s] INFO:colcon.colcon_core.shell:Creating environment hook '/home/ugv-c7/CodeWorkspace/UGV-Robot/ros2_humble_colcon_ws/install/rviz_marker_tools/share/rviz_marker_tools/hook/cmake_prefix_path.ps1'
[5.255s] INFO:colcon.colcon_core.shell:Creating environment descriptor '/home/ugv-c7/CodeWorkspace/UGV-Robot/ros2_humble_colcon_ws/install/rviz_marker_tools/share/rviz_marker_tools/hook/cmake_prefix_path.dsv'
[5.256s] INFO:colcon.colcon_core.shell:Creating environment hook '/home/ugv-c7/CodeWorkspace/UGV-Robot/ros2_humble_colcon_ws/install/rviz_marker_tools/share/rviz_marker_tools/hook/cmake_prefix_path.sh'
[5.258s] Level 1:colcon.colcon_core.environment:checking '/home/ugv-c7/CodeWorkspace/UGV-Robot/ros2_humble_colcon_ws/install/rviz_marker_tools/lib'
[5.258s] Level 1:colcon.colcon_core.shell:create_environment_hook('rviz_marker_tools', 'ld_library_path_lib')
[5.259s] INFO:colcon.colcon_core.shell:Creating environment hook '/home/ugv-c7/CodeWorkspace/UGV-Robot/ros2_humble_colcon_ws/install/rviz_marker_tools/share/rviz_marker_tools/hook/ld_library_path_lib.ps1'
[5.260s] INFO:colcon.colcon_core.shell:Creating environment descriptor '/home/ugv-c7/CodeWorkspace/UGV-Robot/ros2_humble_colcon_ws/install/rviz_marker_tools/share/rviz_marker_tools/hook/ld_library_path_lib.dsv'
[5.261s] INFO:colcon.colcon_core.shell:Creating environment hook '/home/ugv-c7/CodeWorkspace/UGV-Robot/ros2_humble_colcon_ws/install/rviz_marker_tools/share/rviz_marker_tools/hook/ld_library_path_lib.sh'
[5.262s] Level 1:colcon.colcon_core.environment:checking '/home/ugv-c7/CodeWorkspace/UGV-Robot/ros2_humble_colcon_ws/install/rviz_marker_tools/bin'
[5.262s] Level 1:colcon.colcon_core.environment:checking '/home/ugv-c7/CodeWorkspace/UGV-Robot/ros2_humble_colcon_ws/install/rviz_marker_tools/lib/pkgconfig/rviz_marker_tools.pc'
[5.262s] Level 1:colcon.colcon_core.environment:checking '/home/ugv-c7/CodeWorkspace/UGV-Robot/ros2_humble_colcon_ws/install/rviz_marker_tools/lib/python3.10/site-packages'
[5.263s] Level 1:colcon.colcon_core.environment:checking '/home/ugv-c7/CodeWorkspace/UGV-Robot/ros2_humble_colcon_ws/install/rviz_marker_tools/bin'
[5.264s] INFO:colcon.colcon_core.shell:Creating package script '/home/ugv-c7/CodeWorkspace/UGV-Robot/ros2_humble_colcon_ws/install/rviz_marker_tools/share/rviz_marker_tools/package.ps1'
[5.268s] INFO:colcon.colcon_core.shell:Creating package descriptor '/home/ugv-c7/CodeWorkspace/UGV-Robot/ros2_humble_colcon_ws/install/rviz_marker_tools/share/rviz_marker_tools/package.dsv'
[5.271s] INFO:colcon.colcon_core.shell:Creating package script '/home/ugv-c7/CodeWorkspace/UGV-Robot/ros2_humble_colcon_ws/install/rviz_marker_tools/share/rviz_marker_tools/package.sh'
[5.273s] INFO:colcon.colcon_core.shell:Creating package script '/home/ugv-c7/CodeWorkspace/UGV-Robot/ros2_humble_colcon_ws/install/rviz_marker_tools/share/rviz_marker_tools/package.bash'
[5.275s] INFO:colcon.colcon_core.shell:Creating package script '/home/ugv-c7/CodeWorkspace/UGV-Robot/ros2_humble_colcon_ws/install/rviz_marker_tools/share/rviz_marker_tools/package.zsh'
[5.276s] Level 1:colcon.colcon_core.environment:create_file_with_runtime_dependencies(/home/ugv-c7/CodeWorkspace/UGV-Robot/ros2_humble_colcon_ws/install/rviz_marker_tools/share/colcon-core/packages/rviz_marker_tools)
[5.279s] Level 1:colcon.colcon_core.environment:create_environment_scripts_only(rviz_marker_tools)
[5.280s] Level 1:colcon.colcon_core.environment:checking '/home/ugv-c7/CodeWorkspace/UGV-Robot/ros2_humble_colcon_ws/install/rviz_marker_tools' for CMake module files
[5.284s] Level 1:colcon.colcon_core.environment:checking '/home/ugv-c7/CodeWorkspace/UGV-Robot/ros2_humble_colcon_ws/install/rviz_marker_tools' for CMake config files
[5.299s] Level 1:colcon.colcon_core.shell:create_environment_hook('rviz_marker_tools', 'cmake_prefix_path')
[5.301s] INFO:colcon.colcon_core.shell:Creating environment hook '/home/ugv-c7/CodeWorkspace/UGV-Robot/ros2_humble_colcon_ws/install/rviz_marker_tools/share/rviz_marker_tools/hook/cmake_prefix_path.ps1'
[5.307s] INFO:colcon.colcon_core.shell:Creating environment descriptor '/home/ugv-c7/CodeWorkspace/UGV-Robot/ros2_humble_colcon_ws/install/rviz_marker_tools/share/rviz_marker_tools/hook/cmake_prefix_path.dsv'
[5.309s] INFO:colcon.colcon_core.shell:Creating environment hook '/home/ugv-c7/CodeWorkspace/UGV-Robot/ros2_humble_colcon_ws/install/rviz_marker_tools/share/rviz_marker_tools/hook/cmake_prefix_path.sh'
[5.312s] Level 1:colcon.colcon_core.environment:checking '/home/ugv-c7/CodeWorkspace/UGV-Robot/ros2_humble_colcon_ws/install/rviz_marker_tools/lib'
[5.313s] Level 1:colcon.colcon_core.shell:create_environment_hook('rviz_marker_tools', 'ld_library_path_lib')
[5.314s] INFO:colcon.colcon_core.shell:Creating environment hook '/home/ugv-c7/CodeWorkspace/UGV-Robot/ros2_humble_colcon_ws/install/rviz_marker_tools/share/rviz_marker_tools/hook/ld_library_path_lib.ps1'
[5.317s] INFO:colcon.colcon_core.shell:Creating environment descriptor '/home/ugv-c7/CodeWorkspace/UGV-Robot/ros2_humble_colcon_ws/install/rviz_marker_tools/share/rviz_marker_tools/hook/ld_library_path_lib.dsv'
[5.320s] INFO:colcon.colcon_core.shell:Creating environment hook '/home/ugv-c7/CodeWorkspace/UGV-Robot/ros2_humble_colcon_ws/install/rviz_marker_tools/share/rviz_marker_tools/hook/ld_library_path_lib.sh'
[5.322s] Level 1:colcon.colcon_core.environment:checking '/home/ugv-c7/CodeWorkspace/UGV-Robot/ros2_humble_colcon_ws/install/rviz_marker_tools/bin'
[5.322s] Level 1:colcon.colcon_core.environment:checking '/home/ugv-c7/CodeWorkspace/UGV-Robot/ros2_humble_colcon_ws/install/rviz_marker_tools/lib/pkgconfig/rviz_marker_tools.pc'
[5.323s] Level 1:colcon.colcon_core.environment:checking '/home/ugv-c7/CodeWorkspace/UGV-Robot/ros2_humble_colcon_ws/install/rviz_marker_tools/lib/python3.10/site-packages'
[5.324s] Level 1:colcon.colcon_core.environment:checking '/home/ugv-c7/CodeWorkspace/UGV-Robot/ros2_humble_colcon_ws/install/rviz_marker_tools/bin'
[5.334s] INFO:colcon.colcon_core.shell:Creating package script '/home/ugv-c7/CodeWorkspace/UGV-Robot/ros2_humble_colcon_ws/install/rviz_marker_tools/share/rviz_marker_tools/package.ps1'
[5.373s] INFO:colcon.colcon_core.shell:Creating package descriptor '/home/ugv-c7/CodeWorkspace/UGV-Robot/ros2_humble_colcon_ws/install/rviz_marker_tools/share/rviz_marker_tools/package.dsv'
[5.378s] INFO:colcon.colcon_core.shell:Creating package script '/home/ugv-c7/CodeWorkspace/UGV-Robot/ros2_humble_colcon_ws/install/rviz_marker_tools/share/rviz_marker_tools/package.sh'
[5.380s] INFO:colcon.colcon_core.shell:Creating package script '/home/ugv-c7/CodeWorkspace/UGV-Robot/ros2_humble_colcon_ws/install/rviz_marker_tools/share/rviz_marker_tools/package.bash'
[5.381s] INFO:colcon.colcon_core.shell:Creating package script '/home/ugv-c7/CodeWorkspace/UGV-Robot/ros2_humble_colcon_ws/install/rviz_marker_tools/share/rviz_marker_tools/package.zsh'
[5.382s] Level 1:colcon.colcon_core.environment:create_file_with_runtime_dependencies(/home/ugv-c7/CodeWorkspace/UGV-Robot/ros2_humble_colcon_ws/install/rviz_marker_tools/share/colcon-core/packages/rviz_marker_tools)
[5.389s] INFO:colcon.colcon_ros.task.ament_cmake.build:Building ROS package in '/home/ugv-c7/CodeWorkspace/UGV-Robot/ros2_humble_colcon_ws/src/moveit_resources/moveit_resources' with build type 'ament_cmake'
[5.390s] INFO:colcon.colcon_cmake.task.cmake.build:Building CMake package in '/home/ugv-c7/CodeWorkspace/UGV-Robot/ros2_humble_colcon_ws/src/moveit_resources/moveit_resources'
[5.391s] INFO:colcon.colcon_core.shell:Skip shell extension 'powershell' for command environment: Not usable outside of PowerShell
[5.391s] DEBUG:colcon.colcon_core.shell:Skip shell extension 'dsv' for command environment
[5.420s] DEBUG:colcon.colcon_core.event_handler.log_command:Invoking command in '/home/ugv-c7/CodeWorkspace/UGV-Robot/ros2_humble_colcon_ws/src/launch_param_builder': PYTHONPATH=/home/ugv-c7/CodeWorkspace/UGV-Robot/ros2_humble_colcon_ws/build/launch_param_builder/prefix_override:/usr/lib/python3/dist-packages/colcon_core/task/python/colcon_distutils_commands:/home/ugv-c7/CodeWorkspace/UGV-Robot/ros2_humble_colcon_ws/install/launch_param_builder/lib/python3.10/site-packages:${PYTHONPATH} /usr/bin/python3 -W ignore:setup.py install is deprecated -W ignore:easy_install command is deprecated setup.py egg_info --egg-base ../../build/launch_param_builder build --build-base /home/ugv-c7/CodeWorkspace/UGV-Robot/ros2_humble_colcon_ws/build/launch_param_builder/build install --record /home/ugv-c7/CodeWorkspace/UGV-Robot/ros2_humble_colcon_ws/build/launch_param_builder/install.log --single-version-externally-managed install_data
[5.480s] DEBUG:colcon.colcon_core.event_handler.log_command:Invoking command in '/home/ugv-c7/CodeWorkspace/UGV-Robot/ros2_humble_colcon_ws/build/moveit_resources': AMENT_PREFIX_PATH=/home/ugv-c7/CodeWorkspace/UGV-Robot/ros2_humble_colcon_ws/install/moveit_resources_panda_moveit_config:/home/ugv-c7/CodeWorkspace/UGV-Robot/ros2_humble_colcon_ws/install/moveit_resources_fanuc_moveit_config:/home/ugv-c7/CodeWorkspace/UGV-Robot/ros2_humble_colcon_ws/install/moveit_resources_pr2_description:/home/ugv-c7/CodeWorkspace/UGV-Robot/ros2_humble_colcon_ws/install/moveit_resources_panda_description:/home/ugv-c7/CodeWorkspace/UGV-Robot/ros2_humble_colcon_ws/install/moveit_resources_fanuc_description:${AMENT_PREFIX_PATH} CMAKE_PREFIX_PATH=/home/ugv-c7/CodeWorkspace/UGV-Robot/ros2_humble_colcon_ws/install/moveit_resources_panda_moveit_config:/home/ugv-c7/CodeWorkspace/UGV-Robot/ros2_humble_colcon_ws/install/moveit_resources_fanuc_moveit_config:/home/ugv-c7/CodeWorkspace/UGV-Robot/ros2_humble_colcon_ws/install/moveit_resources_pr2_description:/home/ugv-c7/CodeWorkspace/UGV-Robot/ros2_humble_colcon_ws/install/moveit_resources_panda_description:/home/ugv-c7/CodeWorkspace/UGV-Robot/ros2_humble_colcon_ws/install/moveit_resources_fanuc_description:/opt/ros/humble /usr/bin/cmake --build /home/ugv-c7/CodeWorkspace/UGV-Robot/ros2_humble_colcon_ws/build/moveit_resources -- -j6 -l6
[5.600s] Level 1:colcon.colcon_core.environment:create_environment_scripts_only(moveit_task_constructor_msgs)
[5.601s] Level 1:colcon.colcon_core.environment:checking '/home/ugv-c7/CodeWorkspace/UGV-Robot/ros2_humble_colcon_ws/install/moveit_task_constructor_msgs' for CMake module files
[5.603s] Level 1:colcon.colcon_core.environment:checking '/home/ugv-c7/CodeWorkspace/UGV-Robot/ros2_humble_colcon_ws/install/moveit_task_constructor_msgs' for CMake config files
[5.604s] Level 1:colcon.colcon_core.shell:create_environment_hook('moveit_task_constructor_msgs', 'cmake_prefix_path')
[5.604s] INFO:colcon.colcon_core.shell:Creating environment hook '/home/ugv-c7/CodeWorkspace/UGV-Robot/ros2_humble_colcon_ws/install/moveit_task_constructor_msgs/share/moveit_task_constructor_msgs/hook/cmake_prefix_path.ps1'
[5.606s] DEBUG:colcon.colcon_core.event_handler.log_command:Invoked command in '/home/ugv-c7/CodeWorkspace/UGV-Robot/ros2_humble_colcon_ws/build/moveit_task_constructor_msgs' returned '0': CMAKE_PREFIX_PATH=/opt/ros/humble /usr/bin/cmake --install /home/ugv-c7/CodeWorkspace/UGV-Robot/ros2_humble_colcon_ws/build/moveit_task_constructor_msgs
[5.608s] INFO:colcon.colcon_core.shell:Creating environment descriptor '/home/ugv-c7/CodeWorkspace/UGV-Robot/ros2_humble_colcon_ws/install/moveit_task_constructor_msgs/share/moveit_task_constructor_msgs/hook/cmake_prefix_path.dsv'
[5.609s] INFO:colcon.colcon_core.shell:Creating environment hook '/home/ugv-c7/CodeWorkspace/UGV-Robot/ros2_humble_colcon_ws/install/moveit_task_constructor_msgs/share/moveit_task_constructor_msgs/hook/cmake_prefix_path.sh'
[5.616s] Level 1:colcon.colcon_core.environment:checking '/home/ugv-c7/CodeWorkspace/UGV-Robot/ros2_humble_colcon_ws/install/moveit_task_constructor_msgs/lib'
[5.616s] Level 1:colcon.colcon_core.shell:create_environment_hook('moveit_task_constructor_msgs', 'ld_library_path_lib')
[5.618s] INFO:colcon.colcon_core.shell:Creating environment hook '/home/ugv-c7/CodeWorkspace/UGV-Robot/ros2_humble_colcon_ws/install/moveit_task_constructor_msgs/share/moveit_task_constructor_msgs/hook/ld_library_path_lib.ps1'
[5.624s] INFO:colcon.colcon_core.shell:Creating environment descriptor '/home/ugv-c7/CodeWorkspace/UGV-Robot/ros2_humble_colcon_ws/install/moveit_task_constructor_msgs/share/moveit_task_constructor_msgs/hook/ld_library_path_lib.dsv'
[5.625s] INFO:colcon.colcon_core.shell:Creating environment hook '/home/ugv-c7/CodeWorkspace/UGV-Robot/ros2_humble_colcon_ws/install/moveit_task_constructor_msgs/share/moveit_task_constructor_msgs/hook/ld_library_path_lib.sh'
[5.626s] Level 1:colcon.colcon_core.environment:checking '/home/ugv-c7/CodeWorkspace/UGV-Robot/ros2_humble_colcon_ws/install/moveit_task_constructor_msgs/bin'
[5.626s] Level 1:colcon.colcon_core.environment:checking '/home/ugv-c7/CodeWorkspace/UGV-Robot/ros2_humble_colcon_ws/install/moveit_task_constructor_msgs/lib/pkgconfig/moveit_task_constructor_msgs.pc'
[5.627s] Level 1:colcon.colcon_core.environment:checking '/home/ugv-c7/CodeWorkspace/UGV-Robot/ros2_humble_colcon_ws/install/moveit_task_constructor_msgs/lib/python3.10/site-packages'
[5.627s] Level 1:colcon.colcon_core.environment:checking '/home/ugv-c7/CodeWorkspace/UGV-Robot/ros2_humble_colcon_ws/install/moveit_task_constructor_msgs/bin'
[5.629s] INFO:colcon.colcon_core.shell:Creating package script '/home/ugv-c7/CodeWorkspace/UGV-Robot/ros2_humble_colcon_ws/install/moveit_task_constructor_msgs/share/moveit_task_constructor_msgs/package.ps1'
[5.630s] INFO:colcon.colcon_core.shell:Creating package descriptor '/home/ugv-c7/CodeWorkspace/UGV-Robot/ros2_humble_colcon_ws/install/moveit_task_constructor_msgs/share/moveit_task_constructor_msgs/package.dsv'
[5.632s] INFO:colcon.colcon_core.shell:Creating package script '/home/ugv-c7/CodeWorkspace/UGV-Robot/ros2_humble_colcon_ws/install/moveit_task_constructor_msgs/share/moveit_task_constructor_msgs/package.sh'
[5.633s] INFO:colcon.colcon_core.shell:Creating package script '/home/ugv-c7/CodeWorkspace/UGV-Robot/ros2_humble_colcon_ws/install/moveit_task_constructor_msgs/share/moveit_task_constructor_msgs/package.bash'
[5.634s] INFO:colcon.colcon_core.shell:Creating package script '/home/ugv-c7/CodeWorkspace/UGV-Robot/ros2_humble_colcon_ws/install/moveit_task_constructor_msgs/share/moveit_task_constructor_msgs/package.zsh'
[5.636s] Level 1:colcon.colcon_core.environment:create_file_with_runtime_dependencies(/home/ugv-c7/CodeWorkspace/UGV-Robot/ros2_humble_colcon_ws/install/moveit_task_constructor_msgs/share/colcon-core/packages/moveit_task_constructor_msgs)
[5.640s] Level 1:colcon.colcon_core.environment:create_environment_scripts_only(moveit_task_constructor_msgs)
[5.640s] Level 1:colcon.colcon_core.environment:checking '/home/ugv-c7/CodeWorkspace/UGV-Robot/ros2_humble_colcon_ws/install/moveit_task_constructor_msgs' for CMake module files
[5.642s] Level 1:colcon.colcon_core.environment:checking '/home/ugv-c7/CodeWorkspace/UGV-Robot/ros2_humble_colcon_ws/install/moveit_task_constructor_msgs' for CMake config files
[5.643s] Level 1:colcon.colcon_core.shell:create_environment_hook('moveit_task_constructor_msgs', 'cmake_prefix_path')
[5.643s] INFO:colcon.colcon_core.shell:Creating environment hook '/home/ugv-c7/CodeWorkspace/UGV-Robot/ros2_humble_colcon_ws/install/moveit_task_constructor_msgs/share/moveit_task_constructor_msgs/hook/cmake_prefix_path.ps1'
[5.645s] INFO:colcon.colcon_core.shell:Creating environment descriptor '/home/ugv-c7/CodeWorkspace/UGV-Robot/ros2_humble_colcon_ws/install/moveit_task_constructor_msgs/share/moveit_task_constructor_msgs/hook/cmake_prefix_path.dsv'
[5.646s] INFO:colcon.colcon_core.shell:Creating environment hook '/home/ugv-c7/CodeWorkspace/UGV-Robot/ros2_humble_colcon_ws/install/moveit_task_constructor_msgs/share/moveit_task_constructor_msgs/hook/cmake_prefix_path.sh'
[5.648s] Level 1:colcon.colcon_core.environment:checking '/home/ugv-c7/CodeWorkspace/UGV-Robot/ros2_humble_colcon_ws/install/moveit_task_constructor_msgs/lib'
[5.648s] Level 1:colcon.colcon_core.shell:create_environment_hook('moveit_task_constructor_msgs', 'ld_library_path_lib')
[5.649s] INFO:colcon.colcon_core.shell:Creating environment hook '/home/ugv-c7/CodeWorkspace/UGV-Robot/ros2_humble_colcon_ws/install/moveit_task_constructor_msgs/share/moveit_task_constructor_msgs/hook/ld_library_path_lib.ps1'
[5.650s] INFO:colcon.colcon_core.shell:Creating environment descriptor '/home/ugv-c7/CodeWorkspace/UGV-Robot/ros2_humble_colcon_ws/install/moveit_task_constructor_msgs/share/moveit_task_constructor_msgs/hook/ld_library_path_lib.dsv'
[5.652s] INFO:colcon.colcon_core.shell:Creating environment hook '/home/ugv-c7/CodeWorkspace/UGV-Robot/ros2_humble_colcon_ws/install/moveit_task_constructor_msgs/share/moveit_task_constructor_msgs/hook/ld_library_path_lib.sh'
[5.655s] Level 1:colcon.colcon_core.environment:checking '/home/ugv-c7/CodeWorkspace/UGV-Robot/ros2_humble_colcon_ws/install/moveit_task_constructor_msgs/bin'
[5.657s] Level 1:colcon.colcon_core.environment:checking '/home/ugv-c7/CodeWorkspace/UGV-Robot/ros2_humble_colcon_ws/install/moveit_task_constructor_msgs/lib/pkgconfig/moveit_task_constructor_msgs.pc'
[5.658s] Level 1:colcon.colcon_core.environment:checking '/home/ugv-c7/CodeWorkspace/UGV-Robot/ros2_humble_colcon_ws/install/moveit_task_constructor_msgs/lib/python3.10/site-packages'
[5.662s] Level 1:colcon.colcon_core.environment:checking '/home/ugv-c7/CodeWorkspace/UGV-Robot/ros2_humble_colcon_ws/install/moveit_task_constructor_msgs/bin'
[5.663s] INFO:colcon.colcon_core.shell:Creating package script '/home/ugv-c7/CodeWorkspace/UGV-Robot/ros2_humble_colcon_ws/install/moveit_task_constructor_msgs/share/moveit_task_constructor_msgs/package.ps1'
[5.665s] INFO:colcon.colcon_core.shell:Creating package descriptor '/home/ugv-c7/CodeWorkspace/UGV-Robot/ros2_humble_colcon_ws/install/moveit_task_constructor_msgs/share/moveit_task_constructor_msgs/package.dsv'
[5.666s] INFO:colcon.colcon_core.shell:Creating package script '/home/ugv-c7/CodeWorkspace/UGV-Robot/ros2_humble_colcon_ws/install/moveit_task_constructor_msgs/share/moveit_task_constructor_msgs/package.sh'
[5.667s] INFO:colcon.colcon_core.shell:Creating package script '/home/ugv-c7/CodeWorkspace/UGV-Robot/ros2_humble_colcon_ws/install/moveit_task_constructor_msgs/share/moveit_task_constructor_msgs/package.bash'
[5.668s] INFO:colcon.colcon_core.shell:Creating package script '/home/ugv-c7/CodeWorkspace/UGV-Robot/ros2_humble_colcon_ws/install/moveit_task_constructor_msgs/share/moveit_task_constructor_msgs/package.zsh'
[5.669s] Level 1:colcon.colcon_core.environment:create_file_with_runtime_dependencies(/home/ugv-c7/CodeWorkspace/UGV-Robot/ros2_humble_colcon_ws/install/moveit_task_constructor_msgs/share/colcon-core/packages/moveit_task_constructor_msgs)
[5.698s] DEBUG:colcon.colcon_core.event_handler.log_command:Invoked command in '/home/ugv-c7/CodeWorkspace/UGV-Robot/ros2_humble_colcon_ws/build/moveit_resources' returned '0': AMENT_PREFIX_PATH=/home/ugv-c7/CodeWorkspace/UGV-Robot/ros2_humble_colcon_ws/install/moveit_resources_panda_moveit_config:/home/ugv-c7/CodeWorkspace/UGV-Robot/ros2_humble_colcon_ws/install/moveit_resources_fanuc_moveit_config:/home/ugv-c7/CodeWorkspace/UGV-Robot/ros2_humble_colcon_ws/install/moveit_resources_pr2_description:/home/ugv-c7/CodeWorkspace/UGV-Robot/ros2_humble_colcon_ws/install/moveit_resources_panda_description:/home/ugv-c7/CodeWorkspace/UGV-Robot/ros2_humble_colcon_ws/install/moveit_resources_fanuc_description:${AMENT_PREFIX_PATH} CMAKE_PREFIX_PATH=/home/ugv-c7/CodeWorkspace/UGV-Robot/ros2_humble_colcon_ws/install/moveit_resources_panda_moveit_config:/home/ugv-c7/CodeWorkspace/UGV-Robot/ros2_humble_colcon_ws/install/moveit_resources_fanuc_moveit_config:/home/ugv-c7/CodeWorkspace/UGV-Robot/ros2_humble_colcon_ws/install/moveit_resources_pr2_description:/home/ugv-c7/CodeWorkspace/UGV-Robot/ros2_humble_colcon_ws/install/moveit_resources_panda_description:/home/ugv-c7/CodeWorkspace/UGV-Robot/ros2_humble_colcon_ws/install/moveit_resources_fanuc_description:/opt/ros/humble /usr/bin/cmake --build /home/ugv-c7/CodeWorkspace/UGV-Robot/ros2_humble_colcon_ws/build/moveit_resources -- -j6 -l6
[5.712s] DEBUG:colcon.colcon_core.event_handler.log_command:Invoking command in '/home/ugv-c7/CodeWorkspace/UGV-Robot/ros2_humble_colcon_ws/build/moveit_resources': AMENT_PREFIX_PATH=/home/ugv-c7/CodeWorkspace/UGV-Robot/ros2_humble_colcon_ws/install/moveit_resources_panda_moveit_config:/home/ugv-c7/CodeWorkspace/UGV-Robot/ros2_humble_colcon_ws/install/moveit_resources_fanuc_moveit_config:/home/ugv-c7/CodeWorkspace/UGV-Robot/ros2_humble_colcon_ws/install/moveit_resources_pr2_description:/home/ugv-c7/CodeWorkspace/UGV-Robot/ros2_humble_colcon_ws/install/moveit_resources_panda_description:/home/ugv-c7/CodeWorkspace/UGV-Robot/ros2_humble_colcon_ws/install/moveit_resources_fanuc_description:${AMENT_PREFIX_PATH} CMAKE_PREFIX_PATH=/home/ugv-c7/CodeWorkspace/UGV-Robot/ros2_humble_colcon_ws/install/moveit_resources_panda_moveit_config:/home/ugv-c7/CodeWorkspace/UGV-Robot/ros2_humble_colcon_ws/install/moveit_resources_fanuc_moveit_config:/home/ugv-c7/CodeWorkspace/UGV-Robot/ros2_humble_colcon_ws/install/moveit_resources_pr2_description:/home/ugv-c7/CodeWorkspace/UGV-Robot/ros2_humble_colcon_ws/install/moveit_resources_panda_description:/home/ugv-c7/CodeWorkspace/UGV-Robot/ros2_humble_colcon_ws/install/moveit_resources_fanuc_description:/opt/ros/humble /usr/bin/cmake --install /home/ugv-c7/CodeWorkspace/UGV-Robot/ros2_humble_colcon_ws/build/moveit_resources
[5.742s] Level 1:colcon.colcon_core.environment:create_environment_scripts_only(moveit_resources)
[5.743s] Level 1:colcon.colcon_core.environment:checking '/home/ugv-c7/CodeWorkspace/UGV-Robot/ros2_humble_colcon_ws/install/moveit_resources' for CMake module files
[5.744s] Level 1:colcon.colcon_core.environment:checking '/home/ugv-c7/CodeWorkspace/UGV-Robot/ros2_humble_colcon_ws/install/moveit_resources' for CMake config files
[5.746s] DEBUG:colcon.colcon_core.event_handler.log_command:Invoked command in '/home/ugv-c7/CodeWorkspace/UGV-Robot/ros2_humble_colcon_ws/build/moveit_resources' returned '0': AMENT_PREFIX_PATH=/home/ugv-c7/CodeWorkspace/UGV-Robot/ros2_humble_colcon_ws/install/moveit_resources_panda_moveit_config:/home/ugv-c7/CodeWorkspace/UGV-Robot/ros2_humble_colcon_ws/install/moveit_resources_fanuc_moveit_config:/home/ugv-c7/CodeWorkspace/UGV-Robot/ros2_humble_colcon_ws/install/moveit_resources_pr2_description:/home/ugv-c7/CodeWorkspace/UGV-Robot/ros2_humble_colcon_ws/install/moveit_resources_panda_description:/home/ugv-c7/CodeWorkspace/UGV-Robot/ros2_humble_colcon_ws/install/moveit_resources_fanuc_description:${AMENT_PREFIX_PATH} CMAKE_PREFIX_PATH=/home/ugv-c7/CodeWorkspace/UGV-Robot/ros2_humble_colcon_ws/install/moveit_resources_panda_moveit_config:/home/ugv-c7/CodeWorkspace/UGV-Robot/ros2_humble_colcon_ws/install/moveit_resources_fanuc_moveit_config:/home/ugv-c7/CodeWorkspace/UGV-Robot/ros2_humble_colcon_ws/install/moveit_resources_pr2_description:/home/ugv-c7/CodeWorkspace/UGV-Robot/ros2_humble_colcon_ws/install/moveit_resources_panda_description:/home/ugv-c7/CodeWorkspace/UGV-Robot/ros2_humble_colcon_ws/install/moveit_resources_fanuc_description:/opt/ros/humble /usr/bin/cmake --install /home/ugv-c7/CodeWorkspace/UGV-Robot/ros2_humble_colcon_ws/build/moveit_resources
[5.747s] Level 1:colcon.colcon_core.shell:create_environment_hook('moveit_resources', 'cmake_prefix_path')
[5.748s] INFO:colcon.colcon_core.shell:Creating environment hook '/home/ugv-c7/CodeWorkspace/UGV-Robot/ros2_humble_colcon_ws/install/moveit_resources/share/moveit_resources/hook/cmake_prefix_path.ps1'
[5.750s] INFO:colcon.colcon_core.shell:Creating environment descriptor '/home/ugv-c7/CodeWorkspace/UGV-Robot/ros2_humble_colcon_ws/install/moveit_resources/share/moveit_resources/hook/cmake_prefix_path.dsv'
[5.752s] INFO:colcon.colcon_core.shell:Creating environment hook '/home/ugv-c7/CodeWorkspace/UGV-Robot/ros2_humble_colcon_ws/install/moveit_resources/share/moveit_resources/hook/cmake_prefix_path.sh'
[5.754s] Level 1:colcon.colcon_core.environment:checking '/home/ugv-c7/CodeWorkspace/UGV-Robot/ros2_humble_colcon_ws/install/moveit_resources/bin'
[5.754s] Level 1:colcon.colcon_core.environment:checking '/home/ugv-c7/CodeWorkspace/UGV-Robot/ros2_humble_colcon_ws/install/moveit_resources/lib/pkgconfig/moveit_resources.pc'
[5.755s] Level 1:colcon.colcon_core.environment:checking '/home/ugv-c7/CodeWorkspace/UGV-Robot/ros2_humble_colcon_ws/install/moveit_resources/lib/python3.10/site-packages'
[5.755s] Level 1:colcon.colcon_core.environment:checking '/home/ugv-c7/CodeWorkspace/UGV-Robot/ros2_humble_colcon_ws/install/moveit_resources/bin'
[5.756s] INFO:colcon.colcon_core.shell:Creating package script '/home/ugv-c7/CodeWorkspace/UGV-Robot/ros2_humble_colcon_ws/install/moveit_resources/share/moveit_resources/package.ps1'
[5.758s] INFO:colcon.colcon_core.shell:Creating package descriptor '/home/ugv-c7/CodeWorkspace/UGV-Robot/ros2_humble_colcon_ws/install/moveit_resources/share/moveit_resources/package.dsv'
[5.762s] INFO:colcon.colcon_core.shell:Creating package script '/home/ugv-c7/CodeWorkspace/UGV-Robot/ros2_humble_colcon_ws/install/moveit_resources/share/moveit_resources/package.sh'
[5.764s] INFO:colcon.colcon_core.shell:Creating package script '/home/ugv-c7/CodeWorkspace/UGV-Robot/ros2_humble_colcon_ws/install/moveit_resources/share/moveit_resources/package.bash'
[5.765s] INFO:colcon.colcon_core.shell:Creating package script '/home/ugv-c7/CodeWorkspace/UGV-Robot/ros2_humble_colcon_ws/install/moveit_resources/share/moveit_resources/package.zsh'
[5.766s] Level 1:colcon.colcon_core.environment:create_file_with_runtime_dependencies(/home/ugv-c7/CodeWorkspace/UGV-Robot/ros2_humble_colcon_ws/install/moveit_resources/share/colcon-core/packages/moveit_resources)
[5.773s] Level 1:colcon.colcon_core.environment:create_environment_scripts_only(moveit_resources)
[5.774s] Level 1:colcon.colcon_core.environment:checking '/home/ugv-c7/CodeWorkspace/UGV-Robot/ros2_humble_colcon_ws/install/moveit_resources' for CMake module files
[5.775s] Level 1:colcon.colcon_core.environment:checking '/home/ugv-c7/CodeWorkspace/UGV-Robot/ros2_humble_colcon_ws/install/moveit_resources' for CMake config files
[5.776s] Level 1:colcon.colcon_core.shell:create_environment_hook('moveit_resources', 'cmake_prefix_path')
[5.777s] INFO:colcon.colcon_core.shell:Creating environment hook '/home/ugv-c7/CodeWorkspace/UGV-Robot/ros2_humble_colcon_ws/install/moveit_resources/share/moveit_resources/hook/cmake_prefix_path.ps1'
[5.778s] INFO:colcon.colcon_core.shell:Creating environment descriptor '/home/ugv-c7/CodeWorkspace/UGV-Robot/ros2_humble_colcon_ws/install/moveit_resources/share/moveit_resources/hook/cmake_prefix_path.dsv'
[5.779s] INFO:colcon.colcon_core.shell:Creating environment hook '/home/ugv-c7/CodeWorkspace/UGV-Robot/ros2_humble_colcon_ws/install/moveit_resources/share/moveit_resources/hook/cmake_prefix_path.sh'
[5.782s] Level 1:colcon.colcon_core.environment:checking '/home/ugv-c7/CodeWorkspace/UGV-Robot/ros2_humble_colcon_ws/install/moveit_resources/bin'
[5.782s] Level 1:colcon.colcon_core.environment:checking '/home/ugv-c7/CodeWorkspace/UGV-Robot/ros2_humble_colcon_ws/install/moveit_resources/lib/pkgconfig/moveit_resources.pc'
[5.783s] Level 1:colcon.colcon_core.environment:checking '/home/ugv-c7/CodeWorkspace/UGV-Robot/ros2_humble_colcon_ws/install/moveit_resources/lib/python3.10/site-packages'
[5.784s] Level 1:colcon.colcon_core.environment:checking '/home/ugv-c7/CodeWorkspace/UGV-Robot/ros2_humble_colcon_ws/install/moveit_resources/bin'
[5.785s] INFO:colcon.colcon_core.shell:Creating package script '/home/ugv-c7/CodeWorkspace/UGV-Robot/ros2_humble_colcon_ws/install/moveit_resources/share/moveit_resources/package.ps1'
[5.786s] INFO:colcon.colcon_core.shell:Creating package descriptor '/home/ugv-c7/CodeWorkspace/UGV-Robot/ros2_humble_colcon_ws/install/moveit_resources/share/moveit_resources/package.dsv'
[5.788s] INFO:colcon.colcon_core.shell:Creating package script '/home/ugv-c7/CodeWorkspace/UGV-Robot/ros2_humble_colcon_ws/install/moveit_resources/share/moveit_resources/package.sh'
[5.789s] INFO:colcon.colcon_core.shell:Creating package script '/home/ugv-c7/CodeWorkspace/UGV-Robot/ros2_humble_colcon_ws/install/moveit_resources/share/moveit_resources/package.bash'
[5.790s] INFO:colcon.colcon_core.shell:Creating package script '/home/ugv-c7/CodeWorkspace/UGV-Robot/ros2_humble_colcon_ws/install/moveit_resources/share/moveit_resources/package.zsh'
[5.795s] Level 1:colcon.colcon_core.environment:create_file_with_runtime_dependencies(/home/ugv-c7/CodeWorkspace/UGV-Robot/ros2_humble_colcon_ws/install/moveit_resources/share/colcon-core/packages/moveit_resources)
[5.801s] DEBUG:colcon.colcon_core.event_handler.log_command:Invoked command in '/home/ugv-c7/CodeWorkspace/UGV-Robot/ros2_humble_colcon_ws/build/rosparam_shortcuts' returned '0': CMAKE_PREFIX_PATH=/opt/ros/humble /usr/bin/cmake --build /home/ugv-c7/CodeWorkspace/UGV-Robot/ros2_humble_colcon_ws/build/rosparam_shortcuts -- -j6 -l6
[5.812s] DEBUG:colcon.colcon_core.event_handler.log_command:Invoking command in '/home/ugv-c7/CodeWorkspace/UGV-Robot/ros2_humble_colcon_ws/build/rosparam_shortcuts': CMAKE_PREFIX_PATH=/opt/ros/humble /usr/bin/cmake --install /home/ugv-c7/CodeWorkspace/UGV-Robot/ros2_humble_colcon_ws/build/rosparam_shortcuts
[5.898s] Level 1:colcon.colcon_core.environment:create_environment_scripts_only(rosparam_shortcuts)
[5.899s] Level 1:colcon.colcon_core.environment:checking '/home/ugv-c7/CodeWorkspace/UGV-Robot/ros2_humble_colcon_ws/install/rosparam_shortcuts' for CMake module files
[5.901s] Level 1:colcon.colcon_core.environment:checking '/home/ugv-c7/CodeWorkspace/UGV-Robot/ros2_humble_colcon_ws/install/rosparam_shortcuts' for CMake config files
[5.901s] Level 1:colcon.colcon_core.shell:create_environment_hook('rosparam_shortcuts', 'cmake_prefix_path')
[5.902s] INFO:colcon.colcon_core.shell:Creating environment hook '/home/ugv-c7/CodeWorkspace/UGV-Robot/ros2_humble_colcon_ws/install/rosparam_shortcuts/share/rosparam_shortcuts/hook/cmake_prefix_path.ps1'
[5.905s] DEBUG:colcon.colcon_core.event_handler.log_command:Invoked command in '/home/ugv-c7/CodeWorkspace/UGV-Robot/ros2_humble_colcon_ws/build/rosparam_shortcuts' returned '0': CMAKE_PREFIX_PATH=/opt/ros/humble /usr/bin/cmake --install /home/ugv-c7/CodeWorkspace/UGV-Robot/ros2_humble_colcon_ws/build/rosparam_shortcuts
[5.906s] INFO:colcon.colcon_core.shell:Creating environment descriptor '/home/ugv-c7/CodeWorkspace/UGV-Robot/ros2_humble_colcon_ws/install/rosparam_shortcuts/share/rosparam_shortcuts/hook/cmake_prefix_path.dsv'
[5.907s] INFO:colcon.colcon_core.shell:Creating environment hook '/home/ugv-c7/CodeWorkspace/UGV-Robot/ros2_humble_colcon_ws/install/rosparam_shortcuts/share/rosparam_shortcuts/hook/cmake_prefix_path.sh'
[5.910s] Level 1:colcon.colcon_core.environment:checking '/home/ugv-c7/CodeWorkspace/UGV-Robot/ros2_humble_colcon_ws/install/rosparam_shortcuts/lib'
[5.910s] Level 1:colcon.colcon_core.shell:create_environment_hook('rosparam_shortcuts', 'ld_library_path_lib')
[5.911s] INFO:colcon.colcon_core.shell:Creating environment hook '/home/ugv-c7/CodeWorkspace/UGV-Robot/ros2_humble_colcon_ws/install/rosparam_shortcuts/share/rosparam_shortcuts/hook/ld_library_path_lib.ps1'
[5.912s] INFO:colcon.colcon_core.shell:Creating environment descriptor '/home/ugv-c7/CodeWorkspace/UGV-Robot/ros2_humble_colcon_ws/install/rosparam_shortcuts/share/rosparam_shortcuts/hook/ld_library_path_lib.dsv'
[5.913s] INFO:colcon.colcon_core.shell:Creating environment hook '/home/ugv-c7/CodeWorkspace/UGV-Robot/ros2_humble_colcon_ws/install/rosparam_shortcuts/share/rosparam_shortcuts/hook/ld_library_path_lib.sh'
[5.915s] Level 1:colcon.colcon_core.environment:checking '/home/ugv-c7/CodeWorkspace/UGV-Robot/ros2_humble_colcon_ws/install/rosparam_shortcuts/bin'
[5.915s] Level 1:colcon.colcon_core.environment:checking '/home/ugv-c7/CodeWorkspace/UGV-Robot/ros2_humble_colcon_ws/install/rosparam_shortcuts/lib/pkgconfig/rosparam_shortcuts.pc'
[5.916s] Level 1:colcon.colcon_core.environment:checking '/home/ugv-c7/CodeWorkspace/UGV-Robot/ros2_humble_colcon_ws/install/rosparam_shortcuts/lib/python3.10/site-packages'
[5.916s] Level 1:colcon.colcon_core.environment:checking '/home/ugv-c7/CodeWorkspace/UGV-Robot/ros2_humble_colcon_ws/install/rosparam_shortcuts/bin'
[5.917s] INFO:colcon.colcon_core.shell:Creating package script '/home/ugv-c7/CodeWorkspace/UGV-Robot/ros2_humble_colcon_ws/install/rosparam_shortcuts/share/rosparam_shortcuts/package.ps1'
[5.919s] INFO:colcon.colcon_core.shell:Creating package descriptor '/home/ugv-c7/CodeWorkspace/UGV-Robot/ros2_humble_colcon_ws/install/rosparam_shortcuts/share/rosparam_shortcuts/package.dsv'
[5.921s] INFO:colcon.colcon_core.shell:Creating package script '/home/ugv-c7/CodeWorkspace/UGV-Robot/ros2_humble_colcon_ws/install/rosparam_shortcuts/share/rosparam_shortcuts/package.sh'
[5.922s] INFO:colcon.colcon_core.shell:Creating package script '/home/ugv-c7/CodeWorkspace/UGV-Robot/ros2_humble_colcon_ws/install/rosparam_shortcuts/share/rosparam_shortcuts/package.bash'
[5.924s] INFO:colcon.colcon_core.shell:Creating package script '/home/ugv-c7/CodeWorkspace/UGV-Robot/ros2_humble_colcon_ws/install/rosparam_shortcuts/share/rosparam_shortcuts/package.zsh'
[5.940s] Level 1:colcon.colcon_core.environment:create_file_with_runtime_dependencies(/home/ugv-c7/CodeWorkspace/UGV-Robot/ros2_humble_colcon_ws/install/rosparam_shortcuts/share/colcon-core/packages/rosparam_shortcuts)
[5.942s] Level 1:colcon.colcon_core.environment:create_environment_scripts_only(rosparam_shortcuts)
[5.942s] Level 1:colcon.colcon_core.environment:checking '/home/ugv-c7/CodeWorkspace/UGV-Robot/ros2_humble_colcon_ws/install/rosparam_shortcuts' for CMake module files
[5.944s] Level 1:colcon.colcon_core.environment:checking '/home/ugv-c7/CodeWorkspace/UGV-Robot/ros2_humble_colcon_ws/install/rosparam_shortcuts' for CMake config files
[5.944s] Level 1:colcon.colcon_core.shell:create_environment_hook('rosparam_shortcuts', 'cmake_prefix_path')
[5.945s] INFO:colcon.colcon_core.shell:Creating environment hook '/home/ugv-c7/CodeWorkspace/UGV-Robot/ros2_humble_colcon_ws/install/rosparam_shortcuts/share/rosparam_shortcuts/hook/cmake_prefix_path.ps1'
[5.954s] INFO:colcon.colcon_core.shell:Creating environment descriptor '/home/ugv-c7/CodeWorkspace/UGV-Robot/ros2_humble_colcon_ws/install/rosparam_shortcuts/share/rosparam_shortcuts/hook/cmake_prefix_path.dsv'
[5.956s] INFO:colcon.colcon_core.shell:Creating environment hook '/home/ugv-c7/CodeWorkspace/UGV-Robot/ros2_humble_colcon_ws/install/rosparam_shortcuts/share/rosparam_shortcuts/hook/cmake_prefix_path.sh'
[5.957s] Level 1:colcon.colcon_core.environment:checking '/home/ugv-c7/CodeWorkspace/UGV-Robot/ros2_humble_colcon_ws/install/rosparam_shortcuts/lib'
[5.958s] Level 1:colcon.colcon_core.shell:create_environment_hook('rosparam_shortcuts', 'ld_library_path_lib')
[5.958s] INFO:colcon.colcon_core.shell:Creating environment hook '/home/ugv-c7/CodeWorkspace/UGV-Robot/ros2_humble_colcon_ws/install/rosparam_shortcuts/share/rosparam_shortcuts/hook/ld_library_path_lib.ps1'
[5.960s] INFO:colcon.colcon_core.shell:Creating environment descriptor '/home/ugv-c7/CodeWorkspace/UGV-Robot/ros2_humble_colcon_ws/install/rosparam_shortcuts/share/rosparam_shortcuts/hook/ld_library_path_lib.dsv'
[5.961s] INFO:colcon.colcon_core.shell:Creating environment hook '/home/ugv-c7/CodeWorkspace/UGV-Robot/ros2_humble_colcon_ws/install/rosparam_shortcuts/share/rosparam_shortcuts/hook/ld_library_path_lib.sh'
[5.962s] Level 1:colcon.colcon_core.environment:checking '/home/ugv-c7/CodeWorkspace/UGV-Robot/ros2_humble_colcon_ws/install/rosparam_shortcuts/bin'
[5.962s] Level 1:colcon.colcon_core.environment:checking '/home/ugv-c7/CodeWorkspace/UGV-Robot/ros2_humble_colcon_ws/install/rosparam_shortcuts/lib/pkgconfig/rosparam_shortcuts.pc'
[5.963s] Level 1:colcon.colcon_core.environment:checking '/home/ugv-c7/CodeWorkspace/UGV-Robot/ros2_humble_colcon_ws/install/rosparam_shortcuts/lib/python3.10/site-packages'
[5.963s] Level 1:colcon.colcon_core.environment:checking '/home/ugv-c7/CodeWorkspace/UGV-Robot/ros2_humble_colcon_ws/install/rosparam_shortcuts/bin'
[5.964s] INFO:colcon.colcon_core.shell:Creating package script '/home/ugv-c7/CodeWorkspace/UGV-Robot/ros2_humble_colcon_ws/install/rosparam_shortcuts/share/rosparam_shortcuts/package.ps1'
[5.965s] INFO:colcon.colcon_core.shell:Creating package descriptor '/home/ugv-c7/CodeWorkspace/UGV-Robot/ros2_humble_colcon_ws/install/rosparam_shortcuts/share/rosparam_shortcuts/package.dsv'
[5.967s] INFO:colcon.colcon_core.shell:Creating package script '/home/ugv-c7/CodeWorkspace/UGV-Robot/ros2_humble_colcon_ws/install/rosparam_shortcuts/share/rosparam_shortcuts/package.sh'
[5.968s] INFO:colcon.colcon_core.shell:Creating package script '/home/ugv-c7/CodeWorkspace/UGV-Robot/ros2_humble_colcon_ws/install/rosparam_shortcuts/share/rosparam_shortcuts/package.bash'
[5.969s] INFO:colcon.colcon_core.shell:Creating package script '/home/ugv-c7/CodeWorkspace/UGV-Robot/ros2_humble_colcon_ws/install/rosparam_shortcuts/share/rosparam_shortcuts/package.zsh'
[5.970s] Level 1:colcon.colcon_core.environment:create_file_with_runtime_dependencies(/home/ugv-c7/CodeWorkspace/UGV-Robot/ros2_humble_colcon_ws/install/rosparam_shortcuts/share/colcon-core/packages/rosparam_shortcuts)
[6.441s] Level 1:colcon.colcon_core.environment:checking '/home/ugv-c7/CodeWorkspace/UGV-Robot/ros2_humble_colcon_ws/install/launch_param_builder' for CMake module files
[6.443s] Level 1:colcon.colcon_core.environment:checking '/home/ugv-c7/CodeWorkspace/UGV-Robot/ros2_humble_colcon_ws/install/launch_param_builder' for CMake config files
[6.445s] DEBUG:colcon.colcon_core.event_handler.log_command:Invoked command in '/home/ugv-c7/CodeWorkspace/UGV-Robot/ros2_humble_colcon_ws/src/launch_param_builder' returned '0': PYTHONPATH=/home/ugv-c7/CodeWorkspace/UGV-Robot/ros2_humble_colcon_ws/build/launch_param_builder/prefix_override:/usr/lib/python3/dist-packages/colcon_core/task/python/colcon_distutils_commands:/home/ugv-c7/CodeWorkspace/UGV-Robot/ros2_humble_colcon_ws/install/launch_param_builder/lib/python3.10/site-packages:${PYTHONPATH} /usr/bin/python3 -W ignore:setup.py install is deprecated -W ignore:easy_install command is deprecated setup.py egg_info --egg-base ../../build/launch_param_builder build --build-base /home/ugv-c7/CodeWorkspace/UGV-Robot/ros2_humble_colcon_ws/build/launch_param_builder/build install --record /home/ugv-c7/CodeWorkspace/UGV-Robot/ros2_humble_colcon_ws/build/launch_param_builder/install.log --single-version-externally-managed install_data
[6.447s] Level 1:colcon.colcon_core.environment:checking '/home/ugv-c7/CodeWorkspace/UGV-Robot/ros2_humble_colcon_ws/install/launch_param_builder/lib'
[6.447s] Level 1:colcon.colcon_core.environment:checking '/home/ugv-c7/CodeWorkspace/UGV-Robot/ros2_humble_colcon_ws/install/launch_param_builder/bin'
[6.447s] Level 1:colcon.colcon_core.environment:checking '/home/ugv-c7/CodeWorkspace/UGV-Robot/ros2_humble_colcon_ws/install/launch_param_builder/lib/pkgconfig/launch_param_builder.pc'
[6.448s] Level 1:colcon.colcon_core.environment:checking '/home/ugv-c7/CodeWorkspace/UGV-Robot/ros2_humble_colcon_ws/install/launch_param_builder/lib/python3.10/site-packages'
[6.448s] Level 1:colcon.colcon_core.shell:create_environment_hook('launch_param_builder', 'pythonpath')
[6.449s] INFO:colcon.colcon_core.shell:Creating environment hook '/home/ugv-c7/CodeWorkspace/UGV-Robot/ros2_humble_colcon_ws/install/launch_param_builder/share/launch_param_builder/hook/pythonpath.ps1'
[6.451s] INFO:colcon.colcon_core.shell:Creating environment descriptor '/home/ugv-c7/CodeWorkspace/UGV-Robot/ros2_humble_colcon_ws/install/launch_param_builder/share/launch_param_builder/hook/pythonpath.dsv'
[6.452s] INFO:colcon.colcon_core.shell:Creating environment hook '/home/ugv-c7/CodeWorkspace/UGV-Robot/ros2_humble_colcon_ws/install/launch_param_builder/share/launch_param_builder/hook/pythonpath.sh'
[6.454s] Level 1:colcon.colcon_core.environment:checking '/home/ugv-c7/CodeWorkspace/UGV-Robot/ros2_humble_colcon_ws/install/launch_param_builder/bin'
[6.454s] Level 1:colcon.colcon_core.environment:create_environment_scripts_only(launch_param_builder)
[6.455s] INFO:colcon.colcon_core.shell:Creating package script '/home/ugv-c7/CodeWorkspace/UGV-Robot/ros2_humble_colcon_ws/install/launch_param_builder/share/launch_param_builder/package.ps1'
[6.463s] INFO:colcon.colcon_core.shell:Creating package descriptor '/home/ugv-c7/CodeWorkspace/UGV-Robot/ros2_humble_colcon_ws/install/launch_param_builder/share/launch_param_builder/package.dsv'
[6.466s] INFO:colcon.colcon_core.shell:Creating package script '/home/ugv-c7/CodeWorkspace/UGV-Robot/ros2_humble_colcon_ws/install/launch_param_builder/share/launch_param_builder/package.sh'
[6.470s] INFO:colcon.colcon_core.shell:Creating package script '/home/ugv-c7/CodeWorkspace/UGV-Robot/ros2_humble_colcon_ws/install/launch_param_builder/share/launch_param_builder/package.bash'
[6.474s] INFO:colcon.colcon_core.shell:Creating package script '/home/ugv-c7/CodeWorkspace/UGV-Robot/ros2_humble_colcon_ws/install/launch_param_builder/share/launch_param_builder/package.zsh'
[6.477s] Level 1:colcon.colcon_core.environment:create_file_with_runtime_dependencies(/home/ugv-c7/CodeWorkspace/UGV-Robot/ros2_humble_colcon_ws/install/launch_param_builder/share/colcon-core/packages/launch_param_builder)
[6.481s] INFO:colcon.colcon_ros.task.ament_python.build:Building ROS package in '/home/ugv-c7/CodeWorkspace/UGV-Robot/ros2_humble_colcon_ws/src/moveit2/moveit_configs_utils' with build type 'ament_python'
[6.482s] Level 1:colcon.colcon_core.shell:create_environment_hook('moveit_configs_utils', 'ament_prefix_path')
[6.484s] INFO:colcon.colcon_core.shell:Creating environment hook '/home/ugv-c7/CodeWorkspace/UGV-Robot/ros2_humble_colcon_ws/install/moveit_configs_utils/share/moveit_configs_utils/hook/ament_prefix_path.ps1'
[6.493s] INFO:colcon.colcon_core.shell:Creating environment descriptor '/home/ugv-c7/CodeWorkspace/UGV-Robot/ros2_humble_colcon_ws/install/moveit_configs_utils/share/moveit_configs_utils/hook/ament_prefix_path.dsv'
[6.494s] INFO:colcon.colcon_core.shell:Creating environment hook '/home/ugv-c7/CodeWorkspace/UGV-Robot/ros2_humble_colcon_ws/install/moveit_configs_utils/share/moveit_configs_utils/hook/ament_prefix_path.sh'
[6.496s] INFO:colcon.colcon_core.shell:Skip shell extension 'powershell' for command environment: Not usable outside of PowerShell
[6.497s] DEBUG:colcon.colcon_core.shell:Skip shell extension 'dsv' for command environment
[7.307s] INFO:colcon.colcon_core.task.python.build:Building Python package in '/home/ugv-c7/CodeWorkspace/UGV-Robot/ros2_humble_colcon_ws/src/moveit2/moveit_configs_utils'
[7.309s] INFO:colcon.colcon_core.shell:Skip shell extension 'powershell' for command environment: Not usable outside of PowerShell
[7.309s] DEBUG:colcon.colcon_core.shell:Skip shell extension 'dsv' for command environment
[7.332s] DEBUG:colcon.colcon_core.event_handler.log_command:Invoking command in '/home/ugv-c7/CodeWorkspace/UGV-Robot/ros2_humble_colcon_ws/src/py_pub_sub': PYTHONPATH=/home/ugv-c7/CodeWorkspace/UGV-Robot/ros2_humble_colcon_ws/build/py_pub_sub/prefix_override:/usr/lib/python3/dist-packages/colcon_core/task/python/colcon_distutils_commands:/home/ugv-c7/CodeWorkspace/UGV-Robot/ros2_humble_colcon_ws/install/py_pub_sub/lib/python3.10/site-packages:${PYTHONPATH} /usr/bin/python3 -W ignore:setup.py install is deprecated -W ignore:easy_install command is deprecated setup.py egg_info --egg-base ../../build/py_pub_sub build --build-base /home/ugv-c7/CodeWorkspace/UGV-Robot/ros2_humble_colcon_ws/build/py_pub_sub/build install --record /home/ugv-c7/CodeWorkspace/UGV-Robot/ros2_humble_colcon_ws/build/py_pub_sub/install.log --single-version-externally-managed install_data
[7.398s] DEBUG:colcon.colcon_core.event_handler.log_command:Invoked command in '/home/ugv-c7/CodeWorkspace/UGV-Robot/ros2_humble_colcon_ws/build/moveit_core' returned '0': AMENT_PREFIX_PATH=/home/ugv-c7/CodeWorkspace/UGV-Robot/ros2_humble_colcon_ws/install/moveit_resources_panda_moveit_config:/home/ugv-c7/CodeWorkspace/UGV-Robot/ros2_humble_colcon_ws/install/srdfdom:/home/ugv-c7/CodeWorkspace/UGV-Robot/ros2_humble_colcon_ws/install/moveit_resources_pr2_description:/home/ugv-c7/CodeWorkspace/UGV-Robot/ros2_humble_colcon_ws/install/moveit_resources_panda_description:/home/ugv-c7/CodeWorkspace/UGV-Robot/ros2_humble_colcon_ws/install/moveit_common:${AMENT_PREFIX_PATH} CMAKE_PREFIX_PATH=/home/ugv-c7/CodeWorkspace/UGV-Robot/ros2_humble_colcon_ws/install/moveit_resources_panda_moveit_config:/home/ugv-c7/CodeWorkspace/UGV-Robot/ros2_humble_colcon_ws/install/srdfdom:/home/ugv-c7/CodeWorkspace/UGV-Robot/ros2_humble_colcon_ws/install/moveit_resources_pr2_description:/home/ugv-c7/CodeWorkspace/UGV-Robot/ros2_humble_colcon_ws/install/moveit_resources_panda_description:/home/ugv-c7/CodeWorkspace/UGV-Robot/ros2_humble_colcon_ws/install/moveit_common:/opt/ros/humble LD_LIBRARY_PATH=/home/ugv-c7/CodeWorkspace/UGV-Robot/ros2_humble_colcon_ws/install/srdfdom/lib:${LD_LIBRARY_PATH} PYTHONPATH=/home/ugv-c7/CodeWorkspace/UGV-Robot/ros2_humble_colcon_ws/install/srdfdom/local/lib/python3.10/dist-packages:${PYTHONPATH} /usr/bin/cmake --build /home/ugv-c7/CodeWorkspace/UGV-Robot/ros2_humble_colcon_ws/build/moveit_core -- -j6 -l6
[7.408s] DEBUG:colcon.colcon_core.event_handler.log_command:Invoking command in '/home/ugv-c7/CodeWorkspace/UGV-Robot/ros2_humble_colcon_ws/build/moveit_core': AMENT_PREFIX_PATH=/home/ugv-c7/CodeWorkspace/UGV-Robot/ros2_humble_colcon_ws/install/moveit_resources_panda_moveit_config:/home/ugv-c7/CodeWorkspace/UGV-Robot/ros2_humble_colcon_ws/install/srdfdom:/home/ugv-c7/CodeWorkspace/UGV-Robot/ros2_humble_colcon_ws/install/moveit_resources_pr2_description:/home/ugv-c7/CodeWorkspace/UGV-Robot/ros2_humble_colcon_ws/install/moveit_resources_panda_description:/home/ugv-c7/CodeWorkspace/UGV-Robot/ros2_humble_colcon_ws/install/moveit_common:${AMENT_PREFIX_PATH} CMAKE_PREFIX_PATH=/home/ugv-c7/CodeWorkspace/UGV-Robot/ros2_humble_colcon_ws/install/moveit_resources_panda_moveit_config:/home/ugv-c7/CodeWorkspace/UGV-Robot/ros2_humble_colcon_ws/install/srdfdom:/home/ugv-c7/CodeWorkspace/UGV-Robot/ros2_humble_colcon_ws/install/moveit_resources_pr2_description:/home/ugv-c7/CodeWorkspace/UGV-Robot/ros2_humble_colcon_ws/install/moveit_resources_panda_description:/home/ugv-c7/CodeWorkspace/UGV-Robot/ros2_humble_colcon_ws/install/moveit_common:/opt/ros/humble LD_LIBRARY_PATH=/home/ugv-c7/CodeWorkspace/UGV-Robot/ros2_humble_colcon_ws/install/srdfdom/lib:${LD_LIBRARY_PATH} PYTHONPATH=/home/ugv-c7/CodeWorkspace/UGV-Robot/ros2_humble_colcon_ws/install/srdfdom/local/lib/python3.10/dist-packages:${PYTHONPATH} /usr/bin/cmake --install /home/ugv-c7/CodeWorkspace/UGV-Robot/ros2_humble_colcon_ws/build/moveit_core
[7.553s] Level 1:colcon.colcon_core.environment:create_environment_scripts_only(moveit_core)
[7.554s] Level 1:colcon.colcon_core.environment:checking '/home/ugv-c7/CodeWorkspace/UGV-Robot/ros2_humble_colcon_ws/install/moveit_core' for CMake module files
[7.556s] DEBUG:colcon.colcon_core.event_handler.log_command:Invoked command in '/home/ugv-c7/CodeWorkspace/UGV-Robot/ros2_humble_colcon_ws/build/moveit_core' returned '0': AMENT_PREFIX_PATH=/home/ugv-c7/CodeWorkspace/UGV-Robot/ros2_humble_colcon_ws/install/moveit_resources_panda_moveit_config:/home/ugv-c7/CodeWorkspace/UGV-Robot/ros2_humble_colcon_ws/install/srdfdom:/home/ugv-c7/CodeWorkspace/UGV-Robot/ros2_humble_colcon_ws/install/moveit_resources_pr2_description:/home/ugv-c7/CodeWorkspace/UGV-Robot/ros2_humble_colcon_ws/install/moveit_resources_panda_description:/home/ugv-c7/CodeWorkspace/UGV-Robot/ros2_humble_colcon_ws/install/moveit_common:${AMENT_PREFIX_PATH} CMAKE_PREFIX_PATH=/home/ugv-c7/CodeWorkspace/UGV-Robot/ros2_humble_colcon_ws/install/moveit_resources_panda_moveit_config:/home/ugv-c7/CodeWorkspace/UGV-Robot/ros2_humble_colcon_ws/install/srdfdom:/home/ugv-c7/CodeWorkspace/UGV-Robot/ros2_humble_colcon_ws/install/moveit_resources_pr2_description:/home/ugv-c7/CodeWorkspace/UGV-Robot/ros2_humble_colcon_ws/install/moveit_resources_panda_description:/home/ugv-c7/CodeWorkspace/UGV-Robot/ros2_humble_colcon_ws/install/moveit_common:/opt/ros/humble LD_LIBRARY_PATH=/home/ugv-c7/CodeWorkspace/UGV-Robot/ros2_humble_colcon_ws/install/srdfdom/lib:${LD_LIBRARY_PATH} PYTHONPATH=/home/ugv-c7/CodeWorkspace/UGV-Robot/ros2_humble_colcon_ws/install/srdfdom/local/lib/python3.10/dist-packages:${PYTHONPATH} /usr/bin/cmake --install /home/ugv-c7/CodeWorkspace/UGV-Robot/ros2_humble_colcon_ws/build/moveit_core
[7.557s] Level 1:colcon.colcon_core.environment:checking '/home/ugv-c7/CodeWorkspace/UGV-Robot/ros2_humble_colcon_ws/install/moveit_core' for CMake config files
[7.558s] Level 1:colcon.colcon_core.shell:create_environment_hook('moveit_core', 'cmake_prefix_path')
[7.559s] INFO:colcon.colcon_core.shell:Creating environment hook '/home/ugv-c7/CodeWorkspace/UGV-Robot/ros2_humble_colcon_ws/install/moveit_core/share/moveit_core/hook/cmake_prefix_path.ps1'
[7.560s] INFO:colcon.colcon_core.shell:Creating environment descriptor '/home/ugv-c7/CodeWorkspace/UGV-Robot/ros2_humble_colcon_ws/install/moveit_core/share/moveit_core/hook/cmake_prefix_path.dsv'
[7.561s] INFO:colcon.colcon_core.shell:Creating environment hook '/home/ugv-c7/CodeWorkspace/UGV-Robot/ros2_humble_colcon_ws/install/moveit_core/share/moveit_core/hook/cmake_prefix_path.sh'
[7.564s] Level 1:colcon.colcon_core.environment:checking '/home/ugv-c7/CodeWorkspace/UGV-Robot/ros2_humble_colcon_ws/install/moveit_core/lib'
[7.564s] Level 1:colcon.colcon_core.shell:create_environment_hook('moveit_core', 'ld_library_path_lib')
[7.565s] INFO:colcon.colcon_core.shell:Creating environment hook '/home/ugv-c7/CodeWorkspace/UGV-Robot/ros2_humble_colcon_ws/install/moveit_core/share/moveit_core/hook/ld_library_path_lib.ps1'
[7.566s] INFO:colcon.colcon_core.shell:Creating environment descriptor '/home/ugv-c7/CodeWorkspace/UGV-Robot/ros2_humble_colcon_ws/install/moveit_core/share/moveit_core/hook/ld_library_path_lib.dsv'
[7.567s] INFO:colcon.colcon_core.shell:Creating environment hook '/home/ugv-c7/CodeWorkspace/UGV-Robot/ros2_humble_colcon_ws/install/moveit_core/share/moveit_core/hook/ld_library_path_lib.sh'
[7.568s] Level 1:colcon.colcon_core.environment:checking '/home/ugv-c7/CodeWorkspace/UGV-Robot/ros2_humble_colcon_ws/install/moveit_core/bin'
[7.569s] Level 1:colcon.colcon_core.shell:create_environment_hook('moveit_core', 'path')
[7.569s] INFO:colcon.colcon_core.shell:Creating environment hook '/home/ugv-c7/CodeWorkspace/UGV-Robot/ros2_humble_colcon_ws/install/moveit_core/share/moveit_core/hook/path.ps1'
[7.570s] INFO:colcon.colcon_core.shell:Creating environment descriptor '/home/ugv-c7/CodeWorkspace/UGV-Robot/ros2_humble_colcon_ws/install/moveit_core/share/moveit_core/hook/path.dsv'
[7.571s] INFO:colcon.colcon_core.shell:Creating environment hook '/home/ugv-c7/CodeWorkspace/UGV-Robot/ros2_humble_colcon_ws/install/moveit_core/share/moveit_core/hook/path.sh'
[7.572s] Level 1:colcon.colcon_core.environment:checking '/home/ugv-c7/CodeWorkspace/UGV-Robot/ros2_humble_colcon_ws/install/moveit_core/lib/pkgconfig/moveit_core.pc'
[7.573s] Level 1:colcon.colcon_core.environment:checking '/home/ugv-c7/CodeWorkspace/UGV-Robot/ros2_humble_colcon_ws/install/moveit_core/lib/python3.10/site-packages'
[7.574s] Level 1:colcon.colcon_core.environment:checking '/home/ugv-c7/CodeWorkspace/UGV-Robot/ros2_humble_colcon_ws/install/moveit_core/bin'
[7.574s] Level 1:colcon.colcon_core.shell:create_environment_hook('moveit_core', 'pythonscriptspath')
[7.574s] INFO:colcon.colcon_core.shell:Creating environment hook '/home/ugv-c7/CodeWorkspace/UGV-Robot/ros2_humble_colcon_ws/install/moveit_core/share/moveit_core/hook/pythonscriptspath.ps1'
[7.575s] INFO:colcon.colcon_core.shell:Creating environment descriptor '/home/ugv-c7/CodeWorkspace/UGV-Robot/ros2_humble_colcon_ws/install/moveit_core/share/moveit_core/hook/pythonscriptspath.dsv'
[7.576s] INFO:colcon.colcon_core.shell:Creating environment hook '/home/ugv-c7/CodeWorkspace/UGV-Robot/ros2_humble_colcon_ws/install/moveit_core/share/moveit_core/hook/pythonscriptspath.sh'
[7.578s] INFO:colcon.colcon_core.shell:Creating package script '/home/ugv-c7/CodeWorkspace/UGV-Robot/ros2_humble_colcon_ws/install/moveit_core/share/moveit_core/package.ps1'
[7.579s] INFO:colcon.colcon_core.shell:Creating package descriptor '/home/ugv-c7/CodeWorkspace/UGV-Robot/ros2_humble_colcon_ws/install/moveit_core/share/moveit_core/package.dsv'
[7.581s] INFO:colcon.colcon_core.shell:Creating package script '/home/ugv-c7/CodeWorkspace/UGV-Robot/ros2_humble_colcon_ws/install/moveit_core/share/moveit_core/package.sh'
[7.582s] INFO:colcon.colcon_core.shell:Creating package script '/home/ugv-c7/CodeWorkspace/UGV-Robot/ros2_humble_colcon_ws/install/moveit_core/share/moveit_core/package.bash'
[7.583s] INFO:colcon.colcon_core.shell:Creating package script '/home/ugv-c7/CodeWorkspace/UGV-Robot/ros2_humble_colcon_ws/install/moveit_core/share/moveit_core/package.zsh'
[7.584s] Level 1:colcon.colcon_core.environment:create_file_with_runtime_dependencies(/home/ugv-c7/CodeWorkspace/UGV-Robot/ros2_humble_colcon_ws/install/moveit_core/share/colcon-core/packages/moveit_core)
[7.587s] Level 1:colcon.colcon_core.environment:create_environment_scripts_only(moveit_core)
[7.587s] Level 1:colcon.colcon_core.environment:checking '/home/ugv-c7/CodeWorkspace/UGV-Robot/ros2_humble_colcon_ws/install/moveit_core' for CMake module files
[7.588s] Level 1:colcon.colcon_core.environment:checking '/home/ugv-c7/CodeWorkspace/UGV-Robot/ros2_humble_colcon_ws/install/moveit_core' for CMake config files
[7.589s] Level 1:colcon.colcon_core.shell:create_environment_hook('moveit_core', 'cmake_prefix_path')
[7.590s] INFO:colcon.colcon_core.shell:Creating environment hook '/home/ugv-c7/CodeWorkspace/UGV-Robot/ros2_humble_colcon_ws/install/moveit_core/share/moveit_core/hook/cmake_prefix_path.ps1'
[7.591s] INFO:colcon.colcon_core.shell:Creating environment descriptor '/home/ugv-c7/CodeWorkspace/UGV-Robot/ros2_humble_colcon_ws/install/moveit_core/share/moveit_core/hook/cmake_prefix_path.dsv'
[7.592s] INFO:colcon.colcon_core.shell:Creating environment hook '/home/ugv-c7/CodeWorkspace/UGV-Robot/ros2_humble_colcon_ws/install/moveit_core/share/moveit_core/hook/cmake_prefix_path.sh'
[7.593s] Level 1:colcon.colcon_core.environment:checking '/home/ugv-c7/CodeWorkspace/UGV-Robot/ros2_humble_colcon_ws/install/moveit_core/lib'
[7.593s] Level 1:colcon.colcon_core.shell:create_environment_hook('moveit_core', 'ld_library_path_lib')
[7.594s] INFO:colcon.colcon_core.shell:Creating environment hook '/home/ugv-c7/CodeWorkspace/UGV-Robot/ros2_humble_colcon_ws/install/moveit_core/share/moveit_core/hook/ld_library_path_lib.ps1'
[7.595s] INFO:colcon.colcon_core.shell:Creating environment descriptor '/home/ugv-c7/CodeWorkspace/UGV-Robot/ros2_humble_colcon_ws/install/moveit_core/share/moveit_core/hook/ld_library_path_lib.dsv'
[7.596s] INFO:colcon.colcon_core.shell:Creating environment hook '/home/ugv-c7/CodeWorkspace/UGV-Robot/ros2_humble_colcon_ws/install/moveit_core/share/moveit_core/hook/ld_library_path_lib.sh'
[7.597s] Level 1:colcon.colcon_core.environment:checking '/home/ugv-c7/CodeWorkspace/UGV-Robot/ros2_humble_colcon_ws/install/moveit_core/bin'
[7.597s] Level 1:colcon.colcon_core.shell:create_environment_hook('moveit_core', 'path')
[7.597s] INFO:colcon.colcon_core.shell:Creating environment hook '/home/ugv-c7/CodeWorkspace/UGV-Robot/ros2_humble_colcon_ws/install/moveit_core/share/moveit_core/hook/path.ps1'
[7.598s] INFO:colcon.colcon_core.shell:Creating environment descriptor '/home/ugv-c7/CodeWorkspace/UGV-Robot/ros2_humble_colcon_ws/install/moveit_core/share/moveit_core/hook/path.dsv'
[7.599s] INFO:colcon.colcon_core.shell:Creating environment hook '/home/ugv-c7/CodeWorkspace/UGV-Robot/ros2_humble_colcon_ws/install/moveit_core/share/moveit_core/hook/path.sh'
[7.600s] Level 1:colcon.colcon_core.environment:checking '/home/ugv-c7/CodeWorkspace/UGV-Robot/ros2_humble_colcon_ws/install/moveit_core/lib/pkgconfig/moveit_core.pc'
[7.601s] Level 1:colcon.colcon_core.environment:checking '/home/ugv-c7/CodeWorkspace/UGV-Robot/ros2_humble_colcon_ws/install/moveit_core/lib/python3.10/site-packages'
[7.602s] Level 1:colcon.colcon_core.environment:checking '/home/ugv-c7/CodeWorkspace/UGV-Robot/ros2_humble_colcon_ws/install/moveit_core/bin'
[7.602s] Level 1:colcon.colcon_core.shell:create_environment_hook('moveit_core', 'pythonscriptspath')
[7.602s] INFO:colcon.colcon_core.shell:Creating environment hook '/home/ugv-c7/CodeWorkspace/UGV-Robot/ros2_humble_colcon_ws/install/moveit_core/share/moveit_core/hook/pythonscriptspath.ps1'
[7.603s] INFO:colcon.colcon_core.shell:Creating environment descriptor '/home/ugv-c7/CodeWorkspace/UGV-Robot/ros2_humble_colcon_ws/install/moveit_core/share/moveit_core/hook/pythonscriptspath.dsv'
[7.604s] INFO:colcon.colcon_core.shell:Creating environment hook '/home/ugv-c7/CodeWorkspace/UGV-Robot/ros2_humble_colcon_ws/install/moveit_core/share/moveit_core/hook/pythonscriptspath.sh'
[7.606s] INFO:colcon.colcon_core.shell:Creating package script '/home/ugv-c7/CodeWorkspace/UGV-Robot/ros2_humble_colcon_ws/install/moveit_core/share/moveit_core/package.ps1'
[7.608s] INFO:colcon.colcon_core.shell:Creating package descriptor '/home/ugv-c7/CodeWorkspace/UGV-Robot/ros2_humble_colcon_ws/install/moveit_core/share/moveit_core/package.dsv'
[7.609s] INFO:colcon.colcon_core.shell:Creating package script '/home/ugv-c7/CodeWorkspace/UGV-Robot/ros2_humble_colcon_ws/install/moveit_core/share/moveit_core/package.sh'
[7.610s] INFO:colcon.colcon_core.shell:Creating package script '/home/ugv-c7/CodeWorkspace/UGV-Robot/ros2_humble_colcon_ws/install/moveit_core/share/moveit_core/package.bash'
[7.611s] INFO:colcon.colcon_core.shell:Creating package script '/home/ugv-c7/CodeWorkspace/UGV-Robot/ros2_humble_colcon_ws/install/moveit_core/share/moveit_core/package.zsh'
[7.613s] Level 1:colcon.colcon_core.environment:create_file_with_runtime_dependencies(/home/ugv-c7/CodeWorkspace/UGV-Robot/ros2_humble_colcon_ws/install/moveit_core/share/colcon-core/packages/moveit_core)
[7.616s] INFO:colcon.colcon_ros.task.ament_cmake.build:Building ROS package in '/home/ugv-c7/CodeWorkspace/UGV-Robot/ros2_humble_colcon_ws/src/moveit2/moveit_ros/occupancy_map_monitor' with build type 'ament_cmake'
[7.616s] INFO:colcon.colcon_cmake.task.cmake.build:Building CMake package in '/home/ugv-c7/CodeWorkspace/UGV-Robot/ros2_humble_colcon_ws/src/moveit2/moveit_ros/occupancy_map_monitor'
[7.617s] INFO:colcon.colcon_core.shell:Skip shell extension 'powershell' for command environment: Not usable outside of PowerShell
[7.617s] DEBUG:colcon.colcon_core.shell:Skip shell extension 'dsv' for command environment
[7.626s] INFO:colcon.colcon_ros.task.ament_cmake.build:Building ROS package in '/home/ugv-c7/CodeWorkspace/UGV-Robot/ros2_humble_colcon_ws/src/moveit2/moveit_plugins/moveit_simple_controller_manager' with build type 'ament_cmake'
[7.626s] INFO:colcon.colcon_cmake.task.cmake.build:Building CMake package in '/home/ugv-c7/CodeWorkspace/UGV-Robot/ros2_humble_colcon_ws/src/moveit2/moveit_plugins/moveit_simple_controller_manager'
[7.627s] INFO:colcon.colcon_core.shell:Skip shell extension 'powershell' for command environment: Not usable outside of PowerShell
[7.627s] DEBUG:colcon.colcon_core.shell:Skip shell extension 'dsv' for command environment
[7.635s] INFO:colcon.colcon_ros.task.ament_cmake.build:Building ROS package in '/home/ugv-c7/CodeWorkspace/UGV-Robot/ros2_humble_colcon_ws/src/moveit2/moveit_planners/test_configs/prbt_ikfast_manipulator_plugin' with build type 'ament_cmake'
[7.635s] INFO:colcon.colcon_cmake.task.cmake.build:Building CMake package in '/home/ugv-c7/CodeWorkspace/UGV-Robot/ros2_humble_colcon_ws/src/moveit2/moveit_planners/test_configs/prbt_ikfast_manipulator_plugin'
[7.636s] INFO:colcon.colcon_core.shell:Skip shell extension 'powershell' for command environment: Not usable outside of PowerShell
[7.636s] DEBUG:colcon.colcon_core.shell:Skip shell extension 'dsv' for command environment
[7.646s] INFO:colcon.colcon_ros.task.ament_cmake.build:Building ROS package in '/home/ugv-c7/CodeWorkspace/UGV-Robot/ros2_humble_colcon_ws/src/moveit2/moveit_planners/chomp/chomp_motion_planner' with build type 'ament_cmake'
[7.646s] INFO:colcon.colcon_cmake.task.cmake.build:Building CMake package in '/home/ugv-c7/CodeWorkspace/UGV-Robot/ros2_humble_colcon_ws/src/moveit2/moveit_planners/chomp/chomp_motion_planner'
[7.647s] INFO:colcon.colcon_core.shell:Skip shell extension 'powershell' for command environment: Not usable outside of PowerShell
[7.647s] DEBUG:colcon.colcon_core.shell:Skip shell extension 'dsv' for command environment
[7.671s] DEBUG:colcon.colcon_core.event_handler.log_command:Invoking command in '/home/ugv-c7/CodeWorkspace/UGV-Robot/ros2_humble_colcon_ws/build/moveit_ros_occupancy_map_monitor': AMENT_PREFIX_PATH=/home/ugv-c7/CodeWorkspace/UGV-Robot/ros2_humble_colcon_ws/install/moveit_core:/home/ugv-c7/CodeWorkspace/UGV-Robot/ros2_humble_colcon_ws/install/moveit_resources_panda_moveit_config:/home/ugv-c7/CodeWorkspace/UGV-Robot/ros2_humble_colcon_ws/install/srdfdom:/home/ugv-c7/CodeWorkspace/UGV-Robot/ros2_humble_colcon_ws/install/moveit_resources_pr2_description:/home/ugv-c7/CodeWorkspace/UGV-Robot/ros2_humble_colcon_ws/install/moveit_resources_panda_description:/home/ugv-c7/CodeWorkspace/UGV-Robot/ros2_humble_colcon_ws/install/moveit_common:${AMENT_PREFIX_PATH} CMAKE_PREFIX_PATH=/home/ugv-c7/CodeWorkspace/UGV-Robot/ros2_humble_colcon_ws/install/moveit_core:/home/ugv-c7/CodeWorkspace/UGV-Robot/ros2_humble_colcon_ws/install/moveit_resources_panda_moveit_config:/home/ugv-c7/CodeWorkspace/UGV-Robot/ros2_humble_colcon_ws/install/srdfdom:/home/ugv-c7/CodeWorkspace/UGV-Robot/ros2_humble_colcon_ws/install/moveit_resources_pr2_description:/home/ugv-c7/CodeWorkspace/UGV-Robot/ros2_humble_colcon_ws/install/moveit_resources_panda_description:/home/ugv-c7/CodeWorkspace/UGV-Robot/ros2_humble_colcon_ws/install/moveit_common:/opt/ros/humble LD_LIBRARY_PATH=/home/ugv-c7/CodeWorkspace/UGV-Robot/ros2_humble_colcon_ws/install/moveit_core/lib:/home/ugv-c7/CodeWorkspace/UGV-Robot/ros2_humble_colcon_ws/install/srdfdom/lib:${LD_LIBRARY_PATH} PATH=/home/ugv-c7/CodeWorkspace/UGV-Robot/ros2_humble_colcon_ws/install/moveit_core/bin:${PATH} PYTHONPATH=/home/ugv-c7/CodeWorkspace/UGV-Robot/ros2_humble_colcon_ws/install/srdfdom/local/lib/python3.10/dist-packages:${PYTHONPATH} /usr/bin/cmake --build /home/ugv-c7/CodeWorkspace/UGV-Robot/ros2_humble_colcon_ws/build/moveit_ros_occupancy_map_monitor -- -j6 -l6
[7.683s] DEBUG:colcon.colcon_core.event_handler.log_command:Invoking command in '/home/ugv-c7/CodeWorkspace/UGV-Robot/ros2_humble_colcon_ws/build/moveit_simple_controller_manager': AMENT_PREFIX_PATH=/home/ugv-c7/CodeWorkspace/UGV-Robot/ros2_humble_colcon_ws/install/moveit_core:/home/ugv-c7/CodeWorkspace/UGV-Robot/ros2_humble_colcon_ws/install/moveit_resources_panda_moveit_config:/home/ugv-c7/CodeWorkspace/UGV-Robot/ros2_humble_colcon_ws/install/srdfdom:/home/ugv-c7/CodeWorkspace/UGV-Robot/ros2_humble_colcon_ws/install/moveit_resources_pr2_description:/home/ugv-c7/CodeWorkspace/UGV-Robot/ros2_humble_colcon_ws/install/moveit_resources_panda_description:/home/ugv-c7/CodeWorkspace/UGV-Robot/ros2_humble_colcon_ws/install/moveit_common:${AMENT_PREFIX_PATH} CMAKE_PREFIX_PATH=/home/ugv-c7/CodeWorkspace/UGV-Robot/ros2_humble_colcon_ws/install/moveit_core:/home/ugv-c7/CodeWorkspace/UGV-Robot/ros2_humble_colcon_ws/install/moveit_resources_panda_moveit_config:/home/ugv-c7/CodeWorkspace/UGV-Robot/ros2_humble_colcon_ws/install/srdfdom:/home/ugv-c7/CodeWorkspace/UGV-Robot/ros2_humble_colcon_ws/install/moveit_resources_pr2_description:/home/ugv-c7/CodeWorkspace/UGV-Robot/ros2_humble_colcon_ws/install/moveit_resources_panda_description:/home/ugv-c7/CodeWorkspace/UGV-Robot/ros2_humble_colcon_ws/install/moveit_common:/opt/ros/humble LD_LIBRARY_PATH=/home/ugv-c7/CodeWorkspace/UGV-Robot/ros2_humble_colcon_ws/install/moveit_core/lib:/home/ugv-c7/CodeWorkspace/UGV-Robot/ros2_humble_colcon_ws/install/srdfdom/lib:${LD_LIBRARY_PATH} PATH=/home/ugv-c7/CodeWorkspace/UGV-Robot/ros2_humble_colcon_ws/install/moveit_core/bin:${PATH} PYTHONPATH=/home/ugv-c7/CodeWorkspace/UGV-Robot/ros2_humble_colcon_ws/install/srdfdom/local/lib/python3.10/dist-packages:${PYTHONPATH} /usr/bin/cmake --build /home/ugv-c7/CodeWorkspace/UGV-Robot/ros2_humble_colcon_ws/build/moveit_simple_controller_manager -- -j6 -l6
[7.696s] DEBUG:colcon.colcon_core.event_handler.log_command:Invoking command in '/home/ugv-c7/CodeWorkspace/UGV-Robot/ros2_humble_colcon_ws/build/moveit_resources_prbt_ikfast_manipulator_plugin': AMENT_PREFIX_PATH=/home/ugv-c7/CodeWorkspace/UGV-Robot/ros2_humble_colcon_ws/install/moveit_core:/home/ugv-c7/CodeWorkspace/UGV-Robot/ros2_humble_colcon_ws/install/moveit_resources_panda_moveit_config:/home/ugv-c7/CodeWorkspace/UGV-Robot/ros2_humble_colcon_ws/install/srdfdom:/home/ugv-c7/CodeWorkspace/UGV-Robot/ros2_humble_colcon_ws/install/moveit_resources_pr2_description:/home/ugv-c7/CodeWorkspace/UGV-Robot/ros2_humble_colcon_ws/install/moveit_resources_panda_description:/home/ugv-c7/CodeWorkspace/UGV-Robot/ros2_humble_colcon_ws/install/moveit_common:${AMENT_PREFIX_PATH} CMAKE_PREFIX_PATH=/home/ugv-c7/CodeWorkspace/UGV-Robot/ros2_humble_colcon_ws/install/moveit_core:/home/ugv-c7/CodeWorkspace/UGV-Robot/ros2_humble_colcon_ws/install/moveit_resources_panda_moveit_config:/home/ugv-c7/CodeWorkspace/UGV-Robot/ros2_humble_colcon_ws/install/srdfdom:/home/ugv-c7/CodeWorkspace/UGV-Robot/ros2_humble_colcon_ws/install/moveit_resources_pr2_description:/home/ugv-c7/CodeWorkspace/UGV-Robot/ros2_humble_colcon_ws/install/moveit_resources_panda_description:/home/ugv-c7/CodeWorkspace/UGV-Robot/ros2_humble_colcon_ws/install/moveit_common:/opt/ros/humble LD_LIBRARY_PATH=/home/ugv-c7/CodeWorkspace/UGV-Robot/ros2_humble_colcon_ws/install/moveit_core/lib:/home/ugv-c7/CodeWorkspace/UGV-Robot/ros2_humble_colcon_ws/install/srdfdom/lib:${LD_LIBRARY_PATH} PATH=/home/ugv-c7/CodeWorkspace/UGV-Robot/ros2_humble_colcon_ws/install/moveit_core/bin:${PATH} PYTHONPATH=/home/ugv-c7/CodeWorkspace/UGV-Robot/ros2_humble_colcon_ws/install/srdfdom/local/lib/python3.10/dist-packages:${PYTHONPATH} /usr/bin/cmake --build /home/ugv-c7/CodeWorkspace/UGV-Robot/ros2_humble_colcon_ws/build/moveit_resources_prbt_ikfast_manipulator_plugin -- -j6 -l6
[7.709s] DEBUG:colcon.colcon_core.event_handler.log_command:Invoking command in '/home/ugv-c7/CodeWorkspace/UGV-Robot/ros2_humble_colcon_ws/build/chomp_motion_planner': AMENT_PREFIX_PATH=/home/ugv-c7/CodeWorkspace/UGV-Robot/ros2_humble_colcon_ws/install/moveit_core:/home/ugv-c7/CodeWorkspace/UGV-Robot/ros2_humble_colcon_ws/install/moveit_resources_panda_moveit_config:/home/ugv-c7/CodeWorkspace/UGV-Robot/ros2_humble_colcon_ws/install/srdfdom:/home/ugv-c7/CodeWorkspace/UGV-Robot/ros2_humble_colcon_ws/install/moveit_resources_pr2_description:/home/ugv-c7/CodeWorkspace/UGV-Robot/ros2_humble_colcon_ws/install/moveit_resources_panda_description:/home/ugv-c7/CodeWorkspace/UGV-Robot/ros2_humble_colcon_ws/install/moveit_common:${AMENT_PREFIX_PATH} CMAKE_PREFIX_PATH=/home/ugv-c7/CodeWorkspace/UGV-Robot/ros2_humble_colcon_ws/install/moveit_core:/home/ugv-c7/CodeWorkspace/UGV-Robot/ros2_humble_colcon_ws/install/moveit_resources_panda_moveit_config:/home/ugv-c7/CodeWorkspace/UGV-Robot/ros2_humble_colcon_ws/install/srdfdom:/home/ugv-c7/CodeWorkspace/UGV-Robot/ros2_humble_colcon_ws/install/moveit_resources_pr2_description:/home/ugv-c7/CodeWorkspace/UGV-Robot/ros2_humble_colcon_ws/install/moveit_resources_panda_description:/home/ugv-c7/CodeWorkspace/UGV-Robot/ros2_humble_colcon_ws/install/moveit_common:/opt/ros/humble LD_LIBRARY_PATH=/home/ugv-c7/CodeWorkspace/UGV-Robot/ros2_humble_colcon_ws/install/moveit_core/lib:/home/ugv-c7/CodeWorkspace/UGV-Robot/ros2_humble_colcon_ws/install/srdfdom/lib:${LD_LIBRARY_PATH} PATH=/home/ugv-c7/CodeWorkspace/UGV-Robot/ros2_humble_colcon_ws/install/moveit_core/bin:${PATH} PYTHONPATH=/home/ugv-c7/CodeWorkspace/UGV-Robot/ros2_humble_colcon_ws/install/srdfdom/local/lib/python3.10/dist-packages:${PYTHONPATH} /usr/bin/cmake --build /home/ugv-c7/CodeWorkspace/UGV-Robot/ros2_humble_colcon_ws/build/chomp_motion_planner -- -j6 -l6
[8.558s] DEBUG:colcon.colcon_core.event_handler.log_command:Invoking command in '/home/ugv-c7/CodeWorkspace/UGV-Robot/ros2_humble_colcon_ws/src/moveit2/moveit_configs_utils': AMENT_PREFIX_PATH=/home/ugv-c7/CodeWorkspace/UGV-Robot/ros2_humble_colcon_ws/install/srdfdom:/home/ugv-c7/CodeWorkspace/UGV-Robot/ros2_humble_colcon_ws/install/launch_param_builder:${AMENT_PREFIX_PATH} CMAKE_PREFIX_PATH=/home/ugv-c7/CodeWorkspace/UGV-Robot/ros2_humble_colcon_ws/install/srdfdom LD_LIBRARY_PATH=/home/ugv-c7/CodeWorkspace/UGV-Robot/ros2_humble_colcon_ws/install/srdfdom/lib:${LD_LIBRARY_PATH} PYTHONPATH=/home/ugv-c7/CodeWorkspace/UGV-Robot/ros2_humble_colcon_ws/build/moveit_configs_utils/prefix_override:/usr/lib/python3/dist-packages/colcon_core/task/python/colcon_distutils_commands:/home/ugv-c7/CodeWorkspace/UGV-Robot/ros2_humble_colcon_ws/install/moveit_configs_utils/lib/python3.10/site-packages:/home/ugv-c7/CodeWorkspace/UGV-Robot/ros2_humble_colcon_ws/install/srdfdom/local/lib/python3.10/dist-packages:/home/ugv-c7/CodeWorkspace/UGV-Robot/ros2_humble_colcon_ws/install/launch_param_builder/lib/python3.10/site-packages:${PYTHONPATH} /usr/bin/python3 -W ignore:setup.py install is deprecated -W ignore:easy_install command is deprecated setup.py egg_info --egg-base ../../../build/moveit_configs_utils build --build-base /home/ugv-c7/CodeWorkspace/UGV-Robot/ros2_humble_colcon_ws/build/moveit_configs_utils/build install --record /home/ugv-c7/CodeWorkspace/UGV-Robot/ros2_humble_colcon_ws/build/moveit_configs_utils/install.log --single-version-externally-managed install_data
[8.757s] Level 1:colcon.colcon_core.environment:checking '/home/ugv-c7/CodeWorkspace/UGV-Robot/ros2_humble_colcon_ws/install/py_pub_sub' for CMake module files
[8.758s] Level 1:colcon.colcon_core.environment:checking '/home/ugv-c7/CodeWorkspace/UGV-Robot/ros2_humble_colcon_ws/install/py_pub_sub' for CMake config files
[8.760s] DEBUG:colcon.colcon_core.event_handler.log_command:Invoked command in '/home/ugv-c7/CodeWorkspace/UGV-Robot/ros2_humble_colcon_ws/src/py_pub_sub' returned '0': PYTHONPATH=/home/ugv-c7/CodeWorkspace/UGV-Robot/ros2_humble_colcon_ws/build/py_pub_sub/prefix_override:/usr/lib/python3/dist-packages/colcon_core/task/python/colcon_distutils_commands:/home/ugv-c7/CodeWorkspace/UGV-Robot/ros2_humble_colcon_ws/install/py_pub_sub/lib/python3.10/site-packages:${PYTHONPATH} /usr/bin/python3 -W ignore:setup.py install is deprecated -W ignore:easy_install command is deprecated setup.py egg_info --egg-base ../../build/py_pub_sub build --build-base /home/ugv-c7/CodeWorkspace/UGV-Robot/ros2_humble_colcon_ws/build/py_pub_sub/build install --record /home/ugv-c7/CodeWorkspace/UGV-Robot/ros2_humble_colcon_ws/build/py_pub_sub/install.log --single-version-externally-managed install_data
[8.762s] Level 1:colcon.colcon_core.environment:checking '/home/ugv-c7/CodeWorkspace/UGV-Robot/ros2_humble_colcon_ws/install/py_pub_sub/lib'
[8.762s] Level 1:colcon.colcon_core.environment:checking '/home/ugv-c7/CodeWorkspace/UGV-Robot/ros2_humble_colcon_ws/install/py_pub_sub/bin'
[8.762s] Level 1:colcon.colcon_core.environment:checking '/home/ugv-c7/CodeWorkspace/UGV-Robot/ros2_humble_colcon_ws/install/py_pub_sub/lib/pkgconfig/py_pub_sub.pc'
[8.763s] Level 1:colcon.colcon_core.environment:checking '/home/ugv-c7/CodeWorkspace/UGV-Robot/ros2_humble_colcon_ws/install/py_pub_sub/lib/python3.10/site-packages'
[8.763s] Level 1:colcon.colcon_core.shell:create_environment_hook('py_pub_sub', 'pythonpath')
[8.764s] INFO:colcon.colcon_core.shell:Creating environment hook '/home/ugv-c7/CodeWorkspace/UGV-Robot/ros2_humble_colcon_ws/install/py_pub_sub/share/py_pub_sub/hook/pythonpath.ps1'
[8.766s] INFO:colcon.colcon_core.shell:Creating environment descriptor '/home/ugv-c7/CodeWorkspace/UGV-Robot/ros2_humble_colcon_ws/install/py_pub_sub/share/py_pub_sub/hook/pythonpath.dsv'
[8.772s] INFO:colcon.colcon_core.shell:Creating environment hook '/home/ugv-c7/CodeWorkspace/UGV-Robot/ros2_humble_colcon_ws/install/py_pub_sub/share/py_pub_sub/hook/pythonpath.sh'
[8.781s] Level 1:colcon.colcon_core.environment:checking '/home/ugv-c7/CodeWorkspace/UGV-Robot/ros2_humble_colcon_ws/install/py_pub_sub/bin'
[8.782s] Level 1:colcon.colcon_core.environment:create_environment_scripts_only(py_pub_sub)
[8.793s] INFO:colcon.colcon_core.shell:Creating package script '/home/ugv-c7/CodeWorkspace/UGV-Robot/ros2_humble_colcon_ws/install/py_pub_sub/share/py_pub_sub/package.ps1'
[8.796s] INFO:colcon.colcon_core.shell:Creating package descriptor '/home/ugv-c7/CodeWorkspace/UGV-Robot/ros2_humble_colcon_ws/install/py_pub_sub/share/py_pub_sub/package.dsv'
[8.797s] INFO:colcon.colcon_core.shell:Creating package script '/home/ugv-c7/CodeWorkspace/UGV-Robot/ros2_humble_colcon_ws/install/py_pub_sub/share/py_pub_sub/package.sh'
[8.800s] INFO:colcon.colcon_core.shell:Creating package script '/home/ugv-c7/CodeWorkspace/UGV-Robot/ros2_humble_colcon_ws/install/py_pub_sub/share/py_pub_sub/package.bash'
[8.801s] INFO:colcon.colcon_core.shell:Creating package script '/home/ugv-c7/CodeWorkspace/UGV-Robot/ros2_humble_colcon_ws/install/py_pub_sub/share/py_pub_sub/package.zsh'
[8.804s] Level 1:colcon.colcon_core.environment:create_file_with_runtime_dependencies(/home/ugv-c7/CodeWorkspace/UGV-Robot/ros2_humble_colcon_ws/install/py_pub_sub/share/colcon-core/packages/py_pub_sub)
[8.810s] INFO:colcon.colcon_ros.task.ament_cmake.build:Building ROS package in '/home/ugv-c7/CodeWorkspace/UGV-Robot/ros2_humble_colcon_ws/src/moveit2/moveit_planners/pilz_industrial_motion_planner_testutils' with build type 'ament_cmake'
[8.811s] INFO:colcon.colcon_cmake.task.cmake.build:Building CMake package in '/home/ugv-c7/CodeWorkspace/UGV-Robot/ros2_humble_colcon_ws/src/moveit2/moveit_planners/pilz_industrial_motion_planner_testutils'
[8.811s] INFO:colcon.colcon_core.shell:Skip shell extension 'powershell' for command environment: Not usable outside of PowerShell
[8.812s] DEBUG:colcon.colcon_core.shell:Skip shell extension 'dsv' for command environment
[9.015s] DEBUG:colcon.colcon_core.event_handler.log_command:Invoking command in '/home/ugv-c7/CodeWorkspace/UGV-Robot/ros2_humble_colcon_ws/build/pilz_industrial_motion_planner_testutils': AMENT_PREFIX_PATH=/home/ugv-c7/CodeWorkspace/UGV-Robot/ros2_humble_colcon_ws/install/moveit_core:/home/ugv-c7/CodeWorkspace/UGV-Robot/ros2_humble_colcon_ws/install/moveit_resources_panda_moveit_config:/home/ugv-c7/CodeWorkspace/UGV-Robot/ros2_humble_colcon_ws/install/srdfdom:/home/ugv-c7/CodeWorkspace/UGV-Robot/ros2_humble_colcon_ws/install/moveit_resources_pr2_description:/home/ugv-c7/CodeWorkspace/UGV-Robot/ros2_humble_colcon_ws/install/moveit_resources_panda_description:/home/ugv-c7/CodeWorkspace/UGV-Robot/ros2_humble_colcon_ws/install/moveit_common:${AMENT_PREFIX_PATH} CMAKE_PREFIX_PATH=/home/ugv-c7/CodeWorkspace/UGV-Robot/ros2_humble_colcon_ws/install/moveit_core:/home/ugv-c7/CodeWorkspace/UGV-Robot/ros2_humble_colcon_ws/install/moveit_resources_panda_moveit_config:/home/ugv-c7/CodeWorkspace/UGV-Robot/ros2_humble_colcon_ws/install/srdfdom:/home/ugv-c7/CodeWorkspace/UGV-Robot/ros2_humble_colcon_ws/install/moveit_resources_pr2_description:/home/ugv-c7/CodeWorkspace/UGV-Robot/ros2_humble_colcon_ws/install/moveit_resources_panda_description:/home/ugv-c7/CodeWorkspace/UGV-Robot/ros2_humble_colcon_ws/install/moveit_common:/opt/ros/humble LD_LIBRARY_PATH=/home/ugv-c7/CodeWorkspace/UGV-Robot/ros2_humble_colcon_ws/install/moveit_core/lib:/home/ugv-c7/CodeWorkspace/UGV-Robot/ros2_humble_colcon_ws/install/srdfdom/lib:${LD_LIBRARY_PATH} PATH=/home/ugv-c7/CodeWorkspace/UGV-Robot/ros2_humble_colcon_ws/install/moveit_core/bin:${PATH} PYTHONPATH=/home/ugv-c7/CodeWorkspace/UGV-Robot/ros2_humble_colcon_ws/install/srdfdom/local/lib/python3.10/dist-packages:${PYTHONPATH} /usr/bin/cmake --build /home/ugv-c7/CodeWorkspace/UGV-Robot/ros2_humble_colcon_ws/build/pilz_industrial_motion_planner_testutils -- -j6 -l6
[11.120s] Level 1:colcon.colcon_core.environment:checking '/home/ugv-c7/CodeWorkspace/UGV-Robot/ros2_humble_colcon_ws/install/moveit_configs_utils' for CMake module files
[11.122s] Level 1:colcon.colcon_core.environment:checking '/home/ugv-c7/CodeWorkspace/UGV-Robot/ros2_humble_colcon_ws/install/moveit_configs_utils' for CMake config files
[11.124s] Level 1:colcon.colcon_core.environment:checking '/home/ugv-c7/CodeWorkspace/UGV-Robot/ros2_humble_colcon_ws/install/moveit_configs_utils/lib'
[11.125s] DEBUG:colcon.colcon_core.event_handler.log_command:Invoked command in '/home/ugv-c7/CodeWorkspace/UGV-Robot/ros2_humble_colcon_ws/src/moveit2/moveit_configs_utils' returned '0': AMENT_PREFIX_PATH=/home/ugv-c7/CodeWorkspace/UGV-Robot/ros2_humble_colcon_ws/install/srdfdom:/home/ugv-c7/CodeWorkspace/UGV-Robot/ros2_humble_colcon_ws/install/launch_param_builder:${AMENT_PREFIX_PATH} CMAKE_PREFIX_PATH=/home/ugv-c7/CodeWorkspace/UGV-Robot/ros2_humble_colcon_ws/install/srdfdom LD_LIBRARY_PATH=/home/ugv-c7/CodeWorkspace/UGV-Robot/ros2_humble_colcon_ws/install/srdfdom/lib:${LD_LIBRARY_PATH} PYTHONPATH=/home/ugv-c7/CodeWorkspace/UGV-Robot/ros2_humble_colcon_ws/build/moveit_configs_utils/prefix_override:/usr/lib/python3/dist-packages/colcon_core/task/python/colcon_distutils_commands:/home/ugv-c7/CodeWorkspace/UGV-Robot/ros2_humble_colcon_ws/install/moveit_configs_utils/lib/python3.10/site-packages:/home/ugv-c7/CodeWorkspace/UGV-Robot/ros2_humble_colcon_ws/install/srdfdom/local/lib/python3.10/dist-packages:/home/ugv-c7/CodeWorkspace/UGV-Robot/ros2_humble_colcon_ws/install/launch_param_builder/lib/python3.10/site-packages:${PYTHONPATH} /usr/bin/python3 -W ignore:setup.py install is deprecated -W ignore:easy_install command is deprecated setup.py egg_info --egg-base ../../../build/moveit_configs_utils build --build-base /home/ugv-c7/CodeWorkspace/UGV-Robot/ros2_humble_colcon_ws/build/moveit_configs_utils/build install --record /home/ugv-c7/CodeWorkspace/UGV-Robot/ros2_humble_colcon_ws/build/moveit_configs_utils/install.log --single-version-externally-managed install_data
[11.126s] Level 1:colcon.colcon_core.environment:checking '/home/ugv-c7/CodeWorkspace/UGV-Robot/ros2_humble_colcon_ws/install/moveit_configs_utils/bin'
[11.126s] Level 1:colcon.colcon_core.environment:checking '/home/ugv-c7/CodeWorkspace/UGV-Robot/ros2_humble_colcon_ws/install/moveit_configs_utils/lib/pkgconfig/moveit_configs_utils.pc'
[11.127s] Level 1:colcon.colcon_core.environment:checking '/home/ugv-c7/CodeWorkspace/UGV-Robot/ros2_humble_colcon_ws/install/moveit_configs_utils/lib/python3.10/site-packages'
[11.127s] Level 1:colcon.colcon_core.shell:create_environment_hook('moveit_configs_utils', 'pythonpath')
[11.128s] INFO:colcon.colcon_core.shell:Creating environment hook '/home/ugv-c7/CodeWorkspace/UGV-Robot/ros2_humble_colcon_ws/install/moveit_configs_utils/share/moveit_configs_utils/hook/pythonpath.ps1'
[11.137s] INFO:colcon.colcon_core.shell:Creating environment descriptor '/home/ugv-c7/CodeWorkspace/UGV-Robot/ros2_humble_colcon_ws/install/moveit_configs_utils/share/moveit_configs_utils/hook/pythonpath.dsv'
[11.149s] INFO:colcon.colcon_core.shell:Creating environment hook '/home/ugv-c7/CodeWorkspace/UGV-Robot/ros2_humble_colcon_ws/install/moveit_configs_utils/share/moveit_configs_utils/hook/pythonpath.sh'
[11.153s] Level 1:colcon.colcon_core.environment:checking '/home/ugv-c7/CodeWorkspace/UGV-Robot/ros2_humble_colcon_ws/install/moveit_configs_utils/bin'
[11.154s] Level 1:colcon.colcon_core.environment:create_environment_scripts_only(moveit_configs_utils)
[11.155s] INFO:colcon.colcon_core.shell:Creating package script '/home/ugv-c7/CodeWorkspace/UGV-Robot/ros2_humble_colcon_ws/install/moveit_configs_utils/share/moveit_configs_utils/package.ps1'
[11.166s] INFO:colcon.colcon_core.shell:Creating package descriptor '/home/ugv-c7/CodeWorkspace/UGV-Robot/ros2_humble_colcon_ws/install/moveit_configs_utils/share/moveit_configs_utils/package.dsv'
[11.168s] INFO:colcon.colcon_core.shell:Creating package script '/home/ugv-c7/CodeWorkspace/UGV-Robot/ros2_humble_colcon_ws/install/moveit_configs_utils/share/moveit_configs_utils/package.sh'
[11.181s] INFO:colcon.colcon_core.shell:Creating package script '/home/ugv-c7/CodeWorkspace/UGV-Robot/ros2_humble_colcon_ws/install/moveit_configs_utils/share/moveit_configs_utils/package.bash'
[11.183s] INFO:colcon.colcon_core.shell:Creating package script '/home/ugv-c7/CodeWorkspace/UGV-Robot/ros2_humble_colcon_ws/install/moveit_configs_utils/share/moveit_configs_utils/package.zsh'
[11.189s] Level 1:colcon.colcon_core.environment:create_file_with_runtime_dependencies(/home/ugv-c7/CodeWorkspace/UGV-Robot/ros2_humble_colcon_ws/install/moveit_configs_utils/share/colcon-core/packages/moveit_configs_utils)
[11.194s] INFO:colcon.colcon_ros.task.ament_cmake.build:Building ROS package in '/home/ugv-c7/CodeWorkspace/UGV-Robot/ros2_humble_colcon_ws/src/app_bringup' with build type 'ament_cmake'
[11.195s] INFO:colcon.colcon_cmake.task.cmake.build:Building CMake package in '/home/ugv-c7/CodeWorkspace/UGV-Robot/ros2_humble_colcon_ws/src/app_bringup'
[11.196s] INFO:colcon.colcon_core.shell:Skip shell extension 'powershell' for command environment: Not usable outside of PowerShell
[11.196s] DEBUG:colcon.colcon_core.shell:Skip shell extension 'dsv' for command environment
[11.282s] DEBUG:colcon.colcon_core.event_handler.log_command:Invoking command in '/home/ugv-c7/CodeWorkspace/UGV-Robot/ros2_humble_colcon_ws/build/app_bringup': AMENT_PREFIX_PATH=/home/ugv-c7/CodeWorkspace/UGV-Robot/ros2_humble_colcon_ws/install/py_pub_sub:${AMENT_PREFIX_PATH} CMAKE_PREFIX_PATH=/opt/ros/humble PYTHONPATH=/home/ugv-c7/CodeWorkspace/UGV-Robot/ros2_humble_colcon_ws/install/py_pub_sub/lib/python3.10/site-packages:${PYTHONPATH} /usr/bin/cmake --build /home/ugv-c7/CodeWorkspace/UGV-Robot/ros2_humble_colcon_ws/build/app_bringup -- -j6 -l6
[98.307s] DEBUG:colcon.colcon_core.event_handler.log_command:Invoked command in '/home/ugv-c7/CodeWorkspace/UGV-Robot/ros2_humble_colcon_ws/build/moveit_simple_controller_manager' returned '0': AMENT_PREFIX_PATH=/home/ugv-c7/CodeWorkspace/UGV-Robot/ros2_humble_colcon_ws/install/moveit_core:/home/ugv-c7/CodeWorkspace/UGV-Robot/ros2_humble_colcon_ws/install/moveit_resources_panda_moveit_config:/home/ugv-c7/CodeWorkspace/UGV-Robot/ros2_humble_colcon_ws/install/srdfdom:/home/ugv-c7/CodeWorkspace/UGV-Robot/ros2_humble_colcon_ws/install/moveit_resources_pr2_description:/home/ugv-c7/CodeWorkspace/UGV-Robot/ros2_humble_colcon_ws/install/moveit_resources_panda_description:/home/ugv-c7/CodeWorkspace/UGV-Robot/ros2_humble_colcon_ws/install/moveit_common:${AMENT_PREFIX_PATH} CMAKE_PREFIX_PATH=/home/ugv-c7/CodeWorkspace/UGV-Robot/ros2_humble_colcon_ws/install/moveit_core:/home/ugv-c7/CodeWorkspace/UGV-Robot/ros2_humble_colcon_ws/install/moveit_resources_panda_moveit_config:/home/ugv-c7/CodeWorkspace/UGV-Robot/ros2_humble_colcon_ws/install/srdfdom:/home/ugv-c7/CodeWorkspace/UGV-Robot/ros2_humble_colcon_ws/install/moveit_resources_pr2_description:/home/ugv-c7/CodeWorkspace/UGV-Robot/ros2_humble_colcon_ws/install/moveit_resources_panda_description:/home/ugv-c7/CodeWorkspace/UGV-Robot/ros2_humble_colcon_ws/install/moveit_common:/opt/ros/humble LD_LIBRARY_PATH=/home/ugv-c7/CodeWorkspace/UGV-Robot/ros2_humble_colcon_ws/install/moveit_core/lib:/home/ugv-c7/CodeWorkspace/UGV-Robot/ros2_humble_colcon_ws/install/srdfdom/lib:${LD_LIBRARY_PATH} PATH=/home/ugv-c7/CodeWorkspace/UGV-Robot/ros2_humble_colcon_ws/install/moveit_core/bin:${PATH} PYTHONPATH=/home/ugv-c7/CodeWorkspace/UGV-Robot/ros2_humble_colcon_ws/install/srdfdom/local/lib/python3.10/dist-packages:${PYTHONPATH} /usr/bin/cmake --build /home/ugv-c7/CodeWorkspace/UGV-Robot/ros2_humble_colcon_ws/build/moveit_simple_controller_manager -- -j6 -l6
[98.323s] DEBUG:colcon.colcon_core.event_handler.log_command:Invoking command in '/home/ugv-c7/CodeWorkspace/UGV-Robot/ros2_humble_colcon_ws/build/moveit_simple_controller_manager': AMENT_PREFIX_PATH=/home/ugv-c7/CodeWorkspace/UGV-Robot/ros2_humble_colcon_ws/install/moveit_core:/home/ugv-c7/CodeWorkspace/UGV-Robot/ros2_humble_colcon_ws/install/moveit_resources_panda_moveit_config:/home/ugv-c7/CodeWorkspace/UGV-Robot/ros2_humble_colcon_ws/install/srdfdom:/home/ugv-c7/CodeWorkspace/UGV-Robot/ros2_humble_colcon_ws/install/moveit_resources_pr2_description:/home/ugv-c7/CodeWorkspace/UGV-Robot/ros2_humble_colcon_ws/install/moveit_resources_panda_description:/home/ugv-c7/CodeWorkspace/UGV-Robot/ros2_humble_colcon_ws/install/moveit_common:${AMENT_PREFIX_PATH} CMAKE_PREFIX_PATH=/home/ugv-c7/CodeWorkspace/UGV-Robot/ros2_humble_colcon_ws/install/moveit_core:/home/ugv-c7/CodeWorkspace/UGV-Robot/ros2_humble_colcon_ws/install/moveit_resources_panda_moveit_config:/home/ugv-c7/CodeWorkspace/UGV-Robot/ros2_humble_colcon_ws/install/srdfdom:/home/ugv-c7/CodeWorkspace/UGV-Robot/ros2_humble_colcon_ws/install/moveit_resources_pr2_description:/home/ugv-c7/CodeWorkspace/UGV-Robot/ros2_humble_colcon_ws/install/moveit_resources_panda_description:/home/ugv-c7/CodeWorkspace/UGV-Robot/ros2_humble_colcon_ws/install/moveit_common:/opt/ros/humble LD_LIBRARY_PATH=/home/ugv-c7/CodeWorkspace/UGV-Robot/ros2_humble_colcon_ws/install/moveit_core/lib:/home/ugv-c7/CodeWorkspace/UGV-Robot/ros2_humble_colcon_ws/install/srdfdom/lib:${LD_LIBRARY_PATH} PATH=/home/ugv-c7/CodeWorkspace/UGV-Robot/ros2_humble_colcon_ws/install/moveit_core/bin:${PATH} PYTHONPATH=/home/ugv-c7/CodeWorkspace/UGV-Robot/ros2_humble_colcon_ws/install/srdfdom/local/lib/python3.10/dist-packages:${PYTHONPATH} /usr/bin/cmake --install /home/ugv-c7/CodeWorkspace/UGV-Robot/ros2_humble_colcon_ws/build/moveit_simple_controller_manager
[98.355s] DEBUG:colcon.colcon_core.event_handler.log_command:Invoked command in '/home/ugv-c7/CodeWorkspace/UGV-Robot/ros2_humble_colcon_ws/build/app_bringup' returned '0': AMENT_PREFIX_PATH=/home/ugv-c7/CodeWorkspace/UGV-Robot/ros2_humble_colcon_ws/install/py_pub_sub:${AMENT_PREFIX_PATH} CMAKE_PREFIX_PATH=/opt/ros/humble PYTHONPATH=/home/ugv-c7/CodeWorkspace/UGV-Robot/ros2_humble_colcon_ws/install/py_pub_sub/lib/python3.10/site-packages:${PYTHONPATH} /usr/bin/cmake --build /home/ugv-c7/CodeWorkspace/UGV-Robot/ros2_humble_colcon_ws/build/app_bringup -- -j6 -l6
[98.371s] DEBUG:colcon.colcon_core.event_handler.log_command:Invoking command in '/home/ugv-c7/CodeWorkspace/UGV-Robot/ros2_humble_colcon_ws/build/app_bringup': AMENT_PREFIX_PATH=/home/ugv-c7/CodeWorkspace/UGV-Robot/ros2_humble_colcon_ws/install/py_pub_sub:${AMENT_PREFIX_PATH} CMAKE_PREFIX_PATH=/opt/ros/humble PYTHONPATH=/home/ugv-c7/CodeWorkspace/UGV-Robot/ros2_humble_colcon_ws/install/py_pub_sub/lib/python3.10/site-packages:${PYTHONPATH} /usr/bin/cmake --install /home/ugv-c7/CodeWorkspace/UGV-Robot/ros2_humble_colcon_ws/build/app_bringup
[98.522s] Level 1:colcon.colcon_core.environment:create_environment_scripts_only(moveit_simple_controller_manager)
[98.527s] Level 1:colcon.colcon_core.environment:checking '/home/ugv-c7/CodeWorkspace/UGV-Robot/ros2_humble_colcon_ws/install/moveit_simple_controller_manager' for CMake module files
[98.530s] DEBUG:colcon.colcon_core.event_handler.log_command:Invoked command in '/home/ugv-c7/CodeWorkspace/UGV-Robot/ros2_humble_colcon_ws/build/moveit_simple_controller_manager' returned '0': AMENT_PREFIX_PATH=/home/ugv-c7/CodeWorkspace/UGV-Robot/ros2_humble_colcon_ws/install/moveit_core:/home/ugv-c7/CodeWorkspace/UGV-Robot/ros2_humble_colcon_ws/install/moveit_resources_panda_moveit_config:/home/ugv-c7/CodeWorkspace/UGV-Robot/ros2_humble_colcon_ws/install/srdfdom:/home/ugv-c7/CodeWorkspace/UGV-Robot/ros2_humble_colcon_ws/install/moveit_resources_pr2_description:/home/ugv-c7/CodeWorkspace/UGV-Robot/ros2_humble_colcon_ws/install/moveit_resources_panda_description:/home/ugv-c7/CodeWorkspace/UGV-Robot/ros2_humble_colcon_ws/install/moveit_common:${AMENT_PREFIX_PATH} CMAKE_PREFIX_PATH=/home/ugv-c7/CodeWorkspace/UGV-Robot/ros2_humble_colcon_ws/install/moveit_core:/home/ugv-c7/CodeWorkspace/UGV-Robot/ros2_humble_colcon_ws/install/moveit_resources_panda_moveit_config:/home/ugv-c7/CodeWorkspace/UGV-Robot/ros2_humble_colcon_ws/install/srdfdom:/home/ugv-c7/CodeWorkspace/UGV-Robot/ros2_humble_colcon_ws/install/moveit_resources_pr2_description:/home/ugv-c7/CodeWorkspace/UGV-Robot/ros2_humble_colcon_ws/install/moveit_resources_panda_description:/home/ugv-c7/CodeWorkspace/UGV-Robot/ros2_humble_colcon_ws/install/moveit_common:/opt/ros/humble LD_LIBRARY_PATH=/home/ugv-c7/CodeWorkspace/UGV-Robot/ros2_humble_colcon_ws/install/moveit_core/lib:/home/ugv-c7/CodeWorkspace/UGV-Robot/ros2_humble_colcon_ws/install/srdfdom/lib:${LD_LIBRARY_PATH} PATH=/home/ugv-c7/CodeWorkspace/UGV-Robot/ros2_humble_colcon_ws/install/moveit_core/bin:${PATH} PYTHONPATH=/home/ugv-c7/CodeWorkspace/UGV-Robot/ros2_humble_colcon_ws/install/srdfdom/local/lib/python3.10/dist-packages:${PYTHONPATH} /usr/bin/cmake --install /home/ugv-c7/CodeWorkspace/UGV-Robot/ros2_humble_colcon_ws/build/moveit_simple_controller_manager
[98.531s] Level 1:colcon.colcon_core.environment:checking '/home/ugv-c7/CodeWorkspace/UGV-Robot/ros2_humble_colcon_ws/install/moveit_simple_controller_manager' for CMake config files
[98.533s] Level 1:colcon.colcon_core.shell:create_environment_hook('moveit_simple_controller_manager', 'cmake_prefix_path')
[98.534s] INFO:colcon.colcon_core.shell:Creating environment hook '/home/ugv-c7/CodeWorkspace/UGV-Robot/ros2_humble_colcon_ws/install/moveit_simple_controller_manager/share/moveit_simple_controller_manager/hook/cmake_prefix_path.ps1'
[98.559s] INFO:colcon.colcon_core.shell:Creating environment descriptor '/home/ugv-c7/CodeWorkspace/UGV-Robot/ros2_humble_colcon_ws/install/moveit_simple_controller_manager/share/moveit_simple_controller_manager/hook/cmake_prefix_path.dsv'
[98.567s] INFO:colcon.colcon_core.shell:Creating environment hook '/home/ugv-c7/CodeWorkspace/UGV-Robot/ros2_humble_colcon_ws/install/moveit_simple_controller_manager/share/moveit_simple_controller_manager/hook/cmake_prefix_path.sh'
[98.581s] Level 1:colcon.colcon_core.environment:checking '/home/ugv-c7/CodeWorkspace/UGV-Robot/ros2_humble_colcon_ws/install/moveit_simple_controller_manager/lib'
[98.582s] Level 1:colcon.colcon_core.shell:create_environment_hook('moveit_simple_controller_manager', 'ld_library_path_lib')
[98.583s] INFO:colcon.colcon_core.shell:Creating environment hook '/home/ugv-c7/CodeWorkspace/UGV-Robot/ros2_humble_colcon_ws/install/moveit_simple_controller_manager/share/moveit_simple_controller_manager/hook/ld_library_path_lib.ps1'
[98.585s] INFO:colcon.colcon_core.shell:Creating environment descriptor '/home/ugv-c7/CodeWorkspace/UGV-Robot/ros2_humble_colcon_ws/install/moveit_simple_controller_manager/share/moveit_simple_controller_manager/hook/ld_library_path_lib.dsv'
[98.586s] INFO:colcon.colcon_core.shell:Creating environment hook '/home/ugv-c7/CodeWorkspace/UGV-Robot/ros2_humble_colcon_ws/install/moveit_simple_controller_manager/share/moveit_simple_controller_manager/hook/ld_library_path_lib.sh'
[98.587s] Level 1:colcon.colcon_core.environment:checking '/home/ugv-c7/CodeWorkspace/UGV-Robot/ros2_humble_colcon_ws/install/moveit_simple_controller_manager/bin'
[98.587s] Level 1:colcon.colcon_core.environment:checking '/home/ugv-c7/CodeWorkspace/UGV-Robot/ros2_humble_colcon_ws/install/moveit_simple_controller_manager/lib/pkgconfig/moveit_simple_controller_manager.pc'
[98.599s] Level 1:colcon.colcon_core.environment:checking '/home/ugv-c7/CodeWorkspace/UGV-Robot/ros2_humble_colcon_ws/install/moveit_simple_controller_manager/lib/python3.10/site-packages'
[98.600s] Level 1:colcon.colcon_core.environment:checking '/home/ugv-c7/CodeWorkspace/UGV-Robot/ros2_humble_colcon_ws/install/moveit_simple_controller_manager/bin'
[98.602s] INFO:colcon.colcon_core.shell:Creating package script '/home/ugv-c7/CodeWorkspace/UGV-Robot/ros2_humble_colcon_ws/install/moveit_simple_controller_manager/share/moveit_simple_controller_manager/package.ps1'
[98.607s] INFO:colcon.colcon_core.shell:Creating package descriptor '/home/ugv-c7/CodeWorkspace/UGV-Robot/ros2_humble_colcon_ws/install/moveit_simple_controller_manager/share/moveit_simple_controller_manager/package.dsv'
[98.621s] INFO:colcon.colcon_core.shell:Creating package script '/home/ugv-c7/CodeWorkspace/UGV-Robot/ros2_humble_colcon_ws/install/moveit_simple_controller_manager/share/moveit_simple_controller_manager/package.sh'
[98.625s] INFO:colcon.colcon_core.shell:Creating package script '/home/ugv-c7/CodeWorkspace/UGV-Robot/ros2_humble_colcon_ws/install/moveit_simple_controller_manager/share/moveit_simple_controller_manager/package.bash'
[98.631s] INFO:colcon.colcon_core.shell:Creating package script '/home/ugv-c7/CodeWorkspace/UGV-Robot/ros2_humble_colcon_ws/install/moveit_simple_controller_manager/share/moveit_simple_controller_manager/package.zsh'
[98.652s] Level 1:colcon.colcon_core.environment:create_file_with_runtime_dependencies(/home/ugv-c7/CodeWorkspace/UGV-Robot/ros2_humble_colcon_ws/install/moveit_simple_controller_manager/share/colcon-core/packages/moveit_simple_controller_manager)
[98.656s] Level 1:colcon.colcon_core.environment:create_environment_scripts_only(moveit_simple_controller_manager)
[98.657s] Level 1:colcon.colcon_core.environment:checking '/home/ugv-c7/CodeWorkspace/UGV-Robot/ros2_humble_colcon_ws/install/moveit_simple_controller_manager' for CMake module files
[98.659s] Level 1:colcon.colcon_core.environment:checking '/home/ugv-c7/CodeWorkspace/UGV-Robot/ros2_humble_colcon_ws/install/moveit_simple_controller_manager' for CMake config files
[98.660s] Level 1:colcon.colcon_core.shell:create_environment_hook('moveit_simple_controller_manager', 'cmake_prefix_path')
[98.660s] INFO:colcon.colcon_core.shell:Creating environment hook '/home/ugv-c7/CodeWorkspace/UGV-Robot/ros2_humble_colcon_ws/install/moveit_simple_controller_manager/share/moveit_simple_controller_manager/hook/cmake_prefix_path.ps1'
[98.673s] INFO:colcon.colcon_core.shell:Creating environment descriptor '/home/ugv-c7/CodeWorkspace/UGV-Robot/ros2_humble_colcon_ws/install/moveit_simple_controller_manager/share/moveit_simple_controller_manager/hook/cmake_prefix_path.dsv'
[98.680s] INFO:colcon.colcon_core.shell:Creating environment hook '/home/ugv-c7/CodeWorkspace/UGV-Robot/ros2_humble_colcon_ws/install/moveit_simple_controller_manager/share/moveit_simple_controller_manager/hook/cmake_prefix_path.sh'
[98.683s] Level 1:colcon.colcon_core.environment:checking '/home/ugv-c7/CodeWorkspace/UGV-Robot/ros2_humble_colcon_ws/install/moveit_simple_controller_manager/lib'
[98.684s] Level 1:colcon.colcon_core.shell:create_environment_hook('moveit_simple_controller_manager', 'ld_library_path_lib')
[98.685s] INFO:colcon.colcon_core.shell:Creating environment hook '/home/ugv-c7/CodeWorkspace/UGV-Robot/ros2_humble_colcon_ws/install/moveit_simple_controller_manager/share/moveit_simple_controller_manager/hook/ld_library_path_lib.ps1'
[98.686s] INFO:colcon.colcon_core.shell:Creating environment descriptor '/home/ugv-c7/CodeWorkspace/UGV-Robot/ros2_humble_colcon_ws/install/moveit_simple_controller_manager/share/moveit_simple_controller_manager/hook/ld_library_path_lib.dsv'
[98.687s] INFO:colcon.colcon_core.shell:Creating environment hook '/home/ugv-c7/CodeWorkspace/UGV-Robot/ros2_humble_colcon_ws/install/moveit_simple_controller_manager/share/moveit_simple_controller_manager/hook/ld_library_path_lib.sh'
[98.688s] Level 1:colcon.colcon_core.environment:checking '/home/ugv-c7/CodeWorkspace/UGV-Robot/ros2_humble_colcon_ws/install/moveit_simple_controller_manager/bin'
[98.689s] Level 1:colcon.colcon_core.environment:checking '/home/ugv-c7/CodeWorkspace/UGV-Robot/ros2_humble_colcon_ws/install/moveit_simple_controller_manager/lib/pkgconfig/moveit_simple_controller_manager.pc'
[98.689s] Level 1:colcon.colcon_core.environment:checking '/home/ugv-c7/CodeWorkspace/UGV-Robot/ros2_humble_colcon_ws/install/moveit_simple_controller_manager/lib/python3.10/site-packages'
[98.690s] Level 1:colcon.colcon_core.environment:checking '/home/ugv-c7/CodeWorkspace/UGV-Robot/ros2_humble_colcon_ws/install/moveit_simple_controller_manager/bin'
[98.691s] INFO:colcon.colcon_core.shell:Creating package script '/home/ugv-c7/CodeWorkspace/UGV-Robot/ros2_humble_colcon_ws/install/moveit_simple_controller_manager/share/moveit_simple_controller_manager/package.ps1'
[98.693s] INFO:colcon.colcon_core.shell:Creating package descriptor '/home/ugv-c7/CodeWorkspace/UGV-Robot/ros2_humble_colcon_ws/install/moveit_simple_controller_manager/share/moveit_simple_controller_manager/package.dsv'
[98.694s] INFO:colcon.colcon_core.shell:Creating package script '/home/ugv-c7/CodeWorkspace/UGV-Robot/ros2_humble_colcon_ws/install/moveit_simple_controller_manager/share/moveit_simple_controller_manager/package.sh'
[98.696s] INFO:colcon.colcon_core.shell:Creating package script '/home/ugv-c7/CodeWorkspace/UGV-Robot/ros2_humble_colcon_ws/install/moveit_simple_controller_manager/share/moveit_simple_controller_manager/package.bash'
[98.697s] INFO:colcon.colcon_core.shell:Creating package script '/home/ugv-c7/CodeWorkspace/UGV-Robot/ros2_humble_colcon_ws/install/moveit_simple_controller_manager/share/moveit_simple_controller_manager/package.zsh'
[98.698s] Level 1:colcon.colcon_core.environment:create_file_with_runtime_dependencies(/home/ugv-c7/CodeWorkspace/UGV-Robot/ros2_humble_colcon_ws/install/moveit_simple_controller_manager/share/colcon-core/packages/moveit_simple_controller_manager)
[98.705s] INFO:colcon.colcon_ros.task.ament_cmake.build:Building ROS package in '/home/ugv-c7/CodeWorkspace/UGV-Robot/ros2_humble_colcon_ws/src/moveit2/moveit_plugins/moveit_plugins' with build type 'ament_cmake'
[98.707s] INFO:colcon.colcon_cmake.task.cmake.build:Building CMake package in '/home/ugv-c7/CodeWorkspace/UGV-Robot/ros2_humble_colcon_ws/src/moveit2/moveit_plugins/moveit_plugins'
[98.708s] INFO:colcon.colcon_core.shell:Skip shell extension 'powershell' for command environment: Not usable outside of PowerShell
[98.708s] DEBUG:colcon.colcon_core.shell:Skip shell extension 'dsv' for command environment
[98.785s] Level 1:colcon.colcon_core.environment:create_environment_scripts_only(app_bringup)
[98.787s] Level 1:colcon.colcon_core.environment:checking '/home/ugv-c7/CodeWorkspace/UGV-Robot/ros2_humble_colcon_ws/install/app_bringup' for CMake module files
[98.788s] Level 1:colcon.colcon_core.environment:checking '/home/ugv-c7/CodeWorkspace/UGV-Robot/ros2_humble_colcon_ws/install/app_bringup' for CMake config files
[98.789s] DEBUG:colcon.colcon_core.event_handler.log_command:Invoked command in '/home/ugv-c7/CodeWorkspace/UGV-Robot/ros2_humble_colcon_ws/build/app_bringup' returned '0': AMENT_PREFIX_PATH=/home/ugv-c7/CodeWorkspace/UGV-Robot/ros2_humble_colcon_ws/install/py_pub_sub:${AMENT_PREFIX_PATH} CMAKE_PREFIX_PATH=/opt/ros/humble PYTHONPATH=/home/ugv-c7/CodeWorkspace/UGV-Robot/ros2_humble_colcon_ws/install/py_pub_sub/lib/python3.10/site-packages:${PYTHONPATH} /usr/bin/cmake --install /home/ugv-c7/CodeWorkspace/UGV-Robot/ros2_humble_colcon_ws/build/app_bringup
[98.792s] Level 1:colcon.colcon_core.shell:create_environment_hook('app_bringup', 'cmake_prefix_path')
[98.794s] INFO:colcon.colcon_core.shell:Creating environment hook '/home/ugv-c7/CodeWorkspace/UGV-Robot/ros2_humble_colcon_ws/install/app_bringup/share/app_bringup/hook/cmake_prefix_path.ps1'
[98.796s] INFO:colcon.colcon_core.shell:Creating environment descriptor '/home/ugv-c7/CodeWorkspace/UGV-Robot/ros2_humble_colcon_ws/install/app_bringup/share/app_bringup/hook/cmake_prefix_path.dsv'
[98.798s] INFO:colcon.colcon_core.shell:Creating environment hook '/home/ugv-c7/CodeWorkspace/UGV-Robot/ros2_humble_colcon_ws/install/app_bringup/share/app_bringup/hook/cmake_prefix_path.sh'
[98.806s] Level 1:colcon.colcon_core.environment:checking '/home/ugv-c7/CodeWorkspace/UGV-Robot/ros2_humble_colcon_ws/install/app_bringup/bin'
[98.806s] Level 1:colcon.colcon_core.environment:checking '/home/ugv-c7/CodeWorkspace/UGV-Robot/ros2_humble_colcon_ws/install/app_bringup/lib/pkgconfig/app_bringup.pc'
[98.807s] Level 1:colcon.colcon_core.environment:checking '/home/ugv-c7/CodeWorkspace/UGV-Robot/ros2_humble_colcon_ws/install/app_bringup/lib/python3.10/site-packages'
[98.807s] Level 1:colcon.colcon_core.environment:checking '/home/ugv-c7/CodeWorkspace/UGV-Robot/ros2_humble_colcon_ws/install/app_bringup/bin'
[98.809s] INFO:colcon.colcon_core.shell:Creating package script '/home/ugv-c7/CodeWorkspace/UGV-Robot/ros2_humble_colcon_ws/install/app_bringup/share/app_bringup/package.ps1'
[98.821s] INFO:colcon.colcon_core.shell:Creating package descriptor '/home/ugv-c7/CodeWorkspace/UGV-Robot/ros2_humble_colcon_ws/install/app_bringup/share/app_bringup/package.dsv'
[98.824s] INFO:colcon.colcon_core.shell:Creating package script '/home/ugv-c7/CodeWorkspace/UGV-Robot/ros2_humble_colcon_ws/install/app_bringup/share/app_bringup/package.sh'
[98.825s] INFO:colcon.colcon_core.shell:Creating package script '/home/ugv-c7/CodeWorkspace/UGV-Robot/ros2_humble_colcon_ws/install/app_bringup/share/app_bringup/package.bash'
[98.827s] INFO:colcon.colcon_core.shell:Creating package script '/home/ugv-c7/CodeWorkspace/UGV-Robot/ros2_humble_colcon_ws/install/app_bringup/share/app_bringup/package.zsh'
[98.828s] Level 1:colcon.colcon_core.environment:create_file_with_runtime_dependencies(/home/ugv-c7/CodeWorkspace/UGV-Robot/ros2_humble_colcon_ws/install/app_bringup/share/colcon-core/packages/app_bringup)
[98.846s] Level 1:colcon.colcon_core.environment:create_environment_scripts_only(app_bringup)
[98.847s] Level 1:colcon.colcon_core.environment:checking '/home/ugv-c7/CodeWorkspace/UGV-Robot/ros2_humble_colcon_ws/install/app_bringup' for CMake module files
[98.848s] Level 1:colcon.colcon_core.environment:checking '/home/ugv-c7/CodeWorkspace/UGV-Robot/ros2_humble_colcon_ws/install/app_bringup' for CMake config files
[98.849s] Level 1:colcon.colcon_core.shell:create_environment_hook('app_bringup', 'cmake_prefix_path')
[98.849s] INFO:colcon.colcon_core.shell:Creating environment hook '/home/ugv-c7/CodeWorkspace/UGV-Robot/ros2_humble_colcon_ws/install/app_bringup/share/app_bringup/hook/cmake_prefix_path.ps1'
[98.851s] INFO:colcon.colcon_core.shell:Creating environment descriptor '/home/ugv-c7/CodeWorkspace/UGV-Robot/ros2_humble_colcon_ws/install/app_bringup/share/app_bringup/hook/cmake_prefix_path.dsv'
[98.853s] INFO:colcon.colcon_core.shell:Creating environment hook '/home/ugv-c7/CodeWorkspace/UGV-Robot/ros2_humble_colcon_ws/install/app_bringup/share/app_bringup/hook/cmake_prefix_path.sh'
[98.855s] Level 1:colcon.colcon_core.environment:checking '/home/ugv-c7/CodeWorkspace/UGV-Robot/ros2_humble_colcon_ws/install/app_bringup/bin'
[98.855s] Level 1:colcon.colcon_core.environment:checking '/home/ugv-c7/CodeWorkspace/UGV-Robot/ros2_humble_colcon_ws/install/app_bringup/lib/pkgconfig/app_bringup.pc'
[98.856s] Level 1:colcon.colcon_core.environment:checking '/home/ugv-c7/CodeWorkspace/UGV-Robot/ros2_humble_colcon_ws/install/app_bringup/lib/python3.10/site-packages'
[98.856s] Level 1:colcon.colcon_core.environment:checking '/home/ugv-c7/CodeWorkspace/UGV-Robot/ros2_humble_colcon_ws/install/app_bringup/bin'
[98.857s] INFO:colcon.colcon_core.shell:Creating package script '/home/ugv-c7/CodeWorkspace/UGV-Robot/ros2_humble_colcon_ws/install/app_bringup/share/app_bringup/package.ps1'
[98.859s] INFO:colcon.colcon_core.shell:Creating package descriptor '/home/ugv-c7/CodeWorkspace/UGV-Robot/ros2_humble_colcon_ws/install/app_bringup/share/app_bringup/package.dsv'
[98.861s] INFO:colcon.colcon_core.shell:Creating package script '/home/ugv-c7/CodeWorkspace/UGV-Robot/ros2_humble_colcon_ws/install/app_bringup/share/app_bringup/package.sh'
[98.862s] INFO:colcon.colcon_core.shell:Creating package script '/home/ugv-c7/CodeWorkspace/UGV-Robot/ros2_humble_colcon_ws/install/app_bringup/share/app_bringup/package.bash'
[98.864s] INFO:colcon.colcon_core.shell:Creating package script '/home/ugv-c7/CodeWorkspace/UGV-Robot/ros2_humble_colcon_ws/install/app_bringup/share/app_bringup/package.zsh'
[98.865s] Level 1:colcon.colcon_core.environment:create_file_with_runtime_dependencies(/home/ugv-c7/CodeWorkspace/UGV-Robot/ros2_humble_colcon_ws/install/app_bringup/share/colcon-core/packages/app_bringup)
[98.871s] INFO:colcon.colcon_ros.task.ament_cmake.build:Building ROS package in '/home/ugv-c7/CodeWorkspace/UGV-Robot/ros2_humble_colcon_ws/src/moveit2/moveit_plugins/moveit_ros_control_interface' with build type 'ament_cmake'
[98.882s] INFO:colcon.colcon_cmake.task.cmake.build:Building CMake package in '/home/ugv-c7/CodeWorkspace/UGV-Robot/ros2_humble_colcon_ws/src/moveit2/moveit_plugins/moveit_ros_control_interface'
[98.885s] INFO:colcon.colcon_core.shell:Skip shell extension 'powershell' for command environment: Not usable outside of PowerShell
[98.885s] DEBUG:colcon.colcon_core.shell:Skip shell extension 'dsv' for command environment
[99.002s] DEBUG:colcon.colcon_core.event_handler.log_command:Invoking command in '/home/ugv-c7/CodeWorkspace/UGV-Robot/ros2_humble_colcon_ws/build/moveit_plugins': AMENT_PREFIX_PATH=/home/ugv-c7/CodeWorkspace/UGV-Robot/ros2_humble_colcon_ws/install/moveit_simple_controller_manager:/home/ugv-c7/CodeWorkspace/UGV-Robot/ros2_humble_colcon_ws/install/moveit_core:/home/ugv-c7/CodeWorkspace/UGV-Robot/ros2_humble_colcon_ws/install/moveit_resources_panda_moveit_config:/home/ugv-c7/CodeWorkspace/UGV-Robot/ros2_humble_colcon_ws/install/srdfdom:/home/ugv-c7/CodeWorkspace/UGV-Robot/ros2_humble_colcon_ws/install/moveit_resources_pr2_description:/home/ugv-c7/CodeWorkspace/UGV-Robot/ros2_humble_colcon_ws/install/moveit_resources_panda_description:/home/ugv-c7/CodeWorkspace/UGV-Robot/ros2_humble_colcon_ws/install/moveit_common:${AMENT_PREFIX_PATH} CMAKE_PREFIX_PATH=/home/ugv-c7/CodeWorkspace/UGV-Robot/ros2_humble_colcon_ws/install/moveit_simple_controller_manager:/home/ugv-c7/CodeWorkspace/UGV-Robot/ros2_humble_colcon_ws/install/moveit_core:/home/ugv-c7/CodeWorkspace/UGV-Robot/ros2_humble_colcon_ws/install/moveit_resources_panda_moveit_config:/home/ugv-c7/CodeWorkspace/UGV-Robot/ros2_humble_colcon_ws/install/srdfdom:/home/ugv-c7/CodeWorkspace/UGV-Robot/ros2_humble_colcon_ws/install/moveit_resources_pr2_description:/home/ugv-c7/CodeWorkspace/UGV-Robot/ros2_humble_colcon_ws/install/moveit_resources_panda_description:/home/ugv-c7/CodeWorkspace/UGV-Robot/ros2_humble_colcon_ws/install/moveit_common:/opt/ros/humble LD_LIBRARY_PATH=/home/ugv-c7/CodeWorkspace/UGV-Robot/ros2_humble_colcon_ws/install/moveit_simple_controller_manager/lib:/home/ugv-c7/CodeWorkspace/UGV-Robot/ros2_humble_colcon_ws/install/moveit_core/lib:/home/ugv-c7/CodeWorkspace/UGV-Robot/ros2_humble_colcon_ws/install/srdfdom/lib:${LD_LIBRARY_PATH} PATH=/home/ugv-c7/CodeWorkspace/UGV-Robot/ros2_humble_colcon_ws/install/moveit_core/bin:${PATH} PYTHONPATH=/home/ugv-c7/CodeWorkspace/UGV-Robot/ros2_humble_colcon_ws/install/srdfdom/local/lib/python3.10/dist-packages:${PYTHONPATH} /usr/bin/cmake /home/ugv-c7/CodeWorkspace/UGV-Robot/ros2_humble_colcon_ws/src/moveit2/moveit_plugins/moveit_plugins -DCMAKE_INSTALL_PREFIX=/home/ugv-c7/CodeWorkspace/UGV-Robot/ros2_humble_colcon_ws/install/moveit_plugins
[99.095s] DEBUG:colcon.colcon_core.event_handler.log_command:Invoking command in '/home/ugv-c7/CodeWorkspace/UGV-Robot/ros2_humble_colcon_ws/build/moveit_ros_control_interface': AMENT_PREFIX_PATH=/home/ugv-c7/CodeWorkspace/UGV-Robot/ros2_humble_colcon_ws/install/moveit_simple_controller_manager:/home/ugv-c7/CodeWorkspace/UGV-Robot/ros2_humble_colcon_ws/install/moveit_core:/home/ugv-c7/CodeWorkspace/UGV-Robot/ros2_humble_colcon_ws/install/moveit_resources_panda_moveit_config:/home/ugv-c7/CodeWorkspace/UGV-Robot/ros2_humble_colcon_ws/install/srdfdom:/home/ugv-c7/CodeWorkspace/UGV-Robot/ros2_humble_colcon_ws/install/moveit_resources_pr2_description:/home/ugv-c7/CodeWorkspace/UGV-Robot/ros2_humble_colcon_ws/install/moveit_resources_panda_description:/home/ugv-c7/CodeWorkspace/UGV-Robot/ros2_humble_colcon_ws/install/moveit_common:${AMENT_PREFIX_PATH} CMAKE_PREFIX_PATH=/home/ugv-c7/CodeWorkspace/UGV-Robot/ros2_humble_colcon_ws/install/moveit_simple_controller_manager:/home/ugv-c7/CodeWorkspace/UGV-Robot/ros2_humble_colcon_ws/install/moveit_core:/home/ugv-c7/CodeWorkspace/UGV-Robot/ros2_humble_colcon_ws/install/moveit_resources_panda_moveit_config:/home/ugv-c7/CodeWorkspace/UGV-Robot/ros2_humble_colcon_ws/install/srdfdom:/home/ugv-c7/CodeWorkspace/UGV-Robot/ros2_humble_colcon_ws/install/moveit_resources_pr2_description:/home/ugv-c7/CodeWorkspace/UGV-Robot/ros2_humble_colcon_ws/install/moveit_resources_panda_description:/home/ugv-c7/CodeWorkspace/UGV-Robot/ros2_humble_colcon_ws/install/moveit_common:/opt/ros/humble LD_LIBRARY_PATH=/home/ugv-c7/CodeWorkspace/UGV-Robot/ros2_humble_colcon_ws/install/moveit_simple_controller_manager/lib:/home/ugv-c7/CodeWorkspace/UGV-Robot/ros2_humble_colcon_ws/install/moveit_core/lib:/home/ugv-c7/CodeWorkspace/UGV-Robot/ros2_humble_colcon_ws/install/srdfdom/lib:${LD_LIBRARY_PATH} PATH=/home/ugv-c7/CodeWorkspace/UGV-Robot/ros2_humble_colcon_ws/install/moveit_core/bin:${PATH} PYTHONPATH=/home/ugv-c7/CodeWorkspace/UGV-Robot/ros2_humble_colcon_ws/install/srdfdom/local/lib/python3.10/dist-packages:${PYTHONPATH} /usr/bin/cmake /home/ugv-c7/CodeWorkspace/UGV-Robot/ros2_humble_colcon_ws/src/moveit2/moveit_plugins/moveit_ros_control_interface -DCMAKE_INSTALL_PREFIX=/home/ugv-c7/CodeWorkspace/UGV-Robot/ros2_humble_colcon_ws/install/moveit_ros_control_interface
[103.951s] DEBUG:colcon.colcon_core.event_handler.log_command:Invoked command in '/home/ugv-c7/CodeWorkspace/UGV-Robot/ros2_humble_colcon_ws/build/moveit_plugins' returned '0': AMENT_PREFIX_PATH=/home/ugv-c7/CodeWorkspace/UGV-Robot/ros2_humble_colcon_ws/install/moveit_simple_controller_manager:/home/ugv-c7/CodeWorkspace/UGV-Robot/ros2_humble_colcon_ws/install/moveit_core:/home/ugv-c7/CodeWorkspace/UGV-Robot/ros2_humble_colcon_ws/install/moveit_resources_panda_moveit_config:/home/ugv-c7/CodeWorkspace/UGV-Robot/ros2_humble_colcon_ws/install/srdfdom:/home/ugv-c7/CodeWorkspace/UGV-Robot/ros2_humble_colcon_ws/install/moveit_resources_pr2_description:/home/ugv-c7/CodeWorkspace/UGV-Robot/ros2_humble_colcon_ws/install/moveit_resources_panda_description:/home/ugv-c7/CodeWorkspace/UGV-Robot/ros2_humble_colcon_ws/install/moveit_common:${AMENT_PREFIX_PATH} CMAKE_PREFIX_PATH=/home/ugv-c7/CodeWorkspace/UGV-Robot/ros2_humble_colcon_ws/install/moveit_simple_controller_manager:/home/ugv-c7/CodeWorkspace/UGV-Robot/ros2_humble_colcon_ws/install/moveit_core:/home/ugv-c7/CodeWorkspace/UGV-Robot/ros2_humble_colcon_ws/install/moveit_resources_panda_moveit_config:/home/ugv-c7/CodeWorkspace/UGV-Robot/ros2_humble_colcon_ws/install/srdfdom:/home/ugv-c7/CodeWorkspace/UGV-Robot/ros2_humble_colcon_ws/install/moveit_resources_pr2_description:/home/ugv-c7/CodeWorkspace/UGV-Robot/ros2_humble_colcon_ws/install/moveit_resources_panda_description:/home/ugv-c7/CodeWorkspace/UGV-Robot/ros2_humble_colcon_ws/install/moveit_common:/opt/ros/humble LD_LIBRARY_PATH=/home/ugv-c7/CodeWorkspace/UGV-Robot/ros2_humble_colcon_ws/install/moveit_simple_controller_manager/lib:/home/ugv-c7/CodeWorkspace/UGV-Robot/ros2_humble_colcon_ws/install/moveit_core/lib:/home/ugv-c7/CodeWorkspace/UGV-Robot/ros2_humble_colcon_ws/install/srdfdom/lib:${LD_LIBRARY_PATH} PATH=/home/ugv-c7/CodeWorkspace/UGV-Robot/ros2_humble_colcon_ws/install/moveit_core/bin:${PATH} PYTHONPATH=/home/ugv-c7/CodeWorkspace/UGV-Robot/ros2_humble_colcon_ws/install/srdfdom/local/lib/python3.10/dist-packages:${PYTHONPATH} /usr/bin/cmake /home/ugv-c7/CodeWorkspace/UGV-Robot/ros2_humble_colcon_ws/src/moveit2/moveit_plugins/moveit_plugins -DCMAKE_INSTALL_PREFIX=/home/ugv-c7/CodeWorkspace/UGV-Robot/ros2_humble_colcon_ws/install/moveit_plugins
[103.953s] DEBUG:colcon.colcon_core.event_handler.log_command:Invoking command in '/home/ugv-c7/CodeWorkspace/UGV-Robot/ros2_humble_colcon_ws/build/moveit_plugins': AMENT_PREFIX_PATH=/home/ugv-c7/CodeWorkspace/UGV-Robot/ros2_humble_colcon_ws/install/moveit_simple_controller_manager:/home/ugv-c7/CodeWorkspace/UGV-Robot/ros2_humble_colcon_ws/install/moveit_core:/home/ugv-c7/CodeWorkspace/UGV-Robot/ros2_humble_colcon_ws/install/moveit_resources_panda_moveit_config:/home/ugv-c7/CodeWorkspace/UGV-Robot/ros2_humble_colcon_ws/install/srdfdom:/home/ugv-c7/CodeWorkspace/UGV-Robot/ros2_humble_colcon_ws/install/moveit_resources_pr2_description:/home/ugv-c7/CodeWorkspace/UGV-Robot/ros2_humble_colcon_ws/install/moveit_resources_panda_description:/home/ugv-c7/CodeWorkspace/UGV-Robot/ros2_humble_colcon_ws/install/moveit_common:${AMENT_PREFIX_PATH} CMAKE_PREFIX_PATH=/home/ugv-c7/CodeWorkspace/UGV-Robot/ros2_humble_colcon_ws/install/moveit_simple_controller_manager:/home/ugv-c7/CodeWorkspace/UGV-Robot/ros2_humble_colcon_ws/install/moveit_core:/home/ugv-c7/CodeWorkspace/UGV-Robot/ros2_humble_colcon_ws/install/moveit_resources_panda_moveit_config:/home/ugv-c7/CodeWorkspace/UGV-Robot/ros2_humble_colcon_ws/install/srdfdom:/home/ugv-c7/CodeWorkspace/UGV-Robot/ros2_humble_colcon_ws/install/moveit_resources_pr2_description:/home/ugv-c7/CodeWorkspace/UGV-Robot/ros2_humble_colcon_ws/install/moveit_resources_panda_description:/home/ugv-c7/CodeWorkspace/UGV-Robot/ros2_humble_colcon_ws/install/moveit_common:/opt/ros/humble LD_LIBRARY_PATH=/home/ugv-c7/CodeWorkspace/UGV-Robot/ros2_humble_colcon_ws/install/moveit_simple_controller_manager/lib:/home/ugv-c7/CodeWorkspace/UGV-Robot/ros2_humble_colcon_ws/install/moveit_core/lib:/home/ugv-c7/CodeWorkspace/UGV-Robot/ros2_humble_colcon_ws/install/srdfdom/lib:${LD_LIBRARY_PATH} PATH=/home/ugv-c7/CodeWorkspace/UGV-Robot/ros2_humble_colcon_ws/install/moveit_core/bin:${PATH} PYTHONPATH=/home/ugv-c7/CodeWorkspace/UGV-Robot/ros2_humble_colcon_ws/install/srdfdom/local/lib/python3.10/dist-packages:${PYTHONPATH} /usr/bin/cmake --build /home/ugv-c7/CodeWorkspace/UGV-Robot/ros2_humble_colcon_ws/build/moveit_plugins -- -j6 -l6
[111.547s] DEBUG:colcon.colcon_core.event_handler.log_command:Invoked command in '/home/ugv-c7/CodeWorkspace/UGV-Robot/ros2_humble_colcon_ws/build/moveit_resources_prbt_ikfast_manipulator_plugin' returned '0': AMENT_PREFIX_PATH=/home/ugv-c7/CodeWorkspace/UGV-Robot/ros2_humble_colcon_ws/install/moveit_core:/home/ugv-c7/CodeWorkspace/UGV-Robot/ros2_humble_colcon_ws/install/moveit_resources_panda_moveit_config:/home/ugv-c7/CodeWorkspace/UGV-Robot/ros2_humble_colcon_ws/install/srdfdom:/home/ugv-c7/CodeWorkspace/UGV-Robot/ros2_humble_colcon_ws/install/moveit_resources_pr2_description:/home/ugv-c7/CodeWorkspace/UGV-Robot/ros2_humble_colcon_ws/install/moveit_resources_panda_description:/home/ugv-c7/CodeWorkspace/UGV-Robot/ros2_humble_colcon_ws/install/moveit_common:${AMENT_PREFIX_PATH} CMAKE_PREFIX_PATH=/home/ugv-c7/CodeWorkspace/UGV-Robot/ros2_humble_colcon_ws/install/moveit_core:/home/ugv-c7/CodeWorkspace/UGV-Robot/ros2_humble_colcon_ws/install/moveit_resources_panda_moveit_config:/home/ugv-c7/CodeWorkspace/UGV-Robot/ros2_humble_colcon_ws/install/srdfdom:/home/ugv-c7/CodeWorkspace/UGV-Robot/ros2_humble_colcon_ws/install/moveit_resources_pr2_description:/home/ugv-c7/CodeWorkspace/UGV-Robot/ros2_humble_colcon_ws/install/moveit_resources_panda_description:/home/ugv-c7/CodeWorkspace/UGV-Robot/ros2_humble_colcon_ws/install/moveit_common:/opt/ros/humble LD_LIBRARY_PATH=/home/ugv-c7/CodeWorkspace/UGV-Robot/ros2_humble_colcon_ws/install/moveit_core/lib:/home/ugv-c7/CodeWorkspace/UGV-Robot/ros2_humble_colcon_ws/install/srdfdom/lib:${LD_LIBRARY_PATH} PATH=/home/ugv-c7/CodeWorkspace/UGV-Robot/ros2_humble_colcon_ws/install/moveit_core/bin:${PATH} PYTHONPATH=/home/ugv-c7/CodeWorkspace/UGV-Robot/ros2_humble_colcon_ws/install/srdfdom/local/lib/python3.10/dist-packages:${PYTHONPATH} /usr/bin/cmake --build /home/ugv-c7/CodeWorkspace/UGV-Robot/ros2_humble_colcon_ws/build/moveit_resources_prbt_ikfast_manipulator_plugin -- -j6 -l6
[111.563s] DEBUG:colcon.colcon_core.event_handler.log_command:Invoking command in '/home/ugv-c7/CodeWorkspace/UGV-Robot/ros2_humble_colcon_ws/build/moveit_resources_prbt_ikfast_manipulator_plugin': AMENT_PREFIX_PATH=/home/ugv-c7/CodeWorkspace/UGV-Robot/ros2_humble_colcon_ws/install/moveit_core:/home/ugv-c7/CodeWorkspace/UGV-Robot/ros2_humble_colcon_ws/install/moveit_resources_panda_moveit_config:/home/ugv-c7/CodeWorkspace/UGV-Robot/ros2_humble_colcon_ws/install/srdfdom:/home/ugv-c7/CodeWorkspace/UGV-Robot/ros2_humble_colcon_ws/install/moveit_resources_pr2_description:/home/ugv-c7/CodeWorkspace/UGV-Robot/ros2_humble_colcon_ws/install/moveit_resources_panda_description:/home/ugv-c7/CodeWorkspace/UGV-Robot/ros2_humble_colcon_ws/install/moveit_common:${AMENT_PREFIX_PATH} CMAKE_PREFIX_PATH=/home/ugv-c7/CodeWorkspace/UGV-Robot/ros2_humble_colcon_ws/install/moveit_core:/home/ugv-c7/CodeWorkspace/UGV-Robot/ros2_humble_colcon_ws/install/moveit_resources_panda_moveit_config:/home/ugv-c7/CodeWorkspace/UGV-Robot/ros2_humble_colcon_ws/install/srdfdom:/home/ugv-c7/CodeWorkspace/UGV-Robot/ros2_humble_colcon_ws/install/moveit_resources_pr2_description:/home/ugv-c7/CodeWorkspace/UGV-Robot/ros2_humble_colcon_ws/install/moveit_resources_panda_description:/home/ugv-c7/CodeWorkspace/UGV-Robot/ros2_humble_colcon_ws/install/moveit_common:/opt/ros/humble LD_LIBRARY_PATH=/home/ugv-c7/CodeWorkspace/UGV-Robot/ros2_humble_colcon_ws/install/moveit_core/lib:/home/ugv-c7/CodeWorkspace/UGV-Robot/ros2_humble_colcon_ws/install/srdfdom/lib:${LD_LIBRARY_PATH} PATH=/home/ugv-c7/CodeWorkspace/UGV-Robot/ros2_humble_colcon_ws/install/moveit_core/bin:${PATH} PYTHONPATH=/home/ugv-c7/CodeWorkspace/UGV-Robot/ros2_humble_colcon_ws/install/srdfdom/local/lib/python3.10/dist-packages:${PYTHONPATH} /usr/bin/cmake --install /home/ugv-c7/CodeWorkspace/UGV-Robot/ros2_humble_colcon_ws/build/moveit_resources_prbt_ikfast_manipulator_plugin
[111.595s] DEBUG:colcon.colcon_core.event_handler.log_command:Invoked command in '/home/ugv-c7/CodeWorkspace/UGV-Robot/ros2_humble_colcon_ws/build/moveit_plugins' returned '0': AMENT_PREFIX_PATH=/home/ugv-c7/CodeWorkspace/UGV-Robot/ros2_humble_colcon_ws/install/moveit_simple_controller_manager:/home/ugv-c7/CodeWorkspace/UGV-Robot/ros2_humble_colcon_ws/install/moveit_core:/home/ugv-c7/CodeWorkspace/UGV-Robot/ros2_humble_colcon_ws/install/moveit_resources_panda_moveit_config:/home/ugv-c7/CodeWorkspace/UGV-Robot/ros2_humble_colcon_ws/install/srdfdom:/home/ugv-c7/CodeWorkspace/UGV-Robot/ros2_humble_colcon_ws/install/moveit_resources_pr2_description:/home/ugv-c7/CodeWorkspace/UGV-Robot/ros2_humble_colcon_ws/install/moveit_resources_panda_description:/home/ugv-c7/CodeWorkspace/UGV-Robot/ros2_humble_colcon_ws/install/moveit_common:${AMENT_PREFIX_PATH} CMAKE_PREFIX_PATH=/home/ugv-c7/CodeWorkspace/UGV-Robot/ros2_humble_colcon_ws/install/moveit_simple_controller_manager:/home/ugv-c7/CodeWorkspace/UGV-Robot/ros2_humble_colcon_ws/install/moveit_core:/home/ugv-c7/CodeWorkspace/UGV-Robot/ros2_humble_colcon_ws/install/moveit_resources_panda_moveit_config:/home/ugv-c7/CodeWorkspace/UGV-Robot/ros2_humble_colcon_ws/install/srdfdom:/home/ugv-c7/CodeWorkspace/UGV-Robot/ros2_humble_colcon_ws/install/moveit_resources_pr2_description:/home/ugv-c7/CodeWorkspace/UGV-Robot/ros2_humble_colcon_ws/install/moveit_resources_panda_description:/home/ugv-c7/CodeWorkspace/UGV-Robot/ros2_humble_colcon_ws/install/moveit_common:/opt/ros/humble LD_LIBRARY_PATH=/home/ugv-c7/CodeWorkspace/UGV-Robot/ros2_humble_colcon_ws/install/moveit_simple_controller_manager/lib:/home/ugv-c7/CodeWorkspace/UGV-Robot/ros2_humble_colcon_ws/install/moveit_core/lib:/home/ugv-c7/CodeWorkspace/UGV-Robot/ros2_humble_colcon_ws/install/srdfdom/lib:${LD_LIBRARY_PATH} PATH=/home/ugv-c7/CodeWorkspace/UGV-Robot/ros2_humble_colcon_ws/install/moveit_core/bin:${PATH} PYTHONPATH=/home/ugv-c7/CodeWorkspace/UGV-Robot/ros2_humble_colcon_ws/install/srdfdom/local/lib/python3.10/dist-packages:${PYTHONPATH} /usr/bin/cmake --build /home/ugv-c7/CodeWorkspace/UGV-Robot/ros2_humble_colcon_ws/build/moveit_plugins -- -j6 -l6
[111.597s] DEBUG:colcon.colcon_core.event_handler.log_command:Invoking command in '/home/ugv-c7/CodeWorkspace/UGV-Robot/ros2_humble_colcon_ws/build/moveit_plugins': AMENT_PREFIX_PATH=/home/ugv-c7/CodeWorkspace/UGV-Robot/ros2_humble_colcon_ws/install/moveit_simple_controller_manager:/home/ugv-c7/CodeWorkspace/UGV-Robot/ros2_humble_colcon_ws/install/moveit_core:/home/ugv-c7/CodeWorkspace/UGV-Robot/ros2_humble_colcon_ws/install/moveit_resources_panda_moveit_config:/home/ugv-c7/CodeWorkspace/UGV-Robot/ros2_humble_colcon_ws/install/srdfdom:/home/ugv-c7/CodeWorkspace/UGV-Robot/ros2_humble_colcon_ws/install/moveit_resources_pr2_description:/home/ugv-c7/CodeWorkspace/UGV-Robot/ros2_humble_colcon_ws/install/moveit_resources_panda_description:/home/ugv-c7/CodeWorkspace/UGV-Robot/ros2_humble_colcon_ws/install/moveit_common:${AMENT_PREFIX_PATH} CMAKE_PREFIX_PATH=/home/ugv-c7/CodeWorkspace/UGV-Robot/ros2_humble_colcon_ws/install/moveit_simple_controller_manager:/home/ugv-c7/CodeWorkspace/UGV-Robot/ros2_humble_colcon_ws/install/moveit_core:/home/ugv-c7/CodeWorkspace/UGV-Robot/ros2_humble_colcon_ws/install/moveit_resources_panda_moveit_config:/home/ugv-c7/CodeWorkspace/UGV-Robot/ros2_humble_colcon_ws/install/srdfdom:/home/ugv-c7/CodeWorkspace/UGV-Robot/ros2_humble_colcon_ws/install/moveit_resources_pr2_description:/home/ugv-c7/CodeWorkspace/UGV-Robot/ros2_humble_colcon_ws/install/moveit_resources_panda_description:/home/ugv-c7/CodeWorkspace/UGV-Robot/ros2_humble_colcon_ws/install/moveit_common:/opt/ros/humble LD_LIBRARY_PATH=/home/ugv-c7/CodeWorkspace/UGV-Robot/ros2_humble_colcon_ws/install/moveit_simple_controller_manager/lib:/home/ugv-c7/CodeWorkspace/UGV-Robot/ros2_humble_colcon_ws/install/moveit_core/lib:/home/ugv-c7/CodeWorkspace/UGV-Robot/ros2_humble_colcon_ws/install/srdfdom/lib:${LD_LIBRARY_PATH} PATH=/home/ugv-c7/CodeWorkspace/UGV-Robot/ros2_humble_colcon_ws/install/moveit_core/bin:${PATH} PYTHONPATH=/home/ugv-c7/CodeWorkspace/UGV-Robot/ros2_humble_colcon_ws/install/srdfdom/local/lib/python3.10/dist-packages:${PYTHONPATH} /usr/bin/cmake --install /home/ugv-c7/CodeWorkspace/UGV-Robot/ros2_humble_colcon_ws/build/moveit_plugins
[111.684s] Level 1:colcon.colcon_core.environment:create_environment_scripts_only(moveit_resources_prbt_ikfast_manipulator_plugin)
[111.686s] Level 1:colcon.colcon_core.environment:checking '/home/ugv-c7/CodeWorkspace/UGV-Robot/ros2_humble_colcon_ws/install/moveit_resources_prbt_ikfast_manipulator_plugin' for CMake module files
[111.687s] Level 1:colcon.colcon_core.environment:checking '/home/ugv-c7/CodeWorkspace/UGV-Robot/ros2_humble_colcon_ws/install/moveit_resources_prbt_ikfast_manipulator_plugin' for CMake config files
[111.688s] Level 1:colcon.colcon_core.shell:create_environment_hook('moveit_resources_prbt_ikfast_manipulator_plugin', 'cmake_prefix_path')
[111.691s] INFO:colcon.colcon_core.shell:Creating environment hook '/home/ugv-c7/CodeWorkspace/UGV-Robot/ros2_humble_colcon_ws/install/moveit_resources_prbt_ikfast_manipulator_plugin/share/moveit_resources_prbt_ikfast_manipulator_plugin/hook/cmake_prefix_path.ps1'
[111.693s] INFO:colcon.colcon_core.shell:Creating environment descriptor '/home/ugv-c7/CodeWorkspace/UGV-Robot/ros2_humble_colcon_ws/install/moveit_resources_prbt_ikfast_manipulator_plugin/share/moveit_resources_prbt_ikfast_manipulator_plugin/hook/cmake_prefix_path.dsv'
[111.694s] INFO:colcon.colcon_core.shell:Creating environment hook '/home/ugv-c7/CodeWorkspace/UGV-Robot/ros2_humble_colcon_ws/install/moveit_resources_prbt_ikfast_manipulator_plugin/share/moveit_resources_prbt_ikfast_manipulator_plugin/hook/cmake_prefix_path.sh'
[111.696s] Level 1:colcon.colcon_core.environment:checking '/home/ugv-c7/CodeWorkspace/UGV-Robot/ros2_humble_colcon_ws/install/moveit_resources_prbt_ikfast_manipulator_plugin/lib'
[111.690s] DEBUG:colcon.colcon_core.event_handler.log_command:Invoked command in '/home/ugv-c7/CodeWorkspace/UGV-Robot/ros2_humble_colcon_ws/build/moveit_resources_prbt_ikfast_manipulator_plugin' returned '0': AMENT_PREFIX_PATH=/home/ugv-c7/CodeWorkspace/UGV-Robot/ros2_humble_colcon_ws/install/moveit_core:/home/ugv-c7/CodeWorkspace/UGV-Robot/ros2_humble_colcon_ws/install/moveit_resources_panda_moveit_config:/home/ugv-c7/CodeWorkspace/UGV-Robot/ros2_humble_colcon_ws/install/srdfdom:/home/ugv-c7/CodeWorkspace/UGV-Robot/ros2_humble_colcon_ws/install/moveit_resources_pr2_description:/home/ugv-c7/CodeWorkspace/UGV-Robot/ros2_humble_colcon_ws/install/moveit_resources_panda_description:/home/ugv-c7/CodeWorkspace/UGV-Robot/ros2_humble_colcon_ws/install/moveit_common:${AMENT_PREFIX_PATH} CMAKE_PREFIX_PATH=/home/ugv-c7/CodeWorkspace/UGV-Robot/ros2_humble_colcon_ws/install/moveit_core:/home/ugv-c7/CodeWorkspace/UGV-Robot/ros2_humble_colcon_ws/install/moveit_resources_panda_moveit_config:/home/ugv-c7/CodeWorkspace/UGV-Robot/ros2_humble_colcon_ws/install/srdfdom:/home/ugv-c7/CodeWorkspace/UGV-Robot/ros2_humble_colcon_ws/install/moveit_resources_pr2_description:/home/ugv-c7/CodeWorkspace/UGV-Robot/ros2_humble_colcon_ws/install/moveit_resources_panda_description:/home/ugv-c7/CodeWorkspace/UGV-Robot/ros2_humble_colcon_ws/install/moveit_common:/opt/ros/humble LD_LIBRARY_PATH=/home/ugv-c7/CodeWorkspace/UGV-Robot/ros2_humble_colcon_ws/install/moveit_core/lib:/home/ugv-c7/CodeWorkspace/UGV-Robot/ros2_humble_colcon_ws/install/srdfdom/lib:${LD_LIBRARY_PATH} PATH=/home/ugv-c7/CodeWorkspace/UGV-Robot/ros2_humble_colcon_ws/install/moveit_core/bin:${PATH} PYTHONPATH=/home/ugv-c7/CodeWorkspace/UGV-Robot/ros2_humble_colcon_ws/install/srdfdom/local/lib/python3.10/dist-packages:${PYTHONPATH} /usr/bin/cmake --install /home/ugv-c7/CodeWorkspace/UGV-Robot/ros2_humble_colcon_ws/build/moveit_resources_prbt_ikfast_manipulator_plugin
[111.697s] Level 1:colcon.colcon_core.shell:create_environment_hook('moveit_resources_prbt_ikfast_manipulator_plugin', 'ld_library_path_lib')
[111.697s] INFO:colcon.colcon_core.shell:Creating environment hook '/home/ugv-c7/CodeWorkspace/UGV-Robot/ros2_humble_colcon_ws/install/moveit_resources_prbt_ikfast_manipulator_plugin/share/moveit_resources_prbt_ikfast_manipulator_plugin/hook/ld_library_path_lib.ps1'
[111.699s] INFO:colcon.colcon_core.shell:Creating environment descriptor '/home/ugv-c7/CodeWorkspace/UGV-Robot/ros2_humble_colcon_ws/install/moveit_resources_prbt_ikfast_manipulator_plugin/share/moveit_resources_prbt_ikfast_manipulator_plugin/hook/ld_library_path_lib.dsv'
[111.700s] INFO:colcon.colcon_core.shell:Creating environment hook '/home/ugv-c7/CodeWorkspace/UGV-Robot/ros2_humble_colcon_ws/install/moveit_resources_prbt_ikfast_manipulator_plugin/share/moveit_resources_prbt_ikfast_manipulator_plugin/hook/ld_library_path_lib.sh'
[111.701s] Level 1:colcon.colcon_core.environment:checking '/home/ugv-c7/CodeWorkspace/UGV-Robot/ros2_humble_colcon_ws/install/moveit_resources_prbt_ikfast_manipulator_plugin/bin'
[111.702s] Level 1:colcon.colcon_core.environment:checking '/home/ugv-c7/CodeWorkspace/UGV-Robot/ros2_humble_colcon_ws/install/moveit_resources_prbt_ikfast_manipulator_plugin/lib/pkgconfig/moveit_resources_prbt_ikfast_manipulator_plugin.pc'
[111.702s] Level 1:colcon.colcon_core.environment:checking '/home/ugv-c7/CodeWorkspace/UGV-Robot/ros2_humble_colcon_ws/install/moveit_resources_prbt_ikfast_manipulator_plugin/lib/python3.10/site-packages'
[111.703s] Level 1:colcon.colcon_core.environment:checking '/home/ugv-c7/CodeWorkspace/UGV-Robot/ros2_humble_colcon_ws/install/moveit_resources_prbt_ikfast_manipulator_plugin/bin'
[111.704s] INFO:colcon.colcon_core.shell:Creating package script '/home/ugv-c7/CodeWorkspace/UGV-Robot/ros2_humble_colcon_ws/install/moveit_resources_prbt_ikfast_manipulator_plugin/share/moveit_resources_prbt_ikfast_manipulator_plugin/package.ps1'
[111.706s] INFO:colcon.colcon_core.shell:Creating package descriptor '/home/ugv-c7/CodeWorkspace/UGV-Robot/ros2_humble_colcon_ws/install/moveit_resources_prbt_ikfast_manipulator_plugin/share/moveit_resources_prbt_ikfast_manipulator_plugin/package.dsv'
[111.707s] INFO:colcon.colcon_core.shell:Creating package script '/home/ugv-c7/CodeWorkspace/UGV-Robot/ros2_humble_colcon_ws/install/moveit_resources_prbt_ikfast_manipulator_plugin/share/moveit_resources_prbt_ikfast_manipulator_plugin/package.sh'
[111.709s] INFO:colcon.colcon_core.shell:Creating package script '/home/ugv-c7/CodeWorkspace/UGV-Robot/ros2_humble_colcon_ws/install/moveit_resources_prbt_ikfast_manipulator_plugin/share/moveit_resources_prbt_ikfast_manipulator_plugin/package.bash'
[111.710s] INFO:colcon.colcon_core.shell:Creating package script '/home/ugv-c7/CodeWorkspace/UGV-Robot/ros2_humble_colcon_ws/install/moveit_resources_prbt_ikfast_manipulator_plugin/share/moveit_resources_prbt_ikfast_manipulator_plugin/package.zsh'
[111.711s] Level 1:colcon.colcon_core.environment:create_file_with_runtime_dependencies(/home/ugv-c7/CodeWorkspace/UGV-Robot/ros2_humble_colcon_ws/install/moveit_resources_prbt_ikfast_manipulator_plugin/share/colcon-core/packages/moveit_resources_prbt_ikfast_manipulator_plugin)
[111.713s] Level 1:colcon.colcon_core.environment:create_environment_scripts_only(moveit_resources_prbt_ikfast_manipulator_plugin)
[111.714s] Level 1:colcon.colcon_core.environment:checking '/home/ugv-c7/CodeWorkspace/UGV-Robot/ros2_humble_colcon_ws/install/moveit_resources_prbt_ikfast_manipulator_plugin' for CMake module files
[111.715s] Level 1:colcon.colcon_core.environment:checking '/home/ugv-c7/CodeWorkspace/UGV-Robot/ros2_humble_colcon_ws/install/moveit_resources_prbt_ikfast_manipulator_plugin' for CMake config files
[111.717s] Level 1:colcon.colcon_core.shell:create_environment_hook('moveit_resources_prbt_ikfast_manipulator_plugin', 'cmake_prefix_path')
[111.717s] INFO:colcon.colcon_core.shell:Creating environment hook '/home/ugv-c7/CodeWorkspace/UGV-Robot/ros2_humble_colcon_ws/install/moveit_resources_prbt_ikfast_manipulator_plugin/share/moveit_resources_prbt_ikfast_manipulator_plugin/hook/cmake_prefix_path.ps1'
[111.719s] INFO:colcon.colcon_core.shell:Creating environment descriptor '/home/ugv-c7/CodeWorkspace/UGV-Robot/ros2_humble_colcon_ws/install/moveit_resources_prbt_ikfast_manipulator_plugin/share/moveit_resources_prbt_ikfast_manipulator_plugin/hook/cmake_prefix_path.dsv'
[111.722s] INFO:colcon.colcon_core.shell:Creating environment hook '/home/ugv-c7/CodeWorkspace/UGV-Robot/ros2_humble_colcon_ws/install/moveit_resources_prbt_ikfast_manipulator_plugin/share/moveit_resources_prbt_ikfast_manipulator_plugin/hook/cmake_prefix_path.sh'
[111.726s] Level 1:colcon.colcon_core.environment:checking '/home/ugv-c7/CodeWorkspace/UGV-Robot/ros2_humble_colcon_ws/install/moveit_resources_prbt_ikfast_manipulator_plugin/lib'
[111.726s] Level 1:colcon.colcon_core.shell:create_environment_hook('moveit_resources_prbt_ikfast_manipulator_plugin', 'ld_library_path_lib')
[111.728s] INFO:colcon.colcon_core.shell:Creating environment hook '/home/ugv-c7/CodeWorkspace/UGV-Robot/ros2_humble_colcon_ws/install/moveit_resources_prbt_ikfast_manipulator_plugin/share/moveit_resources_prbt_ikfast_manipulator_plugin/hook/ld_library_path_lib.ps1'
[111.729s] INFO:colcon.colcon_core.shell:Creating environment descriptor '/home/ugv-c7/CodeWorkspace/UGV-Robot/ros2_humble_colcon_ws/install/moveit_resources_prbt_ikfast_manipulator_plugin/share/moveit_resources_prbt_ikfast_manipulator_plugin/hook/ld_library_path_lib.dsv'
[111.730s] INFO:colcon.colcon_core.shell:Creating environment hook '/home/ugv-c7/CodeWorkspace/UGV-Robot/ros2_humble_colcon_ws/install/moveit_resources_prbt_ikfast_manipulator_plugin/share/moveit_resources_prbt_ikfast_manipulator_plugin/hook/ld_library_path_lib.sh'
[111.732s] Level 1:colcon.colcon_core.environment:checking '/home/ugv-c7/CodeWorkspace/UGV-Robot/ros2_humble_colcon_ws/install/moveit_resources_prbt_ikfast_manipulator_plugin/bin'
[111.732s] Level 1:colcon.colcon_core.environment:checking '/home/ugv-c7/CodeWorkspace/UGV-Robot/ros2_humble_colcon_ws/install/moveit_resources_prbt_ikfast_manipulator_plugin/lib/pkgconfig/moveit_resources_prbt_ikfast_manipulator_plugin.pc'
[111.733s] Level 1:colcon.colcon_core.environment:checking '/home/ugv-c7/CodeWorkspace/UGV-Robot/ros2_humble_colcon_ws/install/moveit_resources_prbt_ikfast_manipulator_plugin/lib/python3.10/site-packages'
[111.734s] Level 1:colcon.colcon_core.environment:checking '/home/ugv-c7/CodeWorkspace/UGV-Robot/ros2_humble_colcon_ws/install/moveit_resources_prbt_ikfast_manipulator_plugin/bin'
[111.735s] INFO:colcon.colcon_core.shell:Creating package script '/home/ugv-c7/CodeWorkspace/UGV-Robot/ros2_humble_colcon_ws/install/moveit_resources_prbt_ikfast_manipulator_plugin/share/moveit_resources_prbt_ikfast_manipulator_plugin/package.ps1'
[111.738s] INFO:colcon.colcon_core.shell:Creating package descriptor '/home/ugv-c7/CodeWorkspace/UGV-Robot/ros2_humble_colcon_ws/install/moveit_resources_prbt_ikfast_manipulator_plugin/share/moveit_resources_prbt_ikfast_manipulator_plugin/package.dsv'
[111.739s] INFO:colcon.colcon_core.shell:Creating package script '/home/ugv-c7/CodeWorkspace/UGV-Robot/ros2_humble_colcon_ws/install/moveit_resources_prbt_ikfast_manipulator_plugin/share/moveit_resources_prbt_ikfast_manipulator_plugin/package.sh'
[111.741s] INFO:colcon.colcon_core.shell:Creating package script '/home/ugv-c7/CodeWorkspace/UGV-Robot/ros2_humble_colcon_ws/install/moveit_resources_prbt_ikfast_manipulator_plugin/share/moveit_resources_prbt_ikfast_manipulator_plugin/package.bash'
[111.742s] INFO:colcon.colcon_core.shell:Creating package script '/home/ugv-c7/CodeWorkspace/UGV-Robot/ros2_humble_colcon_ws/install/moveit_resources_prbt_ikfast_manipulator_plugin/share/moveit_resources_prbt_ikfast_manipulator_plugin/package.zsh'
[111.743s] Level 1:colcon.colcon_core.environment:create_file_with_runtime_dependencies(/home/ugv-c7/CodeWorkspace/UGV-Robot/ros2_humble_colcon_ws/install/moveit_resources_prbt_ikfast_manipulator_plugin/share/colcon-core/packages/moveit_resources_prbt_ikfast_manipulator_plugin)
[111.749s] Level 1:colcon.colcon_core.environment:create_environment_scripts_only(moveit_plugins)
[111.750s] DEBUG:colcon.colcon_core.event_handler.log_command:Invoked command in '/home/ugv-c7/CodeWorkspace/UGV-Robot/ros2_humble_colcon_ws/build/moveit_plugins' returned '0': AMENT_PREFIX_PATH=/home/ugv-c7/CodeWorkspace/UGV-Robot/ros2_humble_colcon_ws/install/moveit_simple_controller_manager:/home/ugv-c7/CodeWorkspace/UGV-Robot/ros2_humble_colcon_ws/install/moveit_core:/home/ugv-c7/CodeWorkspace/UGV-Robot/ros2_humble_colcon_ws/install/moveit_resources_panda_moveit_config:/home/ugv-c7/CodeWorkspace/UGV-Robot/ros2_humble_colcon_ws/install/srdfdom:/home/ugv-c7/CodeWorkspace/UGV-Robot/ros2_humble_colcon_ws/install/moveit_resources_pr2_description:/home/ugv-c7/CodeWorkspace/UGV-Robot/ros2_humble_colcon_ws/install/moveit_resources_panda_description:/home/ugv-c7/CodeWorkspace/UGV-Robot/ros2_humble_colcon_ws/install/moveit_common:${AMENT_PREFIX_PATH} CMAKE_PREFIX_PATH=/home/ugv-c7/CodeWorkspace/UGV-Robot/ros2_humble_colcon_ws/install/moveit_simple_controller_manager:/home/ugv-c7/CodeWorkspace/UGV-Robot/ros2_humble_colcon_ws/install/moveit_core:/home/ugv-c7/CodeWorkspace/UGV-Robot/ros2_humble_colcon_ws/install/moveit_resources_panda_moveit_config:/home/ugv-c7/CodeWorkspace/UGV-Robot/ros2_humble_colcon_ws/install/srdfdom:/home/ugv-c7/CodeWorkspace/UGV-Robot/ros2_humble_colcon_ws/install/moveit_resources_pr2_description:/home/ugv-c7/CodeWorkspace/UGV-Robot/ros2_humble_colcon_ws/install/moveit_resources_panda_description:/home/ugv-c7/CodeWorkspace/UGV-Robot/ros2_humble_colcon_ws/install/moveit_common:/opt/ros/humble LD_LIBRARY_PATH=/home/ugv-c7/CodeWorkspace/UGV-Robot/ros2_humble_colcon_ws/install/moveit_simple_controller_manager/lib:/home/ugv-c7/CodeWorkspace/UGV-Robot/ros2_humble_colcon_ws/install/moveit_core/lib:/home/ugv-c7/CodeWorkspace/UGV-Robot/ros2_humble_colcon_ws/install/srdfdom/lib:${LD_LIBRARY_PATH} PATH=/home/ugv-c7/CodeWorkspace/UGV-Robot/ros2_humble_colcon_ws/install/moveit_core/bin:${PATH} PYTHONPATH=/home/ugv-c7/CodeWorkspace/UGV-Robot/ros2_humble_colcon_ws/install/srdfdom/local/lib/python3.10/dist-packages:${PYTHONPATH} /usr/bin/cmake --install /home/ugv-c7/CodeWorkspace/UGV-Robot/ros2_humble_colcon_ws/build/moveit_plugins
[111.751s] Level 1:colcon.colcon_core.environment:checking '/home/ugv-c7/CodeWorkspace/UGV-Robot/ros2_humble_colcon_ws/install/moveit_plugins' for CMake module files
[111.752s] Level 1:colcon.colcon_core.environment:checking '/home/ugv-c7/CodeWorkspace/UGV-Robot/ros2_humble_colcon_ws/install/moveit_plugins' for CMake config files
[111.753s] Level 1:colcon.colcon_core.shell:create_environment_hook('moveit_plugins', 'cmake_prefix_path')
[111.754s] INFO:colcon.colcon_core.shell:Creating environment hook '/home/ugv-c7/CodeWorkspace/UGV-Robot/ros2_humble_colcon_ws/install/moveit_plugins/share/moveit_plugins/hook/cmake_prefix_path.ps1'
[111.757s] INFO:colcon.colcon_core.shell:Creating environment descriptor '/home/ugv-c7/CodeWorkspace/UGV-Robot/ros2_humble_colcon_ws/install/moveit_plugins/share/moveit_plugins/hook/cmake_prefix_path.dsv'
[111.758s] INFO:colcon.colcon_core.shell:Creating environment hook '/home/ugv-c7/CodeWorkspace/UGV-Robot/ros2_humble_colcon_ws/install/moveit_plugins/share/moveit_plugins/hook/cmake_prefix_path.sh'
[111.760s] Level 1:colcon.colcon_core.environment:checking '/home/ugv-c7/CodeWorkspace/UGV-Robot/ros2_humble_colcon_ws/install/moveit_plugins/bin'
[111.760s] Level 1:colcon.colcon_core.environment:checking '/home/ugv-c7/CodeWorkspace/UGV-Robot/ros2_humble_colcon_ws/install/moveit_plugins/lib/pkgconfig/moveit_plugins.pc'
[111.761s] Level 1:colcon.colcon_core.environment:checking '/home/ugv-c7/CodeWorkspace/UGV-Robot/ros2_humble_colcon_ws/install/moveit_plugins/lib/python3.10/site-packages'
[111.761s] Level 1:colcon.colcon_core.environment:checking '/home/ugv-c7/CodeWorkspace/UGV-Robot/ros2_humble_colcon_ws/install/moveit_plugins/bin'
[111.762s] INFO:colcon.colcon_core.shell:Creating package script '/home/ugv-c7/CodeWorkspace/UGV-Robot/ros2_humble_colcon_ws/install/moveit_plugins/share/moveit_plugins/package.ps1'
[111.764s] INFO:colcon.colcon_core.shell:Creating package descriptor '/home/ugv-c7/CodeWorkspace/UGV-Robot/ros2_humble_colcon_ws/install/moveit_plugins/share/moveit_plugins/package.dsv'
[111.766s] INFO:colcon.colcon_core.shell:Creating package script '/home/ugv-c7/CodeWorkspace/UGV-Robot/ros2_humble_colcon_ws/install/moveit_plugins/share/moveit_plugins/package.sh'
[111.767s] INFO:colcon.colcon_core.shell:Creating package script '/home/ugv-c7/CodeWorkspace/UGV-Robot/ros2_humble_colcon_ws/install/moveit_plugins/share/moveit_plugins/package.bash'
[111.768s] INFO:colcon.colcon_core.shell:Creating package script '/home/ugv-c7/CodeWorkspace/UGV-Robot/ros2_humble_colcon_ws/install/moveit_plugins/share/moveit_plugins/package.zsh'
[111.769s] Level 1:colcon.colcon_core.environment:create_file_with_runtime_dependencies(/home/ugv-c7/CodeWorkspace/UGV-Robot/ros2_humble_colcon_ws/install/moveit_plugins/share/colcon-core/packages/moveit_plugins)
[111.772s] Level 1:colcon.colcon_core.environment:create_environment_scripts_only(moveit_plugins)
[111.772s] Level 1:colcon.colcon_core.environment:checking '/home/ugv-c7/CodeWorkspace/UGV-Robot/ros2_humble_colcon_ws/install/moveit_plugins' for CMake module files
[111.773s] Level 1:colcon.colcon_core.environment:checking '/home/ugv-c7/CodeWorkspace/UGV-Robot/ros2_humble_colcon_ws/install/moveit_plugins' for CMake config files
[111.774s] Level 1:colcon.colcon_core.shell:create_environment_hook('moveit_plugins', 'cmake_prefix_path')
[111.775s] INFO:colcon.colcon_core.shell:Creating environment hook '/home/ugv-c7/CodeWorkspace/UGV-Robot/ros2_humble_colcon_ws/install/moveit_plugins/share/moveit_plugins/hook/cmake_prefix_path.ps1'
[111.777s] INFO:colcon.colcon_core.shell:Creating environment descriptor '/home/ugv-c7/CodeWorkspace/UGV-Robot/ros2_humble_colcon_ws/install/moveit_plugins/share/moveit_plugins/hook/cmake_prefix_path.dsv'
[111.778s] INFO:colcon.colcon_core.shell:Creating environment hook '/home/ugv-c7/CodeWorkspace/UGV-Robot/ros2_humble_colcon_ws/install/moveit_plugins/share/moveit_plugins/hook/cmake_prefix_path.sh'
[111.780s] Level 1:colcon.colcon_core.environment:checking '/home/ugv-c7/CodeWorkspace/UGV-Robot/ros2_humble_colcon_ws/install/moveit_plugins/bin'
[111.780s] Level 1:colcon.colcon_core.environment:checking '/home/ugv-c7/CodeWorkspace/UGV-Robot/ros2_humble_colcon_ws/install/moveit_plugins/lib/pkgconfig/moveit_plugins.pc'
[111.781s] Level 1:colcon.colcon_core.environment:checking '/home/ugv-c7/CodeWorkspace/UGV-Robot/ros2_humble_colcon_ws/install/moveit_plugins/lib/python3.10/site-packages'
[111.782s] Level 1:colcon.colcon_core.environment:checking '/home/ugv-c7/CodeWorkspace/UGV-Robot/ros2_humble_colcon_ws/install/moveit_plugins/bin'
[111.783s] INFO:colcon.colcon_core.shell:Creating package script '/home/ugv-c7/CodeWorkspace/UGV-Robot/ros2_humble_colcon_ws/install/moveit_plugins/share/moveit_plugins/package.ps1'
[111.785s] INFO:colcon.colcon_core.shell:Creating package descriptor '/home/ugv-c7/CodeWorkspace/UGV-Robot/ros2_humble_colcon_ws/install/moveit_plugins/share/moveit_plugins/package.dsv'
[111.786s] INFO:colcon.colcon_core.shell:Creating package script '/home/ugv-c7/CodeWorkspace/UGV-Robot/ros2_humble_colcon_ws/install/moveit_plugins/share/moveit_plugins/package.sh'
[111.787s] INFO:colcon.colcon_core.shell:Creating package script '/home/ugv-c7/CodeWorkspace/UGV-Robot/ros2_humble_colcon_ws/install/moveit_plugins/share/moveit_plugins/package.bash'
[111.789s] INFO:colcon.colcon_core.shell:Creating package script '/home/ugv-c7/CodeWorkspace/UGV-Robot/ros2_humble_colcon_ws/install/moveit_plugins/share/moveit_plugins/package.zsh'
[111.790s] Level 1:colcon.colcon_core.environment:create_file_with_runtime_dependencies(/home/ugv-c7/CodeWorkspace/UGV-Robot/ros2_humble_colcon_ws/install/moveit_plugins/share/colcon-core/packages/moveit_plugins)
[112.568s] DEBUG:colcon.colcon_core.event_handler.log_command:Invoked command in '/home/ugv-c7/CodeWorkspace/UGV-Robot/ros2_humble_colcon_ws/build/moveit_ros_control_interface' returned '0': AMENT_PREFIX_PATH=/home/ugv-c7/CodeWorkspace/UGV-Robot/ros2_humble_colcon_ws/install/moveit_simple_controller_manager:/home/ugv-c7/CodeWorkspace/UGV-Robot/ros2_humble_colcon_ws/install/moveit_core:/home/ugv-c7/CodeWorkspace/UGV-Robot/ros2_humble_colcon_ws/install/moveit_resources_panda_moveit_config:/home/ugv-c7/CodeWorkspace/UGV-Robot/ros2_humble_colcon_ws/install/srdfdom:/home/ugv-c7/CodeWorkspace/UGV-Robot/ros2_humble_colcon_ws/install/moveit_resources_pr2_description:/home/ugv-c7/CodeWorkspace/UGV-Robot/ros2_humble_colcon_ws/install/moveit_resources_panda_description:/home/ugv-c7/CodeWorkspace/UGV-Robot/ros2_humble_colcon_ws/install/moveit_common:${AMENT_PREFIX_PATH} CMAKE_PREFIX_PATH=/home/ugv-c7/CodeWorkspace/UGV-Robot/ros2_humble_colcon_ws/install/moveit_simple_controller_manager:/home/ugv-c7/CodeWorkspace/UGV-Robot/ros2_humble_colcon_ws/install/moveit_core:/home/ugv-c7/CodeWorkspace/UGV-Robot/ros2_humble_colcon_ws/install/moveit_resources_panda_moveit_config:/home/ugv-c7/CodeWorkspace/UGV-Robot/ros2_humble_colcon_ws/install/srdfdom:/home/ugv-c7/CodeWorkspace/UGV-Robot/ros2_humble_colcon_ws/install/moveit_resources_pr2_description:/home/ugv-c7/CodeWorkspace/UGV-Robot/ros2_humble_colcon_ws/install/moveit_resources_panda_description:/home/ugv-c7/CodeWorkspace/UGV-Robot/ros2_humble_colcon_ws/install/moveit_common:/opt/ros/humble LD_LIBRARY_PATH=/home/ugv-c7/CodeWorkspace/UGV-Robot/ros2_humble_colcon_ws/install/moveit_simple_controller_manager/lib:/home/ugv-c7/CodeWorkspace/UGV-Robot/ros2_humble_colcon_ws/install/moveit_core/lib:/home/ugv-c7/CodeWorkspace/UGV-Robot/ros2_humble_colcon_ws/install/srdfdom/lib:${LD_LIBRARY_PATH} PATH=/home/ugv-c7/CodeWorkspace/UGV-Robot/ros2_humble_colcon_ws/install/moveit_core/bin:${PATH} PYTHONPATH=/home/ugv-c7/CodeWorkspace/UGV-Robot/ros2_humble_colcon_ws/install/srdfdom/local/lib/python3.10/dist-packages:${PYTHONPATH} /usr/bin/cmake /home/ugv-c7/CodeWorkspace/UGV-Robot/ros2_humble_colcon_ws/src/moveit2/moveit_plugins/moveit_ros_control_interface -DCMAKE_INSTALL_PREFIX=/home/ugv-c7/CodeWorkspace/UGV-Robot/ros2_humble_colcon_ws/install/moveit_ros_control_interface
[112.569s] DEBUG:colcon.colcon_core.event_handler.log_command:Invoking command in '/home/ugv-c7/CodeWorkspace/UGV-Robot/ros2_humble_colcon_ws/build/moveit_ros_control_interface': AMENT_PREFIX_PATH=/home/ugv-c7/CodeWorkspace/UGV-Robot/ros2_humble_colcon_ws/install/moveit_simple_controller_manager:/home/ugv-c7/CodeWorkspace/UGV-Robot/ros2_humble_colcon_ws/install/moveit_core:/home/ugv-c7/CodeWorkspace/UGV-Robot/ros2_humble_colcon_ws/install/moveit_resources_panda_moveit_config:/home/ugv-c7/CodeWorkspace/UGV-Robot/ros2_humble_colcon_ws/install/srdfdom:/home/ugv-c7/CodeWorkspace/UGV-Robot/ros2_humble_colcon_ws/install/moveit_resources_pr2_description:/home/ugv-c7/CodeWorkspace/UGV-Robot/ros2_humble_colcon_ws/install/moveit_resources_panda_description:/home/ugv-c7/CodeWorkspace/UGV-Robot/ros2_humble_colcon_ws/install/moveit_common:${AMENT_PREFIX_PATH} CMAKE_PREFIX_PATH=/home/ugv-c7/CodeWorkspace/UGV-Robot/ros2_humble_colcon_ws/install/moveit_simple_controller_manager:/home/ugv-c7/CodeWorkspace/UGV-Robot/ros2_humble_colcon_ws/install/moveit_core:/home/ugv-c7/CodeWorkspace/UGV-Robot/ros2_humble_colcon_ws/install/moveit_resources_panda_moveit_config:/home/ugv-c7/CodeWorkspace/UGV-Robot/ros2_humble_colcon_ws/install/srdfdom:/home/ugv-c7/CodeWorkspace/UGV-Robot/ros2_humble_colcon_ws/install/moveit_resources_pr2_description:/home/ugv-c7/CodeWorkspace/UGV-Robot/ros2_humble_colcon_ws/install/moveit_resources_panda_description:/home/ugv-c7/CodeWorkspace/UGV-Robot/ros2_humble_colcon_ws/install/moveit_common:/opt/ros/humble LD_LIBRARY_PATH=/home/ugv-c7/CodeWorkspace/UGV-Robot/ros2_humble_colcon_ws/install/moveit_simple_controller_manager/lib:/home/ugv-c7/CodeWorkspace/UGV-Robot/ros2_humble_colcon_ws/install/moveit_core/lib:/home/ugv-c7/CodeWorkspace/UGV-Robot/ros2_humble_colcon_ws/install/srdfdom/lib:${LD_LIBRARY_PATH} PATH=/home/ugv-c7/CodeWorkspace/UGV-Robot/ros2_humble_colcon_ws/install/moveit_core/bin:${PATH} PYTHONPATH=/home/ugv-c7/CodeWorkspace/UGV-Robot/ros2_humble_colcon_ws/install/srdfdom/local/lib/python3.10/dist-packages:${PYTHONPATH} /usr/bin/cmake --build /home/ugv-c7/CodeWorkspace/UGV-Robot/ros2_humble_colcon_ws/build/moveit_ros_control_interface -- -j6 -l6
[117.645s] DEBUG:colcon.colcon_core.event_handler.log_command:Invoked command in '/home/ugv-c7/CodeWorkspace/UGV-Robot/ros2_humble_colcon_ws/build/pilz_industrial_motion_planner_testutils' returned '0': AMENT_PREFIX_PATH=/home/ugv-c7/CodeWorkspace/UGV-Robot/ros2_humble_colcon_ws/install/moveit_core:/home/ugv-c7/CodeWorkspace/UGV-Robot/ros2_humble_colcon_ws/install/moveit_resources_panda_moveit_config:/home/ugv-c7/CodeWorkspace/UGV-Robot/ros2_humble_colcon_ws/install/srdfdom:/home/ugv-c7/CodeWorkspace/UGV-Robot/ros2_humble_colcon_ws/install/moveit_resources_pr2_description:/home/ugv-c7/CodeWorkspace/UGV-Robot/ros2_humble_colcon_ws/install/moveit_resources_panda_description:/home/ugv-c7/CodeWorkspace/UGV-Robot/ros2_humble_colcon_ws/install/moveit_common:${AMENT_PREFIX_PATH} CMAKE_PREFIX_PATH=/home/ugv-c7/CodeWorkspace/UGV-Robot/ros2_humble_colcon_ws/install/moveit_core:/home/ugv-c7/CodeWorkspace/UGV-Robot/ros2_humble_colcon_ws/install/moveit_resources_panda_moveit_config:/home/ugv-c7/CodeWorkspace/UGV-Robot/ros2_humble_colcon_ws/install/srdfdom:/home/ugv-c7/CodeWorkspace/UGV-Robot/ros2_humble_colcon_ws/install/moveit_resources_pr2_description:/home/ugv-c7/CodeWorkspace/UGV-Robot/ros2_humble_colcon_ws/install/moveit_resources_panda_description:/home/ugv-c7/CodeWorkspace/UGV-Robot/ros2_humble_colcon_ws/install/moveit_common:/opt/ros/humble LD_LIBRARY_PATH=/home/ugv-c7/CodeWorkspace/UGV-Robot/ros2_humble_colcon_ws/install/moveit_core/lib:/home/ugv-c7/CodeWorkspace/UGV-Robot/ros2_humble_colcon_ws/install/srdfdom/lib:${LD_LIBRARY_PATH} PATH=/home/ugv-c7/CodeWorkspace/UGV-Robot/ros2_humble_colcon_ws/install/moveit_core/bin:${PATH} PYTHONPATH=/home/ugv-c7/CodeWorkspace/UGV-Robot/ros2_humble_colcon_ws/install/srdfdom/local/lib/python3.10/dist-packages:${PYTHONPATH} /usr/bin/cmake --build /home/ugv-c7/CodeWorkspace/UGV-Robot/ros2_humble_colcon_ws/build/pilz_industrial_motion_planner_testutils -- -j6 -l6
[117.653s] DEBUG:colcon.colcon_core.event_handler.log_command:Invoking command in '/home/ugv-c7/CodeWorkspace/UGV-Robot/ros2_humble_colcon_ws/build/pilz_industrial_motion_planner_testutils': AMENT_PREFIX_PATH=/home/ugv-c7/CodeWorkspace/UGV-Robot/ros2_humble_colcon_ws/install/moveit_core:/home/ugv-c7/CodeWorkspace/UGV-Robot/ros2_humble_colcon_ws/install/moveit_resources_panda_moveit_config:/home/ugv-c7/CodeWorkspace/UGV-Robot/ros2_humble_colcon_ws/install/srdfdom:/home/ugv-c7/CodeWorkspace/UGV-Robot/ros2_humble_colcon_ws/install/moveit_resources_pr2_description:/home/ugv-c7/CodeWorkspace/UGV-Robot/ros2_humble_colcon_ws/install/moveit_resources_panda_description:/home/ugv-c7/CodeWorkspace/UGV-Robot/ros2_humble_colcon_ws/install/moveit_common:${AMENT_PREFIX_PATH} CMAKE_PREFIX_PATH=/home/ugv-c7/CodeWorkspace/UGV-Robot/ros2_humble_colcon_ws/install/moveit_core:/home/ugv-c7/CodeWorkspace/UGV-Robot/ros2_humble_colcon_ws/install/moveit_resources_panda_moveit_config:/home/ugv-c7/CodeWorkspace/UGV-Robot/ros2_humble_colcon_ws/install/srdfdom:/home/ugv-c7/CodeWorkspace/UGV-Robot/ros2_humble_colcon_ws/install/moveit_resources_pr2_description:/home/ugv-c7/CodeWorkspace/UGV-Robot/ros2_humble_colcon_ws/install/moveit_resources_panda_description:/home/ugv-c7/CodeWorkspace/UGV-Robot/ros2_humble_colcon_ws/install/moveit_common:/opt/ros/humble LD_LIBRARY_PATH=/home/ugv-c7/CodeWorkspace/UGV-Robot/ros2_humble_colcon_ws/install/moveit_core/lib:/home/ugv-c7/CodeWorkspace/UGV-Robot/ros2_humble_colcon_ws/install/srdfdom/lib:${LD_LIBRARY_PATH} PATH=/home/ugv-c7/CodeWorkspace/UGV-Robot/ros2_humble_colcon_ws/install/moveit_core/bin:${PATH} PYTHONPATH=/home/ugv-c7/CodeWorkspace/UGV-Robot/ros2_humble_colcon_ws/install/srdfdom/local/lib/python3.10/dist-packages:${PYTHONPATH} /usr/bin/cmake --install /home/ugv-c7/CodeWorkspace/UGV-Robot/ros2_humble_colcon_ws/build/pilz_industrial_motion_planner_testutils
[117.729s] Level 1:colcon.colcon_core.environment:create_environment_scripts_only(pilz_industrial_motion_planner_testutils)
[117.731s] Level 1:colcon.colcon_core.environment:checking '/home/ugv-c7/CodeWorkspace/UGV-Robot/ros2_humble_colcon_ws/install/pilz_industrial_motion_planner_testutils' for CMake module files
[117.732s] DEBUG:colcon.colcon_core.event_handler.log_command:Invoked command in '/home/ugv-c7/CodeWorkspace/UGV-Robot/ros2_humble_colcon_ws/build/pilz_industrial_motion_planner_testutils' returned '0': AMENT_PREFIX_PATH=/home/ugv-c7/CodeWorkspace/UGV-Robot/ros2_humble_colcon_ws/install/moveit_core:/home/ugv-c7/CodeWorkspace/UGV-Robot/ros2_humble_colcon_ws/install/moveit_resources_panda_moveit_config:/home/ugv-c7/CodeWorkspace/UGV-Robot/ros2_humble_colcon_ws/install/srdfdom:/home/ugv-c7/CodeWorkspace/UGV-Robot/ros2_humble_colcon_ws/install/moveit_resources_pr2_description:/home/ugv-c7/CodeWorkspace/UGV-Robot/ros2_humble_colcon_ws/install/moveit_resources_panda_description:/home/ugv-c7/CodeWorkspace/UGV-Robot/ros2_humble_colcon_ws/install/moveit_common:${AMENT_PREFIX_PATH} CMAKE_PREFIX_PATH=/home/ugv-c7/CodeWorkspace/UGV-Robot/ros2_humble_colcon_ws/install/moveit_core:/home/ugv-c7/CodeWorkspace/UGV-Robot/ros2_humble_colcon_ws/install/moveit_resources_panda_moveit_config:/home/ugv-c7/CodeWorkspace/UGV-Robot/ros2_humble_colcon_ws/install/srdfdom:/home/ugv-c7/CodeWorkspace/UGV-Robot/ros2_humble_colcon_ws/install/moveit_resources_pr2_description:/home/ugv-c7/CodeWorkspace/UGV-Robot/ros2_humble_colcon_ws/install/moveit_resources_panda_description:/home/ugv-c7/CodeWorkspace/UGV-Robot/ros2_humble_colcon_ws/install/moveit_common:/opt/ros/humble LD_LIBRARY_PATH=/home/ugv-c7/CodeWorkspace/UGV-Robot/ros2_humble_colcon_ws/install/moveit_core/lib:/home/ugv-c7/CodeWorkspace/UGV-Robot/ros2_humble_colcon_ws/install/srdfdom/lib:${LD_LIBRARY_PATH} PATH=/home/ugv-c7/CodeWorkspace/UGV-Robot/ros2_humble_colcon_ws/install/moveit_core/bin:${PATH} PYTHONPATH=/home/ugv-c7/CodeWorkspace/UGV-Robot/ros2_humble_colcon_ws/install/srdfdom/local/lib/python3.10/dist-packages:${PYTHONPATH} /usr/bin/cmake --install /home/ugv-c7/CodeWorkspace/UGV-Robot/ros2_humble_colcon_ws/build/pilz_industrial_motion_planner_testutils
[117.733s] Level 1:colcon.colcon_core.environment:checking '/home/ugv-c7/CodeWorkspace/UGV-Robot/ros2_humble_colcon_ws/install/pilz_industrial_motion_planner_testutils' for CMake config files
[117.733s] Level 1:colcon.colcon_core.shell:create_environment_hook('pilz_industrial_motion_planner_testutils', 'cmake_prefix_path')
[117.734s] INFO:colcon.colcon_core.shell:Creating environment hook '/home/ugv-c7/CodeWorkspace/UGV-Robot/ros2_humble_colcon_ws/install/pilz_industrial_motion_planner_testutils/share/pilz_industrial_motion_planner_testutils/hook/cmake_prefix_path.ps1'
[117.736s] INFO:colcon.colcon_core.shell:Creating environment descriptor '/home/ugv-c7/CodeWorkspace/UGV-Robot/ros2_humble_colcon_ws/install/pilz_industrial_motion_planner_testutils/share/pilz_industrial_motion_planner_testutils/hook/cmake_prefix_path.dsv'
[117.737s] INFO:colcon.colcon_core.shell:Creating environment hook '/home/ugv-c7/CodeWorkspace/UGV-Robot/ros2_humble_colcon_ws/install/pilz_industrial_motion_planner_testutils/share/pilz_industrial_motion_planner_testutils/hook/cmake_prefix_path.sh'
[117.739s] Level 1:colcon.colcon_core.environment:checking '/home/ugv-c7/CodeWorkspace/UGV-Robot/ros2_humble_colcon_ws/install/pilz_industrial_motion_planner_testutils/lib'
[117.739s] Level 1:colcon.colcon_core.shell:create_environment_hook('pilz_industrial_motion_planner_testutils', 'ld_library_path_lib')
[117.739s] INFO:colcon.colcon_core.shell:Creating environment hook '/home/ugv-c7/CodeWorkspace/UGV-Robot/ros2_humble_colcon_ws/install/pilz_industrial_motion_planner_testutils/share/pilz_industrial_motion_planner_testutils/hook/ld_library_path_lib.ps1'
[117.740s] INFO:colcon.colcon_core.shell:Creating environment descriptor '/home/ugv-c7/CodeWorkspace/UGV-Robot/ros2_humble_colcon_ws/install/pilz_industrial_motion_planner_testutils/share/pilz_industrial_motion_planner_testutils/hook/ld_library_path_lib.dsv'
[117.741s] INFO:colcon.colcon_core.shell:Creating environment hook '/home/ugv-c7/CodeWorkspace/UGV-Robot/ros2_humble_colcon_ws/install/pilz_industrial_motion_planner_testutils/share/pilz_industrial_motion_planner_testutils/hook/ld_library_path_lib.sh'
[117.742s] Level 1:colcon.colcon_core.environment:checking '/home/ugv-c7/CodeWorkspace/UGV-Robot/ros2_humble_colcon_ws/install/pilz_industrial_motion_planner_testutils/bin'
[117.742s] Level 1:colcon.colcon_core.environment:checking '/home/ugv-c7/CodeWorkspace/UGV-Robot/ros2_humble_colcon_ws/install/pilz_industrial_motion_planner_testutils/lib/pkgconfig/pilz_industrial_motion_planner_testutils.pc'
[117.743s] Level 1:colcon.colcon_core.environment:checking '/home/ugv-c7/CodeWorkspace/UGV-Robot/ros2_humble_colcon_ws/install/pilz_industrial_motion_planner_testutils/lib/python3.10/site-packages'
[117.744s] Level 1:colcon.colcon_core.environment:checking '/home/ugv-c7/CodeWorkspace/UGV-Robot/ros2_humble_colcon_ws/install/pilz_industrial_motion_planner_testutils/bin'
[117.745s] INFO:colcon.colcon_core.shell:Creating package script '/home/ugv-c7/CodeWorkspace/UGV-Robot/ros2_humble_colcon_ws/install/pilz_industrial_motion_planner_testutils/share/pilz_industrial_motion_planner_testutils/package.ps1'
[117.746s] INFO:colcon.colcon_core.shell:Creating package descriptor '/home/ugv-c7/CodeWorkspace/UGV-Robot/ros2_humble_colcon_ws/install/pilz_industrial_motion_planner_testutils/share/pilz_industrial_motion_planner_testutils/package.dsv'
[117.748s] INFO:colcon.colcon_core.shell:Creating package script '/home/ugv-c7/CodeWorkspace/UGV-Robot/ros2_humble_colcon_ws/install/pilz_industrial_motion_planner_testutils/share/pilz_industrial_motion_planner_testutils/package.sh'
[117.749s] INFO:colcon.colcon_core.shell:Creating package script '/home/ugv-c7/CodeWorkspace/UGV-Robot/ros2_humble_colcon_ws/install/pilz_industrial_motion_planner_testutils/share/pilz_industrial_motion_planner_testutils/package.bash'
[117.750s] INFO:colcon.colcon_core.shell:Creating package script '/home/ugv-c7/CodeWorkspace/UGV-Robot/ros2_humble_colcon_ws/install/pilz_industrial_motion_planner_testutils/share/pilz_industrial_motion_planner_testutils/package.zsh'
[117.751s] Level 1:colcon.colcon_core.environment:create_file_with_runtime_dependencies(/home/ugv-c7/CodeWorkspace/UGV-Robot/ros2_humble_colcon_ws/install/pilz_industrial_motion_planner_testutils/share/colcon-core/packages/pilz_industrial_motion_planner_testutils)
[117.753s] Level 1:colcon.colcon_core.environment:create_environment_scripts_only(pilz_industrial_motion_planner_testutils)
[117.753s] Level 1:colcon.colcon_core.environment:checking '/home/ugv-c7/CodeWorkspace/UGV-Robot/ros2_humble_colcon_ws/install/pilz_industrial_motion_planner_testutils' for CMake module files
[117.754s] Level 1:colcon.colcon_core.environment:checking '/home/ugv-c7/CodeWorkspace/UGV-Robot/ros2_humble_colcon_ws/install/pilz_industrial_motion_planner_testutils' for CMake config files
[117.755s] Level 1:colcon.colcon_core.shell:create_environment_hook('pilz_industrial_motion_planner_testutils', 'cmake_prefix_path')
[117.756s] INFO:colcon.colcon_core.shell:Creating environment hook '/home/ugv-c7/CodeWorkspace/UGV-Robot/ros2_humble_colcon_ws/install/pilz_industrial_motion_planner_testutils/share/pilz_industrial_motion_planner_testutils/hook/cmake_prefix_path.ps1'
[117.757s] INFO:colcon.colcon_core.shell:Creating environment descriptor '/home/ugv-c7/CodeWorkspace/UGV-Robot/ros2_humble_colcon_ws/install/pilz_industrial_motion_planner_testutils/share/pilz_industrial_motion_planner_testutils/hook/cmake_prefix_path.dsv'
[117.758s] INFO:colcon.colcon_core.shell:Creating environment hook '/home/ugv-c7/CodeWorkspace/UGV-Robot/ros2_humble_colcon_ws/install/pilz_industrial_motion_planner_testutils/share/pilz_industrial_motion_planner_testutils/hook/cmake_prefix_path.sh'
[117.760s] Level 1:colcon.colcon_core.environment:checking '/home/ugv-c7/CodeWorkspace/UGV-Robot/ros2_humble_colcon_ws/install/pilz_industrial_motion_planner_testutils/lib'
[117.760s] Level 1:colcon.colcon_core.shell:create_environment_hook('pilz_industrial_motion_planner_testutils', 'ld_library_path_lib')
[117.761s] INFO:colcon.colcon_core.shell:Creating environment hook '/home/ugv-c7/CodeWorkspace/UGV-Robot/ros2_humble_colcon_ws/install/pilz_industrial_motion_planner_testutils/share/pilz_industrial_motion_planner_testutils/hook/ld_library_path_lib.ps1'
[117.762s] INFO:colcon.colcon_core.shell:Creating environment descriptor '/home/ugv-c7/CodeWorkspace/UGV-Robot/ros2_humble_colcon_ws/install/pilz_industrial_motion_planner_testutils/share/pilz_industrial_motion_planner_testutils/hook/ld_library_path_lib.dsv'
[117.762s] INFO:colcon.colcon_core.shell:Creating environment hook '/home/ugv-c7/CodeWorkspace/UGV-Robot/ros2_humble_colcon_ws/install/pilz_industrial_motion_planner_testutils/share/pilz_industrial_motion_planner_testutils/hook/ld_library_path_lib.sh'
[117.764s] Level 1:colcon.colcon_core.environment:checking '/home/ugv-c7/CodeWorkspace/UGV-Robot/ros2_humble_colcon_ws/install/pilz_industrial_motion_planner_testutils/bin'
[117.764s] Level 1:colcon.colcon_core.environment:checking '/home/ugv-c7/CodeWorkspace/UGV-Robot/ros2_humble_colcon_ws/install/pilz_industrial_motion_planner_testutils/lib/pkgconfig/pilz_industrial_motion_planner_testutils.pc'
[117.765s] Level 1:colcon.colcon_core.environment:checking '/home/ugv-c7/CodeWorkspace/UGV-Robot/ros2_humble_colcon_ws/install/pilz_industrial_motion_planner_testutils/lib/python3.10/site-packages'
[117.765s] Level 1:colcon.colcon_core.environment:checking '/home/ugv-c7/CodeWorkspace/UGV-Robot/ros2_humble_colcon_ws/install/pilz_industrial_motion_planner_testutils/bin'
[117.766s] INFO:colcon.colcon_core.shell:Creating package script '/home/ugv-c7/CodeWorkspace/UGV-Robot/ros2_humble_colcon_ws/install/pilz_industrial_motion_planner_testutils/share/pilz_industrial_motion_planner_testutils/package.ps1'
[117.768s] INFO:colcon.colcon_core.shell:Creating package descriptor '/home/ugv-c7/CodeWorkspace/UGV-Robot/ros2_humble_colcon_ws/install/pilz_industrial_motion_planner_testutils/share/pilz_industrial_motion_planner_testutils/package.dsv'
[117.769s] INFO:colcon.colcon_core.shell:Creating package script '/home/ugv-c7/CodeWorkspace/UGV-Robot/ros2_humble_colcon_ws/install/pilz_industrial_motion_planner_testutils/share/pilz_industrial_motion_planner_testutils/package.sh'
[117.770s] INFO:colcon.colcon_core.shell:Creating package script '/home/ugv-c7/CodeWorkspace/UGV-Robot/ros2_humble_colcon_ws/install/pilz_industrial_motion_planner_testutils/share/pilz_industrial_motion_planner_testutils/package.bash'
[117.772s] INFO:colcon.colcon_core.shell:Creating package script '/home/ugv-c7/CodeWorkspace/UGV-Robot/ros2_humble_colcon_ws/install/pilz_industrial_motion_planner_testutils/share/pilz_industrial_motion_planner_testutils/package.zsh'
[117.773s] Level 1:colcon.colcon_core.environment:create_file_with_runtime_dependencies(/home/ugv-c7/CodeWorkspace/UGV-Robot/ros2_humble_colcon_ws/install/pilz_industrial_motion_planner_testutils/share/colcon-core/packages/pilz_industrial_motion_planner_testutils)
[144.260s] DEBUG:colcon.colcon_core.event_handler.log_command:Invoked command in '/home/ugv-c7/CodeWorkspace/UGV-Robot/ros2_humble_colcon_ws/build/chomp_motion_planner' returned '0': AMENT_PREFIX_PATH=/home/ugv-c7/CodeWorkspace/UGV-Robot/ros2_humble_colcon_ws/install/moveit_core:/home/ugv-c7/CodeWorkspace/UGV-Robot/ros2_humble_colcon_ws/install/moveit_resources_panda_moveit_config:/home/ugv-c7/CodeWorkspace/UGV-Robot/ros2_humble_colcon_ws/install/srdfdom:/home/ugv-c7/CodeWorkspace/UGV-Robot/ros2_humble_colcon_ws/install/moveit_resources_pr2_description:/home/ugv-c7/CodeWorkspace/UGV-Robot/ros2_humble_colcon_ws/install/moveit_resources_panda_description:/home/ugv-c7/CodeWorkspace/UGV-Robot/ros2_humble_colcon_ws/install/moveit_common:${AMENT_PREFIX_PATH} CMAKE_PREFIX_PATH=/home/ugv-c7/CodeWorkspace/UGV-Robot/ros2_humble_colcon_ws/install/moveit_core:/home/ugv-c7/CodeWorkspace/UGV-Robot/ros2_humble_colcon_ws/install/moveit_resources_panda_moveit_config:/home/ugv-c7/CodeWorkspace/UGV-Robot/ros2_humble_colcon_ws/install/srdfdom:/home/ugv-c7/CodeWorkspace/UGV-Robot/ros2_humble_colcon_ws/install/moveit_resources_pr2_description:/home/ugv-c7/CodeWorkspace/UGV-Robot/ros2_humble_colcon_ws/install/moveit_resources_panda_description:/home/ugv-c7/CodeWorkspace/UGV-Robot/ros2_humble_colcon_ws/install/moveit_common:/opt/ros/humble LD_LIBRARY_PATH=/home/ugv-c7/CodeWorkspace/UGV-Robot/ros2_humble_colcon_ws/install/moveit_core/lib:/home/ugv-c7/CodeWorkspace/UGV-Robot/ros2_humble_colcon_ws/install/srdfdom/lib:${LD_LIBRARY_PATH} PATH=/home/ugv-c7/CodeWorkspace/UGV-Robot/ros2_humble_colcon_ws/install/moveit_core/bin:${PATH} PYTHONPATH=/home/ugv-c7/CodeWorkspace/UGV-Robot/ros2_humble_colcon_ws/install/srdfdom/local/lib/python3.10/dist-packages:${PYTHONPATH} /usr/bin/cmake --build /home/ugv-c7/CodeWorkspace/UGV-Robot/ros2_humble_colcon_ws/build/chomp_motion_planner -- -j6 -l6
[144.398s] DEBUG:colcon.colcon_core.event_handler.log_command:Invoking command in '/home/ugv-c7/CodeWorkspace/UGV-Robot/ros2_humble_colcon_ws/build/chomp_motion_planner': AMENT_PREFIX_PATH=/home/ugv-c7/CodeWorkspace/UGV-Robot/ros2_humble_colcon_ws/install/moveit_core:/home/ugv-c7/CodeWorkspace/UGV-Robot/ros2_humble_colcon_ws/install/moveit_resources_panda_moveit_config:/home/ugv-c7/CodeWorkspace/UGV-Robot/ros2_humble_colcon_ws/install/srdfdom:/home/ugv-c7/CodeWorkspace/UGV-Robot/ros2_humble_colcon_ws/install/moveit_resources_pr2_description:/home/ugv-c7/CodeWorkspace/UGV-Robot/ros2_humble_colcon_ws/install/moveit_resources_panda_description:/home/ugv-c7/CodeWorkspace/UGV-Robot/ros2_humble_colcon_ws/install/moveit_common:${AMENT_PREFIX_PATH} CMAKE_PREFIX_PATH=/home/ugv-c7/CodeWorkspace/UGV-Robot/ros2_humble_colcon_ws/install/moveit_core:/home/ugv-c7/CodeWorkspace/UGV-Robot/ros2_humble_colcon_ws/install/moveit_resources_panda_moveit_config:/home/ugv-c7/CodeWorkspace/UGV-Robot/ros2_humble_colcon_ws/install/srdfdom:/home/ugv-c7/CodeWorkspace/UGV-Robot/ros2_humble_colcon_ws/install/moveit_resources_pr2_description:/home/ugv-c7/CodeWorkspace/UGV-Robot/ros2_humble_colcon_ws/install/moveit_resources_panda_description:/home/ugv-c7/CodeWorkspace/UGV-Robot/ros2_humble_colcon_ws/install/moveit_common:/opt/ros/humble LD_LIBRARY_PATH=/home/ugv-c7/CodeWorkspace/UGV-Robot/ros2_humble_colcon_ws/install/moveit_core/lib:/home/ugv-c7/CodeWorkspace/UGV-Robot/ros2_humble_colcon_ws/install/srdfdom/lib:${LD_LIBRARY_PATH} PATH=/home/ugv-c7/CodeWorkspace/UGV-Robot/ros2_humble_colcon_ws/install/moveit_core/bin:${PATH} PYTHONPATH=/home/ugv-c7/CodeWorkspace/UGV-Robot/ros2_humble_colcon_ws/install/srdfdom/local/lib/python3.10/dist-packages:${PYTHONPATH} /usr/bin/cmake --install /home/ugv-c7/CodeWorkspace/UGV-Robot/ros2_humble_colcon_ws/build/chomp_motion_planner
[144.463s] Level 1:colcon.colcon_core.environment:create_environment_scripts_only(chomp_motion_planner)
[144.464s] Level 1:colcon.colcon_core.environment:checking '/home/ugv-c7/CodeWorkspace/UGV-Robot/ros2_humble_colcon_ws/install/chomp_motion_planner' for CMake module files
[144.465s] DEBUG:colcon.colcon_core.event_handler.log_command:Invoked command in '/home/ugv-c7/CodeWorkspace/UGV-Robot/ros2_humble_colcon_ws/build/chomp_motion_planner' returned '0': AMENT_PREFIX_PATH=/home/ugv-c7/CodeWorkspace/UGV-Robot/ros2_humble_colcon_ws/install/moveit_core:/home/ugv-c7/CodeWorkspace/UGV-Robot/ros2_humble_colcon_ws/install/moveit_resources_panda_moveit_config:/home/ugv-c7/CodeWorkspace/UGV-Robot/ros2_humble_colcon_ws/install/srdfdom:/home/ugv-c7/CodeWorkspace/UGV-Robot/ros2_humble_colcon_ws/install/moveit_resources_pr2_description:/home/ugv-c7/CodeWorkspace/UGV-Robot/ros2_humble_colcon_ws/install/moveit_resources_panda_description:/home/ugv-c7/CodeWorkspace/UGV-Robot/ros2_humble_colcon_ws/install/moveit_common:${AMENT_PREFIX_PATH} CMAKE_PREFIX_PATH=/home/ugv-c7/CodeWorkspace/UGV-Robot/ros2_humble_colcon_ws/install/moveit_core:/home/ugv-c7/CodeWorkspace/UGV-Robot/ros2_humble_colcon_ws/install/moveit_resources_panda_moveit_config:/home/ugv-c7/CodeWorkspace/UGV-Robot/ros2_humble_colcon_ws/install/srdfdom:/home/ugv-c7/CodeWorkspace/UGV-Robot/ros2_humble_colcon_ws/install/moveit_resources_pr2_description:/home/ugv-c7/CodeWorkspace/UGV-Robot/ros2_humble_colcon_ws/install/moveit_resources_panda_description:/home/ugv-c7/CodeWorkspace/UGV-Robot/ros2_humble_colcon_ws/install/moveit_common:/opt/ros/humble LD_LIBRARY_PATH=/home/ugv-c7/CodeWorkspace/UGV-Robot/ros2_humble_colcon_ws/install/moveit_core/lib:/home/ugv-c7/CodeWorkspace/UGV-Robot/ros2_humble_colcon_ws/install/srdfdom/lib:${LD_LIBRARY_PATH} PATH=/home/ugv-c7/CodeWorkspace/UGV-Robot/ros2_humble_colcon_ws/install/moveit_core/bin:${PATH} PYTHONPATH=/home/ugv-c7/CodeWorkspace/UGV-Robot/ros2_humble_colcon_ws/install/srdfdom/local/lib/python3.10/dist-packages:${PYTHONPATH} /usr/bin/cmake --install /home/ugv-c7/CodeWorkspace/UGV-Robot/ros2_humble_colcon_ws/build/chomp_motion_planner
[144.466s] Level 1:colcon.colcon_core.environment:checking '/home/ugv-c7/CodeWorkspace/UGV-Robot/ros2_humble_colcon_ws/install/chomp_motion_planner' for CMake config files
[144.467s] Level 1:colcon.colcon_core.shell:create_environment_hook('chomp_motion_planner', 'cmake_prefix_path')
[144.467s] INFO:colcon.colcon_core.shell:Creating environment hook '/home/ugv-c7/CodeWorkspace/UGV-Robot/ros2_humble_colcon_ws/install/chomp_motion_planner/share/chomp_motion_planner/hook/cmake_prefix_path.ps1'
[144.469s] INFO:colcon.colcon_core.shell:Creating environment descriptor '/home/ugv-c7/CodeWorkspace/UGV-Robot/ros2_humble_colcon_ws/install/chomp_motion_planner/share/chomp_motion_planner/hook/cmake_prefix_path.dsv'
[144.470s] INFO:colcon.colcon_core.shell:Creating environment hook '/home/ugv-c7/CodeWorkspace/UGV-Robot/ros2_humble_colcon_ws/install/chomp_motion_planner/share/chomp_motion_planner/hook/cmake_prefix_path.sh'
[144.472s] Level 1:colcon.colcon_core.environment:checking '/home/ugv-c7/CodeWorkspace/UGV-Robot/ros2_humble_colcon_ws/install/chomp_motion_planner/lib'
[144.472s] Level 1:colcon.colcon_core.shell:create_environment_hook('chomp_motion_planner', 'ld_library_path_lib')
[144.473s] INFO:colcon.colcon_core.shell:Creating environment hook '/home/ugv-c7/CodeWorkspace/UGV-Robot/ros2_humble_colcon_ws/install/chomp_motion_planner/share/chomp_motion_planner/hook/ld_library_path_lib.ps1'
[144.474s] INFO:colcon.colcon_core.shell:Creating environment descriptor '/home/ugv-c7/CodeWorkspace/UGV-Robot/ros2_humble_colcon_ws/install/chomp_motion_planner/share/chomp_motion_planner/hook/ld_library_path_lib.dsv'
[144.475s] INFO:colcon.colcon_core.shell:Creating environment hook '/home/ugv-c7/CodeWorkspace/UGV-Robot/ros2_humble_colcon_ws/install/chomp_motion_planner/share/chomp_motion_planner/hook/ld_library_path_lib.sh'
[144.476s] Level 1:colcon.colcon_core.environment:checking '/home/ugv-c7/CodeWorkspace/UGV-Robot/ros2_humble_colcon_ws/install/chomp_motion_planner/bin'
[144.476s] Level 1:colcon.colcon_core.environment:checking '/home/ugv-c7/CodeWorkspace/UGV-Robot/ros2_humble_colcon_ws/install/chomp_motion_planner/lib/pkgconfig/chomp_motion_planner.pc'
[144.477s] Level 1:colcon.colcon_core.environment:checking '/home/ugv-c7/CodeWorkspace/UGV-Robot/ros2_humble_colcon_ws/install/chomp_motion_planner/lib/python3.10/site-packages'
[144.477s] Level 1:colcon.colcon_core.environment:checking '/home/ugv-c7/CodeWorkspace/UGV-Robot/ros2_humble_colcon_ws/install/chomp_motion_planner/bin'
[144.478s] INFO:colcon.colcon_core.shell:Creating package script '/home/ugv-c7/CodeWorkspace/UGV-Robot/ros2_humble_colcon_ws/install/chomp_motion_planner/share/chomp_motion_planner/package.ps1'
[144.480s] INFO:colcon.colcon_core.shell:Creating package descriptor '/home/ugv-c7/CodeWorkspace/UGV-Robot/ros2_humble_colcon_ws/install/chomp_motion_planner/share/chomp_motion_planner/package.dsv'
[144.481s] INFO:colcon.colcon_core.shell:Creating package script '/home/ugv-c7/CodeWorkspace/UGV-Robot/ros2_humble_colcon_ws/install/chomp_motion_planner/share/chomp_motion_planner/package.sh'
[144.482s] INFO:colcon.colcon_core.shell:Creating package script '/home/ugv-c7/CodeWorkspace/UGV-Robot/ros2_humble_colcon_ws/install/chomp_motion_planner/share/chomp_motion_planner/package.bash'
[144.483s] INFO:colcon.colcon_core.shell:Creating package script '/home/ugv-c7/CodeWorkspace/UGV-Robot/ros2_humble_colcon_ws/install/chomp_motion_planner/share/chomp_motion_planner/package.zsh'
[144.484s] Level 1:colcon.colcon_core.environment:create_file_with_runtime_dependencies(/home/ugv-c7/CodeWorkspace/UGV-Robot/ros2_humble_colcon_ws/install/chomp_motion_planner/share/colcon-core/packages/chomp_motion_planner)
[144.486s] Level 1:colcon.colcon_core.environment:create_environment_scripts_only(chomp_motion_planner)
[144.487s] Level 1:colcon.colcon_core.environment:checking '/home/ugv-c7/CodeWorkspace/UGV-Robot/ros2_humble_colcon_ws/install/chomp_motion_planner' for CMake module files
[144.488s] Level 1:colcon.colcon_core.environment:checking '/home/ugv-c7/CodeWorkspace/UGV-Robot/ros2_humble_colcon_ws/install/chomp_motion_planner' for CMake config files
[144.489s] Level 1:colcon.colcon_core.shell:create_environment_hook('chomp_motion_planner', 'cmake_prefix_path')
[144.489s] INFO:colcon.colcon_core.shell:Creating environment hook '/home/ugv-c7/CodeWorkspace/UGV-Robot/ros2_humble_colcon_ws/install/chomp_motion_planner/share/chomp_motion_planner/hook/cmake_prefix_path.ps1'
[144.491s] INFO:colcon.colcon_core.shell:Creating environment descriptor '/home/ugv-c7/CodeWorkspace/UGV-Robot/ros2_humble_colcon_ws/install/chomp_motion_planner/share/chomp_motion_planner/hook/cmake_prefix_path.dsv'
[144.492s] INFO:colcon.colcon_core.shell:Creating environment hook '/home/ugv-c7/CodeWorkspace/UGV-Robot/ros2_humble_colcon_ws/install/chomp_motion_planner/share/chomp_motion_planner/hook/cmake_prefix_path.sh'
[144.493s] Level 1:colcon.colcon_core.environment:checking '/home/ugv-c7/CodeWorkspace/UGV-Robot/ros2_humble_colcon_ws/install/chomp_motion_planner/lib'
[144.494s] Level 1:colcon.colcon_core.shell:create_environment_hook('chomp_motion_planner', 'ld_library_path_lib')
[144.494s] INFO:colcon.colcon_core.shell:Creating environment hook '/home/ugv-c7/CodeWorkspace/UGV-Robot/ros2_humble_colcon_ws/install/chomp_motion_planner/share/chomp_motion_planner/hook/ld_library_path_lib.ps1'
[144.496s] INFO:colcon.colcon_core.shell:Creating environment descriptor '/home/ugv-c7/CodeWorkspace/UGV-Robot/ros2_humble_colcon_ws/install/chomp_motion_planner/share/chomp_motion_planner/hook/ld_library_path_lib.dsv'
[144.497s] INFO:colcon.colcon_core.shell:Creating environment hook '/home/ugv-c7/CodeWorkspace/UGV-Robot/ros2_humble_colcon_ws/install/chomp_motion_planner/share/chomp_motion_planner/hook/ld_library_path_lib.sh'
[144.498s] Level 1:colcon.colcon_core.environment:checking '/home/ugv-c7/CodeWorkspace/UGV-Robot/ros2_humble_colcon_ws/install/chomp_motion_planner/bin'
[144.498s] Level 1:colcon.colcon_core.environment:checking '/home/ugv-c7/CodeWorkspace/UGV-Robot/ros2_humble_colcon_ws/install/chomp_motion_planner/lib/pkgconfig/chomp_motion_planner.pc'
[144.499s] Level 1:colcon.colcon_core.environment:checking '/home/ugv-c7/CodeWorkspace/UGV-Robot/ros2_humble_colcon_ws/install/chomp_motion_planner/lib/python3.10/site-packages'
[144.500s] Level 1:colcon.colcon_core.environment:checking '/home/ugv-c7/CodeWorkspace/UGV-Robot/ros2_humble_colcon_ws/install/chomp_motion_planner/bin'
[144.501s] INFO:colcon.colcon_core.shell:Creating package script '/home/ugv-c7/CodeWorkspace/UGV-Robot/ros2_humble_colcon_ws/install/chomp_motion_planner/share/chomp_motion_planner/package.ps1'
[144.503s] INFO:colcon.colcon_core.shell:Creating package descriptor '/home/ugv-c7/CodeWorkspace/UGV-Robot/ros2_humble_colcon_ws/install/chomp_motion_planner/share/chomp_motion_planner/package.dsv'
[144.504s] INFO:colcon.colcon_core.shell:Creating package script '/home/ugv-c7/CodeWorkspace/UGV-Robot/ros2_humble_colcon_ws/install/chomp_motion_planner/share/chomp_motion_planner/package.sh'
[144.506s] INFO:colcon.colcon_core.shell:Creating package script '/home/ugv-c7/CodeWorkspace/UGV-Robot/ros2_humble_colcon_ws/install/chomp_motion_planner/share/chomp_motion_planner/package.bash'
[144.507s] INFO:colcon.colcon_core.shell:Creating package script '/home/ugv-c7/CodeWorkspace/UGV-Robot/ros2_humble_colcon_ws/install/chomp_motion_planner/share/chomp_motion_planner/package.zsh'
[144.508s] Level 1:colcon.colcon_core.environment:create_file_with_runtime_dependencies(/home/ugv-c7/CodeWorkspace/UGV-Robot/ros2_humble_colcon_ws/install/chomp_motion_planner/share/colcon-core/packages/chomp_motion_planner)
[144.511s] INFO:colcon.colcon_ros.task.ament_cmake.build:Building ROS package in '/home/ugv-c7/CodeWorkspace/UGV-Robot/ros2_humble_colcon_ws/src/moveit2/moveit_planners/chomp/chomp_interface' with build type 'ament_cmake'
[144.511s] INFO:colcon.colcon_cmake.task.cmake.build:Building CMake package in '/home/ugv-c7/CodeWorkspace/UGV-Robot/ros2_humble_colcon_ws/src/moveit2/moveit_planners/chomp/chomp_interface'
[144.512s] INFO:colcon.colcon_core.shell:Skip shell extension 'powershell' for command environment: Not usable outside of PowerShell
[144.512s] DEBUG:colcon.colcon_core.shell:Skip shell extension 'dsv' for command environment
[144.522s] INFO:colcon.colcon_ros.task.ament_cmake.build:Building ROS package in '/home/ugv-c7/CodeWorkspace/UGV-Robot/ros2_humble_colcon_ws/src/moveit2/moveit_planners/chomp/chomp_optimizer_adapter' with build type 'ament_cmake'
[144.525s] INFO:colcon.colcon_cmake.task.cmake.build:Building CMake package in '/home/ugv-c7/CodeWorkspace/UGV-Robot/ros2_humble_colcon_ws/src/moveit2/moveit_planners/chomp/chomp_optimizer_adapter'
[144.526s] INFO:colcon.colcon_core.shell:Skip shell extension 'powershell' for command environment: Not usable outside of PowerShell
[144.526s] DEBUG:colcon.colcon_core.shell:Skip shell extension 'dsv' for command environment
[144.554s] DEBUG:colcon.colcon_core.event_handler.log_command:Invoking command in '/home/ugv-c7/CodeWorkspace/UGV-Robot/ros2_humble_colcon_ws/build/moveit_planners_chomp': AMENT_PREFIX_PATH=/home/ugv-c7/CodeWorkspace/UGV-Robot/ros2_humble_colcon_ws/install/chomp_motion_planner:/home/ugv-c7/CodeWorkspace/UGV-Robot/ros2_humble_colcon_ws/install/moveit_core:/home/ugv-c7/CodeWorkspace/UGV-Robot/ros2_humble_colcon_ws/install/moveit_resources_panda_moveit_config:/home/ugv-c7/CodeWorkspace/UGV-Robot/ros2_humble_colcon_ws/install/srdfdom:/home/ugv-c7/CodeWorkspace/UGV-Robot/ros2_humble_colcon_ws/install/moveit_resources_pr2_description:/home/ugv-c7/CodeWorkspace/UGV-Robot/ros2_humble_colcon_ws/install/moveit_resources_panda_description:/home/ugv-c7/CodeWorkspace/UGV-Robot/ros2_humble_colcon_ws/install/moveit_common:${AMENT_PREFIX_PATH} CMAKE_PREFIX_PATH=/home/ugv-c7/CodeWorkspace/UGV-Robot/ros2_humble_colcon_ws/install/chomp_motion_planner:/home/ugv-c7/CodeWorkspace/UGV-Robot/ros2_humble_colcon_ws/install/moveit_core:/home/ugv-c7/CodeWorkspace/UGV-Robot/ros2_humble_colcon_ws/install/moveit_resources_panda_moveit_config:/home/ugv-c7/CodeWorkspace/UGV-Robot/ros2_humble_colcon_ws/install/srdfdom:/home/ugv-c7/CodeWorkspace/UGV-Robot/ros2_humble_colcon_ws/install/moveit_resources_pr2_description:/home/ugv-c7/CodeWorkspace/UGV-Robot/ros2_humble_colcon_ws/install/moveit_resources_panda_description:/home/ugv-c7/CodeWorkspace/UGV-Robot/ros2_humble_colcon_ws/install/moveit_common:/opt/ros/humble LD_LIBRARY_PATH=/home/ugv-c7/CodeWorkspace/UGV-Robot/ros2_humble_colcon_ws/install/chomp_motion_planner/lib:/home/ugv-c7/CodeWorkspace/UGV-Robot/ros2_humble_colcon_ws/install/moveit_core/lib:/home/ugv-c7/CodeWorkspace/UGV-Robot/ros2_humble_colcon_ws/install/srdfdom/lib:${LD_LIBRARY_PATH} PATH=/home/ugv-c7/CodeWorkspace/UGV-Robot/ros2_humble_colcon_ws/install/moveit_core/bin:${PATH} PYTHONPATH=/home/ugv-c7/CodeWorkspace/UGV-Robot/ros2_humble_colcon_ws/install/srdfdom/local/lib/python3.10/dist-packages:${PYTHONPATH} /usr/bin/cmake /home/ugv-c7/CodeWorkspace/UGV-Robot/ros2_humble_colcon_ws/src/moveit2/moveit_planners/chomp/chomp_interface -DCMAKE_INSTALL_PREFIX=/home/ugv-c7/CodeWorkspace/UGV-Robot/ros2_humble_colcon_ws/install/moveit_planners_chomp
[144.567s] DEBUG:colcon.colcon_core.event_handler.log_command:Invoking command in '/home/ugv-c7/CodeWorkspace/UGV-Robot/ros2_humble_colcon_ws/build/moveit_chomp_optimizer_adapter': AMENT_PREFIX_PATH=/home/ugv-c7/CodeWorkspace/UGV-Robot/ros2_humble_colcon_ws/install/chomp_motion_planner:/home/ugv-c7/CodeWorkspace/UGV-Robot/ros2_humble_colcon_ws/install/moveit_core:/home/ugv-c7/CodeWorkspace/UGV-Robot/ros2_humble_colcon_ws/install/moveit_resources_panda_moveit_config:/home/ugv-c7/CodeWorkspace/UGV-Robot/ros2_humble_colcon_ws/install/srdfdom:/home/ugv-c7/CodeWorkspace/UGV-Robot/ros2_humble_colcon_ws/install/moveit_resources_pr2_description:/home/ugv-c7/CodeWorkspace/UGV-Robot/ros2_humble_colcon_ws/install/moveit_resources_panda_description:/home/ugv-c7/CodeWorkspace/UGV-Robot/ros2_humble_colcon_ws/install/moveit_common:${AMENT_PREFIX_PATH} CMAKE_PREFIX_PATH=/home/ugv-c7/CodeWorkspace/UGV-Robot/ros2_humble_colcon_ws/install/chomp_motion_planner:/home/ugv-c7/CodeWorkspace/UGV-Robot/ros2_humble_colcon_ws/install/moveit_core:/home/ugv-c7/CodeWorkspace/UGV-Robot/ros2_humble_colcon_ws/install/moveit_resources_panda_moveit_config:/home/ugv-c7/CodeWorkspace/UGV-Robot/ros2_humble_colcon_ws/install/srdfdom:/home/ugv-c7/CodeWorkspace/UGV-Robot/ros2_humble_colcon_ws/install/moveit_resources_pr2_description:/home/ugv-c7/CodeWorkspace/UGV-Robot/ros2_humble_colcon_ws/install/moveit_resources_panda_description:/home/ugv-c7/CodeWorkspace/UGV-Robot/ros2_humble_colcon_ws/install/moveit_common:/opt/ros/humble LD_LIBRARY_PATH=/home/ugv-c7/CodeWorkspace/UGV-Robot/ros2_humble_colcon_ws/install/chomp_motion_planner/lib:/home/ugv-c7/CodeWorkspace/UGV-Robot/ros2_humble_colcon_ws/install/moveit_core/lib:/home/ugv-c7/CodeWorkspace/UGV-Robot/ros2_humble_colcon_ws/install/srdfdom/lib:${LD_LIBRARY_PATH} PATH=/home/ugv-c7/CodeWorkspace/UGV-Robot/ros2_humble_colcon_ws/install/moveit_core/bin:${PATH} PYTHONPATH=/home/ugv-c7/CodeWorkspace/UGV-Robot/ros2_humble_colcon_ws/install/srdfdom/local/lib/python3.10/dist-packages:${PYTHONPATH} /usr/bin/cmake /home/ugv-c7/CodeWorkspace/UGV-Robot/ros2_humble_colcon_ws/src/moveit2/moveit_planners/chomp/chomp_optimizer_adapter -DCMAKE_INSTALL_PREFIX=/home/ugv-c7/CodeWorkspace/UGV-Robot/ros2_humble_colcon_ws/install/moveit_chomp_optimizer_adapter
[149.473s] DEBUG:colcon.colcon_core.event_handler.log_command:Invoked command in '/home/ugv-c7/CodeWorkspace/UGV-Robot/ros2_humble_colcon_ws/build/moveit_chomp_optimizer_adapter' returned '0': AMENT_PREFIX_PATH=/home/ugv-c7/CodeWorkspace/UGV-Robot/ros2_humble_colcon_ws/install/chomp_motion_planner:/home/ugv-c7/CodeWorkspace/UGV-Robot/ros2_humble_colcon_ws/install/moveit_core:/home/ugv-c7/CodeWorkspace/UGV-Robot/ros2_humble_colcon_ws/install/moveit_resources_panda_moveit_config:/home/ugv-c7/CodeWorkspace/UGV-Robot/ros2_humble_colcon_ws/install/srdfdom:/home/ugv-c7/CodeWorkspace/UGV-Robot/ros2_humble_colcon_ws/install/moveit_resources_pr2_description:/home/ugv-c7/CodeWorkspace/UGV-Robot/ros2_humble_colcon_ws/install/moveit_resources_panda_description:/home/ugv-c7/CodeWorkspace/UGV-Robot/ros2_humble_colcon_ws/install/moveit_common:${AMENT_PREFIX_PATH} CMAKE_PREFIX_PATH=/home/ugv-c7/CodeWorkspace/UGV-Robot/ros2_humble_colcon_ws/install/chomp_motion_planner:/home/ugv-c7/CodeWorkspace/UGV-Robot/ros2_humble_colcon_ws/install/moveit_core:/home/ugv-c7/CodeWorkspace/UGV-Robot/ros2_humble_colcon_ws/install/moveit_resources_panda_moveit_config:/home/ugv-c7/CodeWorkspace/UGV-Robot/ros2_humble_colcon_ws/install/srdfdom:/home/ugv-c7/CodeWorkspace/UGV-Robot/ros2_humble_colcon_ws/install/moveit_resources_pr2_description:/home/ugv-c7/CodeWorkspace/UGV-Robot/ros2_humble_colcon_ws/install/moveit_resources_panda_description:/home/ugv-c7/CodeWorkspace/UGV-Robot/ros2_humble_colcon_ws/install/moveit_common:/opt/ros/humble LD_LIBRARY_PATH=/home/ugv-c7/CodeWorkspace/UGV-Robot/ros2_humble_colcon_ws/install/chomp_motion_planner/lib:/home/ugv-c7/CodeWorkspace/UGV-Robot/ros2_humble_colcon_ws/install/moveit_core/lib:/home/ugv-c7/CodeWorkspace/UGV-Robot/ros2_humble_colcon_ws/install/srdfdom/lib:${LD_LIBRARY_PATH} PATH=/home/ugv-c7/CodeWorkspace/UGV-Robot/ros2_humble_colcon_ws/install/moveit_core/bin:${PATH} PYTHONPATH=/home/ugv-c7/CodeWorkspace/UGV-Robot/ros2_humble_colcon_ws/install/srdfdom/local/lib/python3.10/dist-packages:${PYTHONPATH} /usr/bin/cmake /home/ugv-c7/CodeWorkspace/UGV-Robot/ros2_humble_colcon_ws/src/moveit2/moveit_planners/chomp/chomp_optimizer_adapter -DCMAKE_INSTALL_PREFIX=/home/ugv-c7/CodeWorkspace/UGV-Robot/ros2_humble_colcon_ws/install/moveit_chomp_optimizer_adapter
[149.480s] DEBUG:colcon.colcon_core.event_handler.log_command:Invoking command in '/home/ugv-c7/CodeWorkspace/UGV-Robot/ros2_humble_colcon_ws/build/moveit_chomp_optimizer_adapter': AMENT_PREFIX_PATH=/home/ugv-c7/CodeWorkspace/UGV-Robot/ros2_humble_colcon_ws/install/chomp_motion_planner:/home/ugv-c7/CodeWorkspace/UGV-Robot/ros2_humble_colcon_ws/install/moveit_core:/home/ugv-c7/CodeWorkspace/UGV-Robot/ros2_humble_colcon_ws/install/moveit_resources_panda_moveit_config:/home/ugv-c7/CodeWorkspace/UGV-Robot/ros2_humble_colcon_ws/install/srdfdom:/home/ugv-c7/CodeWorkspace/UGV-Robot/ros2_humble_colcon_ws/install/moveit_resources_pr2_description:/home/ugv-c7/CodeWorkspace/UGV-Robot/ros2_humble_colcon_ws/install/moveit_resources_panda_description:/home/ugv-c7/CodeWorkspace/UGV-Robot/ros2_humble_colcon_ws/install/moveit_common:${AMENT_PREFIX_PATH} CMAKE_PREFIX_PATH=/home/ugv-c7/CodeWorkspace/UGV-Robot/ros2_humble_colcon_ws/install/chomp_motion_planner:/home/ugv-c7/CodeWorkspace/UGV-Robot/ros2_humble_colcon_ws/install/moveit_core:/home/ugv-c7/CodeWorkspace/UGV-Robot/ros2_humble_colcon_ws/install/moveit_resources_panda_moveit_config:/home/ugv-c7/CodeWorkspace/UGV-Robot/ros2_humble_colcon_ws/install/srdfdom:/home/ugv-c7/CodeWorkspace/UGV-Robot/ros2_humble_colcon_ws/install/moveit_resources_pr2_description:/home/ugv-c7/CodeWorkspace/UGV-Robot/ros2_humble_colcon_ws/install/moveit_resources_panda_description:/home/ugv-c7/CodeWorkspace/UGV-Robot/ros2_humble_colcon_ws/install/moveit_common:/opt/ros/humble LD_LIBRARY_PATH=/home/ugv-c7/CodeWorkspace/UGV-Robot/ros2_humble_colcon_ws/install/chomp_motion_planner/lib:/home/ugv-c7/CodeWorkspace/UGV-Robot/ros2_humble_colcon_ws/install/moveit_core/lib:/home/ugv-c7/CodeWorkspace/UGV-Robot/ros2_humble_colcon_ws/install/srdfdom/lib:${LD_LIBRARY_PATH} PATH=/home/ugv-c7/CodeWorkspace/UGV-Robot/ros2_humble_colcon_ws/install/moveit_core/bin:${PATH} PYTHONPATH=/home/ugv-c7/CodeWorkspace/UGV-Robot/ros2_humble_colcon_ws/install/srdfdom/local/lib/python3.10/dist-packages:${PYTHONPATH} /usr/bin/cmake --build /home/ugv-c7/CodeWorkspace/UGV-Robot/ros2_humble_colcon_ws/build/moveit_chomp_optimizer_adapter -- -j6 -l6
[149.542s] DEBUG:colcon.colcon_core.event_handler.log_command:Invoked command in '/home/ugv-c7/CodeWorkspace/UGV-Robot/ros2_humble_colcon_ws/build/moveit_planners_chomp' returned '0': AMENT_PREFIX_PATH=/home/ugv-c7/CodeWorkspace/UGV-Robot/ros2_humble_colcon_ws/install/chomp_motion_planner:/home/ugv-c7/CodeWorkspace/UGV-Robot/ros2_humble_colcon_ws/install/moveit_core:/home/ugv-c7/CodeWorkspace/UGV-Robot/ros2_humble_colcon_ws/install/moveit_resources_panda_moveit_config:/home/ugv-c7/CodeWorkspace/UGV-Robot/ros2_humble_colcon_ws/install/srdfdom:/home/ugv-c7/CodeWorkspace/UGV-Robot/ros2_humble_colcon_ws/install/moveit_resources_pr2_description:/home/ugv-c7/CodeWorkspace/UGV-Robot/ros2_humble_colcon_ws/install/moveit_resources_panda_description:/home/ugv-c7/CodeWorkspace/UGV-Robot/ros2_humble_colcon_ws/install/moveit_common:${AMENT_PREFIX_PATH} CMAKE_PREFIX_PATH=/home/ugv-c7/CodeWorkspace/UGV-Robot/ros2_humble_colcon_ws/install/chomp_motion_planner:/home/ugv-c7/CodeWorkspace/UGV-Robot/ros2_humble_colcon_ws/install/moveit_core:/home/ugv-c7/CodeWorkspace/UGV-Robot/ros2_humble_colcon_ws/install/moveit_resources_panda_moveit_config:/home/ugv-c7/CodeWorkspace/UGV-Robot/ros2_humble_colcon_ws/install/srdfdom:/home/ugv-c7/CodeWorkspace/UGV-Robot/ros2_humble_colcon_ws/install/moveit_resources_pr2_description:/home/ugv-c7/CodeWorkspace/UGV-Robot/ros2_humble_colcon_ws/install/moveit_resources_panda_description:/home/ugv-c7/CodeWorkspace/UGV-Robot/ros2_humble_colcon_ws/install/moveit_common:/opt/ros/humble LD_LIBRARY_PATH=/home/ugv-c7/CodeWorkspace/UGV-Robot/ros2_humble_colcon_ws/install/chomp_motion_planner/lib:/home/ugv-c7/CodeWorkspace/UGV-Robot/ros2_humble_colcon_ws/install/moveit_core/lib:/home/ugv-c7/CodeWorkspace/UGV-Robot/ros2_humble_colcon_ws/install/srdfdom/lib:${LD_LIBRARY_PATH} PATH=/home/ugv-c7/CodeWorkspace/UGV-Robot/ros2_humble_colcon_ws/install/moveit_core/bin:${PATH} PYTHONPATH=/home/ugv-c7/CodeWorkspace/UGV-Robot/ros2_humble_colcon_ws/install/srdfdom/local/lib/python3.10/dist-packages:${PYTHONPATH} /usr/bin/cmake /home/ugv-c7/CodeWorkspace/UGV-Robot/ros2_humble_colcon_ws/src/moveit2/moveit_planners/chomp/chomp_interface -DCMAKE_INSTALL_PREFIX=/home/ugv-c7/CodeWorkspace/UGV-Robot/ros2_humble_colcon_ws/install/moveit_planners_chomp
[149.547s] DEBUG:colcon.colcon_core.event_handler.log_command:Invoking command in '/home/ugv-c7/CodeWorkspace/UGV-Robot/ros2_humble_colcon_ws/build/moveit_planners_chomp': AMENT_PREFIX_PATH=/home/ugv-c7/CodeWorkspace/UGV-Robot/ros2_humble_colcon_ws/install/chomp_motion_planner:/home/ugv-c7/CodeWorkspace/UGV-Robot/ros2_humble_colcon_ws/install/moveit_core:/home/ugv-c7/CodeWorkspace/UGV-Robot/ros2_humble_colcon_ws/install/moveit_resources_panda_moveit_config:/home/ugv-c7/CodeWorkspace/UGV-Robot/ros2_humble_colcon_ws/install/srdfdom:/home/ugv-c7/CodeWorkspace/UGV-Robot/ros2_humble_colcon_ws/install/moveit_resources_pr2_description:/home/ugv-c7/CodeWorkspace/UGV-Robot/ros2_humble_colcon_ws/install/moveit_resources_panda_description:/home/ugv-c7/CodeWorkspace/UGV-Robot/ros2_humble_colcon_ws/install/moveit_common:${AMENT_PREFIX_PATH} CMAKE_PREFIX_PATH=/home/ugv-c7/CodeWorkspace/UGV-Robot/ros2_humble_colcon_ws/install/chomp_motion_planner:/home/ugv-c7/CodeWorkspace/UGV-Robot/ros2_humble_colcon_ws/install/moveit_core:/home/ugv-c7/CodeWorkspace/UGV-Robot/ros2_humble_colcon_ws/install/moveit_resources_panda_moveit_config:/home/ugv-c7/CodeWorkspace/UGV-Robot/ros2_humble_colcon_ws/install/srdfdom:/home/ugv-c7/CodeWorkspace/UGV-Robot/ros2_humble_colcon_ws/install/moveit_resources_pr2_description:/home/ugv-c7/CodeWorkspace/UGV-Robot/ros2_humble_colcon_ws/install/moveit_resources_panda_description:/home/ugv-c7/CodeWorkspace/UGV-Robot/ros2_humble_colcon_ws/install/moveit_common:/opt/ros/humble LD_LIBRARY_PATH=/home/ugv-c7/CodeWorkspace/UGV-Robot/ros2_humble_colcon_ws/install/chomp_motion_planner/lib:/home/ugv-c7/CodeWorkspace/UGV-Robot/ros2_humble_colcon_ws/install/moveit_core/lib:/home/ugv-c7/CodeWorkspace/UGV-Robot/ros2_humble_colcon_ws/install/srdfdom/lib:${LD_LIBRARY_PATH} PATH=/home/ugv-c7/CodeWorkspace/UGV-Robot/ros2_humble_colcon_ws/install/moveit_core/bin:${PATH} PYTHONPATH=/home/ugv-c7/CodeWorkspace/UGV-Robot/ros2_humble_colcon_ws/install/srdfdom/local/lib/python3.10/dist-packages:${PYTHONPATH} /usr/bin/cmake --build /home/ugv-c7/CodeWorkspace/UGV-Robot/ros2_humble_colcon_ws/build/moveit_planners_chomp -- -j6 -l6
[182.593s] DEBUG:colcon.colcon_core.event_handler.log_command:Invoked command in '/home/ugv-c7/CodeWorkspace/UGV-Robot/ros2_humble_colcon_ws/build/moveit_ros_occupancy_map_monitor' returned '0': AMENT_PREFIX_PATH=/home/ugv-c7/CodeWorkspace/UGV-Robot/ros2_humble_colcon_ws/install/moveit_core:/home/ugv-c7/CodeWorkspace/UGV-Robot/ros2_humble_colcon_ws/install/moveit_resources_panda_moveit_config:/home/ugv-c7/CodeWorkspace/UGV-Robot/ros2_humble_colcon_ws/install/srdfdom:/home/ugv-c7/CodeWorkspace/UGV-Robot/ros2_humble_colcon_ws/install/moveit_resources_pr2_description:/home/ugv-c7/CodeWorkspace/UGV-Robot/ros2_humble_colcon_ws/install/moveit_resources_panda_description:/home/ugv-c7/CodeWorkspace/UGV-Robot/ros2_humble_colcon_ws/install/moveit_common:${AMENT_PREFIX_PATH} CMAKE_PREFIX_PATH=/home/ugv-c7/CodeWorkspace/UGV-Robot/ros2_humble_colcon_ws/install/moveit_core:/home/ugv-c7/CodeWorkspace/UGV-Robot/ros2_humble_colcon_ws/install/moveit_resources_panda_moveit_config:/home/ugv-c7/CodeWorkspace/UGV-Robot/ros2_humble_colcon_ws/install/srdfdom:/home/ugv-c7/CodeWorkspace/UGV-Robot/ros2_humble_colcon_ws/install/moveit_resources_pr2_description:/home/ugv-c7/CodeWorkspace/UGV-Robot/ros2_humble_colcon_ws/install/moveit_resources_panda_description:/home/ugv-c7/CodeWorkspace/UGV-Robot/ros2_humble_colcon_ws/install/moveit_common:/opt/ros/humble LD_LIBRARY_PATH=/home/ugv-c7/CodeWorkspace/UGV-Robot/ros2_humble_colcon_ws/install/moveit_core/lib:/home/ugv-c7/CodeWorkspace/UGV-Robot/ros2_humble_colcon_ws/install/srdfdom/lib:${LD_LIBRARY_PATH} PATH=/home/ugv-c7/CodeWorkspace/UGV-Robot/ros2_humble_colcon_ws/install/moveit_core/bin:${PATH} PYTHONPATH=/home/ugv-c7/CodeWorkspace/UGV-Robot/ros2_humble_colcon_ws/install/srdfdom/local/lib/python3.10/dist-packages:${PYTHONPATH} /usr/bin/cmake --build /home/ugv-c7/CodeWorkspace/UGV-Robot/ros2_humble_colcon_ws/build/moveit_ros_occupancy_map_monitor -- -j6 -l6
[182.603s] DEBUG:colcon.colcon_core.event_handler.log_command:Invoking command in '/home/ugv-c7/CodeWorkspace/UGV-Robot/ros2_humble_colcon_ws/build/moveit_ros_occupancy_map_monitor': AMENT_PREFIX_PATH=/home/ugv-c7/CodeWorkspace/UGV-Robot/ros2_humble_colcon_ws/install/moveit_core:/home/ugv-c7/CodeWorkspace/UGV-Robot/ros2_humble_colcon_ws/install/moveit_resources_panda_moveit_config:/home/ugv-c7/CodeWorkspace/UGV-Robot/ros2_humble_colcon_ws/install/srdfdom:/home/ugv-c7/CodeWorkspace/UGV-Robot/ros2_humble_colcon_ws/install/moveit_resources_pr2_description:/home/ugv-c7/CodeWorkspace/UGV-Robot/ros2_humble_colcon_ws/install/moveit_resources_panda_description:/home/ugv-c7/CodeWorkspace/UGV-Robot/ros2_humble_colcon_ws/install/moveit_common:${AMENT_PREFIX_PATH} CMAKE_PREFIX_PATH=/home/ugv-c7/CodeWorkspace/UGV-Robot/ros2_humble_colcon_ws/install/moveit_core:/home/ugv-c7/CodeWorkspace/UGV-Robot/ros2_humble_colcon_ws/install/moveit_resources_panda_moveit_config:/home/ugv-c7/CodeWorkspace/UGV-Robot/ros2_humble_colcon_ws/install/srdfdom:/home/ugv-c7/CodeWorkspace/UGV-Robot/ros2_humble_colcon_ws/install/moveit_resources_pr2_description:/home/ugv-c7/CodeWorkspace/UGV-Robot/ros2_humble_colcon_ws/install/moveit_resources_panda_description:/home/ugv-c7/CodeWorkspace/UGV-Robot/ros2_humble_colcon_ws/install/moveit_common:/opt/ros/humble LD_LIBRARY_PATH=/home/ugv-c7/CodeWorkspace/UGV-Robot/ros2_humble_colcon_ws/install/moveit_core/lib:/home/ugv-c7/CodeWorkspace/UGV-Robot/ros2_humble_colcon_ws/install/srdfdom/lib:${LD_LIBRARY_PATH} PATH=/home/ugv-c7/CodeWorkspace/UGV-Robot/ros2_humble_colcon_ws/install/moveit_core/bin:${PATH} PYTHONPATH=/home/ugv-c7/CodeWorkspace/UGV-Robot/ros2_humble_colcon_ws/install/srdfdom/local/lib/python3.10/dist-packages:${PYTHONPATH} /usr/bin/cmake --install /home/ugv-c7/CodeWorkspace/UGV-Robot/ros2_humble_colcon_ws/build/moveit_ros_occupancy_map_monitor
[182.674s] Level 1:colcon.colcon_core.environment:create_environment_scripts_only(moveit_ros_occupancy_map_monitor)
[182.676s] Level 1:colcon.colcon_core.environment:checking '/home/ugv-c7/CodeWorkspace/UGV-Robot/ros2_humble_colcon_ws/install/moveit_ros_occupancy_map_monitor' for CMake module files
[182.677s] DEBUG:colcon.colcon_core.event_handler.log_command:Invoked command in '/home/ugv-c7/CodeWorkspace/UGV-Robot/ros2_humble_colcon_ws/build/moveit_ros_occupancy_map_monitor' returned '0': AMENT_PREFIX_PATH=/home/ugv-c7/CodeWorkspace/UGV-Robot/ros2_humble_colcon_ws/install/moveit_core:/home/ugv-c7/CodeWorkspace/UGV-Robot/ros2_humble_colcon_ws/install/moveit_resources_panda_moveit_config:/home/ugv-c7/CodeWorkspace/UGV-Robot/ros2_humble_colcon_ws/install/srdfdom:/home/ugv-c7/CodeWorkspace/UGV-Robot/ros2_humble_colcon_ws/install/moveit_resources_pr2_description:/home/ugv-c7/CodeWorkspace/UGV-Robot/ros2_humble_colcon_ws/install/moveit_resources_panda_description:/home/ugv-c7/CodeWorkspace/UGV-Robot/ros2_humble_colcon_ws/install/moveit_common:${AMENT_PREFIX_PATH} CMAKE_PREFIX_PATH=/home/ugv-c7/CodeWorkspace/UGV-Robot/ros2_humble_colcon_ws/install/moveit_core:/home/ugv-c7/CodeWorkspace/UGV-Robot/ros2_humble_colcon_ws/install/moveit_resources_panda_moveit_config:/home/ugv-c7/CodeWorkspace/UGV-Robot/ros2_humble_colcon_ws/install/srdfdom:/home/ugv-c7/CodeWorkspace/UGV-Robot/ros2_humble_colcon_ws/install/moveit_resources_pr2_description:/home/ugv-c7/CodeWorkspace/UGV-Robot/ros2_humble_colcon_ws/install/moveit_resources_panda_description:/home/ugv-c7/CodeWorkspace/UGV-Robot/ros2_humble_colcon_ws/install/moveit_common:/opt/ros/humble LD_LIBRARY_PATH=/home/ugv-c7/CodeWorkspace/UGV-Robot/ros2_humble_colcon_ws/install/moveit_core/lib:/home/ugv-c7/CodeWorkspace/UGV-Robot/ros2_humble_colcon_ws/install/srdfdom/lib:${LD_LIBRARY_PATH} PATH=/home/ugv-c7/CodeWorkspace/UGV-Robot/ros2_humble_colcon_ws/install/moveit_core/bin:${PATH} PYTHONPATH=/home/ugv-c7/CodeWorkspace/UGV-Robot/ros2_humble_colcon_ws/install/srdfdom/local/lib/python3.10/dist-packages:${PYTHONPATH} /usr/bin/cmake --install /home/ugv-c7/CodeWorkspace/UGV-Robot/ros2_humble_colcon_ws/build/moveit_ros_occupancy_map_monitor
[182.679s] Level 1:colcon.colcon_core.environment:checking '/home/ugv-c7/CodeWorkspace/UGV-Robot/ros2_humble_colcon_ws/install/moveit_ros_occupancy_map_monitor' for CMake config files
[182.680s] Level 1:colcon.colcon_core.shell:create_environment_hook('moveit_ros_occupancy_map_monitor', 'cmake_prefix_path')
[182.681s] INFO:colcon.colcon_core.shell:Creating environment hook '/home/ugv-c7/CodeWorkspace/UGV-Robot/ros2_humble_colcon_ws/install/moveit_ros_occupancy_map_monitor/share/moveit_ros_occupancy_map_monitor/hook/cmake_prefix_path.ps1'
[182.683s] INFO:colcon.colcon_core.shell:Creating environment descriptor '/home/ugv-c7/CodeWorkspace/UGV-Robot/ros2_humble_colcon_ws/install/moveit_ros_occupancy_map_monitor/share/moveit_ros_occupancy_map_monitor/hook/cmake_prefix_path.dsv'
[182.684s] INFO:colcon.colcon_core.shell:Creating environment hook '/home/ugv-c7/CodeWorkspace/UGV-Robot/ros2_humble_colcon_ws/install/moveit_ros_occupancy_map_monitor/share/moveit_ros_occupancy_map_monitor/hook/cmake_prefix_path.sh'
[182.686s] Level 1:colcon.colcon_core.environment:checking '/home/ugv-c7/CodeWorkspace/UGV-Robot/ros2_humble_colcon_ws/install/moveit_ros_occupancy_map_monitor/lib'
[182.687s] Level 1:colcon.colcon_core.shell:create_environment_hook('moveit_ros_occupancy_map_monitor', 'ld_library_path_lib')
[182.687s] INFO:colcon.colcon_core.shell:Creating environment hook '/home/ugv-c7/CodeWorkspace/UGV-Robot/ros2_humble_colcon_ws/install/moveit_ros_occupancy_map_monitor/share/moveit_ros_occupancy_map_monitor/hook/ld_library_path_lib.ps1'
[182.689s] INFO:colcon.colcon_core.shell:Creating environment descriptor '/home/ugv-c7/CodeWorkspace/UGV-Robot/ros2_humble_colcon_ws/install/moveit_ros_occupancy_map_monitor/share/moveit_ros_occupancy_map_monitor/hook/ld_library_path_lib.dsv'
[182.690s] INFO:colcon.colcon_core.shell:Creating environment hook '/home/ugv-c7/CodeWorkspace/UGV-Robot/ros2_humble_colcon_ws/install/moveit_ros_occupancy_map_monitor/share/moveit_ros_occupancy_map_monitor/hook/ld_library_path_lib.sh'
[182.691s] Level 1:colcon.colcon_core.environment:checking '/home/ugv-c7/CodeWorkspace/UGV-Robot/ros2_humble_colcon_ws/install/moveit_ros_occupancy_map_monitor/bin'
[182.691s] Level 1:colcon.colcon_core.environment:checking '/home/ugv-c7/CodeWorkspace/UGV-Robot/ros2_humble_colcon_ws/install/moveit_ros_occupancy_map_monitor/lib/pkgconfig/moveit_ros_occupancy_map_monitor.pc'
[182.692s] Level 1:colcon.colcon_core.environment:checking '/home/ugv-c7/CodeWorkspace/UGV-Robot/ros2_humble_colcon_ws/install/moveit_ros_occupancy_map_monitor/lib/python3.10/site-packages'
[182.692s] Level 1:colcon.colcon_core.environment:checking '/home/ugv-c7/CodeWorkspace/UGV-Robot/ros2_humble_colcon_ws/install/moveit_ros_occupancy_map_monitor/bin'
[182.693s] INFO:colcon.colcon_core.shell:Creating package script '/home/ugv-c7/CodeWorkspace/UGV-Robot/ros2_humble_colcon_ws/install/moveit_ros_occupancy_map_monitor/share/moveit_ros_occupancy_map_monitor/package.ps1'
[182.695s] INFO:colcon.colcon_core.shell:Creating package descriptor '/home/ugv-c7/CodeWorkspace/UGV-Robot/ros2_humble_colcon_ws/install/moveit_ros_occupancy_map_monitor/share/moveit_ros_occupancy_map_monitor/package.dsv'
[182.697s] INFO:colcon.colcon_core.shell:Creating package script '/home/ugv-c7/CodeWorkspace/UGV-Robot/ros2_humble_colcon_ws/install/moveit_ros_occupancy_map_monitor/share/moveit_ros_occupancy_map_monitor/package.sh'
[182.698s] INFO:colcon.colcon_core.shell:Creating package script '/home/ugv-c7/CodeWorkspace/UGV-Robot/ros2_humble_colcon_ws/install/moveit_ros_occupancy_map_monitor/share/moveit_ros_occupancy_map_monitor/package.bash'
[182.699s] INFO:colcon.colcon_core.shell:Creating package script '/home/ugv-c7/CodeWorkspace/UGV-Robot/ros2_humble_colcon_ws/install/moveit_ros_occupancy_map_monitor/share/moveit_ros_occupancy_map_monitor/package.zsh'
[182.700s] Level 1:colcon.colcon_core.environment:create_file_with_runtime_dependencies(/home/ugv-c7/CodeWorkspace/UGV-Robot/ros2_humble_colcon_ws/install/moveit_ros_occupancy_map_monitor/share/colcon-core/packages/moveit_ros_occupancy_map_monitor)
[182.702s] Level 1:colcon.colcon_core.environment:create_environment_scripts_only(moveit_ros_occupancy_map_monitor)
[182.703s] Level 1:colcon.colcon_core.environment:checking '/home/ugv-c7/CodeWorkspace/UGV-Robot/ros2_humble_colcon_ws/install/moveit_ros_occupancy_map_monitor' for CMake module files
[182.704s] Level 1:colcon.colcon_core.environment:checking '/home/ugv-c7/CodeWorkspace/UGV-Robot/ros2_humble_colcon_ws/install/moveit_ros_occupancy_map_monitor' for CMake config files
[182.705s] Level 1:colcon.colcon_core.shell:create_environment_hook('moveit_ros_occupancy_map_monitor', 'cmake_prefix_path')
[182.706s] INFO:colcon.colcon_core.shell:Creating environment hook '/home/ugv-c7/CodeWorkspace/UGV-Robot/ros2_humble_colcon_ws/install/moveit_ros_occupancy_map_monitor/share/moveit_ros_occupancy_map_monitor/hook/cmake_prefix_path.ps1'
[182.707s] INFO:colcon.colcon_core.shell:Creating environment descriptor '/home/ugv-c7/CodeWorkspace/UGV-Robot/ros2_humble_colcon_ws/install/moveit_ros_occupancy_map_monitor/share/moveit_ros_occupancy_map_monitor/hook/cmake_prefix_path.dsv'
[182.709s] INFO:colcon.colcon_core.shell:Creating environment hook '/home/ugv-c7/CodeWorkspace/UGV-Robot/ros2_humble_colcon_ws/install/moveit_ros_occupancy_map_monitor/share/moveit_ros_occupancy_map_monitor/hook/cmake_prefix_path.sh'
[182.711s] Level 1:colcon.colcon_core.environment:checking '/home/ugv-c7/CodeWorkspace/UGV-Robot/ros2_humble_colcon_ws/install/moveit_ros_occupancy_map_monitor/lib'
[182.711s] Level 1:colcon.colcon_core.shell:create_environment_hook('moveit_ros_occupancy_map_monitor', 'ld_library_path_lib')
[182.712s] INFO:colcon.colcon_core.shell:Creating environment hook '/home/ugv-c7/CodeWorkspace/UGV-Robot/ros2_humble_colcon_ws/install/moveit_ros_occupancy_map_monitor/share/moveit_ros_occupancy_map_monitor/hook/ld_library_path_lib.ps1'
[182.714s] INFO:colcon.colcon_core.shell:Creating environment descriptor '/home/ugv-c7/CodeWorkspace/UGV-Robot/ros2_humble_colcon_ws/install/moveit_ros_occupancy_map_monitor/share/moveit_ros_occupancy_map_monitor/hook/ld_library_path_lib.dsv'
[182.715s] INFO:colcon.colcon_core.shell:Creating environment hook '/home/ugv-c7/CodeWorkspace/UGV-Robot/ros2_humble_colcon_ws/install/moveit_ros_occupancy_map_monitor/share/moveit_ros_occupancy_map_monitor/hook/ld_library_path_lib.sh'
[182.716s] Level 1:colcon.colcon_core.environment:checking '/home/ugv-c7/CodeWorkspace/UGV-Robot/ros2_humble_colcon_ws/install/moveit_ros_occupancy_map_monitor/bin'
[182.716s] Level 1:colcon.colcon_core.environment:checking '/home/ugv-c7/CodeWorkspace/UGV-Robot/ros2_humble_colcon_ws/install/moveit_ros_occupancy_map_monitor/lib/pkgconfig/moveit_ros_occupancy_map_monitor.pc'
[182.717s] Level 1:colcon.colcon_core.environment:checking '/home/ugv-c7/CodeWorkspace/UGV-Robot/ros2_humble_colcon_ws/install/moveit_ros_occupancy_map_monitor/lib/python3.10/site-packages'
[182.717s] Level 1:colcon.colcon_core.environment:checking '/home/ugv-c7/CodeWorkspace/UGV-Robot/ros2_humble_colcon_ws/install/moveit_ros_occupancy_map_monitor/bin'
[182.718s] INFO:colcon.colcon_core.shell:Creating package script '/home/ugv-c7/CodeWorkspace/UGV-Robot/ros2_humble_colcon_ws/install/moveit_ros_occupancy_map_monitor/share/moveit_ros_occupancy_map_monitor/package.ps1'
[182.720s] INFO:colcon.colcon_core.shell:Creating package descriptor '/home/ugv-c7/CodeWorkspace/UGV-Robot/ros2_humble_colcon_ws/install/moveit_ros_occupancy_map_monitor/share/moveit_ros_occupancy_map_monitor/package.dsv'
[182.722s] INFO:colcon.colcon_core.shell:Creating package script '/home/ugv-c7/CodeWorkspace/UGV-Robot/ros2_humble_colcon_ws/install/moveit_ros_occupancy_map_monitor/share/moveit_ros_occupancy_map_monitor/package.sh'
[182.723s] INFO:colcon.colcon_core.shell:Creating package script '/home/ugv-c7/CodeWorkspace/UGV-Robot/ros2_humble_colcon_ws/install/moveit_ros_occupancy_map_monitor/share/moveit_ros_occupancy_map_monitor/package.bash'
[182.724s] INFO:colcon.colcon_core.shell:Creating package script '/home/ugv-c7/CodeWorkspace/UGV-Robot/ros2_humble_colcon_ws/install/moveit_ros_occupancy_map_monitor/share/moveit_ros_occupancy_map_monitor/package.zsh'
[182.726s] Level 1:colcon.colcon_core.environment:create_file_with_runtime_dependencies(/home/ugv-c7/CodeWorkspace/UGV-Robot/ros2_humble_colcon_ws/install/moveit_ros_occupancy_map_monitor/share/colcon-core/packages/moveit_ros_occupancy_map_monitor)
[182.728s] INFO:colcon.colcon_ros.task.ament_cmake.build:Building ROS package in '/home/ugv-c7/CodeWorkspace/UGV-Robot/ros2_humble_colcon_ws/src/moveit2/moveit_ros/planning' with build type 'ament_cmake'
[182.728s] INFO:colcon.colcon_cmake.task.cmake.build:Building CMake package in '/home/ugv-c7/CodeWorkspace/UGV-Robot/ros2_humble_colcon_ws/src/moveit2/moveit_ros/planning'
[182.729s] INFO:colcon.colcon_core.shell:Skip shell extension 'powershell' for command environment: Not usable outside of PowerShell
[182.729s] DEBUG:colcon.colcon_core.shell:Skip shell extension 'dsv' for command environment
[182.787s] DEBUG:colcon.colcon_core.event_handler.log_command:Invoking command in '/home/ugv-c7/CodeWorkspace/UGV-Robot/ros2_humble_colcon_ws/build/moveit_ros_planning': AMENT_PREFIX_PATH=/home/ugv-c7/CodeWorkspace/UGV-Robot/ros2_humble_colcon_ws/install/moveit_ros_occupancy_map_monitor:/home/ugv-c7/CodeWorkspace/UGV-Robot/ros2_humble_colcon_ws/install/moveit_core:/home/ugv-c7/CodeWorkspace/UGV-Robot/ros2_humble_colcon_ws/install/moveit_resources_panda_moveit_config:/home/ugv-c7/CodeWorkspace/UGV-Robot/ros2_humble_colcon_ws/install/moveit_configs_utils:/home/ugv-c7/CodeWorkspace/UGV-Robot/ros2_humble_colcon_ws/install/srdfdom:/home/ugv-c7/CodeWorkspace/UGV-Robot/ros2_humble_colcon_ws/install/moveit_resources_pr2_description:/home/ugv-c7/CodeWorkspace/UGV-Robot/ros2_humble_colcon_ws/install/moveit_resources_panda_description:/home/ugv-c7/CodeWorkspace/UGV-Robot/ros2_humble_colcon_ws/install/moveit_common:/home/ugv-c7/CodeWorkspace/UGV-Robot/ros2_humble_colcon_ws/install/launch_param_builder:${AMENT_PREFIX_PATH} CMAKE_PREFIX_PATH=/home/ugv-c7/CodeWorkspace/UGV-Robot/ros2_humble_colcon_ws/install/moveit_ros_occupancy_map_monitor:/home/ugv-c7/CodeWorkspace/UGV-Robot/ros2_humble_colcon_ws/install/moveit_core:/home/ugv-c7/CodeWorkspace/UGV-Robot/ros2_humble_colcon_ws/install/moveit_resources_panda_moveit_config:/home/ugv-c7/CodeWorkspace/UGV-Robot/ros2_humble_colcon_ws/install/srdfdom:/home/ugv-c7/CodeWorkspace/UGV-Robot/ros2_humble_colcon_ws/install/moveit_resources_pr2_description:/home/ugv-c7/CodeWorkspace/UGV-Robot/ros2_humble_colcon_ws/install/moveit_resources_panda_description:/home/ugv-c7/CodeWorkspace/UGV-Robot/ros2_humble_colcon_ws/install/moveit_common:/opt/ros/humble LD_LIBRARY_PATH=/home/ugv-c7/CodeWorkspace/UGV-Robot/ros2_humble_colcon_ws/install/moveit_ros_occupancy_map_monitor/lib:/home/ugv-c7/CodeWorkspace/UGV-Robot/ros2_humble_colcon_ws/install/moveit_core/lib:/home/ugv-c7/CodeWorkspace/UGV-Robot/ros2_humble_colcon_ws/install/srdfdom/lib:${LD_LIBRARY_PATH} PATH=/home/ugv-c7/CodeWorkspace/UGV-Robot/ros2_humble_colcon_ws/install/moveit_core/bin:${PATH} PYTHONPATH=/home/ugv-c7/CodeWorkspace/UGV-Robot/ros2_humble_colcon_ws/install/moveit_configs_utils/lib/python3.10/site-packages:/home/ugv-c7/CodeWorkspace/UGV-Robot/ros2_humble_colcon_ws/install/srdfdom/local/lib/python3.10/dist-packages:/home/ugv-c7/CodeWorkspace/UGV-Robot/ros2_humble_colcon_ws/install/launch_param_builder/lib/python3.10/site-packages:${PYTHONPATH} /usr/bin/cmake /home/ugv-c7/CodeWorkspace/UGV-Robot/ros2_humble_colcon_ws/src/moveit2/moveit_ros/planning -DCMAKE_INSTALL_PREFIX=/home/ugv-c7/CodeWorkspace/UGV-Robot/ros2_humble_colcon_ws/install/moveit_ros_planning
[185.465s] DEBUG:colcon.colcon_core.event_handler.log_command:Invoked command in '/home/ugv-c7/CodeWorkspace/UGV-Robot/ros2_humble_colcon_ws/build/moveit_chomp_optimizer_adapter' returned '0': AMENT_PREFIX_PATH=/home/ugv-c7/CodeWorkspace/UGV-Robot/ros2_humble_colcon_ws/install/chomp_motion_planner:/home/ugv-c7/CodeWorkspace/UGV-Robot/ros2_humble_colcon_ws/install/moveit_core:/home/ugv-c7/CodeWorkspace/UGV-Robot/ros2_humble_colcon_ws/install/moveit_resources_panda_moveit_config:/home/ugv-c7/CodeWorkspace/UGV-Robot/ros2_humble_colcon_ws/install/srdfdom:/home/ugv-c7/CodeWorkspace/UGV-Robot/ros2_humble_colcon_ws/install/moveit_resources_pr2_description:/home/ugv-c7/CodeWorkspace/UGV-Robot/ros2_humble_colcon_ws/install/moveit_resources_panda_description:/home/ugv-c7/CodeWorkspace/UGV-Robot/ros2_humble_colcon_ws/install/moveit_common:${AMENT_PREFIX_PATH} CMAKE_PREFIX_PATH=/home/ugv-c7/CodeWorkspace/UGV-Robot/ros2_humble_colcon_ws/install/chomp_motion_planner:/home/ugv-c7/CodeWorkspace/UGV-Robot/ros2_humble_colcon_ws/install/moveit_core:/home/ugv-c7/CodeWorkspace/UGV-Robot/ros2_humble_colcon_ws/install/moveit_resources_panda_moveit_config:/home/ugv-c7/CodeWorkspace/UGV-Robot/ros2_humble_colcon_ws/install/srdfdom:/home/ugv-c7/CodeWorkspace/UGV-Robot/ros2_humble_colcon_ws/install/moveit_resources_pr2_description:/home/ugv-c7/CodeWorkspace/UGV-Robot/ros2_humble_colcon_ws/install/moveit_resources_panda_description:/home/ugv-c7/CodeWorkspace/UGV-Robot/ros2_humble_colcon_ws/install/moveit_common:/opt/ros/humble LD_LIBRARY_PATH=/home/ugv-c7/CodeWorkspace/UGV-Robot/ros2_humble_colcon_ws/install/chomp_motion_planner/lib:/home/ugv-c7/CodeWorkspace/UGV-Robot/ros2_humble_colcon_ws/install/moveit_core/lib:/home/ugv-c7/CodeWorkspace/UGV-Robot/ros2_humble_colcon_ws/install/srdfdom/lib:${LD_LIBRARY_PATH} PATH=/home/ugv-c7/CodeWorkspace/UGV-Robot/ros2_humble_colcon_ws/install/moveit_core/bin:${PATH} PYTHONPATH=/home/ugv-c7/CodeWorkspace/UGV-Robot/ros2_humble_colcon_ws/install/srdfdom/local/lib/python3.10/dist-packages:${PYTHONPATH} /usr/bin/cmake --build /home/ugv-c7/CodeWorkspace/UGV-Robot/ros2_humble_colcon_ws/build/moveit_chomp_optimizer_adapter -- -j6 -l6
[185.466s] DEBUG:colcon.colcon_core.event_handler.log_command:Invoking command in '/home/ugv-c7/CodeWorkspace/UGV-Robot/ros2_humble_colcon_ws/build/moveit_chomp_optimizer_adapter': AMENT_PREFIX_PATH=/home/ugv-c7/CodeWorkspace/UGV-Robot/ros2_humble_colcon_ws/install/chomp_motion_planner:/home/ugv-c7/CodeWorkspace/UGV-Robot/ros2_humble_colcon_ws/install/moveit_core:/home/ugv-c7/CodeWorkspace/UGV-Robot/ros2_humble_colcon_ws/install/moveit_resources_panda_moveit_config:/home/ugv-c7/CodeWorkspace/UGV-Robot/ros2_humble_colcon_ws/install/srdfdom:/home/ugv-c7/CodeWorkspace/UGV-Robot/ros2_humble_colcon_ws/install/moveit_resources_pr2_description:/home/ugv-c7/CodeWorkspace/UGV-Robot/ros2_humble_colcon_ws/install/moveit_resources_panda_description:/home/ugv-c7/CodeWorkspace/UGV-Robot/ros2_humble_colcon_ws/install/moveit_common:${AMENT_PREFIX_PATH} CMAKE_PREFIX_PATH=/home/ugv-c7/CodeWorkspace/UGV-Robot/ros2_humble_colcon_ws/install/chomp_motion_planner:/home/ugv-c7/CodeWorkspace/UGV-Robot/ros2_humble_colcon_ws/install/moveit_core:/home/ugv-c7/CodeWorkspace/UGV-Robot/ros2_humble_colcon_ws/install/moveit_resources_panda_moveit_config:/home/ugv-c7/CodeWorkspace/UGV-Robot/ros2_humble_colcon_ws/install/srdfdom:/home/ugv-c7/CodeWorkspace/UGV-Robot/ros2_humble_colcon_ws/install/moveit_resources_pr2_description:/home/ugv-c7/CodeWorkspace/UGV-Robot/ros2_humble_colcon_ws/install/moveit_resources_panda_description:/home/ugv-c7/CodeWorkspace/UGV-Robot/ros2_humble_colcon_ws/install/moveit_common:/opt/ros/humble LD_LIBRARY_PATH=/home/ugv-c7/CodeWorkspace/UGV-Robot/ros2_humble_colcon_ws/install/chomp_motion_planner/lib:/home/ugv-c7/CodeWorkspace/UGV-Robot/ros2_humble_colcon_ws/install/moveit_core/lib:/home/ugv-c7/CodeWorkspace/UGV-Robot/ros2_humble_colcon_ws/install/srdfdom/lib:${LD_LIBRARY_PATH} PATH=/home/ugv-c7/CodeWorkspace/UGV-Robot/ros2_humble_colcon_ws/install/moveit_core/bin:${PATH} PYTHONPATH=/home/ugv-c7/CodeWorkspace/UGV-Robot/ros2_humble_colcon_ws/install/srdfdom/local/lib/python3.10/dist-packages:${PYTHONPATH} /usr/bin/cmake --install /home/ugv-c7/CodeWorkspace/UGV-Robot/ros2_humble_colcon_ws/build/moveit_chomp_optimizer_adapter
[185.505s] Level 1:colcon.colcon_core.environment:create_environment_scripts_only(moveit_chomp_optimizer_adapter)
[185.507s] Level 1:colcon.colcon_core.environment:checking '/home/ugv-c7/CodeWorkspace/UGV-Robot/ros2_humble_colcon_ws/install/moveit_chomp_optimizer_adapter' for CMake module files
[185.508s] DEBUG:colcon.colcon_core.event_handler.log_command:Invoked command in '/home/ugv-c7/CodeWorkspace/UGV-Robot/ros2_humble_colcon_ws/build/moveit_chomp_optimizer_adapter' returned '0': AMENT_PREFIX_PATH=/home/ugv-c7/CodeWorkspace/UGV-Robot/ros2_humble_colcon_ws/install/chomp_motion_planner:/home/ugv-c7/CodeWorkspace/UGV-Robot/ros2_humble_colcon_ws/install/moveit_core:/home/ugv-c7/CodeWorkspace/UGV-Robot/ros2_humble_colcon_ws/install/moveit_resources_panda_moveit_config:/home/ugv-c7/CodeWorkspace/UGV-Robot/ros2_humble_colcon_ws/install/srdfdom:/home/ugv-c7/CodeWorkspace/UGV-Robot/ros2_humble_colcon_ws/install/moveit_resources_pr2_description:/home/ugv-c7/CodeWorkspace/UGV-Robot/ros2_humble_colcon_ws/install/moveit_resources_panda_description:/home/ugv-c7/CodeWorkspace/UGV-Robot/ros2_humble_colcon_ws/install/moveit_common:${AMENT_PREFIX_PATH} CMAKE_PREFIX_PATH=/home/ugv-c7/CodeWorkspace/UGV-Robot/ros2_humble_colcon_ws/install/chomp_motion_planner:/home/ugv-c7/CodeWorkspace/UGV-Robot/ros2_humble_colcon_ws/install/moveit_core:/home/ugv-c7/CodeWorkspace/UGV-Robot/ros2_humble_colcon_ws/install/moveit_resources_panda_moveit_config:/home/ugv-c7/CodeWorkspace/UGV-Robot/ros2_humble_colcon_ws/install/srdfdom:/home/ugv-c7/CodeWorkspace/UGV-Robot/ros2_humble_colcon_ws/install/moveit_resources_pr2_description:/home/ugv-c7/CodeWorkspace/UGV-Robot/ros2_humble_colcon_ws/install/moveit_resources_panda_description:/home/ugv-c7/CodeWorkspace/UGV-Robot/ros2_humble_colcon_ws/install/moveit_common:/opt/ros/humble LD_LIBRARY_PATH=/home/ugv-c7/CodeWorkspace/UGV-Robot/ros2_humble_colcon_ws/install/chomp_motion_planner/lib:/home/ugv-c7/CodeWorkspace/UGV-Robot/ros2_humble_colcon_ws/install/moveit_core/lib:/home/ugv-c7/CodeWorkspace/UGV-Robot/ros2_humble_colcon_ws/install/srdfdom/lib:${LD_LIBRARY_PATH} PATH=/home/ugv-c7/CodeWorkspace/UGV-Robot/ros2_humble_colcon_ws/install/moveit_core/bin:${PATH} PYTHONPATH=/home/ugv-c7/CodeWorkspace/UGV-Robot/ros2_humble_colcon_ws/install/srdfdom/local/lib/python3.10/dist-packages:${PYTHONPATH} /usr/bin/cmake --install /home/ugv-c7/CodeWorkspace/UGV-Robot/ros2_humble_colcon_ws/build/moveit_chomp_optimizer_adapter
[185.510s] Level 1:colcon.colcon_core.environment:checking '/home/ugv-c7/CodeWorkspace/UGV-Robot/ros2_humble_colcon_ws/install/moveit_chomp_optimizer_adapter' for CMake config files
[185.511s] Level 1:colcon.colcon_core.shell:create_environment_hook('moveit_chomp_optimizer_adapter', 'cmake_prefix_path')
[185.511s] INFO:colcon.colcon_core.shell:Creating environment hook '/home/ugv-c7/CodeWorkspace/UGV-Robot/ros2_humble_colcon_ws/install/moveit_chomp_optimizer_adapter/share/moveit_chomp_optimizer_adapter/hook/cmake_prefix_path.ps1'
[185.513s] INFO:colcon.colcon_core.shell:Creating environment descriptor '/home/ugv-c7/CodeWorkspace/UGV-Robot/ros2_humble_colcon_ws/install/moveit_chomp_optimizer_adapter/share/moveit_chomp_optimizer_adapter/hook/cmake_prefix_path.dsv'
[185.514s] INFO:colcon.colcon_core.shell:Creating environment hook '/home/ugv-c7/CodeWorkspace/UGV-Robot/ros2_humble_colcon_ws/install/moveit_chomp_optimizer_adapter/share/moveit_chomp_optimizer_adapter/hook/cmake_prefix_path.sh'
[185.516s] Level 1:colcon.colcon_core.environment:checking '/home/ugv-c7/CodeWorkspace/UGV-Robot/ros2_humble_colcon_ws/install/moveit_chomp_optimizer_adapter/lib'
[185.516s] Level 1:colcon.colcon_core.shell:create_environment_hook('moveit_chomp_optimizer_adapter', 'ld_library_path_lib')
[185.517s] INFO:colcon.colcon_core.shell:Creating environment hook '/home/ugv-c7/CodeWorkspace/UGV-Robot/ros2_humble_colcon_ws/install/moveit_chomp_optimizer_adapter/share/moveit_chomp_optimizer_adapter/hook/ld_library_path_lib.ps1'
[185.518s] INFO:colcon.colcon_core.shell:Creating environment descriptor '/home/ugv-c7/CodeWorkspace/UGV-Robot/ros2_humble_colcon_ws/install/moveit_chomp_optimizer_adapter/share/moveit_chomp_optimizer_adapter/hook/ld_library_path_lib.dsv'
[185.519s] INFO:colcon.colcon_core.shell:Creating environment hook '/home/ugv-c7/CodeWorkspace/UGV-Robot/ros2_humble_colcon_ws/install/moveit_chomp_optimizer_adapter/share/moveit_chomp_optimizer_adapter/hook/ld_library_path_lib.sh'
[185.519s] Level 1:colcon.colcon_core.environment:checking '/home/ugv-c7/CodeWorkspace/UGV-Robot/ros2_humble_colcon_ws/install/moveit_chomp_optimizer_adapter/bin'
[185.520s] Level 1:colcon.colcon_core.environment:checking '/home/ugv-c7/CodeWorkspace/UGV-Robot/ros2_humble_colcon_ws/install/moveit_chomp_optimizer_adapter/lib/pkgconfig/moveit_chomp_optimizer_adapter.pc'
[185.520s] Level 1:colcon.colcon_core.environment:checking '/home/ugv-c7/CodeWorkspace/UGV-Robot/ros2_humble_colcon_ws/install/moveit_chomp_optimizer_adapter/lib/python3.10/site-packages'
[185.521s] Level 1:colcon.colcon_core.environment:checking '/home/ugv-c7/CodeWorkspace/UGV-Robot/ros2_humble_colcon_ws/install/moveit_chomp_optimizer_adapter/bin'
[185.522s] INFO:colcon.colcon_core.shell:Creating package script '/home/ugv-c7/CodeWorkspace/UGV-Robot/ros2_humble_colcon_ws/install/moveit_chomp_optimizer_adapter/share/moveit_chomp_optimizer_adapter/package.ps1'
[185.524s] INFO:colcon.colcon_core.shell:Creating package descriptor '/home/ugv-c7/CodeWorkspace/UGV-Robot/ros2_humble_colcon_ws/install/moveit_chomp_optimizer_adapter/share/moveit_chomp_optimizer_adapter/package.dsv'
[185.526s] INFO:colcon.colcon_core.shell:Creating package script '/home/ugv-c7/CodeWorkspace/UGV-Robot/ros2_humble_colcon_ws/install/moveit_chomp_optimizer_adapter/share/moveit_chomp_optimizer_adapter/package.sh'
[185.527s] INFO:colcon.colcon_core.shell:Creating package script '/home/ugv-c7/CodeWorkspace/UGV-Robot/ros2_humble_colcon_ws/install/moveit_chomp_optimizer_adapter/share/moveit_chomp_optimizer_adapter/package.bash'
[185.528s] INFO:colcon.colcon_core.shell:Creating package script '/home/ugv-c7/CodeWorkspace/UGV-Robot/ros2_humble_colcon_ws/install/moveit_chomp_optimizer_adapter/share/moveit_chomp_optimizer_adapter/package.zsh'
[185.529s] Level 1:colcon.colcon_core.environment:create_file_with_runtime_dependencies(/home/ugv-c7/CodeWorkspace/UGV-Robot/ros2_humble_colcon_ws/install/moveit_chomp_optimizer_adapter/share/colcon-core/packages/moveit_chomp_optimizer_adapter)
[185.531s] Level 1:colcon.colcon_core.environment:create_environment_scripts_only(moveit_chomp_optimizer_adapter)
[185.532s] Level 1:colcon.colcon_core.environment:checking '/home/ugv-c7/CodeWorkspace/UGV-Robot/ros2_humble_colcon_ws/install/moveit_chomp_optimizer_adapter' for CMake module files
[185.533s] Level 1:colcon.colcon_core.environment:checking '/home/ugv-c7/CodeWorkspace/UGV-Robot/ros2_humble_colcon_ws/install/moveit_chomp_optimizer_adapter' for CMake config files
[185.534s] Level 1:colcon.colcon_core.shell:create_environment_hook('moveit_chomp_optimizer_adapter', 'cmake_prefix_path')
[185.534s] INFO:colcon.colcon_core.shell:Creating environment hook '/home/ugv-c7/CodeWorkspace/UGV-Robot/ros2_humble_colcon_ws/install/moveit_chomp_optimizer_adapter/share/moveit_chomp_optimizer_adapter/hook/cmake_prefix_path.ps1'
[185.536s] INFO:colcon.colcon_core.shell:Creating environment descriptor '/home/ugv-c7/CodeWorkspace/UGV-Robot/ros2_humble_colcon_ws/install/moveit_chomp_optimizer_adapter/share/moveit_chomp_optimizer_adapter/hook/cmake_prefix_path.dsv'
[185.537s] INFO:colcon.colcon_core.shell:Creating environment hook '/home/ugv-c7/CodeWorkspace/UGV-Robot/ros2_humble_colcon_ws/install/moveit_chomp_optimizer_adapter/share/moveit_chomp_optimizer_adapter/hook/cmake_prefix_path.sh'
[185.539s] Level 1:colcon.colcon_core.environment:checking '/home/ugv-c7/CodeWorkspace/UGV-Robot/ros2_humble_colcon_ws/install/moveit_chomp_optimizer_adapter/lib'
[185.539s] Level 1:colcon.colcon_core.shell:create_environment_hook('moveit_chomp_optimizer_adapter', 'ld_library_path_lib')
[185.540s] INFO:colcon.colcon_core.shell:Creating environment hook '/home/ugv-c7/CodeWorkspace/UGV-Robot/ros2_humble_colcon_ws/install/moveit_chomp_optimizer_adapter/share/moveit_chomp_optimizer_adapter/hook/ld_library_path_lib.ps1'
[185.541s] INFO:colcon.colcon_core.shell:Creating environment descriptor '/home/ugv-c7/CodeWorkspace/UGV-Robot/ros2_humble_colcon_ws/install/moveit_chomp_optimizer_adapter/share/moveit_chomp_optimizer_adapter/hook/ld_library_path_lib.dsv'
[185.542s] INFO:colcon.colcon_core.shell:Creating environment hook '/home/ugv-c7/CodeWorkspace/UGV-Robot/ros2_humble_colcon_ws/install/moveit_chomp_optimizer_adapter/share/moveit_chomp_optimizer_adapter/hook/ld_library_path_lib.sh'
[185.543s] Level 1:colcon.colcon_core.environment:checking '/home/ugv-c7/CodeWorkspace/UGV-Robot/ros2_humble_colcon_ws/install/moveit_chomp_optimizer_adapter/bin'
[185.543s] Level 1:colcon.colcon_core.environment:checking '/home/ugv-c7/CodeWorkspace/UGV-Robot/ros2_humble_colcon_ws/install/moveit_chomp_optimizer_adapter/lib/pkgconfig/moveit_chomp_optimizer_adapter.pc'
[185.543s] Level 1:colcon.colcon_core.environment:checking '/home/ugv-c7/CodeWorkspace/UGV-Robot/ros2_humble_colcon_ws/install/moveit_chomp_optimizer_adapter/lib/python3.10/site-packages'
[185.544s] Level 1:colcon.colcon_core.environment:checking '/home/ugv-c7/CodeWorkspace/UGV-Robot/ros2_humble_colcon_ws/install/moveit_chomp_optimizer_adapter/bin'
[185.545s] INFO:colcon.colcon_core.shell:Creating package script '/home/ugv-c7/CodeWorkspace/UGV-Robot/ros2_humble_colcon_ws/install/moveit_chomp_optimizer_adapter/share/moveit_chomp_optimizer_adapter/package.ps1'
[185.547s] INFO:colcon.colcon_core.shell:Creating package descriptor '/home/ugv-c7/CodeWorkspace/UGV-Robot/ros2_humble_colcon_ws/install/moveit_chomp_optimizer_adapter/share/moveit_chomp_optimizer_adapter/package.dsv'
[185.549s] INFO:colcon.colcon_core.shell:Creating package script '/home/ugv-c7/CodeWorkspace/UGV-Robot/ros2_humble_colcon_ws/install/moveit_chomp_optimizer_adapter/share/moveit_chomp_optimizer_adapter/package.sh'
[185.550s] INFO:colcon.colcon_core.shell:Creating package script '/home/ugv-c7/CodeWorkspace/UGV-Robot/ros2_humble_colcon_ws/install/moveit_chomp_optimizer_adapter/share/moveit_chomp_optimizer_adapter/package.bash'
[185.551s] INFO:colcon.colcon_core.shell:Creating package script '/home/ugv-c7/CodeWorkspace/UGV-Robot/ros2_humble_colcon_ws/install/moveit_chomp_optimizer_adapter/share/moveit_chomp_optimizer_adapter/package.zsh'
[185.552s] Level 1:colcon.colcon_core.environment:create_file_with_runtime_dependencies(/home/ugv-c7/CodeWorkspace/UGV-Robot/ros2_humble_colcon_ws/install/moveit_chomp_optimizer_adapter/share/colcon-core/packages/moveit_chomp_optimizer_adapter)
[190.565s] DEBUG:colcon.colcon_core.event_handler.log_command:Invoked command in '/home/ugv-c7/CodeWorkspace/UGV-Robot/ros2_humble_colcon_ws/build/moveit_ros_planning' returned '0': AMENT_PREFIX_PATH=/home/ugv-c7/CodeWorkspace/UGV-Robot/ros2_humble_colcon_ws/install/moveit_ros_occupancy_map_monitor:/home/ugv-c7/CodeWorkspace/UGV-Robot/ros2_humble_colcon_ws/install/moveit_core:/home/ugv-c7/CodeWorkspace/UGV-Robot/ros2_humble_colcon_ws/install/moveit_resources_panda_moveit_config:/home/ugv-c7/CodeWorkspace/UGV-Robot/ros2_humble_colcon_ws/install/moveit_configs_utils:/home/ugv-c7/CodeWorkspace/UGV-Robot/ros2_humble_colcon_ws/install/srdfdom:/home/ugv-c7/CodeWorkspace/UGV-Robot/ros2_humble_colcon_ws/install/moveit_resources_pr2_description:/home/ugv-c7/CodeWorkspace/UGV-Robot/ros2_humble_colcon_ws/install/moveit_resources_panda_description:/home/ugv-c7/CodeWorkspace/UGV-Robot/ros2_humble_colcon_ws/install/moveit_common:/home/ugv-c7/CodeWorkspace/UGV-Robot/ros2_humble_colcon_ws/install/launch_param_builder:${AMENT_PREFIX_PATH} CMAKE_PREFIX_PATH=/home/ugv-c7/CodeWorkspace/UGV-Robot/ros2_humble_colcon_ws/install/moveit_ros_occupancy_map_monitor:/home/ugv-c7/CodeWorkspace/UGV-Robot/ros2_humble_colcon_ws/install/moveit_core:/home/ugv-c7/CodeWorkspace/UGV-Robot/ros2_humble_colcon_ws/install/moveit_resources_panda_moveit_config:/home/ugv-c7/CodeWorkspace/UGV-Robot/ros2_humble_colcon_ws/install/srdfdom:/home/ugv-c7/CodeWorkspace/UGV-Robot/ros2_humble_colcon_ws/install/moveit_resources_pr2_description:/home/ugv-c7/CodeWorkspace/UGV-Robot/ros2_humble_colcon_ws/install/moveit_resources_panda_description:/home/ugv-c7/CodeWorkspace/UGV-Robot/ros2_humble_colcon_ws/install/moveit_common:/opt/ros/humble LD_LIBRARY_PATH=/home/ugv-c7/CodeWorkspace/UGV-Robot/ros2_humble_colcon_ws/install/moveit_ros_occupancy_map_monitor/lib:/home/ugv-c7/CodeWorkspace/UGV-Robot/ros2_humble_colcon_ws/install/moveit_core/lib:/home/ugv-c7/CodeWorkspace/UGV-Robot/ros2_humble_colcon_ws/install/srdfdom/lib:${LD_LIBRARY_PATH} PATH=/home/ugv-c7/CodeWorkspace/UGV-Robot/ros2_humble_colcon_ws/install/moveit_core/bin:${PATH} PYTHONPATH=/home/ugv-c7/CodeWorkspace/UGV-Robot/ros2_humble_colcon_ws/install/moveit_configs_utils/lib/python3.10/site-packages:/home/ugv-c7/CodeWorkspace/UGV-Robot/ros2_humble_colcon_ws/install/srdfdom/local/lib/python3.10/dist-packages:/home/ugv-c7/CodeWorkspace/UGV-Robot/ros2_humble_colcon_ws/install/launch_param_builder/lib/python3.10/site-packages:${PYTHONPATH} /usr/bin/cmake /home/ugv-c7/CodeWorkspace/UGV-Robot/ros2_humble_colcon_ws/src/moveit2/moveit_ros/planning -DCMAKE_INSTALL_PREFIX=/home/ugv-c7/CodeWorkspace/UGV-Robot/ros2_humble_colcon_ws/install/moveit_ros_planning
[190.569s] DEBUG:colcon.colcon_core.event_handler.log_command:Invoking command in '/home/ugv-c7/CodeWorkspace/UGV-Robot/ros2_humble_colcon_ws/build/moveit_ros_planning': AMENT_PREFIX_PATH=/home/ugv-c7/CodeWorkspace/UGV-Robot/ros2_humble_colcon_ws/install/moveit_ros_occupancy_map_monitor:/home/ugv-c7/CodeWorkspace/UGV-Robot/ros2_humble_colcon_ws/install/moveit_core:/home/ugv-c7/CodeWorkspace/UGV-Robot/ros2_humble_colcon_ws/install/moveit_resources_panda_moveit_config:/home/ugv-c7/CodeWorkspace/UGV-Robot/ros2_humble_colcon_ws/install/moveit_configs_utils:/home/ugv-c7/CodeWorkspace/UGV-Robot/ros2_humble_colcon_ws/install/srdfdom:/home/ugv-c7/CodeWorkspace/UGV-Robot/ros2_humble_colcon_ws/install/moveit_resources_pr2_description:/home/ugv-c7/CodeWorkspace/UGV-Robot/ros2_humble_colcon_ws/install/moveit_resources_panda_description:/home/ugv-c7/CodeWorkspace/UGV-Robot/ros2_humble_colcon_ws/install/moveit_common:/home/ugv-c7/CodeWorkspace/UGV-Robot/ros2_humble_colcon_ws/install/launch_param_builder:${AMENT_PREFIX_PATH} CMAKE_PREFIX_PATH=/home/ugv-c7/CodeWorkspace/UGV-Robot/ros2_humble_colcon_ws/install/moveit_ros_occupancy_map_monitor:/home/ugv-c7/CodeWorkspace/UGV-Robot/ros2_humble_colcon_ws/install/moveit_core:/home/ugv-c7/CodeWorkspace/UGV-Robot/ros2_humble_colcon_ws/install/moveit_resources_panda_moveit_config:/home/ugv-c7/CodeWorkspace/UGV-Robot/ros2_humble_colcon_ws/install/srdfdom:/home/ugv-c7/CodeWorkspace/UGV-Robot/ros2_humble_colcon_ws/install/moveit_resources_pr2_description:/home/ugv-c7/CodeWorkspace/UGV-Robot/ros2_humble_colcon_ws/install/moveit_resources_panda_description:/home/ugv-c7/CodeWorkspace/UGV-Robot/ros2_humble_colcon_ws/install/moveit_common:/opt/ros/humble LD_LIBRARY_PATH=/home/ugv-c7/CodeWorkspace/UGV-Robot/ros2_humble_colcon_ws/install/moveit_ros_occupancy_map_monitor/lib:/home/ugv-c7/CodeWorkspace/UGV-Robot/ros2_humble_colcon_ws/install/moveit_core/lib:/home/ugv-c7/CodeWorkspace/UGV-Robot/ros2_humble_colcon_ws/install/srdfdom/lib:${LD_LIBRARY_PATH} PATH=/home/ugv-c7/CodeWorkspace/UGV-Robot/ros2_humble_colcon_ws/install/moveit_core/bin:${PATH} PYTHONPATH=/home/ugv-c7/CodeWorkspace/UGV-Robot/ros2_humble_colcon_ws/install/moveit_configs_utils/lib/python3.10/site-packages:/home/ugv-c7/CodeWorkspace/UGV-Robot/ros2_humble_colcon_ws/install/srdfdom/local/lib/python3.10/dist-packages:/home/ugv-c7/CodeWorkspace/UGV-Robot/ros2_humble_colcon_ws/install/launch_param_builder/lib/python3.10/site-packages:${PYTHONPATH} /usr/bin/cmake --build /home/ugv-c7/CodeWorkspace/UGV-Robot/ros2_humble_colcon_ws/build/moveit_ros_planning -- -j6 -l6
[254.102s] DEBUG:colcon.colcon_core.event_handler.log_command:Invoked command in '/home/ugv-c7/CodeWorkspace/UGV-Robot/ros2_humble_colcon_ws/build/moveit_planners_chomp' returned '0': AMENT_PREFIX_PATH=/home/ugv-c7/CodeWorkspace/UGV-Robot/ros2_humble_colcon_ws/install/chomp_motion_planner:/home/ugv-c7/CodeWorkspace/UGV-Robot/ros2_humble_colcon_ws/install/moveit_core:/home/ugv-c7/CodeWorkspace/UGV-Robot/ros2_humble_colcon_ws/install/moveit_resources_panda_moveit_config:/home/ugv-c7/CodeWorkspace/UGV-Robot/ros2_humble_colcon_ws/install/srdfdom:/home/ugv-c7/CodeWorkspace/UGV-Robot/ros2_humble_colcon_ws/install/moveit_resources_pr2_description:/home/ugv-c7/CodeWorkspace/UGV-Robot/ros2_humble_colcon_ws/install/moveit_resources_panda_description:/home/ugv-c7/CodeWorkspace/UGV-Robot/ros2_humble_colcon_ws/install/moveit_common:${AMENT_PREFIX_PATH} CMAKE_PREFIX_PATH=/home/ugv-c7/CodeWorkspace/UGV-Robot/ros2_humble_colcon_ws/install/chomp_motion_planner:/home/ugv-c7/CodeWorkspace/UGV-Robot/ros2_humble_colcon_ws/install/moveit_core:/home/ugv-c7/CodeWorkspace/UGV-Robot/ros2_humble_colcon_ws/install/moveit_resources_panda_moveit_config:/home/ugv-c7/CodeWorkspace/UGV-Robot/ros2_humble_colcon_ws/install/srdfdom:/home/ugv-c7/CodeWorkspace/UGV-Robot/ros2_humble_colcon_ws/install/moveit_resources_pr2_description:/home/ugv-c7/CodeWorkspace/UGV-Robot/ros2_humble_colcon_ws/install/moveit_resources_panda_description:/home/ugv-c7/CodeWorkspace/UGV-Robot/ros2_humble_colcon_ws/install/moveit_common:/opt/ros/humble LD_LIBRARY_PATH=/home/ugv-c7/CodeWorkspace/UGV-Robot/ros2_humble_colcon_ws/install/chomp_motion_planner/lib:/home/ugv-c7/CodeWorkspace/UGV-Robot/ros2_humble_colcon_ws/install/moveit_core/lib:/home/ugv-c7/CodeWorkspace/UGV-Robot/ros2_humble_colcon_ws/install/srdfdom/lib:${LD_LIBRARY_PATH} PATH=/home/ugv-c7/CodeWorkspace/UGV-Robot/ros2_humble_colcon_ws/install/moveit_core/bin:${PATH} PYTHONPATH=/home/ugv-c7/CodeWorkspace/UGV-Robot/ros2_humble_colcon_ws/install/srdfdom/local/lib/python3.10/dist-packages:${PYTHONPATH} /usr/bin/cmake --build /home/ugv-c7/CodeWorkspace/UGV-Robot/ros2_humble_colcon_ws/build/moveit_planners_chomp -- -j6 -l6
[254.108s] DEBUG:colcon.colcon_core.event_handler.log_command:Invoking command in '/home/ugv-c7/CodeWorkspace/UGV-Robot/ros2_humble_colcon_ws/build/moveit_planners_chomp': AMENT_PREFIX_PATH=/home/ugv-c7/CodeWorkspace/UGV-Robot/ros2_humble_colcon_ws/install/chomp_motion_planner:/home/ugv-c7/CodeWorkspace/UGV-Robot/ros2_humble_colcon_ws/install/moveit_core:/home/ugv-c7/CodeWorkspace/UGV-Robot/ros2_humble_colcon_ws/install/moveit_resources_panda_moveit_config:/home/ugv-c7/CodeWorkspace/UGV-Robot/ros2_humble_colcon_ws/install/srdfdom:/home/ugv-c7/CodeWorkspace/UGV-Robot/ros2_humble_colcon_ws/install/moveit_resources_pr2_description:/home/ugv-c7/CodeWorkspace/UGV-Robot/ros2_humble_colcon_ws/install/moveit_resources_panda_description:/home/ugv-c7/CodeWorkspace/UGV-Robot/ros2_humble_colcon_ws/install/moveit_common:${AMENT_PREFIX_PATH} CMAKE_PREFIX_PATH=/home/ugv-c7/CodeWorkspace/UGV-Robot/ros2_humble_colcon_ws/install/chomp_motion_planner:/home/ugv-c7/CodeWorkspace/UGV-Robot/ros2_humble_colcon_ws/install/moveit_core:/home/ugv-c7/CodeWorkspace/UGV-Robot/ros2_humble_colcon_ws/install/moveit_resources_panda_moveit_config:/home/ugv-c7/CodeWorkspace/UGV-Robot/ros2_humble_colcon_ws/install/srdfdom:/home/ugv-c7/CodeWorkspace/UGV-Robot/ros2_humble_colcon_ws/install/moveit_resources_pr2_description:/home/ugv-c7/CodeWorkspace/UGV-Robot/ros2_humble_colcon_ws/install/moveit_resources_panda_description:/home/ugv-c7/CodeWorkspace/UGV-Robot/ros2_humble_colcon_ws/install/moveit_common:/opt/ros/humble LD_LIBRARY_PATH=/home/ugv-c7/CodeWorkspace/UGV-Robot/ros2_humble_colcon_ws/install/chomp_motion_planner/lib:/home/ugv-c7/CodeWorkspace/UGV-Robot/ros2_humble_colcon_ws/install/moveit_core/lib:/home/ugv-c7/CodeWorkspace/UGV-Robot/ros2_humble_colcon_ws/install/srdfdom/lib:${LD_LIBRARY_PATH} PATH=/home/ugv-c7/CodeWorkspace/UGV-Robot/ros2_humble_colcon_ws/install/moveit_core/bin:${PATH} PYTHONPATH=/home/ugv-c7/CodeWorkspace/UGV-Robot/ros2_humble_colcon_ws/install/srdfdom/local/lib/python3.10/dist-packages:${PYTHONPATH} /usr/bin/cmake --install /home/ugv-c7/CodeWorkspace/UGV-Robot/ros2_humble_colcon_ws/build/moveit_planners_chomp
[254.151s] Level 1:colcon.colcon_core.environment:create_environment_scripts_only(moveit_planners_chomp)
[254.153s] Level 1:colcon.colcon_core.environment:checking '/home/ugv-c7/CodeWorkspace/UGV-Robot/ros2_humble_colcon_ws/install/moveit_planners_chomp' for CMake module files
[254.156s] Level 1:colcon.colcon_core.environment:checking '/home/ugv-c7/CodeWorkspace/UGV-Robot/ros2_humble_colcon_ws/install/moveit_planners_chomp' for CMake config files
[254.157s] Level 1:colcon.colcon_core.shell:create_environment_hook('moveit_planners_chomp', 'cmake_prefix_path')
[254.158s] INFO:colcon.colcon_core.shell:Creating environment hook '/home/ugv-c7/CodeWorkspace/UGV-Robot/ros2_humble_colcon_ws/install/moveit_planners_chomp/share/moveit_planners_chomp/hook/cmake_prefix_path.ps1'
[254.160s] INFO:colcon.colcon_core.shell:Creating environment descriptor '/home/ugv-c7/CodeWorkspace/UGV-Robot/ros2_humble_colcon_ws/install/moveit_planners_chomp/share/moveit_planners_chomp/hook/cmake_prefix_path.dsv'
[254.154s] DEBUG:colcon.colcon_core.event_handler.log_command:Invoked command in '/home/ugv-c7/CodeWorkspace/UGV-Robot/ros2_humble_colcon_ws/build/moveit_planners_chomp' returned '0': AMENT_PREFIX_PATH=/home/ugv-c7/CodeWorkspace/UGV-Robot/ros2_humble_colcon_ws/install/chomp_motion_planner:/home/ugv-c7/CodeWorkspace/UGV-Robot/ros2_humble_colcon_ws/install/moveit_core:/home/ugv-c7/CodeWorkspace/UGV-Robot/ros2_humble_colcon_ws/install/moveit_resources_panda_moveit_config:/home/ugv-c7/CodeWorkspace/UGV-Robot/ros2_humble_colcon_ws/install/srdfdom:/home/ugv-c7/CodeWorkspace/UGV-Robot/ros2_humble_colcon_ws/install/moveit_resources_pr2_description:/home/ugv-c7/CodeWorkspace/UGV-Robot/ros2_humble_colcon_ws/install/moveit_resources_panda_description:/home/ugv-c7/CodeWorkspace/UGV-Robot/ros2_humble_colcon_ws/install/moveit_common:${AMENT_PREFIX_PATH} CMAKE_PREFIX_PATH=/home/ugv-c7/CodeWorkspace/UGV-Robot/ros2_humble_colcon_ws/install/chomp_motion_planner:/home/ugv-c7/CodeWorkspace/UGV-Robot/ros2_humble_colcon_ws/install/moveit_core:/home/ugv-c7/CodeWorkspace/UGV-Robot/ros2_humble_colcon_ws/install/moveit_resources_panda_moveit_config:/home/ugv-c7/CodeWorkspace/UGV-Robot/ros2_humble_colcon_ws/install/srdfdom:/home/ugv-c7/CodeWorkspace/UGV-Robot/ros2_humble_colcon_ws/install/moveit_resources_pr2_description:/home/ugv-c7/CodeWorkspace/UGV-Robot/ros2_humble_colcon_ws/install/moveit_resources_panda_description:/home/ugv-c7/CodeWorkspace/UGV-Robot/ros2_humble_colcon_ws/install/moveit_common:/opt/ros/humble LD_LIBRARY_PATH=/home/ugv-c7/CodeWorkspace/UGV-Robot/ros2_humble_colcon_ws/install/chomp_motion_planner/lib:/home/ugv-c7/CodeWorkspace/UGV-Robot/ros2_humble_colcon_ws/install/moveit_core/lib:/home/ugv-c7/CodeWorkspace/UGV-Robot/ros2_humble_colcon_ws/install/srdfdom/lib:${LD_LIBRARY_PATH} PATH=/home/ugv-c7/CodeWorkspace/UGV-Robot/ros2_humble_colcon_ws/install/moveit_core/bin:${PATH} PYTHONPATH=/home/ugv-c7/CodeWorkspace/UGV-Robot/ros2_humble_colcon_ws/install/srdfdom/local/lib/python3.10/dist-packages:${PYTHONPATH} /usr/bin/cmake --install /home/ugv-c7/CodeWorkspace/UGV-Robot/ros2_humble_colcon_ws/build/moveit_planners_chomp
[254.161s] INFO:colcon.colcon_core.shell:Creating environment hook '/home/ugv-c7/CodeWorkspace/UGV-Robot/ros2_humble_colcon_ws/install/moveit_planners_chomp/share/moveit_planners_chomp/hook/cmake_prefix_path.sh'
[254.163s] Level 1:colcon.colcon_core.environment:checking '/home/ugv-c7/CodeWorkspace/UGV-Robot/ros2_humble_colcon_ws/install/moveit_planners_chomp/lib'
[254.163s] Level 1:colcon.colcon_core.shell:create_environment_hook('moveit_planners_chomp', 'ld_library_path_lib')
[254.164s] INFO:colcon.colcon_core.shell:Creating environment hook '/home/ugv-c7/CodeWorkspace/UGV-Robot/ros2_humble_colcon_ws/install/moveit_planners_chomp/share/moveit_planners_chomp/hook/ld_library_path_lib.ps1'
[254.165s] INFO:colcon.colcon_core.shell:Creating environment descriptor '/home/ugv-c7/CodeWorkspace/UGV-Robot/ros2_humble_colcon_ws/install/moveit_planners_chomp/share/moveit_planners_chomp/hook/ld_library_path_lib.dsv'
[254.166s] INFO:colcon.colcon_core.shell:Creating environment hook '/home/ugv-c7/CodeWorkspace/UGV-Robot/ros2_humble_colcon_ws/install/moveit_planners_chomp/share/moveit_planners_chomp/hook/ld_library_path_lib.sh'
[254.167s] Level 1:colcon.colcon_core.environment:checking '/home/ugv-c7/CodeWorkspace/UGV-Robot/ros2_humble_colcon_ws/install/moveit_planners_chomp/bin'
[254.167s] Level 1:colcon.colcon_core.environment:checking '/home/ugv-c7/CodeWorkspace/UGV-Robot/ros2_humble_colcon_ws/install/moveit_planners_chomp/lib/pkgconfig/moveit_planners_chomp.pc'
[254.168s] Level 1:colcon.colcon_core.environment:checking '/home/ugv-c7/CodeWorkspace/UGV-Robot/ros2_humble_colcon_ws/install/moveit_planners_chomp/lib/python3.10/site-packages'
[254.168s] Level 1:colcon.colcon_core.environment:checking '/home/ugv-c7/CodeWorkspace/UGV-Robot/ros2_humble_colcon_ws/install/moveit_planners_chomp/bin'
[254.169s] INFO:colcon.colcon_core.shell:Creating package script '/home/ugv-c7/CodeWorkspace/UGV-Robot/ros2_humble_colcon_ws/install/moveit_planners_chomp/share/moveit_planners_chomp/package.ps1'
[254.171s] INFO:colcon.colcon_core.shell:Creating package descriptor '/home/ugv-c7/CodeWorkspace/UGV-Robot/ros2_humble_colcon_ws/install/moveit_planners_chomp/share/moveit_planners_chomp/package.dsv'
[254.173s] INFO:colcon.colcon_core.shell:Creating package script '/home/ugv-c7/CodeWorkspace/UGV-Robot/ros2_humble_colcon_ws/install/moveit_planners_chomp/share/moveit_planners_chomp/package.sh'
[254.174s] INFO:colcon.colcon_core.shell:Creating package script '/home/ugv-c7/CodeWorkspace/UGV-Robot/ros2_humble_colcon_ws/install/moveit_planners_chomp/share/moveit_planners_chomp/package.bash'
[254.175s] INFO:colcon.colcon_core.shell:Creating package script '/home/ugv-c7/CodeWorkspace/UGV-Robot/ros2_humble_colcon_ws/install/moveit_planners_chomp/share/moveit_planners_chomp/package.zsh'
[254.176s] Level 1:colcon.colcon_core.environment:create_file_with_runtime_dependencies(/home/ugv-c7/CodeWorkspace/UGV-Robot/ros2_humble_colcon_ws/install/moveit_planners_chomp/share/colcon-core/packages/moveit_planners_chomp)
[254.178s] Level 1:colcon.colcon_core.environment:create_environment_scripts_only(moveit_planners_chomp)
[254.179s] Level 1:colcon.colcon_core.environment:checking '/home/ugv-c7/CodeWorkspace/UGV-Robot/ros2_humble_colcon_ws/install/moveit_planners_chomp' for CMake module files
[254.180s] Level 1:colcon.colcon_core.environment:checking '/home/ugv-c7/CodeWorkspace/UGV-Robot/ros2_humble_colcon_ws/install/moveit_planners_chomp' for CMake config files
[254.181s] Level 1:colcon.colcon_core.shell:create_environment_hook('moveit_planners_chomp', 'cmake_prefix_path')
[254.181s] INFO:colcon.colcon_core.shell:Creating environment hook '/home/ugv-c7/CodeWorkspace/UGV-Robot/ros2_humble_colcon_ws/install/moveit_planners_chomp/share/moveit_planners_chomp/hook/cmake_prefix_path.ps1'
[254.183s] INFO:colcon.colcon_core.shell:Creating environment descriptor '/home/ugv-c7/CodeWorkspace/UGV-Robot/ros2_humble_colcon_ws/install/moveit_planners_chomp/share/moveit_planners_chomp/hook/cmake_prefix_path.dsv'
[254.184s] INFO:colcon.colcon_core.shell:Creating environment hook '/home/ugv-c7/CodeWorkspace/UGV-Robot/ros2_humble_colcon_ws/install/moveit_planners_chomp/share/moveit_planners_chomp/hook/cmake_prefix_path.sh'
[254.186s] Level 1:colcon.colcon_core.environment:checking '/home/ugv-c7/CodeWorkspace/UGV-Robot/ros2_humble_colcon_ws/install/moveit_planners_chomp/lib'
[254.187s] Level 1:colcon.colcon_core.shell:create_environment_hook('moveit_planners_chomp', 'ld_library_path_lib')
[254.188s] INFO:colcon.colcon_core.shell:Creating environment hook '/home/ugv-c7/CodeWorkspace/UGV-Robot/ros2_humble_colcon_ws/install/moveit_planners_chomp/share/moveit_planners_chomp/hook/ld_library_path_lib.ps1'
[254.189s] INFO:colcon.colcon_core.shell:Creating environment descriptor '/home/ugv-c7/CodeWorkspace/UGV-Robot/ros2_humble_colcon_ws/install/moveit_planners_chomp/share/moveit_planners_chomp/hook/ld_library_path_lib.dsv'
[254.190s] INFO:colcon.colcon_core.shell:Creating environment hook '/home/ugv-c7/CodeWorkspace/UGV-Robot/ros2_humble_colcon_ws/install/moveit_planners_chomp/share/moveit_planners_chomp/hook/ld_library_path_lib.sh'
[254.191s] Level 1:colcon.colcon_core.environment:checking '/home/ugv-c7/CodeWorkspace/UGV-Robot/ros2_humble_colcon_ws/install/moveit_planners_chomp/bin'
[254.192s] Level 1:colcon.colcon_core.environment:checking '/home/ugv-c7/CodeWorkspace/UGV-Robot/ros2_humble_colcon_ws/install/moveit_planners_chomp/lib/pkgconfig/moveit_planners_chomp.pc'
[254.192s] Level 1:colcon.colcon_core.environment:checking '/home/ugv-c7/CodeWorkspace/UGV-Robot/ros2_humble_colcon_ws/install/moveit_planners_chomp/lib/python3.10/site-packages'
[254.193s] Level 1:colcon.colcon_core.environment:checking '/home/ugv-c7/CodeWorkspace/UGV-Robot/ros2_humble_colcon_ws/install/moveit_planners_chomp/bin'
[254.194s] INFO:colcon.colcon_core.shell:Creating package script '/home/ugv-c7/CodeWorkspace/UGV-Robot/ros2_humble_colcon_ws/install/moveit_planners_chomp/share/moveit_planners_chomp/package.ps1'
[254.195s] INFO:colcon.colcon_core.shell:Creating package descriptor '/home/ugv-c7/CodeWorkspace/UGV-Robot/ros2_humble_colcon_ws/install/moveit_planners_chomp/share/moveit_planners_chomp/package.dsv'
[254.197s] INFO:colcon.colcon_core.shell:Creating package script '/home/ugv-c7/CodeWorkspace/UGV-Robot/ros2_humble_colcon_ws/install/moveit_planners_chomp/share/moveit_planners_chomp/package.sh'
[254.198s] INFO:colcon.colcon_core.shell:Creating package script '/home/ugv-c7/CodeWorkspace/UGV-Robot/ros2_humble_colcon_ws/install/moveit_planners_chomp/share/moveit_planners_chomp/package.bash'
[254.200s] INFO:colcon.colcon_core.shell:Creating package script '/home/ugv-c7/CodeWorkspace/UGV-Robot/ros2_humble_colcon_ws/install/moveit_planners_chomp/share/moveit_planners_chomp/package.zsh'
[254.201s] Level 1:colcon.colcon_core.environment:create_file_with_runtime_dependencies(/home/ugv-c7/CodeWorkspace/UGV-Robot/ros2_humble_colcon_ws/install/moveit_planners_chomp/share/colcon-core/packages/moveit_planners_chomp)
[267.848s] DEBUG:colcon.colcon_core.event_handler.log_command:Invoked command in '/home/ugv-c7/CodeWorkspace/UGV-Robot/ros2_humble_colcon_ws/build/moveit_ros_control_interface' returned '0': AMENT_PREFIX_PATH=/home/ugv-c7/CodeWorkspace/UGV-Robot/ros2_humble_colcon_ws/install/moveit_simple_controller_manager:/home/ugv-c7/CodeWorkspace/UGV-Robot/ros2_humble_colcon_ws/install/moveit_core:/home/ugv-c7/CodeWorkspace/UGV-Robot/ros2_humble_colcon_ws/install/moveit_resources_panda_moveit_config:/home/ugv-c7/CodeWorkspace/UGV-Robot/ros2_humble_colcon_ws/install/srdfdom:/home/ugv-c7/CodeWorkspace/UGV-Robot/ros2_humble_colcon_ws/install/moveit_resources_pr2_description:/home/ugv-c7/CodeWorkspace/UGV-Robot/ros2_humble_colcon_ws/install/moveit_resources_panda_description:/home/ugv-c7/CodeWorkspace/UGV-Robot/ros2_humble_colcon_ws/install/moveit_common:${AMENT_PREFIX_PATH} CMAKE_PREFIX_PATH=/home/ugv-c7/CodeWorkspace/UGV-Robot/ros2_humble_colcon_ws/install/moveit_simple_controller_manager:/home/ugv-c7/CodeWorkspace/UGV-Robot/ros2_humble_colcon_ws/install/moveit_core:/home/ugv-c7/CodeWorkspace/UGV-Robot/ros2_humble_colcon_ws/install/moveit_resources_panda_moveit_config:/home/ugv-c7/CodeWorkspace/UGV-Robot/ros2_humble_colcon_ws/install/srdfdom:/home/ugv-c7/CodeWorkspace/UGV-Robot/ros2_humble_colcon_ws/install/moveit_resources_pr2_description:/home/ugv-c7/CodeWorkspace/UGV-Robot/ros2_humble_colcon_ws/install/moveit_resources_panda_description:/home/ugv-c7/CodeWorkspace/UGV-Robot/ros2_humble_colcon_ws/install/moveit_common:/opt/ros/humble LD_LIBRARY_PATH=/home/ugv-c7/CodeWorkspace/UGV-Robot/ros2_humble_colcon_ws/install/moveit_simple_controller_manager/lib:/home/ugv-c7/CodeWorkspace/UGV-Robot/ros2_humble_colcon_ws/install/moveit_core/lib:/home/ugv-c7/CodeWorkspace/UGV-Robot/ros2_humble_colcon_ws/install/srdfdom/lib:${LD_LIBRARY_PATH} PATH=/home/ugv-c7/CodeWorkspace/UGV-Robot/ros2_humble_colcon_ws/install/moveit_core/bin:${PATH} PYTHONPATH=/home/ugv-c7/CodeWorkspace/UGV-Robot/ros2_humble_colcon_ws/install/srdfdom/local/lib/python3.10/dist-packages:${PYTHONPATH} /usr/bin/cmake --build /home/ugv-c7/CodeWorkspace/UGV-Robot/ros2_humble_colcon_ws/build/moveit_ros_control_interface -- -j6 -l6
[267.867s] DEBUG:colcon.colcon_core.event_handler.log_command:Invoking command in '/home/ugv-c7/CodeWorkspace/UGV-Robot/ros2_humble_colcon_ws/build/moveit_ros_control_interface': AMENT_PREFIX_PATH=/home/ugv-c7/CodeWorkspace/UGV-Robot/ros2_humble_colcon_ws/install/moveit_simple_controller_manager:/home/ugv-c7/CodeWorkspace/UGV-Robot/ros2_humble_colcon_ws/install/moveit_core:/home/ugv-c7/CodeWorkspace/UGV-Robot/ros2_humble_colcon_ws/install/moveit_resources_panda_moveit_config:/home/ugv-c7/CodeWorkspace/UGV-Robot/ros2_humble_colcon_ws/install/srdfdom:/home/ugv-c7/CodeWorkspace/UGV-Robot/ros2_humble_colcon_ws/install/moveit_resources_pr2_description:/home/ugv-c7/CodeWorkspace/UGV-Robot/ros2_humble_colcon_ws/install/moveit_resources_panda_description:/home/ugv-c7/CodeWorkspace/UGV-Robot/ros2_humble_colcon_ws/install/moveit_common:${AMENT_PREFIX_PATH} CMAKE_PREFIX_PATH=/home/ugv-c7/CodeWorkspace/UGV-Robot/ros2_humble_colcon_ws/install/moveit_simple_controller_manager:/home/ugv-c7/CodeWorkspace/UGV-Robot/ros2_humble_colcon_ws/install/moveit_core:/home/ugv-c7/CodeWorkspace/UGV-Robot/ros2_humble_colcon_ws/install/moveit_resources_panda_moveit_config:/home/ugv-c7/CodeWorkspace/UGV-Robot/ros2_humble_colcon_ws/install/srdfdom:/home/ugv-c7/CodeWorkspace/UGV-Robot/ros2_humble_colcon_ws/install/moveit_resources_pr2_description:/home/ugv-c7/CodeWorkspace/UGV-Robot/ros2_humble_colcon_ws/install/moveit_resources_panda_description:/home/ugv-c7/CodeWorkspace/UGV-Robot/ros2_humble_colcon_ws/install/moveit_common:/opt/ros/humble LD_LIBRARY_PATH=/home/ugv-c7/CodeWorkspace/UGV-Robot/ros2_humble_colcon_ws/install/moveit_simple_controller_manager/lib:/home/ugv-c7/CodeWorkspace/UGV-Robot/ros2_humble_colcon_ws/install/moveit_core/lib:/home/ugv-c7/CodeWorkspace/UGV-Robot/ros2_humble_colcon_ws/install/srdfdom/lib:${LD_LIBRARY_PATH} PATH=/home/ugv-c7/CodeWorkspace/UGV-Robot/ros2_humble_colcon_ws/install/moveit_core/bin:${PATH} PYTHONPATH=/home/ugv-c7/CodeWorkspace/UGV-Robot/ros2_humble_colcon_ws/install/srdfdom/local/lib/python3.10/dist-packages:${PYTHONPATH} /usr/bin/cmake --install /home/ugv-c7/CodeWorkspace/UGV-Robot/ros2_humble_colcon_ws/build/moveit_ros_control_interface
[267.968s] Level 1:colcon.colcon_core.environment:create_environment_scripts_only(moveit_ros_control_interface)
[267.970s] Level 1:colcon.colcon_core.environment:checking '/home/ugv-c7/CodeWorkspace/UGV-Robot/ros2_humble_colcon_ws/install/moveit_ros_control_interface' for CMake module files
[267.972s] Level 1:colcon.colcon_core.environment:checking '/home/ugv-c7/CodeWorkspace/UGV-Robot/ros2_humble_colcon_ws/install/moveit_ros_control_interface' for CMake config files
[267.973s] DEBUG:colcon.colcon_core.event_handler.log_command:Invoked command in '/home/ugv-c7/CodeWorkspace/UGV-Robot/ros2_humble_colcon_ws/build/moveit_ros_control_interface' returned '0': AMENT_PREFIX_PATH=/home/ugv-c7/CodeWorkspace/UGV-Robot/ros2_humble_colcon_ws/install/moveit_simple_controller_manager:/home/ugv-c7/CodeWorkspace/UGV-Robot/ros2_humble_colcon_ws/install/moveit_core:/home/ugv-c7/CodeWorkspace/UGV-Robot/ros2_humble_colcon_ws/install/moveit_resources_panda_moveit_config:/home/ugv-c7/CodeWorkspace/UGV-Robot/ros2_humble_colcon_ws/install/srdfdom:/home/ugv-c7/CodeWorkspace/UGV-Robot/ros2_humble_colcon_ws/install/moveit_resources_pr2_description:/home/ugv-c7/CodeWorkspace/UGV-Robot/ros2_humble_colcon_ws/install/moveit_resources_panda_description:/home/ugv-c7/CodeWorkspace/UGV-Robot/ros2_humble_colcon_ws/install/moveit_common:${AMENT_PREFIX_PATH} CMAKE_PREFIX_PATH=/home/ugv-c7/CodeWorkspace/UGV-Robot/ros2_humble_colcon_ws/install/moveit_simple_controller_manager:/home/ugv-c7/CodeWorkspace/UGV-Robot/ros2_humble_colcon_ws/install/moveit_core:/home/ugv-c7/CodeWorkspace/UGV-Robot/ros2_humble_colcon_ws/install/moveit_resources_panda_moveit_config:/home/ugv-c7/CodeWorkspace/UGV-Robot/ros2_humble_colcon_ws/install/srdfdom:/home/ugv-c7/CodeWorkspace/UGV-Robot/ros2_humble_colcon_ws/install/moveit_resources_pr2_description:/home/ugv-c7/CodeWorkspace/UGV-Robot/ros2_humble_colcon_ws/install/moveit_resources_panda_description:/home/ugv-c7/CodeWorkspace/UGV-Robot/ros2_humble_colcon_ws/install/moveit_common:/opt/ros/humble LD_LIBRARY_PATH=/home/ugv-c7/CodeWorkspace/UGV-Robot/ros2_humble_colcon_ws/install/moveit_simple_controller_manager/lib:/home/ugv-c7/CodeWorkspace/UGV-Robot/ros2_humble_colcon_ws/install/moveit_core/lib:/home/ugv-c7/CodeWorkspace/UGV-Robot/ros2_humble_colcon_ws/install/srdfdom/lib:${LD_LIBRARY_PATH} PATH=/home/ugv-c7/CodeWorkspace/UGV-Robot/ros2_humble_colcon_ws/install/moveit_core/bin:${PATH} PYTHONPATH=/home/ugv-c7/CodeWorkspace/UGV-Robot/ros2_humble_colcon_ws/install/srdfdom/local/lib/python3.10/dist-packages:${PYTHONPATH} /usr/bin/cmake --install /home/ugv-c7/CodeWorkspace/UGV-Robot/ros2_humble_colcon_ws/build/moveit_ros_control_interface
[267.975s] Level 1:colcon.colcon_core.shell:create_environment_hook('moveit_ros_control_interface', 'cmake_prefix_path')
[267.976s] INFO:colcon.colcon_core.shell:Creating environment hook '/home/ugv-c7/CodeWorkspace/UGV-Robot/ros2_humble_colcon_ws/install/moveit_ros_control_interface/share/moveit_ros_control_interface/hook/cmake_prefix_path.ps1'
[267.978s] INFO:colcon.colcon_core.shell:Creating environment descriptor '/home/ugv-c7/CodeWorkspace/UGV-Robot/ros2_humble_colcon_ws/install/moveit_ros_control_interface/share/moveit_ros_control_interface/hook/cmake_prefix_path.dsv'
[267.980s] INFO:colcon.colcon_core.shell:Creating environment hook '/home/ugv-c7/CodeWorkspace/UGV-Robot/ros2_humble_colcon_ws/install/moveit_ros_control_interface/share/moveit_ros_control_interface/hook/cmake_prefix_path.sh'
[267.982s] Level 1:colcon.colcon_core.environment:checking '/home/ugv-c7/CodeWorkspace/UGV-Robot/ros2_humble_colcon_ws/install/moveit_ros_control_interface/lib'
[267.982s] Level 1:colcon.colcon_core.shell:create_environment_hook('moveit_ros_control_interface', 'ld_library_path_lib')
[267.983s] INFO:colcon.colcon_core.shell:Creating environment hook '/home/ugv-c7/CodeWorkspace/UGV-Robot/ros2_humble_colcon_ws/install/moveit_ros_control_interface/share/moveit_ros_control_interface/hook/ld_library_path_lib.ps1'
[267.998s] INFO:colcon.colcon_core.shell:Creating environment descriptor '/home/ugv-c7/CodeWorkspace/UGV-Robot/ros2_humble_colcon_ws/install/moveit_ros_control_interface/share/moveit_ros_control_interface/hook/ld_library_path_lib.dsv'
[268.000s] INFO:colcon.colcon_core.shell:Creating environment hook '/home/ugv-c7/CodeWorkspace/UGV-Robot/ros2_humble_colcon_ws/install/moveit_ros_control_interface/share/moveit_ros_control_interface/hook/ld_library_path_lib.sh'
[268.002s] Level 1:colcon.colcon_core.environment:checking '/home/ugv-c7/CodeWorkspace/UGV-Robot/ros2_humble_colcon_ws/install/moveit_ros_control_interface/bin'
[268.002s] Level 1:colcon.colcon_core.environment:checking '/home/ugv-c7/CodeWorkspace/UGV-Robot/ros2_humble_colcon_ws/install/moveit_ros_control_interface/lib/pkgconfig/moveit_ros_control_interface.pc'
[268.003s] Level 1:colcon.colcon_core.environment:checking '/home/ugv-c7/CodeWorkspace/UGV-Robot/ros2_humble_colcon_ws/install/moveit_ros_control_interface/lib/python3.10/site-packages'
[268.003s] Level 1:colcon.colcon_core.environment:checking '/home/ugv-c7/CodeWorkspace/UGV-Robot/ros2_humble_colcon_ws/install/moveit_ros_control_interface/bin'
[268.005s] INFO:colcon.colcon_core.shell:Creating package script '/home/ugv-c7/CodeWorkspace/UGV-Robot/ros2_humble_colcon_ws/install/moveit_ros_control_interface/share/moveit_ros_control_interface/package.ps1'
[268.007s] INFO:colcon.colcon_core.shell:Creating package descriptor '/home/ugv-c7/CodeWorkspace/UGV-Robot/ros2_humble_colcon_ws/install/moveit_ros_control_interface/share/moveit_ros_control_interface/package.dsv'
[268.021s] INFO:colcon.colcon_core.shell:Creating package script '/home/ugv-c7/CodeWorkspace/UGV-Robot/ros2_humble_colcon_ws/install/moveit_ros_control_interface/share/moveit_ros_control_interface/package.sh'
[268.024s] INFO:colcon.colcon_core.shell:Creating package script '/home/ugv-c7/CodeWorkspace/UGV-Robot/ros2_humble_colcon_ws/install/moveit_ros_control_interface/share/moveit_ros_control_interface/package.bash'
[268.026s] INFO:colcon.colcon_core.shell:Creating package script '/home/ugv-c7/CodeWorkspace/UGV-Robot/ros2_humble_colcon_ws/install/moveit_ros_control_interface/share/moveit_ros_control_interface/package.zsh'
[268.027s] Level 1:colcon.colcon_core.environment:create_file_with_runtime_dependencies(/home/ugv-c7/CodeWorkspace/UGV-Robot/ros2_humble_colcon_ws/install/moveit_ros_control_interface/share/colcon-core/packages/moveit_ros_control_interface)
[268.031s] Level 1:colcon.colcon_core.environment:create_environment_scripts_only(moveit_ros_control_interface)
[268.031s] Level 1:colcon.colcon_core.environment:checking '/home/ugv-c7/CodeWorkspace/UGV-Robot/ros2_humble_colcon_ws/install/moveit_ros_control_interface' for CMake module files
[268.046s] Level 1:colcon.colcon_core.environment:checking '/home/ugv-c7/CodeWorkspace/UGV-Robot/ros2_humble_colcon_ws/install/moveit_ros_control_interface' for CMake config files
[268.047s] Level 1:colcon.colcon_core.shell:create_environment_hook('moveit_ros_control_interface', 'cmake_prefix_path')
[268.048s] INFO:colcon.colcon_core.shell:Creating environment hook '/home/ugv-c7/CodeWorkspace/UGV-Robot/ros2_humble_colcon_ws/install/moveit_ros_control_interface/share/moveit_ros_control_interface/hook/cmake_prefix_path.ps1'
[268.065s] INFO:colcon.colcon_core.shell:Creating environment descriptor '/home/ugv-c7/CodeWorkspace/UGV-Robot/ros2_humble_colcon_ws/install/moveit_ros_control_interface/share/moveit_ros_control_interface/hook/cmake_prefix_path.dsv'
[268.068s] INFO:colcon.colcon_core.shell:Creating environment hook '/home/ugv-c7/CodeWorkspace/UGV-Robot/ros2_humble_colcon_ws/install/moveit_ros_control_interface/share/moveit_ros_control_interface/hook/cmake_prefix_path.sh'
[268.071s] Level 1:colcon.colcon_core.environment:checking '/home/ugv-c7/CodeWorkspace/UGV-Robot/ros2_humble_colcon_ws/install/moveit_ros_control_interface/lib'
[268.071s] Level 1:colcon.colcon_core.shell:create_environment_hook('moveit_ros_control_interface', 'ld_library_path_lib')
[268.072s] INFO:colcon.colcon_core.shell:Creating environment hook '/home/ugv-c7/CodeWorkspace/UGV-Robot/ros2_humble_colcon_ws/install/moveit_ros_control_interface/share/moveit_ros_control_interface/hook/ld_library_path_lib.ps1'
[268.074s] INFO:colcon.colcon_core.shell:Creating environment descriptor '/home/ugv-c7/CodeWorkspace/UGV-Robot/ros2_humble_colcon_ws/install/moveit_ros_control_interface/share/moveit_ros_control_interface/hook/ld_library_path_lib.dsv'
[268.075s] INFO:colcon.colcon_core.shell:Creating environment hook '/home/ugv-c7/CodeWorkspace/UGV-Robot/ros2_humble_colcon_ws/install/moveit_ros_control_interface/share/moveit_ros_control_interface/hook/ld_library_path_lib.sh'
[268.079s] Level 1:colcon.colcon_core.environment:checking '/home/ugv-c7/CodeWorkspace/UGV-Robot/ros2_humble_colcon_ws/install/moveit_ros_control_interface/bin'
[268.079s] Level 1:colcon.colcon_core.environment:checking '/home/ugv-c7/CodeWorkspace/UGV-Robot/ros2_humble_colcon_ws/install/moveit_ros_control_interface/lib/pkgconfig/moveit_ros_control_interface.pc'
[268.080s] Level 1:colcon.colcon_core.environment:checking '/home/ugv-c7/CodeWorkspace/UGV-Robot/ros2_humble_colcon_ws/install/moveit_ros_control_interface/lib/python3.10/site-packages'
[268.081s] Level 1:colcon.colcon_core.environment:checking '/home/ugv-c7/CodeWorkspace/UGV-Robot/ros2_humble_colcon_ws/install/moveit_ros_control_interface/bin'
[268.082s] INFO:colcon.colcon_core.shell:Creating package script '/home/ugv-c7/CodeWorkspace/UGV-Robot/ros2_humble_colcon_ws/install/moveit_ros_control_interface/share/moveit_ros_control_interface/package.ps1'
[268.084s] INFO:colcon.colcon_core.shell:Creating package descriptor '/home/ugv-c7/CodeWorkspace/UGV-Robot/ros2_humble_colcon_ws/install/moveit_ros_control_interface/share/moveit_ros_control_interface/package.dsv'
[268.086s] INFO:colcon.colcon_core.shell:Creating package script '/home/ugv-c7/CodeWorkspace/UGV-Robot/ros2_humble_colcon_ws/install/moveit_ros_control_interface/share/moveit_ros_control_interface/package.sh'
[268.088s] INFO:colcon.colcon_core.shell:Creating package script '/home/ugv-c7/CodeWorkspace/UGV-Robot/ros2_humble_colcon_ws/install/moveit_ros_control_interface/share/moveit_ros_control_interface/package.bash'
[268.089s] INFO:colcon.colcon_core.shell:Creating package script '/home/ugv-c7/CodeWorkspace/UGV-Robot/ros2_humble_colcon_ws/install/moveit_ros_control_interface/share/moveit_ros_control_interface/package.zsh'
[268.090s] Level 1:colcon.colcon_core.environment:create_file_with_runtime_dependencies(/home/ugv-c7/CodeWorkspace/UGV-Robot/ros2_humble_colcon_ws/install/moveit_ros_control_interface/share/colcon-core/packages/moveit_ros_control_interface)
[671.345s] DEBUG:colcon.colcon_core.event_handler.log_command:Invoked command in '/home/ugv-c7/CodeWorkspace/UGV-Robot/ros2_humble_colcon_ws/build/moveit_ros_planning' returned '0': AMENT_PREFIX_PATH=/home/ugv-c7/CodeWorkspace/UGV-Robot/ros2_humble_colcon_ws/install/moveit_ros_occupancy_map_monitor:/home/ugv-c7/CodeWorkspace/UGV-Robot/ros2_humble_colcon_ws/install/moveit_core:/home/ugv-c7/CodeWorkspace/UGV-Robot/ros2_humble_colcon_ws/install/moveit_resources_panda_moveit_config:/home/ugv-c7/CodeWorkspace/UGV-Robot/ros2_humble_colcon_ws/install/moveit_configs_utils:/home/ugv-c7/CodeWorkspace/UGV-Robot/ros2_humble_colcon_ws/install/srdfdom:/home/ugv-c7/CodeWorkspace/UGV-Robot/ros2_humble_colcon_ws/install/moveit_resources_pr2_description:/home/ugv-c7/CodeWorkspace/UGV-Robot/ros2_humble_colcon_ws/install/moveit_resources_panda_description:/home/ugv-c7/CodeWorkspace/UGV-Robot/ros2_humble_colcon_ws/install/moveit_common:/home/ugv-c7/CodeWorkspace/UGV-Robot/ros2_humble_colcon_ws/install/launch_param_builder:${AMENT_PREFIX_PATH} CMAKE_PREFIX_PATH=/home/ugv-c7/CodeWorkspace/UGV-Robot/ros2_humble_colcon_ws/install/moveit_ros_occupancy_map_monitor:/home/ugv-c7/CodeWorkspace/UGV-Robot/ros2_humble_colcon_ws/install/moveit_core:/home/ugv-c7/CodeWorkspace/UGV-Robot/ros2_humble_colcon_ws/install/moveit_resources_panda_moveit_config:/home/ugv-c7/CodeWorkspace/UGV-Robot/ros2_humble_colcon_ws/install/srdfdom:/home/ugv-c7/CodeWorkspace/UGV-Robot/ros2_humble_colcon_ws/install/moveit_resources_pr2_description:/home/ugv-c7/CodeWorkspace/UGV-Robot/ros2_humble_colcon_ws/install/moveit_resources_panda_description:/home/ugv-c7/CodeWorkspace/UGV-Robot/ros2_humble_colcon_ws/install/moveit_common:/opt/ros/humble LD_LIBRARY_PATH=/home/ugv-c7/CodeWorkspace/UGV-Robot/ros2_humble_colcon_ws/install/moveit_ros_occupancy_map_monitor/lib:/home/ugv-c7/CodeWorkspace/UGV-Robot/ros2_humble_colcon_ws/install/moveit_core/lib:/home/ugv-c7/CodeWorkspace/UGV-Robot/ros2_humble_colcon_ws/install/srdfdom/lib:${LD_LIBRARY_PATH} PATH=/home/ugv-c7/CodeWorkspace/UGV-Robot/ros2_humble_colcon_ws/install/moveit_core/bin:${PATH} PYTHONPATH=/home/ugv-c7/CodeWorkspace/UGV-Robot/ros2_humble_colcon_ws/install/moveit_configs_utils/lib/python3.10/site-packages:/home/ugv-c7/CodeWorkspace/UGV-Robot/ros2_humble_colcon_ws/install/srdfdom/local/lib/python3.10/dist-packages:/home/ugv-c7/CodeWorkspace/UGV-Robot/ros2_humble_colcon_ws/install/launch_param_builder/lib/python3.10/site-packages:${PYTHONPATH} /usr/bin/cmake --build /home/ugv-c7/CodeWorkspace/UGV-Robot/ros2_humble_colcon_ws/build/moveit_ros_planning -- -j6 -l6
[671.354s] DEBUG:colcon.colcon_core.event_handler.log_command:Invoking command in '/home/ugv-c7/CodeWorkspace/UGV-Robot/ros2_humble_colcon_ws/build/moveit_ros_planning': AMENT_PREFIX_PATH=/home/ugv-c7/CodeWorkspace/UGV-Robot/ros2_humble_colcon_ws/install/moveit_ros_occupancy_map_monitor:/home/ugv-c7/CodeWorkspace/UGV-Robot/ros2_humble_colcon_ws/install/moveit_core:/home/ugv-c7/CodeWorkspace/UGV-Robot/ros2_humble_colcon_ws/install/moveit_resources_panda_moveit_config:/home/ugv-c7/CodeWorkspace/UGV-Robot/ros2_humble_colcon_ws/install/moveit_configs_utils:/home/ugv-c7/CodeWorkspace/UGV-Robot/ros2_humble_colcon_ws/install/srdfdom:/home/ugv-c7/CodeWorkspace/UGV-Robot/ros2_humble_colcon_ws/install/moveit_resources_pr2_description:/home/ugv-c7/CodeWorkspace/UGV-Robot/ros2_humble_colcon_ws/install/moveit_resources_panda_description:/home/ugv-c7/CodeWorkspace/UGV-Robot/ros2_humble_colcon_ws/install/moveit_common:/home/ugv-c7/CodeWorkspace/UGV-Robot/ros2_humble_colcon_ws/install/launch_param_builder:${AMENT_PREFIX_PATH} CMAKE_PREFIX_PATH=/home/ugv-c7/CodeWorkspace/UGV-Robot/ros2_humble_colcon_ws/install/moveit_ros_occupancy_map_monitor:/home/ugv-c7/CodeWorkspace/UGV-Robot/ros2_humble_colcon_ws/install/moveit_core:/home/ugv-c7/CodeWorkspace/UGV-Robot/ros2_humble_colcon_ws/install/moveit_resources_panda_moveit_config:/home/ugv-c7/CodeWorkspace/UGV-Robot/ros2_humble_colcon_ws/install/srdfdom:/home/ugv-c7/CodeWorkspace/UGV-Robot/ros2_humble_colcon_ws/install/moveit_resources_pr2_description:/home/ugv-c7/CodeWorkspace/UGV-Robot/ros2_humble_colcon_ws/install/moveit_resources_panda_description:/home/ugv-c7/CodeWorkspace/UGV-Robot/ros2_humble_colcon_ws/install/moveit_common:/opt/ros/humble LD_LIBRARY_PATH=/home/ugv-c7/CodeWorkspace/UGV-Robot/ros2_humble_colcon_ws/install/moveit_ros_occupancy_map_monitor/lib:/home/ugv-c7/CodeWorkspace/UGV-Robot/ros2_humble_colcon_ws/install/moveit_core/lib:/home/ugv-c7/CodeWorkspace/UGV-Robot/ros2_humble_colcon_ws/install/srdfdom/lib:${LD_LIBRARY_PATH} PATH=/home/ugv-c7/CodeWorkspace/UGV-Robot/ros2_humble_colcon_ws/install/moveit_core/bin:${PATH} PYTHONPATH=/home/ugv-c7/CodeWorkspace/UGV-Robot/ros2_humble_colcon_ws/install/moveit_configs_utils/lib/python3.10/site-packages:/home/ugv-c7/CodeWorkspace/UGV-Robot/ros2_humble_colcon_ws/install/srdfdom/local/lib/python3.10/dist-packages:/home/ugv-c7/CodeWorkspace/UGV-Robot/ros2_humble_colcon_ws/install/launch_param_builder/lib/python3.10/site-packages:${PYTHONPATH} /usr/bin/cmake --install /home/ugv-c7/CodeWorkspace/UGV-Robot/ros2_humble_colcon_ws/build/moveit_ros_planning
[671.464s] Level 1:colcon.colcon_core.environment:create_environment_scripts_only(moveit_ros_planning)
[671.466s] Level 1:colcon.colcon_core.environment:checking '/home/ugv-c7/CodeWorkspace/UGV-Robot/ros2_humble_colcon_ws/install/moveit_ros_planning' for CMake module files
[671.467s] DEBUG:colcon.colcon_core.event_handler.log_command:Invoked command in '/home/ugv-c7/CodeWorkspace/UGV-Robot/ros2_humble_colcon_ws/build/moveit_ros_planning' returned '0': AMENT_PREFIX_PATH=/home/ugv-c7/CodeWorkspace/UGV-Robot/ros2_humble_colcon_ws/install/moveit_ros_occupancy_map_monitor:/home/ugv-c7/CodeWorkspace/UGV-Robot/ros2_humble_colcon_ws/install/moveit_core:/home/ugv-c7/CodeWorkspace/UGV-Robot/ros2_humble_colcon_ws/install/moveit_resources_panda_moveit_config:/home/ugv-c7/CodeWorkspace/UGV-Robot/ros2_humble_colcon_ws/install/moveit_configs_utils:/home/ugv-c7/CodeWorkspace/UGV-Robot/ros2_humble_colcon_ws/install/srdfdom:/home/ugv-c7/CodeWorkspace/UGV-Robot/ros2_humble_colcon_ws/install/moveit_resources_pr2_description:/home/ugv-c7/CodeWorkspace/UGV-Robot/ros2_humble_colcon_ws/install/moveit_resources_panda_description:/home/ugv-c7/CodeWorkspace/UGV-Robot/ros2_humble_colcon_ws/install/moveit_common:/home/ugv-c7/CodeWorkspace/UGV-Robot/ros2_humble_colcon_ws/install/launch_param_builder:${AMENT_PREFIX_PATH} CMAKE_PREFIX_PATH=/home/ugv-c7/CodeWorkspace/UGV-Robot/ros2_humble_colcon_ws/install/moveit_ros_occupancy_map_monitor:/home/ugv-c7/CodeWorkspace/UGV-Robot/ros2_humble_colcon_ws/install/moveit_core:/home/ugv-c7/CodeWorkspace/UGV-Robot/ros2_humble_colcon_ws/install/moveit_resources_panda_moveit_config:/home/ugv-c7/CodeWorkspace/UGV-Robot/ros2_humble_colcon_ws/install/srdfdom:/home/ugv-c7/CodeWorkspace/UGV-Robot/ros2_humble_colcon_ws/install/moveit_resources_pr2_description:/home/ugv-c7/CodeWorkspace/UGV-Robot/ros2_humble_colcon_ws/install/moveit_resources_panda_description:/home/ugv-c7/CodeWorkspace/UGV-Robot/ros2_humble_colcon_ws/install/moveit_common:/opt/ros/humble LD_LIBRARY_PATH=/home/ugv-c7/CodeWorkspace/UGV-Robot/ros2_humble_colcon_ws/install/moveit_ros_occupancy_map_monitor/lib:/home/ugv-c7/CodeWorkspace/UGV-Robot/ros2_humble_colcon_ws/install/moveit_core/lib:/home/ugv-c7/CodeWorkspace/UGV-Robot/ros2_humble_colcon_ws/install/srdfdom/lib:${LD_LIBRARY_PATH} PATH=/home/ugv-c7/CodeWorkspace/UGV-Robot/ros2_humble_colcon_ws/install/moveit_core/bin:${PATH} PYTHONPATH=/home/ugv-c7/CodeWorkspace/UGV-Robot/ros2_humble_colcon_ws/install/moveit_configs_utils/lib/python3.10/site-packages:/home/ugv-c7/CodeWorkspace/UGV-Robot/ros2_humble_colcon_ws/install/srdfdom/local/lib/python3.10/dist-packages:/home/ugv-c7/CodeWorkspace/UGV-Robot/ros2_humble_colcon_ws/install/launch_param_builder/lib/python3.10/site-packages:${PYTHONPATH} /usr/bin/cmake --install /home/ugv-c7/CodeWorkspace/UGV-Robot/ros2_humble_colcon_ws/build/moveit_ros_planning
[671.469s] Level 1:colcon.colcon_core.environment:checking '/home/ugv-c7/CodeWorkspace/UGV-Robot/ros2_humble_colcon_ws/install/moveit_ros_planning' for CMake config files
[671.471s] Level 1:colcon.colcon_core.shell:create_environment_hook('moveit_ros_planning', 'cmake_prefix_path')
[671.472s] INFO:colcon.colcon_core.shell:Creating environment hook '/home/ugv-c7/CodeWorkspace/UGV-Robot/ros2_humble_colcon_ws/install/moveit_ros_planning/share/moveit_ros_planning/hook/cmake_prefix_path.ps1'
[671.474s] INFO:colcon.colcon_core.shell:Creating environment descriptor '/home/ugv-c7/CodeWorkspace/UGV-Robot/ros2_humble_colcon_ws/install/moveit_ros_planning/share/moveit_ros_planning/hook/cmake_prefix_path.dsv'
[671.476s] INFO:colcon.colcon_core.shell:Creating environment hook '/home/ugv-c7/CodeWorkspace/UGV-Robot/ros2_humble_colcon_ws/install/moveit_ros_planning/share/moveit_ros_planning/hook/cmake_prefix_path.sh'
[671.479s] Level 1:colcon.colcon_core.environment:checking '/home/ugv-c7/CodeWorkspace/UGV-Robot/ros2_humble_colcon_ws/install/moveit_ros_planning/lib'
[671.479s] Level 1:colcon.colcon_core.shell:create_environment_hook('moveit_ros_planning', 'ld_library_path_lib')
[671.480s] INFO:colcon.colcon_core.shell:Creating environment hook '/home/ugv-c7/CodeWorkspace/UGV-Robot/ros2_humble_colcon_ws/install/moveit_ros_planning/share/moveit_ros_planning/hook/ld_library_path_lib.ps1'
[671.482s] INFO:colcon.colcon_core.shell:Creating environment descriptor '/home/ugv-c7/CodeWorkspace/UGV-Robot/ros2_humble_colcon_ws/install/moveit_ros_planning/share/moveit_ros_planning/hook/ld_library_path_lib.dsv'
[671.483s] INFO:colcon.colcon_core.shell:Creating environment hook '/home/ugv-c7/CodeWorkspace/UGV-Robot/ros2_humble_colcon_ws/install/moveit_ros_planning/share/moveit_ros_planning/hook/ld_library_path_lib.sh'
[671.484s] Level 1:colcon.colcon_core.environment:checking '/home/ugv-c7/CodeWorkspace/UGV-Robot/ros2_humble_colcon_ws/install/moveit_ros_planning/bin'
[671.485s] Level 1:colcon.colcon_core.environment:checking '/home/ugv-c7/CodeWorkspace/UGV-Robot/ros2_humble_colcon_ws/install/moveit_ros_planning/lib/pkgconfig/moveit_ros_planning.pc'
[671.486s] Level 1:colcon.colcon_core.environment:checking '/home/ugv-c7/CodeWorkspace/UGV-Robot/ros2_humble_colcon_ws/install/moveit_ros_planning/lib/python3.10/site-packages'
[671.487s] Level 1:colcon.colcon_core.environment:checking '/home/ugv-c7/CodeWorkspace/UGV-Robot/ros2_humble_colcon_ws/install/moveit_ros_planning/bin'
[671.488s] INFO:colcon.colcon_core.shell:Creating package script '/home/ugv-c7/CodeWorkspace/UGV-Robot/ros2_humble_colcon_ws/install/moveit_ros_planning/share/moveit_ros_planning/package.ps1'
[671.490s] INFO:colcon.colcon_core.shell:Creating package descriptor '/home/ugv-c7/CodeWorkspace/UGV-Robot/ros2_humble_colcon_ws/install/moveit_ros_planning/share/moveit_ros_planning/package.dsv'
[671.493s] INFO:colcon.colcon_core.shell:Creating package script '/home/ugv-c7/CodeWorkspace/UGV-Robot/ros2_humble_colcon_ws/install/moveit_ros_planning/share/moveit_ros_planning/package.sh'
[671.495s] INFO:colcon.colcon_core.shell:Creating package script '/home/ugv-c7/CodeWorkspace/UGV-Robot/ros2_humble_colcon_ws/install/moveit_ros_planning/share/moveit_ros_planning/package.bash'
[671.496s] INFO:colcon.colcon_core.shell:Creating package script '/home/ugv-c7/CodeWorkspace/UGV-Robot/ros2_humble_colcon_ws/install/moveit_ros_planning/share/moveit_ros_planning/package.zsh'
[671.498s] Level 1:colcon.colcon_core.environment:create_file_with_runtime_dependencies(/home/ugv-c7/CodeWorkspace/UGV-Robot/ros2_humble_colcon_ws/install/moveit_ros_planning/share/colcon-core/packages/moveit_ros_planning)
[671.502s] Level 1:colcon.colcon_core.environment:create_environment_scripts_only(moveit_ros_planning)
[671.502s] Level 1:colcon.colcon_core.environment:checking '/home/ugv-c7/CodeWorkspace/UGV-Robot/ros2_humble_colcon_ws/install/moveit_ros_planning' for CMake module files
[671.505s] Level 1:colcon.colcon_core.environment:checking '/home/ugv-c7/CodeWorkspace/UGV-Robot/ros2_humble_colcon_ws/install/moveit_ros_planning' for CMake config files
[671.507s] Level 1:colcon.colcon_core.shell:create_environment_hook('moveit_ros_planning', 'cmake_prefix_path')
[671.507s] INFO:colcon.colcon_core.shell:Creating environment hook '/home/ugv-c7/CodeWorkspace/UGV-Robot/ros2_humble_colcon_ws/install/moveit_ros_planning/share/moveit_ros_planning/hook/cmake_prefix_path.ps1'
[671.509s] INFO:colcon.colcon_core.shell:Creating environment descriptor '/home/ugv-c7/CodeWorkspace/UGV-Robot/ros2_humble_colcon_ws/install/moveit_ros_planning/share/moveit_ros_planning/hook/cmake_prefix_path.dsv'
[671.510s] INFO:colcon.colcon_core.shell:Creating environment hook '/home/ugv-c7/CodeWorkspace/UGV-Robot/ros2_humble_colcon_ws/install/moveit_ros_planning/share/moveit_ros_planning/hook/cmake_prefix_path.sh'
[671.513s] Level 1:colcon.colcon_core.environment:checking '/home/ugv-c7/CodeWorkspace/UGV-Robot/ros2_humble_colcon_ws/install/moveit_ros_planning/lib'
[671.513s] Level 1:colcon.colcon_core.shell:create_environment_hook('moveit_ros_planning', 'ld_library_path_lib')
[671.514s] INFO:colcon.colcon_core.shell:Creating environment hook '/home/ugv-c7/CodeWorkspace/UGV-Robot/ros2_humble_colcon_ws/install/moveit_ros_planning/share/moveit_ros_planning/hook/ld_library_path_lib.ps1'
[671.516s] INFO:colcon.colcon_core.shell:Creating environment descriptor '/home/ugv-c7/CodeWorkspace/UGV-Robot/ros2_humble_colcon_ws/install/moveit_ros_planning/share/moveit_ros_planning/hook/ld_library_path_lib.dsv'
[671.517s] INFO:colcon.colcon_core.shell:Creating environment hook '/home/ugv-c7/CodeWorkspace/UGV-Robot/ros2_humble_colcon_ws/install/moveit_ros_planning/share/moveit_ros_planning/hook/ld_library_path_lib.sh'
[671.518s] Level 1:colcon.colcon_core.environment:checking '/home/ugv-c7/CodeWorkspace/UGV-Robot/ros2_humble_colcon_ws/install/moveit_ros_planning/bin'
[671.519s] Level 1:colcon.colcon_core.environment:checking '/home/ugv-c7/CodeWorkspace/UGV-Robot/ros2_humble_colcon_ws/install/moveit_ros_planning/lib/pkgconfig/moveit_ros_planning.pc'
[671.519s] Level 1:colcon.colcon_core.environment:checking '/home/ugv-c7/CodeWorkspace/UGV-Robot/ros2_humble_colcon_ws/install/moveit_ros_planning/lib/python3.10/site-packages'
[671.520s] Level 1:colcon.colcon_core.environment:checking '/home/ugv-c7/CodeWorkspace/UGV-Robot/ros2_humble_colcon_ws/install/moveit_ros_planning/bin'
[671.521s] INFO:colcon.colcon_core.shell:Creating package script '/home/ugv-c7/CodeWorkspace/UGV-Robot/ros2_humble_colcon_ws/install/moveit_ros_planning/share/moveit_ros_planning/package.ps1'
[671.523s] INFO:colcon.colcon_core.shell:Creating package descriptor '/home/ugv-c7/CodeWorkspace/UGV-Robot/ros2_humble_colcon_ws/install/moveit_ros_planning/share/moveit_ros_planning/package.dsv'
[671.525s] INFO:colcon.colcon_core.shell:Creating package script '/home/ugv-c7/CodeWorkspace/UGV-Robot/ros2_humble_colcon_ws/install/moveit_ros_planning/share/moveit_ros_planning/package.sh'
[671.529s] INFO:colcon.colcon_core.shell:Creating package script '/home/ugv-c7/CodeWorkspace/UGV-Robot/ros2_humble_colcon_ws/install/moveit_ros_planning/share/moveit_ros_planning/package.bash'
[671.530s] INFO:colcon.colcon_core.shell:Creating package script '/home/ugv-c7/CodeWorkspace/UGV-Robot/ros2_humble_colcon_ws/install/moveit_ros_planning/share/moveit_ros_planning/package.zsh'
[671.532s] Level 1:colcon.colcon_core.environment:create_file_with_runtime_dependencies(/home/ugv-c7/CodeWorkspace/UGV-Robot/ros2_humble_colcon_ws/install/moveit_ros_planning/share/colcon-core/packages/moveit_ros_planning)
[671.535s] INFO:colcon.colcon_ros.task.ament_cmake.build:Building ROS package in '/home/ugv-c7/CodeWorkspace/UGV-Robot/ros2_humble_colcon_ws/src/moveit2/moveit_kinematics' with build type 'ament_cmake'
[671.535s] INFO:colcon.colcon_cmake.task.cmake.build:Building CMake package in '/home/ugv-c7/CodeWorkspace/UGV-Robot/ros2_humble_colcon_ws/src/moveit2/moveit_kinematics'
[671.537s] INFO:colcon.colcon_core.shell:Skip shell extension 'powershell' for command environment: Not usable outside of PowerShell
[671.537s] DEBUG:colcon.colcon_core.shell:Skip shell extension 'dsv' for command environment
[671.558s] INFO:colcon.colcon_ros.task.ament_cmake.build:Building ROS package in '/home/ugv-c7/CodeWorkspace/UGV-Robot/ros2_humble_colcon_ws/src/moveit2/moveit_ros/warehouse' with build type 'ament_cmake'
[671.559s] INFO:colcon.colcon_cmake.task.cmake.build:Building CMake package in '/home/ugv-c7/CodeWorkspace/UGV-Robot/ros2_humble_colcon_ws/src/moveit2/moveit_ros/warehouse'
[671.560s] INFO:colcon.colcon_core.shell:Skip shell extension 'powershell' for command environment: Not usable outside of PowerShell
[671.560s] DEBUG:colcon.colcon_core.shell:Skip shell extension 'dsv' for command environment
[671.570s] INFO:colcon.colcon_ros.task.ament_cmake.build:Building ROS package in '/home/ugv-c7/CodeWorkspace/UGV-Robot/ros2_humble_colcon_ws/src/moveit2/moveit_planners/ompl' with build type 'ament_cmake'
[671.570s] INFO:colcon.colcon_cmake.task.cmake.build:Building CMake package in '/home/ugv-c7/CodeWorkspace/UGV-Robot/ros2_humble_colcon_ws/src/moveit2/moveit_planners/ompl'
[671.571s] INFO:colcon.colcon_core.shell:Skip shell extension 'powershell' for command environment: Not usable outside of PowerShell
[671.571s] DEBUG:colcon.colcon_core.shell:Skip shell extension 'dsv' for command environment
[671.583s] INFO:colcon.colcon_ros.task.ament_cmake.build:Building ROS package in '/home/ugv-c7/CodeWorkspace/UGV-Robot/ros2_humble_colcon_ws/src/moveit2/moveit_ros/robot_interaction' with build type 'ament_cmake'
[671.584s] INFO:colcon.colcon_cmake.task.cmake.build:Building CMake package in '/home/ugv-c7/CodeWorkspace/UGV-Robot/ros2_humble_colcon_ws/src/moveit2/moveit_ros/robot_interaction'
[671.586s] INFO:colcon.colcon_core.shell:Skip shell extension 'powershell' for command environment: Not usable outside of PowerShell
[671.586s] DEBUG:colcon.colcon_core.shell:Skip shell extension 'dsv' for command environment
[671.596s] INFO:colcon.colcon_ros.task.ament_cmake.build:Building ROS package in '/home/ugv-c7/CodeWorkspace/UGV-Robot/ros2_humble_colcon_ws/src/moveit2/moveit_ros/perception' with build type 'ament_cmake'
[671.596s] INFO:colcon.colcon_cmake.task.cmake.build:Building CMake package in '/home/ugv-c7/CodeWorkspace/UGV-Robot/ros2_humble_colcon_ws/src/moveit2/moveit_ros/perception'
[671.597s] INFO:colcon.colcon_core.shell:Skip shell extension 'powershell' for command environment: Not usable outside of PowerShell
[671.598s] DEBUG:colcon.colcon_core.shell:Skip shell extension 'dsv' for command environment
[671.610s] INFO:colcon.colcon_ros.task.ament_cmake.build:Building ROS package in '/home/ugv-c7/CodeWorkspace/UGV-Robot/ros2_humble_colcon_ws/src/moveit_visual_tools' with build type 'ament_cmake'
[671.610s] INFO:colcon.colcon_cmake.task.cmake.build:Building CMake package in '/home/ugv-c7/CodeWorkspace/UGV-Robot/ros2_humble_colcon_ws/src/moveit_visual_tools'
[671.611s] INFO:colcon.colcon_core.shell:Skip shell extension 'powershell' for command environment: Not usable outside of PowerShell
[671.612s] DEBUG:colcon.colcon_core.shell:Skip shell extension 'dsv' for command environment
[671.629s] DEBUG:colcon.colcon_core.event_handler.log_command:Invoking command in '/home/ugv-c7/CodeWorkspace/UGV-Robot/ros2_humble_colcon_ws/build/moveit_kinematics': AMENT_PREFIX_PATH=/home/ugv-c7/CodeWorkspace/UGV-Robot/ros2_humble_colcon_ws/install/moveit_ros_planning:/home/ugv-c7/CodeWorkspace/UGV-Robot/ros2_humble_colcon_ws/install/moveit_ros_occupancy_map_monitor:/home/ugv-c7/CodeWorkspace/UGV-Robot/ros2_humble_colcon_ws/install/moveit_core:/home/ugv-c7/CodeWorkspace/UGV-Robot/ros2_humble_colcon_ws/install/moveit_resources_panda_moveit_config:/home/ugv-c7/CodeWorkspace/UGV-Robot/ros2_humble_colcon_ws/install/moveit_resources_fanuc_moveit_config:/home/ugv-c7/CodeWorkspace/UGV-Robot/ros2_humble_colcon_ws/install/moveit_configs_utils:/home/ugv-c7/CodeWorkspace/UGV-Robot/ros2_humble_colcon_ws/install/srdfdom:/home/ugv-c7/CodeWorkspace/UGV-Robot/ros2_humble_colcon_ws/install/moveit_resources_pr2_description:/home/ugv-c7/CodeWorkspace/UGV-Robot/ros2_humble_colcon_ws/install/moveit_resources_panda_description:/home/ugv-c7/CodeWorkspace/UGV-Robot/ros2_humble_colcon_ws/install/moveit_resources_fanuc_description:/home/ugv-c7/CodeWorkspace/UGV-Robot/ros2_humble_colcon_ws/install/moveit_common:/home/ugv-c7/CodeWorkspace/UGV-Robot/ros2_humble_colcon_ws/install/launch_param_builder:${AMENT_PREFIX_PATH} CMAKE_PREFIX_PATH=/home/ugv-c7/CodeWorkspace/UGV-Robot/ros2_humble_colcon_ws/install/moveit_ros_planning:/home/ugv-c7/CodeWorkspace/UGV-Robot/ros2_humble_colcon_ws/install/moveit_ros_occupancy_map_monitor:/home/ugv-c7/CodeWorkspace/UGV-Robot/ros2_humble_colcon_ws/install/moveit_core:/home/ugv-c7/CodeWorkspace/UGV-Robot/ros2_humble_colcon_ws/install/moveit_resources_panda_moveit_config:/home/ugv-c7/CodeWorkspace/UGV-Robot/ros2_humble_colcon_ws/install/moveit_resources_fanuc_moveit_config:/home/ugv-c7/CodeWorkspace/UGV-Robot/ros2_humble_colcon_ws/install/srdfdom:/home/ugv-c7/CodeWorkspace/UGV-Robot/ros2_humble_colcon_ws/install/moveit_resources_pr2_description:/home/ugv-c7/CodeWorkspace/UGV-Robot/ros2_humble_colcon_ws/install/moveit_resources_panda_description:/home/ugv-c7/CodeWorkspace/UGV-Robot/ros2_humble_colcon_ws/install/moveit_resources_fanuc_description:/home/ugv-c7/CodeWorkspace/UGV-Robot/ros2_humble_colcon_ws/install/moveit_common:/opt/ros/humble LD_LIBRARY_PATH=/home/ugv-c7/CodeWorkspace/UGV-Robot/ros2_humble_colcon_ws/install/moveit_ros_planning/lib:/home/ugv-c7/CodeWorkspace/UGV-Robot/ros2_humble_colcon_ws/install/moveit_ros_occupancy_map_monitor/lib:/home/ugv-c7/CodeWorkspace/UGV-Robot/ros2_humble_colcon_ws/install/moveit_core/lib:/home/ugv-c7/CodeWorkspace/UGV-Robot/ros2_humble_colcon_ws/install/srdfdom/lib:${LD_LIBRARY_PATH} PATH=/home/ugv-c7/CodeWorkspace/UGV-Robot/ros2_humble_colcon_ws/install/moveit_core/bin:${PATH} PYTHONPATH=/home/ugv-c7/CodeWorkspace/UGV-Robot/ros2_humble_colcon_ws/install/moveit_configs_utils/lib/python3.10/site-packages:/home/ugv-c7/CodeWorkspace/UGV-Robot/ros2_humble_colcon_ws/install/srdfdom/local/lib/python3.10/dist-packages:/home/ugv-c7/CodeWorkspace/UGV-Robot/ros2_humble_colcon_ws/install/launch_param_builder/lib/python3.10/site-packages:${PYTHONPATH} /usr/bin/cmake /home/ugv-c7/CodeWorkspace/UGV-Robot/ros2_humble_colcon_ws/src/moveit2/moveit_kinematics -DCMAKE_INSTALL_PREFIX=/home/ugv-c7/CodeWorkspace/UGV-Robot/ros2_humble_colcon_ws/install/moveit_kinematics
[671.638s] DEBUG:colcon.colcon_core.event_handler.log_command:Invoking command in '/home/ugv-c7/CodeWorkspace/UGV-Robot/ros2_humble_colcon_ws/build/moveit_ros_warehouse': AMENT_PREFIX_PATH=/home/ugv-c7/CodeWorkspace/UGV-Robot/ros2_humble_colcon_ws/install/moveit_ros_planning:/home/ugv-c7/CodeWorkspace/UGV-Robot/ros2_humble_colcon_ws/install/moveit_ros_occupancy_map_monitor:/home/ugv-c7/CodeWorkspace/UGV-Robot/ros2_humble_colcon_ws/install/moveit_core:/home/ugv-c7/CodeWorkspace/UGV-Robot/ros2_humble_colcon_ws/install/moveit_resources_panda_moveit_config:/home/ugv-c7/CodeWorkspace/UGV-Robot/ros2_humble_colcon_ws/install/moveit_configs_utils:/home/ugv-c7/CodeWorkspace/UGV-Robot/ros2_humble_colcon_ws/install/srdfdom:/home/ugv-c7/CodeWorkspace/UGV-Robot/ros2_humble_colcon_ws/install/moveit_resources_pr2_description:/home/ugv-c7/CodeWorkspace/UGV-Robot/ros2_humble_colcon_ws/install/moveit_resources_panda_description:/home/ugv-c7/CodeWorkspace/UGV-Robot/ros2_humble_colcon_ws/install/moveit_common:/home/ugv-c7/CodeWorkspace/UGV-Robot/ros2_humble_colcon_ws/install/launch_param_builder:${AMENT_PREFIX_PATH} CMAKE_PREFIX_PATH=/home/ugv-c7/CodeWorkspace/UGV-Robot/ros2_humble_colcon_ws/install/moveit_ros_planning:/home/ugv-c7/CodeWorkspace/UGV-Robot/ros2_humble_colcon_ws/install/moveit_ros_occupancy_map_monitor:/home/ugv-c7/CodeWorkspace/UGV-Robot/ros2_humble_colcon_ws/install/moveit_core:/home/ugv-c7/CodeWorkspace/UGV-Robot/ros2_humble_colcon_ws/install/moveit_resources_panda_moveit_config:/home/ugv-c7/CodeWorkspace/UGV-Robot/ros2_humble_colcon_ws/install/srdfdom:/home/ugv-c7/CodeWorkspace/UGV-Robot/ros2_humble_colcon_ws/install/moveit_resources_pr2_description:/home/ugv-c7/CodeWorkspace/UGV-Robot/ros2_humble_colcon_ws/install/moveit_resources_panda_description:/home/ugv-c7/CodeWorkspace/UGV-Robot/ros2_humble_colcon_ws/install/moveit_common:/opt/ros/humble LD_LIBRARY_PATH=/home/ugv-c7/CodeWorkspace/UGV-Robot/ros2_humble_colcon_ws/install/moveit_ros_planning/lib:/home/ugv-c7/CodeWorkspace/UGV-Robot/ros2_humble_colcon_ws/install/moveit_ros_occupancy_map_monitor/lib:/home/ugv-c7/CodeWorkspace/UGV-Robot/ros2_humble_colcon_ws/install/moveit_core/lib:/home/ugv-c7/CodeWorkspace/UGV-Robot/ros2_humble_colcon_ws/install/srdfdom/lib:${LD_LIBRARY_PATH} PATH=/home/ugv-c7/CodeWorkspace/UGV-Robot/ros2_humble_colcon_ws/install/moveit_core/bin:${PATH} PYTHONPATH=/home/ugv-c7/CodeWorkspace/UGV-Robot/ros2_humble_colcon_ws/install/moveit_configs_utils/lib/python3.10/site-packages:/home/ugv-c7/CodeWorkspace/UGV-Robot/ros2_humble_colcon_ws/install/srdfdom/local/lib/python3.10/dist-packages:/home/ugv-c7/CodeWorkspace/UGV-Robot/ros2_humble_colcon_ws/install/launch_param_builder/lib/python3.10/site-packages:${PYTHONPATH} /usr/bin/cmake /home/ugv-c7/CodeWorkspace/UGV-Robot/ros2_humble_colcon_ws/src/moveit2/moveit_ros/warehouse -DCMAKE_INSTALL_PREFIX=/home/ugv-c7/CodeWorkspace/UGV-Robot/ros2_humble_colcon_ws/install/moveit_ros_warehouse
[671.642s] DEBUG:colcon.colcon_core.event_handler.log_command:Invoking command in '/home/ugv-c7/CodeWorkspace/UGV-Robot/ros2_humble_colcon_ws/build/moveit_planners_ompl': AMENT_PREFIX_PATH=/home/ugv-c7/CodeWorkspace/UGV-Robot/ros2_humble_colcon_ws/install/moveit_ros_planning:/home/ugv-c7/CodeWorkspace/UGV-Robot/ros2_humble_colcon_ws/install/moveit_ros_occupancy_map_monitor:/home/ugv-c7/CodeWorkspace/UGV-Robot/ros2_humble_colcon_ws/install/moveit_core:/home/ugv-c7/CodeWorkspace/UGV-Robot/ros2_humble_colcon_ws/install/moveit_resources_panda_moveit_config:/home/ugv-c7/CodeWorkspace/UGV-Robot/ros2_humble_colcon_ws/install/moveit_resources_fanuc_moveit_config:/home/ugv-c7/CodeWorkspace/UGV-Robot/ros2_humble_colcon_ws/install/moveit_configs_utils:/home/ugv-c7/CodeWorkspace/UGV-Robot/ros2_humble_colcon_ws/install/srdfdom:/home/ugv-c7/CodeWorkspace/UGV-Robot/ros2_humble_colcon_ws/install/moveit_resources_pr2_description:/home/ugv-c7/CodeWorkspace/UGV-Robot/ros2_humble_colcon_ws/install/moveit_resources_panda_description:/home/ugv-c7/CodeWorkspace/UGV-Robot/ros2_humble_colcon_ws/install/moveit_resources_fanuc_description:/home/ugv-c7/CodeWorkspace/UGV-Robot/ros2_humble_colcon_ws/install/moveit_common:/home/ugv-c7/CodeWorkspace/UGV-Robot/ros2_humble_colcon_ws/install/launch_param_builder:${AMENT_PREFIX_PATH} CMAKE_PREFIX_PATH=/home/ugv-c7/CodeWorkspace/UGV-Robot/ros2_humble_colcon_ws/install/moveit_ros_planning:/home/ugv-c7/CodeWorkspace/UGV-Robot/ros2_humble_colcon_ws/install/moveit_ros_occupancy_map_monitor:/home/ugv-c7/CodeWorkspace/UGV-Robot/ros2_humble_colcon_ws/install/moveit_core:/home/ugv-c7/CodeWorkspace/UGV-Robot/ros2_humble_colcon_ws/install/moveit_resources_panda_moveit_config:/home/ugv-c7/CodeWorkspace/UGV-Robot/ros2_humble_colcon_ws/install/moveit_resources_fanuc_moveit_config:/home/ugv-c7/CodeWorkspace/UGV-Robot/ros2_humble_colcon_ws/install/srdfdom:/home/ugv-c7/CodeWorkspace/UGV-Robot/ros2_humble_colcon_ws/install/moveit_resources_pr2_description:/home/ugv-c7/CodeWorkspace/UGV-Robot/ros2_humble_colcon_ws/install/moveit_resources_panda_description:/home/ugv-c7/CodeWorkspace/UGV-Robot/ros2_humble_colcon_ws/install/moveit_resources_fanuc_description:/home/ugv-c7/CodeWorkspace/UGV-Robot/ros2_humble_colcon_ws/install/moveit_common:/opt/ros/humble LD_LIBRARY_PATH=/home/ugv-c7/CodeWorkspace/UGV-Robot/ros2_humble_colcon_ws/install/moveit_ros_planning/lib:/home/ugv-c7/CodeWorkspace/UGV-Robot/ros2_humble_colcon_ws/install/moveit_ros_occupancy_map_monitor/lib:/home/ugv-c7/CodeWorkspace/UGV-Robot/ros2_humble_colcon_ws/install/moveit_core/lib:/home/ugv-c7/CodeWorkspace/UGV-Robot/ros2_humble_colcon_ws/install/srdfdom/lib:${LD_LIBRARY_PATH} PATH=/home/ugv-c7/CodeWorkspace/UGV-Robot/ros2_humble_colcon_ws/install/moveit_core/bin:${PATH} PYTHONPATH=/home/ugv-c7/CodeWorkspace/UGV-Robot/ros2_humble_colcon_ws/install/moveit_configs_utils/lib/python3.10/site-packages:/home/ugv-c7/CodeWorkspace/UGV-Robot/ros2_humble_colcon_ws/install/srdfdom/local/lib/python3.10/dist-packages:/home/ugv-c7/CodeWorkspace/UGV-Robot/ros2_humble_colcon_ws/install/launch_param_builder/lib/python3.10/site-packages:${PYTHONPATH} /usr/bin/cmake /home/ugv-c7/CodeWorkspace/UGV-Robot/ros2_humble_colcon_ws/src/moveit2/moveit_planners/ompl -DCMAKE_INSTALL_PREFIX=/home/ugv-c7/CodeWorkspace/UGV-Robot/ros2_humble_colcon_ws/install/moveit_planners_ompl
[671.650s] DEBUG:colcon.colcon_core.event_handler.log_command:Invoking command in '/home/ugv-c7/CodeWorkspace/UGV-Robot/ros2_humble_colcon_ws/build/moveit_ros_robot_interaction': AMENT_PREFIX_PATH=/home/ugv-c7/CodeWorkspace/UGV-Robot/ros2_humble_colcon_ws/install/moveit_ros_planning:/home/ugv-c7/CodeWorkspace/UGV-Robot/ros2_humble_colcon_ws/install/moveit_ros_occupancy_map_monitor:/home/ugv-c7/CodeWorkspace/UGV-Robot/ros2_humble_colcon_ws/install/moveit_core:/home/ugv-c7/CodeWorkspace/UGV-Robot/ros2_humble_colcon_ws/install/moveit_resources_panda_moveit_config:/home/ugv-c7/CodeWorkspace/UGV-Robot/ros2_humble_colcon_ws/install/moveit_configs_utils:/home/ugv-c7/CodeWorkspace/UGV-Robot/ros2_humble_colcon_ws/install/srdfdom:/home/ugv-c7/CodeWorkspace/UGV-Robot/ros2_humble_colcon_ws/install/moveit_resources_pr2_description:/home/ugv-c7/CodeWorkspace/UGV-Robot/ros2_humble_colcon_ws/install/moveit_resources_panda_description:/home/ugv-c7/CodeWorkspace/UGV-Robot/ros2_humble_colcon_ws/install/moveit_common:/home/ugv-c7/CodeWorkspace/UGV-Robot/ros2_humble_colcon_ws/install/launch_param_builder:${AMENT_PREFIX_PATH} CMAKE_PREFIX_PATH=/home/ugv-c7/CodeWorkspace/UGV-Robot/ros2_humble_colcon_ws/install/moveit_ros_planning:/home/ugv-c7/CodeWorkspace/UGV-Robot/ros2_humble_colcon_ws/install/moveit_ros_occupancy_map_monitor:/home/ugv-c7/CodeWorkspace/UGV-Robot/ros2_humble_colcon_ws/install/moveit_core:/home/ugv-c7/CodeWorkspace/UGV-Robot/ros2_humble_colcon_ws/install/moveit_resources_panda_moveit_config:/home/ugv-c7/CodeWorkspace/UGV-Robot/ros2_humble_colcon_ws/install/srdfdom:/home/ugv-c7/CodeWorkspace/UGV-Robot/ros2_humble_colcon_ws/install/moveit_resources_pr2_description:/home/ugv-c7/CodeWorkspace/UGV-Robot/ros2_humble_colcon_ws/install/moveit_resources_panda_description:/home/ugv-c7/CodeWorkspace/UGV-Robot/ros2_humble_colcon_ws/install/moveit_common:/opt/ros/humble LD_LIBRARY_PATH=/home/ugv-c7/CodeWorkspace/UGV-Robot/ros2_humble_colcon_ws/install/moveit_ros_planning/lib:/home/ugv-c7/CodeWorkspace/UGV-Robot/ros2_humble_colcon_ws/install/moveit_ros_occupancy_map_monitor/lib:/home/ugv-c7/CodeWorkspace/UGV-Robot/ros2_humble_colcon_ws/install/moveit_core/lib:/home/ugv-c7/CodeWorkspace/UGV-Robot/ros2_humble_colcon_ws/install/srdfdom/lib:${LD_LIBRARY_PATH} PATH=/home/ugv-c7/CodeWorkspace/UGV-Robot/ros2_humble_colcon_ws/install/moveit_core/bin:${PATH} PYTHONPATH=/home/ugv-c7/CodeWorkspace/UGV-Robot/ros2_humble_colcon_ws/install/moveit_configs_utils/lib/python3.10/site-packages:/home/ugv-c7/CodeWorkspace/UGV-Robot/ros2_humble_colcon_ws/install/srdfdom/local/lib/python3.10/dist-packages:/home/ugv-c7/CodeWorkspace/UGV-Robot/ros2_humble_colcon_ws/install/launch_param_builder/lib/python3.10/site-packages:${PYTHONPATH} /usr/bin/cmake /home/ugv-c7/CodeWorkspace/UGV-Robot/ros2_humble_colcon_ws/src/moveit2/moveit_ros/robot_interaction -DCMAKE_INSTALL_PREFIX=/home/ugv-c7/CodeWorkspace/UGV-Robot/ros2_humble_colcon_ws/install/moveit_ros_robot_interaction
[671.658s] DEBUG:colcon.colcon_core.event_handler.log_command:Invoking command in '/home/ugv-c7/CodeWorkspace/UGV-Robot/ros2_humble_colcon_ws/build/moveit_ros_perception': AMENT_PREFIX_PATH=/home/ugv-c7/CodeWorkspace/UGV-Robot/ros2_humble_colcon_ws/install/moveit_ros_planning:/home/ugv-c7/CodeWorkspace/UGV-Robot/ros2_humble_colcon_ws/install/moveit_ros_occupancy_map_monitor:/home/ugv-c7/CodeWorkspace/UGV-Robot/ros2_humble_colcon_ws/install/moveit_core:/home/ugv-c7/CodeWorkspace/UGV-Robot/ros2_humble_colcon_ws/install/moveit_resources_panda_moveit_config:/home/ugv-c7/CodeWorkspace/UGV-Robot/ros2_humble_colcon_ws/install/moveit_configs_utils:/home/ugv-c7/CodeWorkspace/UGV-Robot/ros2_humble_colcon_ws/install/srdfdom:/home/ugv-c7/CodeWorkspace/UGV-Robot/ros2_humble_colcon_ws/install/moveit_resources_pr2_description:/home/ugv-c7/CodeWorkspace/UGV-Robot/ros2_humble_colcon_ws/install/moveit_resources_panda_description:/home/ugv-c7/CodeWorkspace/UGV-Robot/ros2_humble_colcon_ws/install/moveit_common:/home/ugv-c7/CodeWorkspace/UGV-Robot/ros2_humble_colcon_ws/install/launch_param_builder:${AMENT_PREFIX_PATH} CMAKE_PREFIX_PATH=/home/ugv-c7/CodeWorkspace/UGV-Robot/ros2_humble_colcon_ws/install/moveit_ros_planning:/home/ugv-c7/CodeWorkspace/UGV-Robot/ros2_humble_colcon_ws/install/moveit_ros_occupancy_map_monitor:/home/ugv-c7/CodeWorkspace/UGV-Robot/ros2_humble_colcon_ws/install/moveit_core:/home/ugv-c7/CodeWorkspace/UGV-Robot/ros2_humble_colcon_ws/install/moveit_resources_panda_moveit_config:/home/ugv-c7/CodeWorkspace/UGV-Robot/ros2_humble_colcon_ws/install/srdfdom:/home/ugv-c7/CodeWorkspace/UGV-Robot/ros2_humble_colcon_ws/install/moveit_resources_pr2_description:/home/ugv-c7/CodeWorkspace/UGV-Robot/ros2_humble_colcon_ws/install/moveit_resources_panda_description:/home/ugv-c7/CodeWorkspace/UGV-Robot/ros2_humble_colcon_ws/install/moveit_common:/opt/ros/humble LD_LIBRARY_PATH=/home/ugv-c7/CodeWorkspace/UGV-Robot/ros2_humble_colcon_ws/install/moveit_ros_planning/lib:/home/ugv-c7/CodeWorkspace/UGV-Robot/ros2_humble_colcon_ws/install/moveit_ros_occupancy_map_monitor/lib:/home/ugv-c7/CodeWorkspace/UGV-Robot/ros2_humble_colcon_ws/install/moveit_core/lib:/home/ugv-c7/CodeWorkspace/UGV-Robot/ros2_humble_colcon_ws/install/srdfdom/lib:${LD_LIBRARY_PATH} PATH=/home/ugv-c7/CodeWorkspace/UGV-Robot/ros2_humble_colcon_ws/install/moveit_core/bin:${PATH} PYTHONPATH=/home/ugv-c7/CodeWorkspace/UGV-Robot/ros2_humble_colcon_ws/install/moveit_configs_utils/lib/python3.10/site-packages:/home/ugv-c7/CodeWorkspace/UGV-Robot/ros2_humble_colcon_ws/install/srdfdom/local/lib/python3.10/dist-packages:/home/ugv-c7/CodeWorkspace/UGV-Robot/ros2_humble_colcon_ws/install/launch_param_builder/lib/python3.10/site-packages:${PYTHONPATH} /usr/bin/cmake /home/ugv-c7/CodeWorkspace/UGV-Robot/ros2_humble_colcon_ws/src/moveit2/moveit_ros/perception -DCMAKE_INSTALL_PREFIX=/home/ugv-c7/CodeWorkspace/UGV-Robot/ros2_humble_colcon_ws/install/moveit_ros_perception
[671.667s] DEBUG:colcon.colcon_core.event_handler.log_command:Invoking command in '/home/ugv-c7/CodeWorkspace/UGV-Robot/ros2_humble_colcon_ws/build/moveit_visual_tools': AMENT_PREFIX_PATH=/home/ugv-c7/CodeWorkspace/UGV-Robot/ros2_humble_colcon_ws/install/moveit_ros_planning:/home/ugv-c7/CodeWorkspace/UGV-Robot/ros2_humble_colcon_ws/install/moveit_ros_occupancy_map_monitor:/home/ugv-c7/CodeWorkspace/UGV-Robot/ros2_humble_colcon_ws/install/moveit_core:/home/ugv-c7/CodeWorkspace/UGV-Robot/ros2_humble_colcon_ws/install/moveit_resources_panda_moveit_config:/home/ugv-c7/CodeWorkspace/UGV-Robot/ros2_humble_colcon_ws/install/moveit_configs_utils:/home/ugv-c7/CodeWorkspace/UGV-Robot/ros2_humble_colcon_ws/install/srdfdom:/home/ugv-c7/CodeWorkspace/UGV-Robot/ros2_humble_colcon_ws/install/moveit_resources_pr2_description:/home/ugv-c7/CodeWorkspace/UGV-Robot/ros2_humble_colcon_ws/install/moveit_resources_panda_description:/home/ugv-c7/CodeWorkspace/UGV-Robot/ros2_humble_colcon_ws/install/moveit_common:/home/ugv-c7/CodeWorkspace/UGV-Robot/ros2_humble_colcon_ws/install/launch_param_builder:${AMENT_PREFIX_PATH} CMAKE_PREFIX_PATH=/home/ugv-c7/CodeWorkspace/UGV-Robot/ros2_humble_colcon_ws/install/moveit_ros_planning:/home/ugv-c7/CodeWorkspace/UGV-Robot/ros2_humble_colcon_ws/install/moveit_ros_occupancy_map_monitor:/home/ugv-c7/CodeWorkspace/UGV-Robot/ros2_humble_colcon_ws/install/moveit_core:/home/ugv-c7/CodeWorkspace/UGV-Robot/ros2_humble_colcon_ws/install/moveit_resources_panda_moveit_config:/home/ugv-c7/CodeWorkspace/UGV-Robot/ros2_humble_colcon_ws/install/srdfdom:/home/ugv-c7/CodeWorkspace/UGV-Robot/ros2_humble_colcon_ws/install/moveit_resources_pr2_description:/home/ugv-c7/CodeWorkspace/UGV-Robot/ros2_humble_colcon_ws/install/moveit_resources_panda_description:/home/ugv-c7/CodeWorkspace/UGV-Robot/ros2_humble_colcon_ws/install/moveit_common:/opt/ros/humble LD_LIBRARY_PATH=/home/ugv-c7/CodeWorkspace/UGV-Robot/ros2_humble_colcon_ws/install/moveit_ros_planning/lib:/home/ugv-c7/CodeWorkspace/UGV-Robot/ros2_humble_colcon_ws/install/moveit_ros_occupancy_map_monitor/lib:/home/ugv-c7/CodeWorkspace/UGV-Robot/ros2_humble_colcon_ws/install/moveit_core/lib:/home/ugv-c7/CodeWorkspace/UGV-Robot/ros2_humble_colcon_ws/install/srdfdom/lib:${LD_LIBRARY_PATH} PATH=/home/ugv-c7/CodeWorkspace/UGV-Robot/ros2_humble_colcon_ws/install/moveit_core/bin:${PATH} PYTHONPATH=/home/ugv-c7/CodeWorkspace/UGV-Robot/ros2_humble_colcon_ws/install/moveit_configs_utils/lib/python3.10/site-packages:/home/ugv-c7/CodeWorkspace/UGV-Robot/ros2_humble_colcon_ws/install/srdfdom/local/lib/python3.10/dist-packages:/home/ugv-c7/CodeWorkspace/UGV-Robot/ros2_humble_colcon_ws/install/launch_param_builder/lib/python3.10/site-packages:${PYTHONPATH} /usr/bin/cmake /home/ugv-c7/CodeWorkspace/UGV-Robot/ros2_humble_colcon_ws/src/moveit_visual_tools -DCMAKE_INSTALL_PREFIX=/home/ugv-c7/CodeWorkspace/UGV-Robot/ros2_humble_colcon_ws/install/moveit_visual_tools
[678.134s] DEBUG:colcon.colcon_core.event_handler.log_command:Invoked command in '/home/ugv-c7/CodeWorkspace/UGV-Robot/ros2_humble_colcon_ws/build/moveit_kinematics' returned '0': AMENT_PREFIX_PATH=/home/ugv-c7/CodeWorkspace/UGV-Robot/ros2_humble_colcon_ws/install/moveit_ros_planning:/home/ugv-c7/CodeWorkspace/UGV-Robot/ros2_humble_colcon_ws/install/moveit_ros_occupancy_map_monitor:/home/ugv-c7/CodeWorkspace/UGV-Robot/ros2_humble_colcon_ws/install/moveit_core:/home/ugv-c7/CodeWorkspace/UGV-Robot/ros2_humble_colcon_ws/install/moveit_resources_panda_moveit_config:/home/ugv-c7/CodeWorkspace/UGV-Robot/ros2_humble_colcon_ws/install/moveit_resources_fanuc_moveit_config:/home/ugv-c7/CodeWorkspace/UGV-Robot/ros2_humble_colcon_ws/install/moveit_configs_utils:/home/ugv-c7/CodeWorkspace/UGV-Robot/ros2_humble_colcon_ws/install/srdfdom:/home/ugv-c7/CodeWorkspace/UGV-Robot/ros2_humble_colcon_ws/install/moveit_resources_pr2_description:/home/ugv-c7/CodeWorkspace/UGV-Robot/ros2_humble_colcon_ws/install/moveit_resources_panda_description:/home/ugv-c7/CodeWorkspace/UGV-Robot/ros2_humble_colcon_ws/install/moveit_resources_fanuc_description:/home/ugv-c7/CodeWorkspace/UGV-Robot/ros2_humble_colcon_ws/install/moveit_common:/home/ugv-c7/CodeWorkspace/UGV-Robot/ros2_humble_colcon_ws/install/launch_param_builder:${AMENT_PREFIX_PATH} CMAKE_PREFIX_PATH=/home/ugv-c7/CodeWorkspace/UGV-Robot/ros2_humble_colcon_ws/install/moveit_ros_planning:/home/ugv-c7/CodeWorkspace/UGV-Robot/ros2_humble_colcon_ws/install/moveit_ros_occupancy_map_monitor:/home/ugv-c7/CodeWorkspace/UGV-Robot/ros2_humble_colcon_ws/install/moveit_core:/home/ugv-c7/CodeWorkspace/UGV-Robot/ros2_humble_colcon_ws/install/moveit_resources_panda_moveit_config:/home/ugv-c7/CodeWorkspace/UGV-Robot/ros2_humble_colcon_ws/install/moveit_resources_fanuc_moveit_config:/home/ugv-c7/CodeWorkspace/UGV-Robot/ros2_humble_colcon_ws/install/srdfdom:/home/ugv-c7/CodeWorkspace/UGV-Robot/ros2_humble_colcon_ws/install/moveit_resources_pr2_description:/home/ugv-c7/CodeWorkspace/UGV-Robot/ros2_humble_colcon_ws/install/moveit_resources_panda_description:/home/ugv-c7/CodeWorkspace/UGV-Robot/ros2_humble_colcon_ws/install/moveit_resources_fanuc_description:/home/ugv-c7/CodeWorkspace/UGV-Robot/ros2_humble_colcon_ws/install/moveit_common:/opt/ros/humble LD_LIBRARY_PATH=/home/ugv-c7/CodeWorkspace/UGV-Robot/ros2_humble_colcon_ws/install/moveit_ros_planning/lib:/home/ugv-c7/CodeWorkspace/UGV-Robot/ros2_humble_colcon_ws/install/moveit_ros_occupancy_map_monitor/lib:/home/ugv-c7/CodeWorkspace/UGV-Robot/ros2_humble_colcon_ws/install/moveit_core/lib:/home/ugv-c7/CodeWorkspace/UGV-Robot/ros2_humble_colcon_ws/install/srdfdom/lib:${LD_LIBRARY_PATH} PATH=/home/ugv-c7/CodeWorkspace/UGV-Robot/ros2_humble_colcon_ws/install/moveit_core/bin:${PATH} PYTHONPATH=/home/ugv-c7/CodeWorkspace/UGV-Robot/ros2_humble_colcon_ws/install/moveit_configs_utils/lib/python3.10/site-packages:/home/ugv-c7/CodeWorkspace/UGV-Robot/ros2_humble_colcon_ws/install/srdfdom/local/lib/python3.10/dist-packages:/home/ugv-c7/CodeWorkspace/UGV-Robot/ros2_humble_colcon_ws/install/launch_param_builder/lib/python3.10/site-packages:${PYTHONPATH} /usr/bin/cmake /home/ugv-c7/CodeWorkspace/UGV-Robot/ros2_humble_colcon_ws/src/moveit2/moveit_kinematics -DCMAKE_INSTALL_PREFIX=/home/ugv-c7/CodeWorkspace/UGV-Robot/ros2_humble_colcon_ws/install/moveit_kinematics
[678.136s] DEBUG:colcon.colcon_core.event_handler.log_command:Invoking command in '/home/ugv-c7/CodeWorkspace/UGV-Robot/ros2_humble_colcon_ws/build/moveit_kinematics': AMENT_PREFIX_PATH=/home/ugv-c7/CodeWorkspace/UGV-Robot/ros2_humble_colcon_ws/install/moveit_ros_planning:/home/ugv-c7/CodeWorkspace/UGV-Robot/ros2_humble_colcon_ws/install/moveit_ros_occupancy_map_monitor:/home/ugv-c7/CodeWorkspace/UGV-Robot/ros2_humble_colcon_ws/install/moveit_core:/home/ugv-c7/CodeWorkspace/UGV-Robot/ros2_humble_colcon_ws/install/moveit_resources_panda_moveit_config:/home/ugv-c7/CodeWorkspace/UGV-Robot/ros2_humble_colcon_ws/install/moveit_resources_fanuc_moveit_config:/home/ugv-c7/CodeWorkspace/UGV-Robot/ros2_humble_colcon_ws/install/moveit_configs_utils:/home/ugv-c7/CodeWorkspace/UGV-Robot/ros2_humble_colcon_ws/install/srdfdom:/home/ugv-c7/CodeWorkspace/UGV-Robot/ros2_humble_colcon_ws/install/moveit_resources_pr2_description:/home/ugv-c7/CodeWorkspace/UGV-Robot/ros2_humble_colcon_ws/install/moveit_resources_panda_description:/home/ugv-c7/CodeWorkspace/UGV-Robot/ros2_humble_colcon_ws/install/moveit_resources_fanuc_description:/home/ugv-c7/CodeWorkspace/UGV-Robot/ros2_humble_colcon_ws/install/moveit_common:/home/ugv-c7/CodeWorkspace/UGV-Robot/ros2_humble_colcon_ws/install/launch_param_builder:${AMENT_PREFIX_PATH} CMAKE_PREFIX_PATH=/home/ugv-c7/CodeWorkspace/UGV-Robot/ros2_humble_colcon_ws/install/moveit_ros_planning:/home/ugv-c7/CodeWorkspace/UGV-Robot/ros2_humble_colcon_ws/install/moveit_ros_occupancy_map_monitor:/home/ugv-c7/CodeWorkspace/UGV-Robot/ros2_humble_colcon_ws/install/moveit_core:/home/ugv-c7/CodeWorkspace/UGV-Robot/ros2_humble_colcon_ws/install/moveit_resources_panda_moveit_config:/home/ugv-c7/CodeWorkspace/UGV-Robot/ros2_humble_colcon_ws/install/moveit_resources_fanuc_moveit_config:/home/ugv-c7/CodeWorkspace/UGV-Robot/ros2_humble_colcon_ws/install/srdfdom:/home/ugv-c7/CodeWorkspace/UGV-Robot/ros2_humble_colcon_ws/install/moveit_resources_pr2_description:/home/ugv-c7/CodeWorkspace/UGV-Robot/ros2_humble_colcon_ws/install/moveit_resources_panda_description:/home/ugv-c7/CodeWorkspace/UGV-Robot/ros2_humble_colcon_ws/install/moveit_resources_fanuc_description:/home/ugv-c7/CodeWorkspace/UGV-Robot/ros2_humble_colcon_ws/install/moveit_common:/opt/ros/humble LD_LIBRARY_PATH=/home/ugv-c7/CodeWorkspace/UGV-Robot/ros2_humble_colcon_ws/install/moveit_ros_planning/lib:/home/ugv-c7/CodeWorkspace/UGV-Robot/ros2_humble_colcon_ws/install/moveit_ros_occupancy_map_monitor/lib:/home/ugv-c7/CodeWorkspace/UGV-Robot/ros2_humble_colcon_ws/install/moveit_core/lib:/home/ugv-c7/CodeWorkspace/UGV-Robot/ros2_humble_colcon_ws/install/srdfdom/lib:${LD_LIBRARY_PATH} PATH=/home/ugv-c7/CodeWorkspace/UGV-Robot/ros2_humble_colcon_ws/install/moveit_core/bin:${PATH} PYTHONPATH=/home/ugv-c7/CodeWorkspace/UGV-Robot/ros2_humble_colcon_ws/install/moveit_configs_utils/lib/python3.10/site-packages:/home/ugv-c7/CodeWorkspace/UGV-Robot/ros2_humble_colcon_ws/install/srdfdom/local/lib/python3.10/dist-packages:/home/ugv-c7/CodeWorkspace/UGV-Robot/ros2_humble_colcon_ws/install/launch_param_builder/lib/python3.10/site-packages:${PYTHONPATH} /usr/bin/cmake --build /home/ugv-c7/CodeWorkspace/UGV-Robot/ros2_humble_colcon_ws/build/moveit_kinematics -- -j6 -l6
[678.347s] DEBUG:colcon.colcon_core.event_handler.log_command:Invoked command in '/home/ugv-c7/CodeWorkspace/UGV-Robot/ros2_humble_colcon_ws/build/moveit_ros_robot_interaction' returned '0': AMENT_PREFIX_PATH=/home/ugv-c7/CodeWorkspace/UGV-Robot/ros2_humble_colcon_ws/install/moveit_ros_planning:/home/ugv-c7/CodeWorkspace/UGV-Robot/ros2_humble_colcon_ws/install/moveit_ros_occupancy_map_monitor:/home/ugv-c7/CodeWorkspace/UGV-Robot/ros2_humble_colcon_ws/install/moveit_core:/home/ugv-c7/CodeWorkspace/UGV-Robot/ros2_humble_colcon_ws/install/moveit_resources_panda_moveit_config:/home/ugv-c7/CodeWorkspace/UGV-Robot/ros2_humble_colcon_ws/install/moveit_configs_utils:/home/ugv-c7/CodeWorkspace/UGV-Robot/ros2_humble_colcon_ws/install/srdfdom:/home/ugv-c7/CodeWorkspace/UGV-Robot/ros2_humble_colcon_ws/install/moveit_resources_pr2_description:/home/ugv-c7/CodeWorkspace/UGV-Robot/ros2_humble_colcon_ws/install/moveit_resources_panda_description:/home/ugv-c7/CodeWorkspace/UGV-Robot/ros2_humble_colcon_ws/install/moveit_common:/home/ugv-c7/CodeWorkspace/UGV-Robot/ros2_humble_colcon_ws/install/launch_param_builder:${AMENT_PREFIX_PATH} CMAKE_PREFIX_PATH=/home/ugv-c7/CodeWorkspace/UGV-Robot/ros2_humble_colcon_ws/install/moveit_ros_planning:/home/ugv-c7/CodeWorkspace/UGV-Robot/ros2_humble_colcon_ws/install/moveit_ros_occupancy_map_monitor:/home/ugv-c7/CodeWorkspace/UGV-Robot/ros2_humble_colcon_ws/install/moveit_core:/home/ugv-c7/CodeWorkspace/UGV-Robot/ros2_humble_colcon_ws/install/moveit_resources_panda_moveit_config:/home/ugv-c7/CodeWorkspace/UGV-Robot/ros2_humble_colcon_ws/install/srdfdom:/home/ugv-c7/CodeWorkspace/UGV-Robot/ros2_humble_colcon_ws/install/moveit_resources_pr2_description:/home/ugv-c7/CodeWorkspace/UGV-Robot/ros2_humble_colcon_ws/install/moveit_resources_panda_description:/home/ugv-c7/CodeWorkspace/UGV-Robot/ros2_humble_colcon_ws/install/moveit_common:/opt/ros/humble LD_LIBRARY_PATH=/home/ugv-c7/CodeWorkspace/UGV-Robot/ros2_humble_colcon_ws/install/moveit_ros_planning/lib:/home/ugv-c7/CodeWorkspace/UGV-Robot/ros2_humble_colcon_ws/install/moveit_ros_occupancy_map_monitor/lib:/home/ugv-c7/CodeWorkspace/UGV-Robot/ros2_humble_colcon_ws/install/moveit_core/lib:/home/ugv-c7/CodeWorkspace/UGV-Robot/ros2_humble_colcon_ws/install/srdfdom/lib:${LD_LIBRARY_PATH} PATH=/home/ugv-c7/CodeWorkspace/UGV-Robot/ros2_humble_colcon_ws/install/moveit_core/bin:${PATH} PYTHONPATH=/home/ugv-c7/CodeWorkspace/UGV-Robot/ros2_humble_colcon_ws/install/moveit_configs_utils/lib/python3.10/site-packages:/home/ugv-c7/CodeWorkspace/UGV-Robot/ros2_humble_colcon_ws/install/srdfdom/local/lib/python3.10/dist-packages:/home/ugv-c7/CodeWorkspace/UGV-Robot/ros2_humble_colcon_ws/install/launch_param_builder/lib/python3.10/site-packages:${PYTHONPATH} /usr/bin/cmake /home/ugv-c7/CodeWorkspace/UGV-Robot/ros2_humble_colcon_ws/src/moveit2/moveit_ros/robot_interaction -DCMAKE_INSTALL_PREFIX=/home/ugv-c7/CodeWorkspace/UGV-Robot/ros2_humble_colcon_ws/install/moveit_ros_robot_interaction
[678.348s] DEBUG:colcon.colcon_core.event_handler.log_command:Invoking command in '/home/ugv-c7/CodeWorkspace/UGV-Robot/ros2_humble_colcon_ws/build/moveit_ros_robot_interaction': AMENT_PREFIX_PATH=/home/ugv-c7/CodeWorkspace/UGV-Robot/ros2_humble_colcon_ws/install/moveit_ros_planning:/home/ugv-c7/CodeWorkspace/UGV-Robot/ros2_humble_colcon_ws/install/moveit_ros_occupancy_map_monitor:/home/ugv-c7/CodeWorkspace/UGV-Robot/ros2_humble_colcon_ws/install/moveit_core:/home/ugv-c7/CodeWorkspace/UGV-Robot/ros2_humble_colcon_ws/install/moveit_resources_panda_moveit_config:/home/ugv-c7/CodeWorkspace/UGV-Robot/ros2_humble_colcon_ws/install/moveit_configs_utils:/home/ugv-c7/CodeWorkspace/UGV-Robot/ros2_humble_colcon_ws/install/srdfdom:/home/ugv-c7/CodeWorkspace/UGV-Robot/ros2_humble_colcon_ws/install/moveit_resources_pr2_description:/home/ugv-c7/CodeWorkspace/UGV-Robot/ros2_humble_colcon_ws/install/moveit_resources_panda_description:/home/ugv-c7/CodeWorkspace/UGV-Robot/ros2_humble_colcon_ws/install/moveit_common:/home/ugv-c7/CodeWorkspace/UGV-Robot/ros2_humble_colcon_ws/install/launch_param_builder:${AMENT_PREFIX_PATH} CMAKE_PREFIX_PATH=/home/ugv-c7/CodeWorkspace/UGV-Robot/ros2_humble_colcon_ws/install/moveit_ros_planning:/home/ugv-c7/CodeWorkspace/UGV-Robot/ros2_humble_colcon_ws/install/moveit_ros_occupancy_map_monitor:/home/ugv-c7/CodeWorkspace/UGV-Robot/ros2_humble_colcon_ws/install/moveit_core:/home/ugv-c7/CodeWorkspace/UGV-Robot/ros2_humble_colcon_ws/install/moveit_resources_panda_moveit_config:/home/ugv-c7/CodeWorkspace/UGV-Robot/ros2_humble_colcon_ws/install/srdfdom:/home/ugv-c7/CodeWorkspace/UGV-Robot/ros2_humble_colcon_ws/install/moveit_resources_pr2_description:/home/ugv-c7/CodeWorkspace/UGV-Robot/ros2_humble_colcon_ws/install/moveit_resources_panda_description:/home/ugv-c7/CodeWorkspace/UGV-Robot/ros2_humble_colcon_ws/install/moveit_common:/opt/ros/humble LD_LIBRARY_PATH=/home/ugv-c7/CodeWorkspace/UGV-Robot/ros2_humble_colcon_ws/install/moveit_ros_planning/lib:/home/ugv-c7/CodeWorkspace/UGV-Robot/ros2_humble_colcon_ws/install/moveit_ros_occupancy_map_monitor/lib:/home/ugv-c7/CodeWorkspace/UGV-Robot/ros2_humble_colcon_ws/install/moveit_core/lib:/home/ugv-c7/CodeWorkspace/UGV-Robot/ros2_humble_colcon_ws/install/srdfdom/lib:${LD_LIBRARY_PATH} PATH=/home/ugv-c7/CodeWorkspace/UGV-Robot/ros2_humble_colcon_ws/install/moveit_core/bin:${PATH} PYTHONPATH=/home/ugv-c7/CodeWorkspace/UGV-Robot/ros2_humble_colcon_ws/install/moveit_configs_utils/lib/python3.10/site-packages:/home/ugv-c7/CodeWorkspace/UGV-Robot/ros2_humble_colcon_ws/install/srdfdom/local/lib/python3.10/dist-packages:/home/ugv-c7/CodeWorkspace/UGV-Robot/ros2_humble_colcon_ws/install/launch_param_builder/lib/python3.10/site-packages:${PYTHONPATH} /usr/bin/cmake --build /home/ugv-c7/CodeWorkspace/UGV-Robot/ros2_humble_colcon_ws/build/moveit_ros_robot_interaction -- -j6 -l6
[678.574s] DEBUG:colcon.colcon_core.event_handler.log_command:Invoked command in '/home/ugv-c7/CodeWorkspace/UGV-Robot/ros2_humble_colcon_ws/build/moveit_ros_warehouse' returned '0': AMENT_PREFIX_PATH=/home/ugv-c7/CodeWorkspace/UGV-Robot/ros2_humble_colcon_ws/install/moveit_ros_planning:/home/ugv-c7/CodeWorkspace/UGV-Robot/ros2_humble_colcon_ws/install/moveit_ros_occupancy_map_monitor:/home/ugv-c7/CodeWorkspace/UGV-Robot/ros2_humble_colcon_ws/install/moveit_core:/home/ugv-c7/CodeWorkspace/UGV-Robot/ros2_humble_colcon_ws/install/moveit_resources_panda_moveit_config:/home/ugv-c7/CodeWorkspace/UGV-Robot/ros2_humble_colcon_ws/install/moveit_configs_utils:/home/ugv-c7/CodeWorkspace/UGV-Robot/ros2_humble_colcon_ws/install/srdfdom:/home/ugv-c7/CodeWorkspace/UGV-Robot/ros2_humble_colcon_ws/install/moveit_resources_pr2_description:/home/ugv-c7/CodeWorkspace/UGV-Robot/ros2_humble_colcon_ws/install/moveit_resources_panda_description:/home/ugv-c7/CodeWorkspace/UGV-Robot/ros2_humble_colcon_ws/install/moveit_common:/home/ugv-c7/CodeWorkspace/UGV-Robot/ros2_humble_colcon_ws/install/launch_param_builder:${AMENT_PREFIX_PATH} CMAKE_PREFIX_PATH=/home/ugv-c7/CodeWorkspace/UGV-Robot/ros2_humble_colcon_ws/install/moveit_ros_planning:/home/ugv-c7/CodeWorkspace/UGV-Robot/ros2_humble_colcon_ws/install/moveit_ros_occupancy_map_monitor:/home/ugv-c7/CodeWorkspace/UGV-Robot/ros2_humble_colcon_ws/install/moveit_core:/home/ugv-c7/CodeWorkspace/UGV-Robot/ros2_humble_colcon_ws/install/moveit_resources_panda_moveit_config:/home/ugv-c7/CodeWorkspace/UGV-Robot/ros2_humble_colcon_ws/install/srdfdom:/home/ugv-c7/CodeWorkspace/UGV-Robot/ros2_humble_colcon_ws/install/moveit_resources_pr2_description:/home/ugv-c7/CodeWorkspace/UGV-Robot/ros2_humble_colcon_ws/install/moveit_resources_panda_description:/home/ugv-c7/CodeWorkspace/UGV-Robot/ros2_humble_colcon_ws/install/moveit_common:/opt/ros/humble LD_LIBRARY_PATH=/home/ugv-c7/CodeWorkspace/UGV-Robot/ros2_humble_colcon_ws/install/moveit_ros_planning/lib:/home/ugv-c7/CodeWorkspace/UGV-Robot/ros2_humble_colcon_ws/install/moveit_ros_occupancy_map_monitor/lib:/home/ugv-c7/CodeWorkspace/UGV-Robot/ros2_humble_colcon_ws/install/moveit_core/lib:/home/ugv-c7/CodeWorkspace/UGV-Robot/ros2_humble_colcon_ws/install/srdfdom/lib:${LD_LIBRARY_PATH} PATH=/home/ugv-c7/CodeWorkspace/UGV-Robot/ros2_humble_colcon_ws/install/moveit_core/bin:${PATH} PYTHONPATH=/home/ugv-c7/CodeWorkspace/UGV-Robot/ros2_humble_colcon_ws/install/moveit_configs_utils/lib/python3.10/site-packages:/home/ugv-c7/CodeWorkspace/UGV-Robot/ros2_humble_colcon_ws/install/srdfdom/local/lib/python3.10/dist-packages:/home/ugv-c7/CodeWorkspace/UGV-Robot/ros2_humble_colcon_ws/install/launch_param_builder/lib/python3.10/site-packages:${PYTHONPATH} /usr/bin/cmake /home/ugv-c7/CodeWorkspace/UGV-Robot/ros2_humble_colcon_ws/src/moveit2/moveit_ros/warehouse -DCMAKE_INSTALL_PREFIX=/home/ugv-c7/CodeWorkspace/UGV-Robot/ros2_humble_colcon_ws/install/moveit_ros_warehouse
[678.576s] DEBUG:colcon.colcon_core.event_handler.log_command:Invoking command in '/home/ugv-c7/CodeWorkspace/UGV-Robot/ros2_humble_colcon_ws/build/moveit_ros_warehouse': AMENT_PREFIX_PATH=/home/ugv-c7/CodeWorkspace/UGV-Robot/ros2_humble_colcon_ws/install/moveit_ros_planning:/home/ugv-c7/CodeWorkspace/UGV-Robot/ros2_humble_colcon_ws/install/moveit_ros_occupancy_map_monitor:/home/ugv-c7/CodeWorkspace/UGV-Robot/ros2_humble_colcon_ws/install/moveit_core:/home/ugv-c7/CodeWorkspace/UGV-Robot/ros2_humble_colcon_ws/install/moveit_resources_panda_moveit_config:/home/ugv-c7/CodeWorkspace/UGV-Robot/ros2_humble_colcon_ws/install/moveit_configs_utils:/home/ugv-c7/CodeWorkspace/UGV-Robot/ros2_humble_colcon_ws/install/srdfdom:/home/ugv-c7/CodeWorkspace/UGV-Robot/ros2_humble_colcon_ws/install/moveit_resources_pr2_description:/home/ugv-c7/CodeWorkspace/UGV-Robot/ros2_humble_colcon_ws/install/moveit_resources_panda_description:/home/ugv-c7/CodeWorkspace/UGV-Robot/ros2_humble_colcon_ws/install/moveit_common:/home/ugv-c7/CodeWorkspace/UGV-Robot/ros2_humble_colcon_ws/install/launch_param_builder:${AMENT_PREFIX_PATH} CMAKE_PREFIX_PATH=/home/ugv-c7/CodeWorkspace/UGV-Robot/ros2_humble_colcon_ws/install/moveit_ros_planning:/home/ugv-c7/CodeWorkspace/UGV-Robot/ros2_humble_colcon_ws/install/moveit_ros_occupancy_map_monitor:/home/ugv-c7/CodeWorkspace/UGV-Robot/ros2_humble_colcon_ws/install/moveit_core:/home/ugv-c7/CodeWorkspace/UGV-Robot/ros2_humble_colcon_ws/install/moveit_resources_panda_moveit_config:/home/ugv-c7/CodeWorkspace/UGV-Robot/ros2_humble_colcon_ws/install/srdfdom:/home/ugv-c7/CodeWorkspace/UGV-Robot/ros2_humble_colcon_ws/install/moveit_resources_pr2_description:/home/ugv-c7/CodeWorkspace/UGV-Robot/ros2_humble_colcon_ws/install/moveit_resources_panda_description:/home/ugv-c7/CodeWorkspace/UGV-Robot/ros2_humble_colcon_ws/install/moveit_common:/opt/ros/humble LD_LIBRARY_PATH=/home/ugv-c7/CodeWorkspace/UGV-Robot/ros2_humble_colcon_ws/install/moveit_ros_planning/lib:/home/ugv-c7/CodeWorkspace/UGV-Robot/ros2_humble_colcon_ws/install/moveit_ros_occupancy_map_monitor/lib:/home/ugv-c7/CodeWorkspace/UGV-Robot/ros2_humble_colcon_ws/install/moveit_core/lib:/home/ugv-c7/CodeWorkspace/UGV-Robot/ros2_humble_colcon_ws/install/srdfdom/lib:${LD_LIBRARY_PATH} PATH=/home/ugv-c7/CodeWorkspace/UGV-Robot/ros2_humble_colcon_ws/install/moveit_core/bin:${PATH} PYTHONPATH=/home/ugv-c7/CodeWorkspace/UGV-Robot/ros2_humble_colcon_ws/install/moveit_configs_utils/lib/python3.10/site-packages:/home/ugv-c7/CodeWorkspace/UGV-Robot/ros2_humble_colcon_ws/install/srdfdom/local/lib/python3.10/dist-packages:/home/ugv-c7/CodeWorkspace/UGV-Robot/ros2_humble_colcon_ws/install/launch_param_builder/lib/python3.10/site-packages:${PYTHONPATH} /usr/bin/cmake --build /home/ugv-c7/CodeWorkspace/UGV-Robot/ros2_humble_colcon_ws/build/moveit_ros_warehouse -- -j6 -l6
[681.873s] DEBUG:colcon.colcon_core.event_handler.log_command:Invoked command in '/home/ugv-c7/CodeWorkspace/UGV-Robot/ros2_humble_colcon_ws/build/moveit_planners_ompl' returned '0': AMENT_PREFIX_PATH=/home/ugv-c7/CodeWorkspace/UGV-Robot/ros2_humble_colcon_ws/install/moveit_ros_planning:/home/ugv-c7/CodeWorkspace/UGV-Robot/ros2_humble_colcon_ws/install/moveit_ros_occupancy_map_monitor:/home/ugv-c7/CodeWorkspace/UGV-Robot/ros2_humble_colcon_ws/install/moveit_core:/home/ugv-c7/CodeWorkspace/UGV-Robot/ros2_humble_colcon_ws/install/moveit_resources_panda_moveit_config:/home/ugv-c7/CodeWorkspace/UGV-Robot/ros2_humble_colcon_ws/install/moveit_resources_fanuc_moveit_config:/home/ugv-c7/CodeWorkspace/UGV-Robot/ros2_humble_colcon_ws/install/moveit_configs_utils:/home/ugv-c7/CodeWorkspace/UGV-Robot/ros2_humble_colcon_ws/install/srdfdom:/home/ugv-c7/CodeWorkspace/UGV-Robot/ros2_humble_colcon_ws/install/moveit_resources_pr2_description:/home/ugv-c7/CodeWorkspace/UGV-Robot/ros2_humble_colcon_ws/install/moveit_resources_panda_description:/home/ugv-c7/CodeWorkspace/UGV-Robot/ros2_humble_colcon_ws/install/moveit_resources_fanuc_description:/home/ugv-c7/CodeWorkspace/UGV-Robot/ros2_humble_colcon_ws/install/moveit_common:/home/ugv-c7/CodeWorkspace/UGV-Robot/ros2_humble_colcon_ws/install/launch_param_builder:${AMENT_PREFIX_PATH} CMAKE_PREFIX_PATH=/home/ugv-c7/CodeWorkspace/UGV-Robot/ros2_humble_colcon_ws/install/moveit_ros_planning:/home/ugv-c7/CodeWorkspace/UGV-Robot/ros2_humble_colcon_ws/install/moveit_ros_occupancy_map_monitor:/home/ugv-c7/CodeWorkspace/UGV-Robot/ros2_humble_colcon_ws/install/moveit_core:/home/ugv-c7/CodeWorkspace/UGV-Robot/ros2_humble_colcon_ws/install/moveit_resources_panda_moveit_config:/home/ugv-c7/CodeWorkspace/UGV-Robot/ros2_humble_colcon_ws/install/moveit_resources_fanuc_moveit_config:/home/ugv-c7/CodeWorkspace/UGV-Robot/ros2_humble_colcon_ws/install/srdfdom:/home/ugv-c7/CodeWorkspace/UGV-Robot/ros2_humble_colcon_ws/install/moveit_resources_pr2_description:/home/ugv-c7/CodeWorkspace/UGV-Robot/ros2_humble_colcon_ws/install/moveit_resources_panda_description:/home/ugv-c7/CodeWorkspace/UGV-Robot/ros2_humble_colcon_ws/install/moveit_resources_fanuc_description:/home/ugv-c7/CodeWorkspace/UGV-Robot/ros2_humble_colcon_ws/install/moveit_common:/opt/ros/humble LD_LIBRARY_PATH=/home/ugv-c7/CodeWorkspace/UGV-Robot/ros2_humble_colcon_ws/install/moveit_ros_planning/lib:/home/ugv-c7/CodeWorkspace/UGV-Robot/ros2_humble_colcon_ws/install/moveit_ros_occupancy_map_monitor/lib:/home/ugv-c7/CodeWorkspace/UGV-Robot/ros2_humble_colcon_ws/install/moveit_core/lib:/home/ugv-c7/CodeWorkspace/UGV-Robot/ros2_humble_colcon_ws/install/srdfdom/lib:${LD_LIBRARY_PATH} PATH=/home/ugv-c7/CodeWorkspace/UGV-Robot/ros2_humble_colcon_ws/install/moveit_core/bin:${PATH} PYTHONPATH=/home/ugv-c7/CodeWorkspace/UGV-Robot/ros2_humble_colcon_ws/install/moveit_configs_utils/lib/python3.10/site-packages:/home/ugv-c7/CodeWorkspace/UGV-Robot/ros2_humble_colcon_ws/install/srdfdom/local/lib/python3.10/dist-packages:/home/ugv-c7/CodeWorkspace/UGV-Robot/ros2_humble_colcon_ws/install/launch_param_builder/lib/python3.10/site-packages:${PYTHONPATH} /usr/bin/cmake /home/ugv-c7/CodeWorkspace/UGV-Robot/ros2_humble_colcon_ws/src/moveit2/moveit_planners/ompl -DCMAKE_INSTALL_PREFIX=/home/ugv-c7/CodeWorkspace/UGV-Robot/ros2_humble_colcon_ws/install/moveit_planners_ompl
[681.874s] DEBUG:colcon.colcon_core.event_handler.log_command:Invoking command in '/home/ugv-c7/CodeWorkspace/UGV-Robot/ros2_humble_colcon_ws/build/moveit_planners_ompl': AMENT_PREFIX_PATH=/home/ugv-c7/CodeWorkspace/UGV-Robot/ros2_humble_colcon_ws/install/moveit_ros_planning:/home/ugv-c7/CodeWorkspace/UGV-Robot/ros2_humble_colcon_ws/install/moveit_ros_occupancy_map_monitor:/home/ugv-c7/CodeWorkspace/UGV-Robot/ros2_humble_colcon_ws/install/moveit_core:/home/ugv-c7/CodeWorkspace/UGV-Robot/ros2_humble_colcon_ws/install/moveit_resources_panda_moveit_config:/home/ugv-c7/CodeWorkspace/UGV-Robot/ros2_humble_colcon_ws/install/moveit_resources_fanuc_moveit_config:/home/ugv-c7/CodeWorkspace/UGV-Robot/ros2_humble_colcon_ws/install/moveit_configs_utils:/home/ugv-c7/CodeWorkspace/UGV-Robot/ros2_humble_colcon_ws/install/srdfdom:/home/ugv-c7/CodeWorkspace/UGV-Robot/ros2_humble_colcon_ws/install/moveit_resources_pr2_description:/home/ugv-c7/CodeWorkspace/UGV-Robot/ros2_humble_colcon_ws/install/moveit_resources_panda_description:/home/ugv-c7/CodeWorkspace/UGV-Robot/ros2_humble_colcon_ws/install/moveit_resources_fanuc_description:/home/ugv-c7/CodeWorkspace/UGV-Robot/ros2_humble_colcon_ws/install/moveit_common:/home/ugv-c7/CodeWorkspace/UGV-Robot/ros2_humble_colcon_ws/install/launch_param_builder:${AMENT_PREFIX_PATH} CMAKE_PREFIX_PATH=/home/ugv-c7/CodeWorkspace/UGV-Robot/ros2_humble_colcon_ws/install/moveit_ros_planning:/home/ugv-c7/CodeWorkspace/UGV-Robot/ros2_humble_colcon_ws/install/moveit_ros_occupancy_map_monitor:/home/ugv-c7/CodeWorkspace/UGV-Robot/ros2_humble_colcon_ws/install/moveit_core:/home/ugv-c7/CodeWorkspace/UGV-Robot/ros2_humble_colcon_ws/install/moveit_resources_panda_moveit_config:/home/ugv-c7/CodeWorkspace/UGV-Robot/ros2_humble_colcon_ws/install/moveit_resources_fanuc_moveit_config:/home/ugv-c7/CodeWorkspace/UGV-Robot/ros2_humble_colcon_ws/install/srdfdom:/home/ugv-c7/CodeWorkspace/UGV-Robot/ros2_humble_colcon_ws/install/moveit_resources_pr2_description:/home/ugv-c7/CodeWorkspace/UGV-Robot/ros2_humble_colcon_ws/install/moveit_resources_panda_description:/home/ugv-c7/CodeWorkspace/UGV-Robot/ros2_humble_colcon_ws/install/moveit_resources_fanuc_description:/home/ugv-c7/CodeWorkspace/UGV-Robot/ros2_humble_colcon_ws/install/moveit_common:/opt/ros/humble LD_LIBRARY_PATH=/home/ugv-c7/CodeWorkspace/UGV-Robot/ros2_humble_colcon_ws/install/moveit_ros_planning/lib:/home/ugv-c7/CodeWorkspace/UGV-Robot/ros2_humble_colcon_ws/install/moveit_ros_occupancy_map_monitor/lib:/home/ugv-c7/CodeWorkspace/UGV-Robot/ros2_humble_colcon_ws/install/moveit_core/lib:/home/ugv-c7/CodeWorkspace/UGV-Robot/ros2_humble_colcon_ws/install/srdfdom/lib:${LD_LIBRARY_PATH} PATH=/home/ugv-c7/CodeWorkspace/UGV-Robot/ros2_humble_colcon_ws/install/moveit_core/bin:${PATH} PYTHONPATH=/home/ugv-c7/CodeWorkspace/UGV-Robot/ros2_humble_colcon_ws/install/moveit_configs_utils/lib/python3.10/site-packages:/home/ugv-c7/CodeWorkspace/UGV-Robot/ros2_humble_colcon_ws/install/srdfdom/local/lib/python3.10/dist-packages:/home/ugv-c7/CodeWorkspace/UGV-Robot/ros2_humble_colcon_ws/install/launch_param_builder/lib/python3.10/site-packages:${PYTHONPATH} /usr/bin/cmake --build /home/ugv-c7/CodeWorkspace/UGV-Robot/ros2_humble_colcon_ws/build/moveit_planners_ompl -- -j6 -l6
[687.126s] DEBUG:colcon.colcon_core.event_handler.log_command:Invoked command in '/home/ugv-c7/CodeWorkspace/UGV-Robot/ros2_humble_colcon_ws/build/moveit_visual_tools' returned '0': AMENT_PREFIX_PATH=/home/ugv-c7/CodeWorkspace/UGV-Robot/ros2_humble_colcon_ws/install/moveit_ros_planning:/home/ugv-c7/CodeWorkspace/UGV-Robot/ros2_humble_colcon_ws/install/moveit_ros_occupancy_map_monitor:/home/ugv-c7/CodeWorkspace/UGV-Robot/ros2_humble_colcon_ws/install/moveit_core:/home/ugv-c7/CodeWorkspace/UGV-Robot/ros2_humble_colcon_ws/install/moveit_resources_panda_moveit_config:/home/ugv-c7/CodeWorkspace/UGV-Robot/ros2_humble_colcon_ws/install/moveit_configs_utils:/home/ugv-c7/CodeWorkspace/UGV-Robot/ros2_humble_colcon_ws/install/srdfdom:/home/ugv-c7/CodeWorkspace/UGV-Robot/ros2_humble_colcon_ws/install/moveit_resources_pr2_description:/home/ugv-c7/CodeWorkspace/UGV-Robot/ros2_humble_colcon_ws/install/moveit_resources_panda_description:/home/ugv-c7/CodeWorkspace/UGV-Robot/ros2_humble_colcon_ws/install/moveit_common:/home/ugv-c7/CodeWorkspace/UGV-Robot/ros2_humble_colcon_ws/install/launch_param_builder:${AMENT_PREFIX_PATH} CMAKE_PREFIX_PATH=/home/ugv-c7/CodeWorkspace/UGV-Robot/ros2_humble_colcon_ws/install/moveit_ros_planning:/home/ugv-c7/CodeWorkspace/UGV-Robot/ros2_humble_colcon_ws/install/moveit_ros_occupancy_map_monitor:/home/ugv-c7/CodeWorkspace/UGV-Robot/ros2_humble_colcon_ws/install/moveit_core:/home/ugv-c7/CodeWorkspace/UGV-Robot/ros2_humble_colcon_ws/install/moveit_resources_panda_moveit_config:/home/ugv-c7/CodeWorkspace/UGV-Robot/ros2_humble_colcon_ws/install/srdfdom:/home/ugv-c7/CodeWorkspace/UGV-Robot/ros2_humble_colcon_ws/install/moveit_resources_pr2_description:/home/ugv-c7/CodeWorkspace/UGV-Robot/ros2_humble_colcon_ws/install/moveit_resources_panda_description:/home/ugv-c7/CodeWorkspace/UGV-Robot/ros2_humble_colcon_ws/install/moveit_common:/opt/ros/humble LD_LIBRARY_PATH=/home/ugv-c7/CodeWorkspace/UGV-Robot/ros2_humble_colcon_ws/install/moveit_ros_planning/lib:/home/ugv-c7/CodeWorkspace/UGV-Robot/ros2_humble_colcon_ws/install/moveit_ros_occupancy_map_monitor/lib:/home/ugv-c7/CodeWorkspace/UGV-Robot/ros2_humble_colcon_ws/install/moveit_core/lib:/home/ugv-c7/CodeWorkspace/UGV-Robot/ros2_humble_colcon_ws/install/srdfdom/lib:${LD_LIBRARY_PATH} PATH=/home/ugv-c7/CodeWorkspace/UGV-Robot/ros2_humble_colcon_ws/install/moveit_core/bin:${PATH} PYTHONPATH=/home/ugv-c7/CodeWorkspace/UGV-Robot/ros2_humble_colcon_ws/install/moveit_configs_utils/lib/python3.10/site-packages:/home/ugv-c7/CodeWorkspace/UGV-Robot/ros2_humble_colcon_ws/install/srdfdom/local/lib/python3.10/dist-packages:/home/ugv-c7/CodeWorkspace/UGV-Robot/ros2_humble_colcon_ws/install/launch_param_builder/lib/python3.10/site-packages:${PYTHONPATH} /usr/bin/cmake /home/ugv-c7/CodeWorkspace/UGV-Robot/ros2_humble_colcon_ws/src/moveit_visual_tools -DCMAKE_INSTALL_PREFIX=/home/ugv-c7/CodeWorkspace/UGV-Robot/ros2_humble_colcon_ws/install/moveit_visual_tools
[687.151s] DEBUG:colcon.colcon_core.event_handler.log_command:Invoking command in '/home/ugv-c7/CodeWorkspace/UGV-Robot/ros2_humble_colcon_ws/build/moveit_visual_tools': AMENT_PREFIX_PATH=/home/ugv-c7/CodeWorkspace/UGV-Robot/ros2_humble_colcon_ws/install/moveit_ros_planning:/home/ugv-c7/CodeWorkspace/UGV-Robot/ros2_humble_colcon_ws/install/moveit_ros_occupancy_map_monitor:/home/ugv-c7/CodeWorkspace/UGV-Robot/ros2_humble_colcon_ws/install/moveit_core:/home/ugv-c7/CodeWorkspace/UGV-Robot/ros2_humble_colcon_ws/install/moveit_resources_panda_moveit_config:/home/ugv-c7/CodeWorkspace/UGV-Robot/ros2_humble_colcon_ws/install/moveit_configs_utils:/home/ugv-c7/CodeWorkspace/UGV-Robot/ros2_humble_colcon_ws/install/srdfdom:/home/ugv-c7/CodeWorkspace/UGV-Robot/ros2_humble_colcon_ws/install/moveit_resources_pr2_description:/home/ugv-c7/CodeWorkspace/UGV-Robot/ros2_humble_colcon_ws/install/moveit_resources_panda_description:/home/ugv-c7/CodeWorkspace/UGV-Robot/ros2_humble_colcon_ws/install/moveit_common:/home/ugv-c7/CodeWorkspace/UGV-Robot/ros2_humble_colcon_ws/install/launch_param_builder:${AMENT_PREFIX_PATH} CMAKE_PREFIX_PATH=/home/ugv-c7/CodeWorkspace/UGV-Robot/ros2_humble_colcon_ws/install/moveit_ros_planning:/home/ugv-c7/CodeWorkspace/UGV-Robot/ros2_humble_colcon_ws/install/moveit_ros_occupancy_map_monitor:/home/ugv-c7/CodeWorkspace/UGV-Robot/ros2_humble_colcon_ws/install/moveit_core:/home/ugv-c7/CodeWorkspace/UGV-Robot/ros2_humble_colcon_ws/install/moveit_resources_panda_moveit_config:/home/ugv-c7/CodeWorkspace/UGV-Robot/ros2_humble_colcon_ws/install/srdfdom:/home/ugv-c7/CodeWorkspace/UGV-Robot/ros2_humble_colcon_ws/install/moveit_resources_pr2_description:/home/ugv-c7/CodeWorkspace/UGV-Robot/ros2_humble_colcon_ws/install/moveit_resources_panda_description:/home/ugv-c7/CodeWorkspace/UGV-Robot/ros2_humble_colcon_ws/install/moveit_common:/opt/ros/humble LD_LIBRARY_PATH=/home/ugv-c7/CodeWorkspace/UGV-Robot/ros2_humble_colcon_ws/install/moveit_ros_planning/lib:/home/ugv-c7/CodeWorkspace/UGV-Robot/ros2_humble_colcon_ws/install/moveit_ros_occupancy_map_monitor/lib:/home/ugv-c7/CodeWorkspace/UGV-Robot/ros2_humble_colcon_ws/install/moveit_core/lib:/home/ugv-c7/CodeWorkspace/UGV-Robot/ros2_humble_colcon_ws/install/srdfdom/lib:${LD_LIBRARY_PATH} PATH=/home/ugv-c7/CodeWorkspace/UGV-Robot/ros2_humble_colcon_ws/install/moveit_core/bin:${PATH} PYTHONPATH=/home/ugv-c7/CodeWorkspace/UGV-Robot/ros2_humble_colcon_ws/install/moveit_configs_utils/lib/python3.10/site-packages:/home/ugv-c7/CodeWorkspace/UGV-Robot/ros2_humble_colcon_ws/install/srdfdom/local/lib/python3.10/dist-packages:/home/ugv-c7/CodeWorkspace/UGV-Robot/ros2_humble_colcon_ws/install/launch_param_builder/lib/python3.10/site-packages:${PYTHONPATH} /usr/bin/cmake --build /home/ugv-c7/CodeWorkspace/UGV-Robot/ros2_humble_colcon_ws/build/moveit_visual_tools -- -j6 -l6
[688.156s] DEBUG:colcon.colcon_core.event_handler.log_command:Invoked command in '/home/ugv-c7/CodeWorkspace/UGV-Robot/ros2_humble_colcon_ws/build/moveit_ros_perception' returned '0': AMENT_PREFIX_PATH=/home/ugv-c7/CodeWorkspace/UGV-Robot/ros2_humble_colcon_ws/install/moveit_ros_planning:/home/ugv-c7/CodeWorkspace/UGV-Robot/ros2_humble_colcon_ws/install/moveit_ros_occupancy_map_monitor:/home/ugv-c7/CodeWorkspace/UGV-Robot/ros2_humble_colcon_ws/install/moveit_core:/home/ugv-c7/CodeWorkspace/UGV-Robot/ros2_humble_colcon_ws/install/moveit_resources_panda_moveit_config:/home/ugv-c7/CodeWorkspace/UGV-Robot/ros2_humble_colcon_ws/install/moveit_configs_utils:/home/ugv-c7/CodeWorkspace/UGV-Robot/ros2_humble_colcon_ws/install/srdfdom:/home/ugv-c7/CodeWorkspace/UGV-Robot/ros2_humble_colcon_ws/install/moveit_resources_pr2_description:/home/ugv-c7/CodeWorkspace/UGV-Robot/ros2_humble_colcon_ws/install/moveit_resources_panda_description:/home/ugv-c7/CodeWorkspace/UGV-Robot/ros2_humble_colcon_ws/install/moveit_common:/home/ugv-c7/CodeWorkspace/UGV-Robot/ros2_humble_colcon_ws/install/launch_param_builder:${AMENT_PREFIX_PATH} CMAKE_PREFIX_PATH=/home/ugv-c7/CodeWorkspace/UGV-Robot/ros2_humble_colcon_ws/install/moveit_ros_planning:/home/ugv-c7/CodeWorkspace/UGV-Robot/ros2_humble_colcon_ws/install/moveit_ros_occupancy_map_monitor:/home/ugv-c7/CodeWorkspace/UGV-Robot/ros2_humble_colcon_ws/install/moveit_core:/home/ugv-c7/CodeWorkspace/UGV-Robot/ros2_humble_colcon_ws/install/moveit_resources_panda_moveit_config:/home/ugv-c7/CodeWorkspace/UGV-Robot/ros2_humble_colcon_ws/install/srdfdom:/home/ugv-c7/CodeWorkspace/UGV-Robot/ros2_humble_colcon_ws/install/moveit_resources_pr2_description:/home/ugv-c7/CodeWorkspace/UGV-Robot/ros2_humble_colcon_ws/install/moveit_resources_panda_description:/home/ugv-c7/CodeWorkspace/UGV-Robot/ros2_humble_colcon_ws/install/moveit_common:/opt/ros/humble LD_LIBRARY_PATH=/home/ugv-c7/CodeWorkspace/UGV-Robot/ros2_humble_colcon_ws/install/moveit_ros_planning/lib:/home/ugv-c7/CodeWorkspace/UGV-Robot/ros2_humble_colcon_ws/install/moveit_ros_occupancy_map_monitor/lib:/home/ugv-c7/CodeWorkspace/UGV-Robot/ros2_humble_colcon_ws/install/moveit_core/lib:/home/ugv-c7/CodeWorkspace/UGV-Robot/ros2_humble_colcon_ws/install/srdfdom/lib:${LD_LIBRARY_PATH} PATH=/home/ugv-c7/CodeWorkspace/UGV-Robot/ros2_humble_colcon_ws/install/moveit_core/bin:${PATH} PYTHONPATH=/home/ugv-c7/CodeWorkspace/UGV-Robot/ros2_humble_colcon_ws/install/moveit_configs_utils/lib/python3.10/site-packages:/home/ugv-c7/CodeWorkspace/UGV-Robot/ros2_humble_colcon_ws/install/srdfdom/local/lib/python3.10/dist-packages:/home/ugv-c7/CodeWorkspace/UGV-Robot/ros2_humble_colcon_ws/install/launch_param_builder/lib/python3.10/site-packages:${PYTHONPATH} /usr/bin/cmake /home/ugv-c7/CodeWorkspace/UGV-Robot/ros2_humble_colcon_ws/src/moveit2/moveit_ros/perception -DCMAKE_INSTALL_PREFIX=/home/ugv-c7/CodeWorkspace/UGV-Robot/ros2_humble_colcon_ws/install/moveit_ros_perception
[688.157s] DEBUG:colcon.colcon_core.event_handler.log_command:Invoking command in '/home/ugv-c7/CodeWorkspace/UGV-Robot/ros2_humble_colcon_ws/build/moveit_ros_perception': AMENT_PREFIX_PATH=/home/ugv-c7/CodeWorkspace/UGV-Robot/ros2_humble_colcon_ws/install/moveit_ros_planning:/home/ugv-c7/CodeWorkspace/UGV-Robot/ros2_humble_colcon_ws/install/moveit_ros_occupancy_map_monitor:/home/ugv-c7/CodeWorkspace/UGV-Robot/ros2_humble_colcon_ws/install/moveit_core:/home/ugv-c7/CodeWorkspace/UGV-Robot/ros2_humble_colcon_ws/install/moveit_resources_panda_moveit_config:/home/ugv-c7/CodeWorkspace/UGV-Robot/ros2_humble_colcon_ws/install/moveit_configs_utils:/home/ugv-c7/CodeWorkspace/UGV-Robot/ros2_humble_colcon_ws/install/srdfdom:/home/ugv-c7/CodeWorkspace/UGV-Robot/ros2_humble_colcon_ws/install/moveit_resources_pr2_description:/home/ugv-c7/CodeWorkspace/UGV-Robot/ros2_humble_colcon_ws/install/moveit_resources_panda_description:/home/ugv-c7/CodeWorkspace/UGV-Robot/ros2_humble_colcon_ws/install/moveit_common:/home/ugv-c7/CodeWorkspace/UGV-Robot/ros2_humble_colcon_ws/install/launch_param_builder:${AMENT_PREFIX_PATH} CMAKE_PREFIX_PATH=/home/ugv-c7/CodeWorkspace/UGV-Robot/ros2_humble_colcon_ws/install/moveit_ros_planning:/home/ugv-c7/CodeWorkspace/UGV-Robot/ros2_humble_colcon_ws/install/moveit_ros_occupancy_map_monitor:/home/ugv-c7/CodeWorkspace/UGV-Robot/ros2_humble_colcon_ws/install/moveit_core:/home/ugv-c7/CodeWorkspace/UGV-Robot/ros2_humble_colcon_ws/install/moveit_resources_panda_moveit_config:/home/ugv-c7/CodeWorkspace/UGV-Robot/ros2_humble_colcon_ws/install/srdfdom:/home/ugv-c7/CodeWorkspace/UGV-Robot/ros2_humble_colcon_ws/install/moveit_resources_pr2_description:/home/ugv-c7/CodeWorkspace/UGV-Robot/ros2_humble_colcon_ws/install/moveit_resources_panda_description:/home/ugv-c7/CodeWorkspace/UGV-Robot/ros2_humble_colcon_ws/install/moveit_common:/opt/ros/humble LD_LIBRARY_PATH=/home/ugv-c7/CodeWorkspace/UGV-Robot/ros2_humble_colcon_ws/install/moveit_ros_planning/lib:/home/ugv-c7/CodeWorkspace/UGV-Robot/ros2_humble_colcon_ws/install/moveit_ros_occupancy_map_monitor/lib:/home/ugv-c7/CodeWorkspace/UGV-Robot/ros2_humble_colcon_ws/install/moveit_core/lib:/home/ugv-c7/CodeWorkspace/UGV-Robot/ros2_humble_colcon_ws/install/srdfdom/lib:${LD_LIBRARY_PATH} PATH=/home/ugv-c7/CodeWorkspace/UGV-Robot/ros2_humble_colcon_ws/install/moveit_core/bin:${PATH} PYTHONPATH=/home/ugv-c7/CodeWorkspace/UGV-Robot/ros2_humble_colcon_ws/install/moveit_configs_utils/lib/python3.10/site-packages:/home/ugv-c7/CodeWorkspace/UGV-Robot/ros2_humble_colcon_ws/install/srdfdom/local/lib/python3.10/dist-packages:/home/ugv-c7/CodeWorkspace/UGV-Robot/ros2_humble_colcon_ws/install/launch_param_builder/lib/python3.10/site-packages:${PYTHONPATH} /usr/bin/cmake --build /home/ugv-c7/CodeWorkspace/UGV-Robot/ros2_humble_colcon_ws/build/moveit_ros_perception -- -j6 -l6
